variant_slug,support,canal,fichier_integre,fichier_url,type_de_format,notes
acehf-magazine::print,ACEHF MAGAZINE,Print,ACEHF Magazine.png (https://v5.airtableusercontent.com/v3/u/51/51/1773835200000/ozOtUz7-gYqy7dtpr_z89g/fa9xXiVn0GCgIdkSUs7dNdB9cGx3Pt6HYSVt5ZyPvbmn5WyX4BrDzw6zUcq3nHGVEWF3IRDivmFJ5EBUHF-8mbF4M7wgA0erDX4VQmbjLjKIiLJAfrbLoNj409gPeAw9_UTvmONTQLZTfmRMP-USzaORX2MEjJG1qaOHKXGv2tA/sf0ogk_fDAjLuYhTdEn5Rc8ip8LzZKpGBdejh4LR9L8),https://drive.google.com/file/d/001/view?usp=sharing,Pleine page,
actes-pratiques-et-ingenierie-immobiliere::print,ACTES PRATIQUES ET INGENIERIE IMMOBILIERE,Print,Actes Pratiques Et Ingénierie Immobilière.png (https://v5.airtableusercontent.com/v3/u/51/51/1773835200000/F2YZ2VzOByVFixvFbgzN5g/4xEGgSAYpDKiOaKrPUf5KmIavlaMeuYp3pulCZ26LJHrO0De-KheUKXsJPtQunInvymIfvXKUkar5sV03HRgshL7JbjFiHls0uLf0wKhgvTJNyzSiZRhaeC09ZiJwG1Q5VcEfnYzLOIiYk8gTuGjNO30C8zVe5_r_PIemOLV_rt1Zk3JDJegdNN8fxjA68l1/k8KmiMejWyEe0gEHB3f3EItmeSihgMiLKgw11jOzTXg),,,
actes-pratiques-et-strategie-patrimoniale::print,ACTES PRATIQUES ET STRATEGIE PATRIMONIALE,Print,Actes Pratiques Et Strategie Patrimoniale.png (https://v5.airtableusercontent.com/v3/u/51/51/1773835200000/2rJYcnUOQRYOmPRgRnFSkA/iQT_iXVfzFAd10lcoDO4kZxBS-HipNwDcuOVNCgocTryTqD6AQwXmlzjHXzWZTfQSw7TFJ1av1-_UufDPWPNAjElF7dcwe9bD-fTEDkAKrNDJYJqe784_4QCSh2y3B1YbRHYfZHVxYRCcA72olI7qgo2xXjTBQdnfQiRJyVWjHwaLdxHxzqizfjI7gOk3mz7/xdueHFWO9g0MJK21DfhfliOUgPMuFRPlZTbq7wyEpAQ),,,
acteurs-publics::print,ACTEURS PUBLICS,Print,Acteurs Publics.png (https://v5.airtableusercontent.com/v3/u/51/51/1773835200000/fqRXTrRGMqncGBsHKc7z6Q/0j-MFloq969LZV8ki4zD7xz4MZb9fuMDSkzz5kPdeckBOQrVaD5JNK_AsAYQc9x-baJW2mDmPnbVIgnGVYM94cAl279VUzNskxgIkjPrfh4GAVFb0LGEKxX1QW70rSYtAyNO8g0022OITNkUTa_JCQ2qefb9IklADwnhQnb7MuQ/paKpKfcljotuZLZUMmNEyyclqAW5qtPzdqNf9fPpc1I),,,
action-co::print,ACTION CO,Print,Action CO.png (https://v5.airtableusercontent.com/v3/u/51/51/1773835200000/3NRfk_cfzdvhvasJj_c_aQ/urfo40nN_ISF6LGVTHQMX_87LFVg86tJocJwqJ5wOu92kUORCJtHS5seAluEZBb5eeiMxWqVBVFq_6J8KKMKxgYv0e5lP7EQl-0DbR7M5CPQbnr8zDl1-nhizcANq2Yf97hNfI-OSoDITOIDqeo7PcRlA1IqXSCJVvVEcA8tBjA/jw4PzhXxa1M3wLNssaiMZHNMvqRJjtZA2zaNIuhT9l8),,,
actu-environnement::print,ACTU ENVIRONNEMENT,Print,Actu Environnement.png (https://v5.airtableusercontent.com/v3/u/51/51/1773835200000/yiIYv0P6TSH5fV3FG0cfxA/b1ZwZwXuOkDdbPu7N7x1DyftkTC71_G4tMWkHvEXrz8JOiZQ-_B1n8yqV6ksY6QgdNDViJ2ZPLwuFAuSWN_xjfF3z0SgoZtEUg6wuG8oyDm4XBHMof2neXCT3BZ6vwLxXZO2PWO85HWvR8y-EcJWXY7Kf-6VClLWcxJ6SyjJyKQ/YCvOAoShb2nMpQMBWFEVP9DsL6P9_LuW8M_ixAym3_8),,,
actualites-habitat::print,ACTUALITES HABITAT,Print,Actualités Habitat.png (https://v5.airtableusercontent.com/v3/u/51/51/1773835200000/EqxOVdhD0BdQMqbzObeY1A/mXGAvYS5w7vzzTcYeIZ7teNjCs91ibaCrP3GUyy6uQQ1l2zVL20BDp1DMiOgv0D3KsQAXk6Ep6X0FopW6KGKK_S1uOl2SC9CZtpzAAaU5NUY2fMsYJrcUbWfV8beVvC0-x-cyrLVRbss_TzWv1C_qeiTmXqYd8bzdxL6xk2-GJ4/0QesFQxmrHl59a7kp4BSFZlu-HbdTrnWJY_I2zf1JPM),,,
administration-et-intendance::print,ADMINISTRATION ET INTENDANCE,Print,,,,
agefi-actifs::print,AGEFI ACTIFS,Print,Agefi Actifs.png (https://v5.airtableusercontent.com/v3/u/51/51/1773835200000/xMuzcarN1ok6uioPFZoFQw/J0IBSC7Ehn5hGT4Y0WueZmT0JYAuEdbw0Z5uysNKneDJM4g0zH9sD15ubAdWjhhrJpq87DIViK5_AHKtlM0rPkh9e77gzdPnS1wlXqhxYpuxmQbCm-S0TKpwuTgYuJfsw7XKnP1zAqRP9zfUiG0AwM0Vu26Z5DXftDraLq3PGI4/Zh24eJLD-zbcUP9jDlu_yV2YlGnUEXywWvv7jWJA7Xc),,,
agefi-alpha::print,AGEFI ALPHA,Print,Agefi Alpha.png (https://v5.airtableusercontent.com/v3/u/51/51/1773835200000/jTyMJdMcWYpCrHQJaxedxg/BeTOfv6OcUKNHP9DeKu8OfSvBELblsBAIzcV71It3m5H3Jc5gGaQgNEHBSA2Bc0TTSMn5CTgmnde7S-wfAaJKMSHgmtmn72ONeaDZZs3CQOjDmIekCcbWIf3rpRXoy5aLur1yKK9ff3kC5wLfuH6JaGapVByvvPFM4ObnogJ-0c/MjgvImUpD4XnvO33uZVB26Os-TDUG65PaTJDkRAOoK8),,,
agenceur-magazine::print,AGENCEUR MAGAZINE,Print,Agenceur Magazine.png (https://v5.airtableusercontent.com/v3/u/51/51/1773835200000/5DTyWpwobTjyDhoet91gQA/mF-8OJmNsQI0GXZapiAeoVPNZA2M1HibulgvRuc_683nu1Q_9nc1qcDB7ZYFTuEqb8voZf43cuP0-z3uBxgtz1eCwdAKdbWkkUoyM2bKYRgI4NJGDsgQ9bPmge0ftqoENYnidMXOH0uWjJKPJ27j0oyyicN1Mm366uc8UWD1AFk/2-3ZlajKXB23xuTPjrgE3eTpL1DRpgXYP6aAG3A7VwI),,,
alternatives-economiques::print,ALTERNATIVES ECONOMIQUES,Print,Alternatives Economiques.png (https://v5.airtableusercontent.com/v3/u/51/51/1773835200000/eGXC872fRPL9DKpK3NFpgw/vOTeZxI5cLEVVjj6wXfr42ubZ4tWFcMN7jgQu-ob3oiDVy8t3GrUKKzReso8gwYNuZZENi57CpgWifuFt9El0oxWehPeqn4so3TMc9p8jVOFXo6vSk_0u9B2sedGZqXTrzzIM62f9UL47KxzvgG2YILmKqap6QxgFPVcFSWT21fRlos_7gWD7qGMubtxDBbi/5sm2kT3nq3v9cFUfUtu64VeocZWKB9a7HNcB0EBiXMs),,,
andrh::print,ANDRH,Print,ANDRH.png (https://v5.airtableusercontent.com/v3/u/51/51/1773835200000/n9QZ-o8PIpOkavw4kBy7ew/3gM_BlEVc3LHYh1Z-YizEGjU-0RZduNfwIywwK4f01BIXr8fWs3gJkisOVg4CIDnM5MOL7GxQmArBYi-rTCxXQkMt-HpyzHBXZ_vHk4tl80s_WFC2HFJgl_49lZfIC2HpNZ5V97su6avSq4V_jnzwg/aMpHeeMUrkbVyz6YedYR2baVSC3myYfb5ER7Ws1Iefk),,,
annales-de-biologie-clinique::print,ANNALES DE BIOLOGIE CLINIQUE,Print,,,,
architecture-a-vivre::print,ARCHITECTURE A VIVRE,Print,Architectures à vivre.png (https://v5.airtableusercontent.com/v3/u/51/51/1773835200000/5BrEJamtebQEMPK8NJ3dWw/z4hE4nNQWJeYkyKcMlUe3LOWgGKxzV6Wtv8BD4ka_lC9Ab_pFWZHDtwe6OWZZ94tw60vmdnA278TBTYeXCReepKX96pa7RDRC-WPcCHnx7RT00bVABlKPWJCIB9aVD4zLdBeIBu-TUc2EWR15GxxszOhDCpaduoLQi_4yqw4n3I/BG-SU2srmhXiCNtepx2waPKItRixlSrXPoBvQA77THY),,,
artisans-bois::print,ARTISANS & BOIS,Print,Artisans&Bois.png (https://v5.airtableusercontent.com/v3/u/51/51/1773835200000/A84zvByUKUnkviYMwRzTfw/k9IgdkfBmDndROvne-awPxFQR5MHaL5ujKfgeh2_aZZK_3bBnPvbg7cYR2JNNGskzOYaVz4ctNQ6pCWTPXtUn1QqAeNvFuooB2Y0xm9b6AOmUZL31pVJfMV52FdOOntxgScTwXPZ8Ps-AXonFBS7-W_BT4UAHj-uM2F5gT0cqBk/1xAkmw8lpzHj3cQ0W5fjr7KWgE60M16U5BH9_3Y3Xpk),,,
arts-metiers-mag::print,ARTS&METIERS MAG,Print,Arts & Métiers mag.png (https://v5.airtableusercontent.com/v3/u/51/51/1773835200000/IdzUrjPicikIq0GbkH74vA/Xsux06TcKJOdZQgAjCdvHGS88iPswm0girNYyRJHJbC7H2dqe1P-pfBki9WjXJ4-fIhJzA04KWZnM4VXVMdgZD1M36ffhNj89umPC6WCib2yC8Im_bGOIghNMnEhQxzBudCadOm1qFRkZprSwZS-JCzZ_YCvxFqnLuurKp364zs/7fQpAVg48h3T4CHuwk5DgIPO8yR-mk2xDDAuBdDRLA8),,,
au-coeur-du-chr::print,AU COEUR DU CHR,Print,Au Cœur du CHR.png (https://v5.airtableusercontent.com/v3/u/51/51/1773835200000/IEX1jYZ0rTUXyEmAlWocfw/7gYlmTNEkAVBIBIegfRm5D7bp4FZYCEdZvW71XTtp0pElAvJmmcJbJySGOrpDKYxsIft-eOTiJ8TcofntxGESAHRqa1VwrtmxQhPJJZXcE6lEfAVbdwcNd2tIb1lbYJyBGpj-o3Mq-VaEuMXK2i9k6ICK_oX9gCQdxikx-pa4Yk/Uq0Sfgi0B9ac2KhcniT9y8V-C4spDZjP0LGppHo6ZII),,,
audio-infos::print,AUDIO INFOS,Print,Audio Infos.png (https://v5.airtableusercontent.com/v3/u/51/51/1773835200000/Gey18UTqcgHjFromcNKuZw/YoovQ3L0MOru-9Smhc1c8jYbjXwa8KiTLaPpbOPA47P3ObYkdJ7N1wQvFNwTSnCA2oFbYKmbdKJJnuATIiM6m1jF7FRHTtMklTPDYSQn9EXzzn0wHMyqGHZoi85iPYnMaKVJYHcGQCRMjuMODzbCZ5BOWxOvZhGuT4h1GA1DfzA/Lmjj8l5vC6owU3qO46205d0PxYMD3ZgkHdCNoo4S7HM),,,
audiologie-demain::print,AUDIOLOGIE DEMAIN,Print,Audiologie Demain.png (https://v5.airtableusercontent.com/v3/u/51/51/1773835200000/4AccGu1ZTW49udglfE1DGw/dYbcy228qFSthEkWmz7nubBXifVzvFXBL2RQN8HNlXXjQ-RLHt-13XmCUeoe-Ex4Cemb4eXmTKQ6UO3beJaquKTrvu_FlLpbnGJRPLMLrEiZkye9C5sIUwROalmmMb6X1FDtTxf37dCB9Hfsizhlm1sW2xkRBbZlL7_dzHmkP2c/VZRs9G_o8pZsgcHxZbEjg7BYQdityH31mNzANUO68ps),,,
audiology-france::print,AUDIOLOGY FRANCE,Print,Audiology Infos.png (https://v5.airtableusercontent.com/v3/u/51/51/1773835200000/Z-1-6V1B-d-ffbdaQebBlw/C839oW_nRNmNXiEJM74FeoWSyEMyCSl747Wx6S4HIjVJfGQ3DDtho87pMGYrQuyRZpzOEEK8vxEu-gaeu2m27C6GZNbkf1moPnIRqriXZM0yyCx30-223eD4u_Nu84MNrtUANQ7b71PPSvj0VxYFp4x2rys2tnQ5wcWE9ggeXw0/O1Nmsk8pljAei124fJvXuk6V6uA5avcJ8pN0YM-gU2U),,,
autocar-et-bus-infos::print,AUTOCAR ET BUS INFOS,Print,Autocar et Bus Infos.png (https://v5.airtableusercontent.com/v3/u/51/51/1773835200000/98lBGST_to8XgltgTaLN2Q/dPWWP-5mkTQ5bFQ2CyRU_K1g6Ugp32of1_sD6d35uDjPewWeOQeRUoLoKiS55Av87wIz7X7Z3GuIftKAby4ys6V9a67aroITo6nBJOWGah8MYG5qdNYuj85qZKV0ZWBJ_Nm26PRr9oHAyi0n42pUNexNsw96ef3E0BfIp_Hzp_Y/Qmg7j5g_8u2_Cv2oEgG6LxlICKRDnT7CDHE4v8FoeNA),,,
bardage-info::print,BARDAGE INFO,Print,Bardage INFO.png (https://v5.airtableusercontent.com/v3/u/51/51/1773835200000/Ayj5k3oz4SmthDV62ewcMA/ZlsaKVPWS7Df4GILiY9lHFerSRSJVGmV2ojvjcjoumPTMIPkhyAKWJfpUfVLRubzjRvVMhUZkaelE854_rWnRFUB4qTLoTDx6Qx9PaVC8XsZ5MJOjk39MrxNptVrMkoc19SY0Wn_rsOXWrXSwZZzfyWaU_XVV2SAzBv3My-VH8c/gO9g7VFcNjNR3f9z4CxWbSZeidd_dqqphtp2gHqfQgA),,,
batiactu::print,BATIACTU,Print,Batiactu.png (https://v5.airtableusercontent.com/v3/u/51/51/1773835200000/1-AdHlY9IxRdV7qqc3WFOQ/2eDZp0AmZ_x3o5vewPguGWuYUvhoWnYo761PJwpwBt2YKUebOluqI83NV7VnGV77YtvxuvS-76eBApSS3MblftessqG4Ud4kmalmASbuWNwMWCKB0J-6HjBaWdlMWzvgTjehlBhi_FP0HOgLsyFAKQevKiAgrjU5O221lHRPhmc/5SuquwyXKBybltBO_sc_fJhLpXc85YU0l4exGhkY-CA),,,
batiment-entretien::print,BATIMENT ENTRETIEN,Print,Bâtiment Entretien.png (https://v5.airtableusercontent.com/v3/u/51/51/1773835200000/MPTtHQs4GKn_JVnuQx_qsg/7a7clIQ6sUmx1woWZdRJvathSifAY4YSjTRfRByv1uEbFW6wQIi_JmiMC7OrmHVvQaljHV1PLqAcqNeySKH1Xj5DVq9ZHmpVuCdCp-zo9-CnhIqVqPx3f0kJeOFyIuyORrlT4uslBsQMBzCcb2phgefB_7xT5x4eDe9ys5_1SgM/vKs9uPf-0D8RGXEhoA7arsqVCtDefPKaxOuKC_SVdmQ),,,
batimetiers::print,BATIMETIERS,Print,batimetiers.jpg (https://v5.airtableusercontent.com/v3/u/51/51/1773835200000/T_Mz1QlrDmyMM06SEkDYfw/Yt66-QU02b3bOjlvetOELGrCeuq1nDI1G-zUE8E18B4DhMur2gjDuJstwAXZ5rICWVft4DoQLF4tOL8fWVAXq8D4Pu6XHSJUXAFShKEW2m_pkNxlhcDdzIaOn_mGXUKqi2xVT9NXzbsSwyg0fXgZcQUsfzOnyeYaR6kxmrOjnKc/cnbYysEq8Nzg0WaWNzk-B_jy1b2bzG95ncRr5aXAaMY),,,
be-a-boss::print,BE A BOSS,Print,Be a Boss.png (https://v5.airtableusercontent.com/v3/u/51/51/1773835200000/57eL_gJg8tTW2xbsuwKvJg/WYblRtLoIWv5VwfFnp0bIzdtG7tzES6lcUU0_UseOXbGd8h3syI0v7sLKJwlHxujDJOkKlhL8gv5H7xvi6jgQBa9pTupWA8hTaRg6zmYXnlLKxpIeGyOQGX-C2gj089lshoiP_a5x_Yi-kZItHJLHrmF-BpKfXvGXR4LnZSoxrE/Gvn0SLbcLlbxzPzYER4tEAfPveI3pS05ekF87SkES14),,,
beauty-forum::print,BEAUTY FORUM,Print,Beauty forum.png (https://v5.airtableusercontent.com/v3/u/51/51/1773835200000/H2QPIoyysJlEdU4LGPQW4g/VByC3aJL6b--PfTuFmzm38GtJPOeQ7IV46GfCbWBYsWcICiNf-zywrVpKSTFshR71iSiKzUibNFR6gOIa6LwXRjTCunv5dzoa2v3UElG6N1xqKAM0u9WM70gl5yBq848tnxYkGC7_QYzblR144VgsqAuoCFUa1ppiaHB2iHGoAI/DqDKQ7Dbj16yKJXBJf-h0a13W3IV8bEDDNvF0As0rwU),,,
betteravier-fran-ais::print,BETTERAVIER FRANÇAIS,Print,betteravier.png (https://v5.airtableusercontent.com/v3/u/51/51/1773835200000/EEunci_PxpyaIK5JqGjwBg/fEy-Pza1PA9KcRIsAN6_LP6DdTM6Z4fPopy1IJXr5dsXqIc_gavqmVIpLhgPIpBO3EW11UhVbUk4fZPXp6veG1zMlnHx67pbQIX2tUdO-uRLGs0I9sf06POevLfTkW1IGEirms7XE0LoSFyrf2aDmckR62r1_IkFRDejyepr-Lg/Q6gP6FHtts_0FXtiHwETGN7UVq0njAhmL7ZpWo0dIys),,,
biblond::print,BIBLOND,Print,Biblond.png (https://v5.airtableusercontent.com/v3/u/51/51/1773835200000/EWl6XltL4Uxheru2IDj1Jw/buu_O7vLi_A6QHV2P8GGUaSGEJl-rxqNsCc5D0L96QQ3CASbs1RQFPSwzlxJChiM6yALQOG_QAIBPXPLqJED5UJxwtJDHUnlO_8iOwvE04mTQU0WTI1F4a9LXMVdRHMSiNQPDeUauMjFEHoeWn2aTT-AlpnBo2H2PBfTBvqIKwU/ene7ofRojhBXBlb8oIoXQsEQCd20UYePICDOlDHQjL4),,,
biofil::print,BIOFIL,Print,BIOFIL_156_produit.jpg (https://v5.airtableusercontent.com/v3/u/51/51/1773835200000/EGugv1PoVUmE3StFdj0CuA/IXKCRspl5mVVXwRG-dEV1NrRrORIa6Ll2zWL3A1U-JqLywGQzUxFK2W63ftWR6S2Ld6KaAbBRudQ7TzGAGxC8a5fKF8KlT2HoSIeIr8iWlzp2Go8xBwTLtotvUZmb6yOoQ7Kr42WdCYcIjDLfcUfeKHvdRpwoiPcxX6tbW0v1L0/JOTO4ED7zNpsTVTTUC-q_1EhqeJwMJ_0_dDnTrCSVUA),,,
biologiste-infos::print,BIOLOGISTE INFOS,Print,BIOLOGISTE INFOS.png (https://v5.airtableusercontent.com/v3/u/51/51/1773835200000/UW-hav5g4mpxVQPdMCe5tw/wNPfTNDruBZcCytB16zIrvQQkTJJiT9S1CZAAHP3F7wr1sD6d66jj_zbuyi9LsBYOHI-KiGSAXBRye6ol5Up5UaJ7ihUVM300XryuJs2mSW8xMrkyutUWM6tsF9uzTY3gNGMluS2gDe36PuM-wpLnh0hq3JgAwGjYUtX3hKOAK8/LinUOeVGnUse3tmDlkC47sfLUsDE-Q1004h0I0EwX-g),,,
bois::print,BOIS +,Print,bois+.jpg (https://v5.airtableusercontent.com/v3/u/51/51/1773835200000/-gwNsn5nGKSyQx0h_AvMvg/KxeEkhjBueM0gMflNNUgSNVZw5Lx8BAuUhfIjNXO5ikk4gBq9g1nt55Rho-EhqYVVUvI310fqVscQRPRCXRKuStapF4uSZrduzp2T_-qxu9pwv_A4MvQ6F-u42PIqA6Rel0E8AwM2G26W9so71zNUw/V295Qpk9-4BZ44cU06TP6mD1dGVCiGUQ-zsyuT43aeU),,,
bois-mag::print,BOIS MAG,Print,Bois Mag.png (https://v5.airtableusercontent.com/v3/u/51/51/1773835200000/MdnCslVY1EAF1uf5PNiINg/ikBCtrTIN30piWNJFJTArixAtmi1AwggjiYV35PzPkzNJjexz8HWEUwLYnQ-tCEtfDLFX3KAZNoodM7BXCirxMbheDG7BZhArgN9RhEh3lay4NqLbEKsSVVsyw0n9jGirBq1A57E0_TYLecehjAOw6PRUknODKFZt2h9H77KpmI/m3oPQFMaU5nPXTXY_u4J-2o7wAVbF7hs5AOKOJ2Qhv4),,,
bra-boisson-restauration-actualites-nouveau-nom-tendances-restauration::print,BRA (BOISSON RESTAURATION ACTUALITES) NOUVEAU NOM : TENDANCES RESTAURATION,Print,bra.jpg (https://v5.airtableusercontent.com/v3/u/51/51/1773835200000/qEiDCGQ4IJtjr4PP19zVtw/fb5JnbyBHceyMUxyerJ9CJprnRl7ReTbKJaUgN-aCkR3qmGkrcelMKyQMWAnXujQ8Fxkzg6T57nn96Vt1txjD5_PBLzl3KtkQH4-T30Tkp-d48y1LrDBsZZi0kRFRDxUg24tz3bh8ehx92KCW0oggA/rcc3lh-4Im1S3b_VYXm6l3eQuHN7RM3RRKZ8YgbkEIw),,,
btp-magazine::print,BTP MAGAZINE,Print,BTP Magazine.png (https://v5.airtableusercontent.com/v3/u/51/51/1773835200000/ii5oj23bKoMHbJm_L2L22Q/mAgx16edldnP8XtRoXGi8uEHF587Hl6eXE3W-vsj_WGRCj464vqK1EooIvherD8Xg8Z2JcLUjRh2XBQxyTA4XqytJSA-_8GN-99b2jU1Hke26r5HC6yMJMrJkf8oKXFUixtEsgz8prNqX_Gzoxzwy1Hik_vPlK0xAtPzUQHBwNc/fxruFNp8cojA5Ay5fuZCpJfcfA57_gUWbzrNrZD7YfI),,,
c-est-a-vous::print,C'EST A VOUS!,Print,c'est à vous.png (https://v5.airtableusercontent.com/v3/u/51/51/1773835200000/BaoEf_y7KdE5krbM7cSteA/ngk4wP2f98JkSakyuuCGvtNrpvFK6j8dkIc5J7OmahHRp9PR1TVcFbJ4uz_fPRA8X8hDE4XoeJICifqi4zVaM-oDiwVNRcPV2k2BX49w0bozIUhHkMH2o71odOECyTzTKS13jcAjTCNrxwBJhSz2r9zi-lYXZuTv0ow2MUDImiw/lOX5XabvBlEV8ylTiTZIOpIht-0E3mTgEVuPBAQeZWI),,,
cad-magazine::print,CAD MAGAZINE,Print,CAD Magazine.png (https://v5.airtableusercontent.com/v3/u/51/51/1773835200000/mNCvruWNLk91yBDHEzna8A/QjWZWMdNfGyWOxPHjnPzH-NkInqWO4rXe5LMPTkgcB6lhmeUKyyciZq3Cjcyly2971atydK4EFWQydApO_5QboWxZaf0mWdTHkxDVKj6XveId6stQzfUOOAwss8T3dKFRj2YY9fYPcJOWukn1Dv1xbgVmw256cSNTxyOFVTGy2I/1kHfu0nld9Q_lClS8G-zqLMfVK14Q9EZMSmOARl1H-g),,,
cahiers-de-nutrition-et-de-dietetique::print,CAHIERS DE NUTRITION ET DE DIETETIQUE,Print,Cahiers de Nutrition et de diététique.png (https://v5.airtableusercontent.com/v3/u/51/51/1773835200000/5cwO91Ubnpu_2C3INv_ntw/kEMC9qrTj-RQn4PNAUSK58UyLSjz8OfGY7qudUORY02F5jGM0ef3Lh1_uztu6YGJls0J41tAEu8BRJDt0pc_A9Y35ZMjVNEtR5b0j-ZiDdPmHd-jjRwq6iam9QotTAF25QY8Rmo45NlB4pHUOq6Zt46mHfG6uh_Nd6WCAMcEQ2NHsPO8B58WectHAimuRNbe/Yonz1VwWHY__qQr1QolmVRCALznIBbhuOrPK89h6azY),,,
cahiers-du-tourisme-et-du-fleurissement::print,CAHIERS DU TOURISME ET DU FLEURISSEMENT,Print,,,,
caps-infos::print,CAPS INFOS,Print,CAPS.png (https://v5.airtableusercontent.com/v3/u/51/51/1773835200000/9xNZyy9QWx3AMVpcgR3LFQ/4ir5Ngg_c36BEpJv5ClEo3el6OSP7XTrM-_qutGxKj9ACvshjgCADs90pp7v1v79Tkppy7rXJg3ziM4FbsiyOBfYSddeX0O7RUubJR53gVxVaXtS5c4ygSNY-P-XB-cAZWjEOlZaJkxO7X3WcmxAgw/qgn9gwfKn-DqGjr9zgkxDcPf4DMlkmNEhleGzZmfEF0),,,
cardiologie-pratique::print,CARDIOLOGIE PRATIQUE,Print,Cardiologie Pratique.png (https://v5.airtableusercontent.com/v3/u/51/51/1773835200000/y1aGL1TchzxNiYnBExAcNg/xqqPyRa8oAcXa32TFlOcOgm99fMkjZUj03J_v612yahiiRTdjFvjsTgZWiQe6M0tqaxaW0IyS7hGuy4JK1zAzM8tkP7rufK2wuqVI1grRqCh65OV1xwySz616D_dvmknXiyuZmDYjl3KLz-MMBThCir4RrnlCcNtSrx7YN7iP9Q/0wzKNOjKkm76zf2d2LM8Ykj-DNNWWVZHAIfTA7jggrI),,,
carrosserie::print,CARROSSERIE,Print,Carrosserie.png (https://v5.airtableusercontent.com/v3/u/51/51/1773835200000/ZNNcDFieHGJRmoM6nEXK5Q/Eq-9JCjQXDDYJIQ5JOoQafV3uT9C3UdG-fRCXz8dlUTG9o4XV0abI9fKTAgGy98-pmPhMiMaTj49u3sB8kWloLilSoFWwh7GZu7Q8xykDqHJr9FN5v83L3dFsch2GATMM2D2cgBH_N2tFJBsnOe6TmqxY3fEgZ7Z-hmocJLfUI8/125XruMobqFywqVUGiFqvhl_Ugj0KiMrF0fUtsuiTMQ),,,
cavistes-et-e-commerce::print,CAVISTES ET E-COMMERCE,Print,cavistes & ecommerce.png (https://v5.airtableusercontent.com/v3/u/51/51/1773835200000/DMNrkLfTdyTc1OlTTYwMxQ/Bo9AY1ci_n-Rtqc0PLuwLOZH0J1wmfWv-3RJoMy8_XJVh_ioopHnDXlECGgHwDBM9Er5Vq2RVBZ_Js9aGjn3MxfItp2NmtL5GvjO0s9tGz4TyjVdnZMfKJyN2VIu0wetG0aH42ZjSGVc59AnlYOi9tTZ4s2wgz909iXv6up1TZg/-4FXnODx62zYJbYCwI3xzwo3v9GDhLM1AJBGpVBav9E),,,
cb-news::print,CB NEWS,Print,CB News.png (https://v5.airtableusercontent.com/v3/u/51/51/1773835200000/Y7WQSCJUSJ_UTtdDzukNwA/9RkCnZt7zBIE7GdsDOf4fzq9og_P2xoPdOGwAkn_SVej1qHWck8NxQ8BMC2be8lOmV1VuU_5nLwyWYqE2BBG8nTXCkD12L2I4exsolPo9n5knMbjQpuV3tRu7YTSdPszgdjH0g0YsORQ9Ot74epOLmz_YuCpJAprYloN6AObgXQ/vuZUPWpvBLnW2XjUlbJ3dfDA1jdsjFfiAX1zjPD0EMg),,,
cem-controles-essais-mesures::print,CEM (CONTROLES ESSAIS MESURES),Print,CEM (Contrôles Essais Mesures).png (https://v5.airtableusercontent.com/v3/u/51/51/1773835200000/g_i7TzB6dohIVlb8_lwOlw/5xn9Qg_wWu6BUqqxhQGAz-A43TwxUtqsgpvCCCxAoaExszTLEDDychKe1AvjmrFWF00ac2KJMPPhYyJ0yF23MoGP9M1IgoViZLbtEFMghLdZsVa7qmaj1mQkN2xJ_toApyJ_jShgKmfxxOkQDLxY0Yzi9fwskYN2d5iNS8t18hyG9S3sQ401xua9sV0ARfjP/32HOI67ORdWvDXzcM7Ga0Lm2E5zwgLc3S2iSz_-HAvk),,,
centres-aquatiques::print,CENTRES AQUATIQUES,Print,centres aqua.jpg (https://v5.airtableusercontent.com/v3/u/51/51/1773835200000/DVdGHUw_vJ_yVF4ar13qnw/Wz_ELV-RpedSZdOdjrzr1vqDuWFjcgX2OdgjmWLbqdfwmZcPVabeRfwewKYeglzx8AVuGoMqQeY5DwM3zQfl2GVVVaSizNbwKGjh3eX5eFylvk6buWegbEjKYKSGHR1bKxCMCImS-teuUdfctwfUt4zik26VK0VDJvkoUIhLQkk/2m7BX0iS2Ye4Re_Xop4XRLdD4dS98DZvUv9PS76HUh8),,,
cerveau-psycho::print,CERVEAU & PSYCHO,Print,cerveau psy.png (https://v5.airtableusercontent.com/v3/u/51/51/1773835200000/oahKDpVkgDCJ9TkeWWPlgQ/EQKg8WgpJu6XcDpL6vpAPP8uqGRS54IUmlncW2jJkN6cNJg1Vpu1rBQn6Ea1nqEzTWaQxtiXJdq93D9ImynR5TwoEQbCO3SfeevpYKJmyC--qCxeMS_vC8V5JhIwn68hRYvEI3Jo3kOx1sgxkh8Wh7WjTDo6WnsgczPdcyjj4MA/QAsGgpEk3vlllwjQbqWv1IcJKUF80ln564u37qsv-8U),,,
chantiers-de-france::print,CHANTIERS DE FRANCE,Print,Chantiers de France.png (https://v5.airtableusercontent.com/v3/u/51/51/1773835200000/xIFeUKavlZlVAWGpFhvAUg/dFj5kYsrKRjwjs2DEc5nWcsJRWHIzRpybqZUEjhzTcwSznDVDKc07mweXiofKbKbapnhksvMBj8BuCMPlfm2q2JWkYdRJ7PIx6iU1HetWXwn9XZvrmUPAZxu5ZGGicXbfklpLqjx6LDctKdoVKsf3IPNb97eqqktshQnhGLEPoc/dHmhjzjAdtswYJUBULIJCTt3UUGj1twqcIfR6BDUfvQ),,,
charcuterie-gastronomie::print,CHARCUTERIE & GASTRONOMIE,Print,charcuterie et gastronomie.png (https://v5.airtableusercontent.com/v3/u/51/51/1773835200000/r4Gd0jlwamlx6nHzgU2rgw/6Nxk4TjzicP7XfvciP_7e1XpZLgcF-blVxDKv5Sw2a8-31Oo1AFv3I3uSsA9qiuUF3LsGjeiTlfAkEnWm1muBfdcWXGiONu1aB_E4PQ6Tkh6VRWIFnOKqTzZYOUAs_J6GCOlZV2hJUaEibPjC0QV3PtaOeABQKKpM-GtwIirPLj4BJ8t8N0sPj7cehux_9m0/at5eWQ-R-ws6p2A9i-HFIDn5KZNTWU4CNI-O0A5OtUs),,,
chaud-froid-performance::print,CHAUD FROID PERFORMANCE,Print,CFP.png (https://v5.airtableusercontent.com/v3/u/51/51/1773835200000/4urnOYZSBYt8WIpau7YiDg/aRUbxI292Ffji5SYKZwymBGAiHuFaIcN3qoeY_zSk8bugZZmfr2A7OknZ29aNsFp5QQK8896cUX3nHohxRJBpNxRzl1NZcndGbIYTSYUmD7SAOloztZXRgpIV8toFi8Og9x6XHYRmN5-N7cR3pXXtA/_4DUO7xnTWVh4twUgMfOazL9Zp6RVkhSoaAahDS1ydI),,,
chocolat-confiserie-et-glace-magazine::print,CHOCOLAT CONFISERIE ET GLACE MAGAZINE,Print,Chocolat-confiserie et Glace Magazine.png (https://v5.airtableusercontent.com/v3/u/51/51/1773835200000/bFqoUvAXRqdRnn2D4sLl9Q/kwQjlON0DJfVrZc3Ir3p8A5CTaKMxd42HaDwivV8X10YzI2zAzraRusebB_ArkdQVCTiubMcc3p2-7T9gPFlchxotFNCubgu8-5YAjxaafh0bzUjjF7iN1N3xaw8ZeCyxPaDUNVSK7fmQ1qEGkjZPr8Eu-ChQBPkOAiisj1NwawVgrSmas248VLpNTSy-x4H/-oEnuGZ1wVhT0-yFlHTrNkBlkLP30SkUyWlLgZTR3nc),,,
conquerir::print,CONQUERIR,Print,Conquérir.png (https://v5.airtableusercontent.com/v3/u/51/51/1773835200000/067pDfgW1vVWeAn8B_QdRQ/1HIXgCUKLGFu4KQpkyFSsftBa7nRoLMeIWowMUgcmbfJ2XuKI27WZ72m6lJiODYY3gI5CDM3B9G9FxRAeZGYp0umWX1PPm3g9jSEFAN-0xuAj9PgEk7x7BDq-0Xk7Z7qsCLNn1an0lQWGeNu3u7F8AKvEFNinKABJPh4qoVtjgY/QP0UYMrZ8s-7LdHhpEJG9P-bUyYqqMRSNblfRUB2vJE),,,
construction-urbanisme::print,CONSTRUCTION URBANISME,Print,Construction Urbanisme.png (https://v5.airtableusercontent.com/v3/u/51/51/1773835200000/EjdjJhdEbtq1XmRmy16ikg/iU5hP9lO5VpU-h-IaEx4Z5C7Mq63A8CSRL7g1CaX8Zt2tr8gTUhl2qJqoJhGnrCgy1AIrQ-0V5gK6hz9i884rkYRG-_VEG_xfJ9YAEzDdEObhs3NtKm2r428aRJMApCvhGgRKlkkS4c7R7kvYhghZlk4bCOT6v1lYSgmJKJzFKw/CcI4rDJlHnCMnJJ9J3782lA-7f48b91JTuLqLU54aP8),,,
copropriete-travaux::print,COPROPRIETE & TRAVAUX,Print,COPROPRIETE ET TRAVAUX.png (https://v5.airtableusercontent.com/v3/u/51/51/1773835200000/JhygiMu0P5gYl3jSi7_dRw/6gsCFsfQ_bleduVvRPutZMbPQGRwf7oSaDwiUbQ2cj9bLa85LNI63gztx_vFFiPd-XLfrdo9nIfmMf2N2j612O5zC8gd2XKmE-iCvKHJ90LNMYUOqfQRHpjw-UlXDvtPs1DEYVMsT5smFH2o8Q82GHARiaIwVJbHkq1i0ky43MQ/2MJAhviF5jlE1c4dWBJ2CR15_ZHEiURMAcX7aM29BF4),,,
cosmetique-magazine::print,COSMETIQUE MAGAZINE,Print,Cosmétique Magazine.png (https://v5.airtableusercontent.com/v3/u/51/51/1773835200000/UDr3r-XFhr1c67lZf7znYw/YVMaeGjrM_g57EVw8vFbE5J_Wkcz0cxMUUzVRW9lee_Bya-lOSmWNLSYh_t8Ml5xL1udeFhGlPIS-WjfZQVd7bqlepZRgWsyqrtCR6e2CSD93TNLUZFniAfGM15XG3sQ_hmJigL0oazA2DA-Z1UupQSIvdiHeZStLLhaCShWZO8/5CTFWGqc_1b5gZ02GI439FFrhhEy5MzjmaevqzYFzxM),,,
culture-legumiere::print,CULTURE LEGUMIERE,Print,,,,
cultures-marines::print,CULTURES MARINES,Print,Cultures Marines.png (https://v5.airtableusercontent.com/v3/u/51/51/1773835200000/SbO2F2fGXx-cthB7lE9uYQ/_w8k6wBztwIE5srIT1hTvNl4SAZs4idw5hpivNzw5XM0wER7UL4qWs9gMpTQh2GHCEdlfL4uvdz8vi0TU3eD8hO3J2U8G4Sc64psSwR3EVr3C3ESZx1ENzr9NtdCNeFvwMII3VFGO34T7rTMV0YAfp6JtGtLZRz4G8KkM_R2RfY/yPvnf4uNzpvdVaeMvFWYsBYV7esoKqLJT0IGx3wFrnQ),,,
d-o-actualites::print,D.O ACTUALITES,Print,D.O Actualité.png (https://v5.airtableusercontent.com/v3/u/51/51/1773835200000/6EbaG_6aBDkOqb6uNjBJHw/T-SJroy0EDakNO1PEYpC7WDhXlBquxL0btCEUexMyyOhl5mMLvwQsYF8tth482RaXHYyMfWpI7EsBvS21N5gdB4_WyU8uzzpA3xcxDb8POU6HS8mOWAdtSON4brRYOpMpcQlKHWEzCmQEyh7ew0hz_iil0P1YnX-SQyg6jQPXTU/IIFM5abUveCkWLuXnrZT741tyIWwEFSxoYsU9nBdXPw),,,
d-architecture::print,D'ARCHITECTURE,Print,D’Architecture.png (https://v5.airtableusercontent.com/v3/u/51/51/1773835200000/vDGPBM5kHSJOyYzKHv_KCw/IzOM6OQcvLLsUDrGMNzuBvNa7Ej6naxczbC7KVo3QONK2U_tKxOJxj7oSMlQq2h9Xzm4Zw16hmwV5Cs-jRnQD07RCirEFzzF0FfRKVkELpeGkFwJ1m8I_sNf5tGdb0O9MAlFGUjILXPaQK3hfhrBDCnSucghYk8J5ULVZOKUr20/v0tZqqWdpdADUUgjYFVcy4dDLu--6YoEfT3Pv-jlp4M),,,
daf-mag::print,DAF MAG,Print,Daf Mag.png (https://v5.airtableusercontent.com/v3/u/51/51/1773835200000/cyVe5o-u8iSx7A6lGRgxLw/iejj9ifjJzd4rdnwFfoH32s8Bbcu7ynZqJ0b31eMC1P9qozd6iq9helmPpxvhDjb-D1saA_weJhEPCbo2Hd3cEer86nk9BfAleB7KiW_hBTSCORwz1buBSwaOPAi40-C0xZ_BteG6I70jpEd12M1IZyaExbOSXm0y0xvhHzDnsU/bQN0nin_AfP-DGiYD4PyAQVXBSL3hM-fzDMYqnABrlw),,,
decideurs-magazine::print,DECIDEURS MAGAZINE,Print,Décideurs Magazine.png (https://v5.airtableusercontent.com/v3/u/51/51/1773835200000/-yZ1vcxFXZvBFWnkalbLOA/PoH4hxynYq-_YPR1TOLm5CWTo-bN26vLv-KGZsX7mv9aVP288XjtpO3Oq0q22Y1sYed8nHlq1vHaaTPlS0wjP2jlg5bsxJAFsH9Y-BBTYdInNcQjqo-nGAVdabx-DjU5GrYD8noaysKZrt3LzeOn__UYQ7s0LBYsbfDhOLqH0Ug/zX4O4oQIatsZRNnFZYPotAfyCiyxHgoGyGGpZoN-51o),,,
decision-achats::print,DECISION ACHATS,Print,Décision Achats.png (https://v5.airtableusercontent.com/v3/u/51/51/1773835200000/23MSLhhJW9DYBBOJnmrlgg/rgzNrpY8SLA6HegesZhFpEjfh8wfA-6hMLqD8CovaJfGRAskt6z63KhEswUmKr0iiRWOXwovnDmvGUTt2yhd2l_yoLK5sWfA6NHuu8YaC0XtaD5gdhh9r-3ZUofY4PCZMt_RUUvUS7wRFA--sRkpdJ3aRCFcAZcly56xgXFgESU/wyAo4zkC7Ue0Rbn8_IajJf6asf7lV769bLv9rVKWvj8),,,
decisions-hpa::print,DECISIONS HPA,Print,Décisions HPA.png (https://v5.airtableusercontent.com/v3/u/51/51/1773835200000/udaAboCOsc1-BM3IAmwsoQ/epTumanTrLeCZikV5THZDuq5yQj0mCMuBtn3-OCNqYCoVbrlus38hcf7pBPW1SvJ_o1lcCKfb5yP1dt6cL-UcWo6I-LhcaA92lNPPLTOw3Z39-TdO8J5iAnN9omRRhKH53NWiYlPtpDjvFt2yYWobUX2Di9qGc2PzwkUOD3YxBk/XeFyGWba1xECcdkBgRYmVnS7rrJt40Ccu3LI1q-0obc),,,
defrenois::print,DEFRENOIS,Print,Defrénois.png (https://v5.airtableusercontent.com/v3/u/51/51/1773835200000/7nDHa0eOdLoT7jPOrnGroA/C_i_ZC25Wx705hVI1JgjyrydagHfGV5LXCrDTM4IoGXoFpTH3MPkGClOpBs22eRQzD4bkNU4EG5lLhcf1eoYXkTpNKVwswnhm78HiE5ofq2JFO-jAbprtPXkmcJXEqzr2jqrbpqwNg3NCWOk-ML-FbrBKkuUb-xKmYGwPCKWRro/ZnAJ7qelKcysTjRpOQ5TkKnjKSTn4a2ckg5jluUGig4),,,
dentaire-365::print,DENTAIRE 365,Print,DENTAIRE 365.png (https://v5.airtableusercontent.com/v3/u/51/51/1773835200000/X2kdrOmicyrnSAGV06uHxg/P0MdRdpUywa__QnB78v07p7VWiOVBRa9SKpyfMufVTGCmKqc-RQb0D7SGNZUOSa2-W8WMQXFjRW7rd8fzNX179wwuMVVeDF1xh3V5j71mn4oGR4SCViC5s_WgQs9Pb1vptf9_uyxalRG_VPYJLmolS9U_inpYMk1qcZiHnCHO9E/r95rpiRxwCBVyY_vPbvAQ3Uxyye-tt4kLlDMONcQ_zA),,,
dentaire-365-orthodontie::print,DENTAIRE 365 ORTHODONTIE,Print,,,,
dermato-mag::print,DERMATO MAG,Print,Dermato Mag.png (https://v5.airtableusercontent.com/v3/u/51/51/1773835200000/C8E-sEMwJZcVd7wGsdw26w/U-QF5EtYAXuHEDQMR7XAxaWRLTkiroXW3LUYVSsWJz6KvCK1AGB75IpO6G2UOBOmSn2yZrlCLS6WGtZD6xdlOedk-fRhUKzx5G-jiNnwqmFpv5hy0-ezT7SAOcnqvq_1EoXAICH_JpKyG9CURKmU8_zWtrP2T6DGgn0akRTRVUk/h9mevohKvWFFzURxyho_rQQKCkiKsqqJhiIniAiwzEY),,,
dermatologie-pratique::print,DERMATOLOGIE PRATIQUE,Print,Dermatologie pratique.png (https://v5.airtableusercontent.com/v3/u/51/51/1773835200000/gsiLpCWXzHFjNS6aaptmzA/oe4EVClnddeomMSkkrsiiGpp5UUCYj1-pmbgk9I9gGHXMuudioGPRB2iC7zH74a0wVWUY-PHl_PYEUc3Es-qkr4D4g1pU-8NHo5UErABaNQSnCdO8_EY-xoxgbJeYHVNSLRCFTUL7fs5gAudAowYopMoIYwNcUJuiD02UJH2htQ/Jm-lTD6amM08DI7XBpUpJ77Uk_AQllIY2U5Fcm-a9nc),,,
destination-climat::print,DESTINATION CLIMAT,Print,Destination climat.png (https://v5.airtableusercontent.com/v3/u/51/51/1773835200000/aheqhJJSOHvO0t-JGjH-0g/ZijMxKLc5qW1EBnMOPqzmAQ6n3KzGKiTS2RzSSwMnG44ejY3_KgyNfp8uXYdA6Tn5BH5ltbs3u02A0uraoPyr2ntGs3QPq6ochVFA_9SDyzUAHVyHUTJi5Oti7lkdZ9N8e-hREhKe7L59iUUJ6IDpAjSO7lqjS5Z9TV4A4uGGrY/q0tFkgVmMZhWfQYwDzLfVGudecdDaXhDmBc5DO7mB1k),,,
diabete-et-obesite::print,DIABETE ET OBESITE,Print,Diabète & Obésité.png (https://v5.airtableusercontent.com/v3/u/51/51/1773835200000/bbWuapT2IxLO_G2o3aihHQ/3M-zmpEnIoU8zfli27L3Xd73y5qZqiPYs6adJGC5jVv9LCH-Yvvj7wSaNwH9ovua_tBTKmYWKjmdLoxhYc4BvE3Oxi8KseBwEiTNXHBMgvp87eWyUWAkmhigOqBJA1Cb_v4cejvodRsdqNrtszi9MY_EH_J-ElbNwaT7lyKs0E4/gpw5UObi9hqzkFuT8IZZcZMcYN2_FJvbhyziIxtG2so),,,
diabetologie-pratique::print,DIABETOLOGIE PRATIQUE,Print,Diabétologie Pratique.png (https://v5.airtableusercontent.com/v3/u/51/51/1773835200000/fujnxhfaQvYCZX08Hzplmg/Bq1ZSp1cPpBPWVA9rW2v5jZX3-dSHsqBvgpE5YWBMVSmx0Mlup-Lxi8zzKWeGQh0gGhVoBrOlRtg2BJIJwcV7bDYHyFa-5d8X58a_ZvyAzXDb-67BpzgpCDN8cWMsefGZPc2kMO7hP9uwSIgRHwBcCbJbQmre06ttj9D4KPDhRo/FQhQiv_XJd_q7243fwBIGo_z2PaLadYmQTcd9aoVb_Y),,,
direction::print,DIRECTION,Print,Direction.png (https://v5.airtableusercontent.com/v3/u/51/51/1773835200000/IH0TAnezWfmFs1aJnLJsHA/6sekGkbzQGi8sg4_pF8NcEnk8151DusUmF-lBXqfyP-8KrAxKGIkfG0MowPAh0z9nPkfi0aoerKQIiGJqh-cuhbT5LlpHPzORWFdhwI9g9M58wbwP4DNqJVJU37kbY6zRjiqq2z9iBiS-gWx5Y7dVjXDf0s91yclQhMfZYMxI78/45740cv-HvVonwyr3SMcSic6Svbi87kfkNXBKNYZMTc),,,
direction-s::print,DIRECTION(S),Print,Direction(s).png (https://v5.airtableusercontent.com/v3/u/51/51/1773835200000/AorjbWZaC775y_3sE8H_1g/qI__IV2SRFAjmgTToWW7r5NLZt4t0I-pJUEDRdxrP-v7HolPQ4LNImZJ6a1F3UImmLP-8kerX9NVYRvz0N41d3E9juvDN9AmvGT0__hRerFzUWgyC1rf64GQxh9CnPs544RKx_twa4elp7M8XMDjB-y4L6TAid8N1zdAbwTp_Kg/cEPC58nhKuxKDqU_NqIeKrge_n73KfXmenMRCy9YwKo),,,
droit-patrimoine::print,DROIT & PATRIMOINE,Print,Droit&Patrimoine.png (https://v5.airtableusercontent.com/v3/u/51/51/1773835200000/KubbKSWvY-Nz3CLduPvPNQ/BenagIRpKaouIdZByHmTyfldDZ4QIBtOMhQMVmZjcfxUlcujtA6MgFzhnC0P5i9my17WOtRrUmwHDMXw1XcuZRNpkKa6IeYcYQe_Omugl04rk55I95r3uQpfWMwqo54qsvRKcTzWMFPziMXz1Vzlf0ezXn9ElGuOrTKkE6_lkVk/tiA9lkNuOLcRVBZKL8XjqNSZyezAEOIB35M7a2lfZ8E),,,
droit-de-la-famille::print,DROIT DE LA FAMILLE,Print,droit de la famille.png (https://v5.airtableusercontent.com/v3/u/51/51/1773835200000/OvP4tQ_MTWZ9FlpEAxxvvA/QUltd93meHneGNQxKBYDpLw2XvNRuneEB5VkwHJ7I-4butXqpn8iAGZj772JKcyPdehPU6-LsdMXbX3YryysjH2SPLDJaqfRXSL9ZQeCK85GbCJ04M_lEMbMeJ32rJXl0gc2J2XEv16fJmKX33wjGZUW4fwbSg1OeneSDnwmszs/ODLk5BvL5Q-sO1nno-q9Jdpnurl9Qei9NeQgv0fLlzk),,,
droit-penal::print,DROIT PENAL,Print,droit pénal.png (https://v5.airtableusercontent.com/v3/u/51/51/1773835200000/tdMJ8prwllmSCpSS0-gSzA/pM-j_dXPpvgQ74EhhJtdHzikyJEmOO432mmzYieLNMJcbrOblrH6ZVfS__WGe3lil3Ruvde1hVi9hgBkBXISgO6DSyhcy589ukZip9iyyrX9VJEsZcnIb7JQaHX3tUz7ZBNPwaxfUPwP8dYirm-DaLp9Joa1j_hcThXxJ788KZg/fGU14W_QPKoAv86ACLrmTiFhWDaghoBxLvSSfCvCz5E),,,
dynamique-entrepreneuriale::print,DYNAMIQUE ENTREPRENEURIALE,Print,Dynamique Entrepreneuriale.png (https://v5.airtableusercontent.com/v3/u/51/51/1773835200000/Y-1jkWgterdpTzG5RH3EXg/b1w7XF-IZzhBq0ppHPzYCM_7PPgLstAFEG-phFWxt2mWjBI1JR8BvutO9bfjZ-c_b45wa2UuSNmfdAn3kozsjIFVEfI3JgZuFah3PqTmeKpwav3DYL_Uj86WUadPgDiB3bh57M7y9wc-Q_cvIHok-CU31fe0fMH7V4gAXTstYm7RWife3-OC4ta_4gh3mW5R/91CMZoRhQM70oOhvlb2SVsUKVWbpsAhSb6tn1ihBcH4),,,
eco-reseau::print,ECO RESEAU,Print,Eco Réseau.png (https://v5.airtableusercontent.com/v3/u/51/51/1773835200000/F5_7MSNIYmmb9wb182elqA/5K8tT139cO_GmtZINKkGp9Tss_DVknbInmNyWWwcWBMcFO_5flhcjSPSvnWI745vB0ViIUgVty9wl5V3PSuTfgi2spq4Jkge03kV4_mKxs7YhlEYJSfC7wB0lTSEE2hvoVirIEZ-h_vEhEMDzzuHEROQOCQ0yL2d6PgD6VFWFqA/4INCoLNQ1T0CgvgDsLed_Ad3sCAJphqR09OAyt04ogA),,,
ecommerce::print,ECOMMERCE,Print,ecommerce.jpg (https://v5.airtableusercontent.com/v3/u/51/51/1773835200000/FdggfT5daEwTB2G_ZmycbA/Mw4qskicj8Kyb_mgaTWKh_UfxA2uAUyZxAQ6fA10Z9PGbcAIp0XZXjZk6oAa9U_ULq5onwCLNw5CZUvOmC2c9_rFvRVFdK8O1J_b3BO5GHy0O1yHCNhh-qpyFmg0eqgGTDqGPxlOY4DG3s2WxIjaUzeMNodTaytbx7oTXpyK_KA/7QdkFSYHbujLIm81ZBzKiu7DBCHYvPdyQJJj-aNASNc),,,
educ-mag::print,EDUC'MAG,Print,,,,
egora::print,EGORA,Print,Egora.png (https://v5.airtableusercontent.com/v3/u/51/51/1773835200000/1VmmUqJY59MheJRn-5b7oA/83XofMcLoMPrpo4n4HChdn8w8vbbF3knpztp5Wd0lNvRkuUxS5hjR7XdpzkS5Xqy9OjSsrCyNuB3-mFh9zqx5ZyuqrXkJJvJgeGrzef2m6QBVxVNtmust-M09snVceaZxzL2x8AYcmt4R42CMXm5Fg/QjNOrDlT-9nmrxmRXVCgHmjhEuFKnbLp4onUdSmk5D4),,,
electricien::print,ELECTRICIEN +,Print,Electricien +.png (https://v5.airtableusercontent.com/v3/u/51/51/1773835200000/zW8GY8oHoQttOHwMbnnv_Q/zf8dAA5JAgbzSBi4mx1zKg-isW6otBMTHR23Qtjwc3Zro2SJU-HF3-u-9MU_ujyPr26f18Z3aDo3SU6DQsUj7tGQ-UaqqycXlGHKIZURl5pT1hZ__spy7j-7f6s4uu_XCXJN5TQ0aH7ZW84KE1SuXEx-jAk7Ra_bv5bCCj6lzKg/ZTQZz_4jQK0Qg5MIADLmV7-S1mmViG2OgeB8XZoAcNw),,,
electroniques::print,ELECTRONIQUES,Print,Electroniques.png (https://v5.airtableusercontent.com/v3/u/51/51/1773835200000/mj87fCh-o4TClhN1q_RvgA/1TWe6Duun3X0f8VJRRe5ITddtSizbN5k9aAzLuduzZD9Xo0iaJRnNoqOwcQZehnnNax8aEwhscIfSqowJwwV75-pTsg2VLnbJxNibF-NN612QUmmd4SRM03MOhV6CZ8aeKprUXjV3utqj4liFAAW0P_d2kpFHatOs8R7C-arwYE/ZVoH-_lPGFEUSzv2Y8m-6o1MWcnvxDgXou2BtOoLaO4),,,
emarketing::print,EMARKETING,Print,emarketing.png (https://v5.airtableusercontent.com/v3/u/51/51/1773835200000/K8xrpPulHzWi7rocYVlZrA/avxKzIAQnDALu_qiLYweMPuxK_DSywffWoignxyExHHA_ddL8kfyGubUZGntm1YXeAmm26wXCJD_AQndsaSH9M7WISr92gxFtEQr8kFOQ_nFMkRhfUJCNLqOKijEoXXk7zr43EoxhUGugDjmoLa3y9mm0vv2-0FxGlxJ2nC7xAQ/qGTFwfeTMvYXEvWxantOaUrAyZvWdQ9sTgJ6TwcKwVc),,,
energie-plus::print,ENERGIE PLUS,Print,Energie Plus.png (https://v5.airtableusercontent.com/v3/u/51/51/1773835200000/OW8QkbX6pUATl57ly6GAvQ/wNC3i2stSrmoYyPXaFI9vWEyeGMiUexqx15PBt18y8yReyldnSyoU9mCz9qWK4tEbdZnWD5CsnZCsGYEvxx0sF_9SDtkQOC1lf3JoHDXqAbCeoGR8iOv2XSz0MRPWuH5mFr0ag-Hsgd_sWrXSENF_xNfflVFtrZp8uOoV8yCia8/olNF0gg0D8fASm7A0oi00L6OJxkBaZAxEkhksTnRP3M),,,
entreprendre::print,ENTREPRENDRE,Print,Entreprendre.png (https://v5.airtableusercontent.com/v3/u/51/51/1773835200000/W74p2srE1FCQ42uYpaaOoQ/1xPRtgNnlHvhAKlrLWKgC4HQtaQkNDN1q9iia8UyFyirsU8otD1jxTfyQUeOCOaMrqy2Pg-9ByDopAP0vnhKvERlPJNO04akbirvPxR_jCHslwccpQwhvFQQNO4YfnWyIFFGwarrAlUJW0Z_hJ-WTBtPjIql_ZwhHD4kNDUNgeQ/e3m0xKpWQ459BBhli-i7f5YXdRNJwqB7duqESvkhHs0),,,
entrepreneurs-des-territoires::print,ENTREPRENEURS DES TERRITOIRES,Print,entrepreneurs.jpg (https://v5.airtableusercontent.com/v3/u/51/51/1773835200000/WIJTSo5ov1-OpJoNFiE0UA/4ipobpgmOUg59Yg1bFdCN9rQ_EHz9s3tZrxvV4e2PoXzU5tNRM_UOx5yQoPjiwQRtc1CEYT8xlP2NkWlGbzcvMcK__WDBjg7k7ghHoFZIO6Hbs6Z29JFwsQj5OMUc0PLUb1DC8D7_bAt8r79sKxhwVeHQjK-kgz9f49Jb1vUHJQ/aXHf3m73TCjmXZomYHiFvDueuNQpR6r0oDjxaP5VWys),,,
entretien-textile::print,ENTRETIEN TEXTILE,Print,Entretien textile.png (https://v5.airtableusercontent.com/v3/u/51/51/1773835200000/EEWh2p09W0bTMBzrBj2_zg/thuAQM4wYNQMtG_vSU6mqb6ZEiEsBEtsqHDDELq06r91JMg5H1tuhe9fHtfK5hvDD32LL1jV16iw1_AR4TR0Jxx5kruVg_-lEigy_LZaC5JScO0D6NDl5mzpMUUWCot_9mCqUgIFG8e9WShJf-F7hNqY4dQYz6hHuWG_2B2zDbo/4_tTFNEkCe50gTjo0lkH-E8-x7RMa1qsoQMnnUeF6HU),,,
envies-nomades::print,ENVIES NOMADES,Print,envies nomades.png (https://v5.airtableusercontent.com/v3/u/51/51/1773835200000/iZRh33mWEPRMu4jz5OYVfw/h4DJi9k6dRDbC5GzOZeOE_VwBk_xxpcpMilhVwaXBoK80U0D9EfUB3xkAwlRAW8V1MfZLCitYWgGByK3NoSwK9-ZfNCai2UaRFdDUYPlisQBIgE2LJ4kq8E5KhDL39xBMCvnhoBaw59MtOVAPy260KSQTkF9ks6FhhskF9iJW3I/z_ZT4EXuxmSmCnnpCzD4414N42BQ-rIjEMGbGFrs62M),,,
environnement-et-risques-sante::print,ENVIRONNEMENT ET RISQUES SANTE,Print,,,,
environnement-magazine::print,ENVIRONNEMENT MAGAZINE,Print,Environnement Mag.png (https://v5.airtableusercontent.com/v3/u/51/51/1773835200000/AScNVfKTb-6qQnTG-HCMLA/8E2FOEY7AF_AAdVfWlGjPRHCwR418wNW3WZWSRX_LkSTTpHI5Aw9R6EyVma7uqHDltLutWj8WQE9p136_DiABNDIvaniEO-Gr_7P6xRIzSNDElCpeR6ILtFESdxbYsy-7U1y95lL9vIvPqZKC0C_lNmaWZdH7dg6c4FHoUbh9bQ/w_mOUYnFSdv6-oY9HBexSCIPiJV6qmsyYR5fG_Xy38w),,,
espace-public-paysage::print,ESPACE PUBLIC & PAYSAGE,Print,espaces pubic.png (https://v5.airtableusercontent.com/v3/u/51/51/1773835200000/TQBJ6TL4zm6cqveofyxnTg/U_ncShbzpsZ-o-ziYwANsuy8Uhef5qRLuIznN_xwqMt5xFGVB3UDEb2zOBQqeMYjiC6Dx0pVNm8rekz63yPHkfYmZXez-1FJY7WlmwMYwjyM3gv_WRf-PuA_2PeDbL4KhKTrRaFcXKi5O2nSw7fRTZj25MHsDlt1Ux9dEZOGssU/-Y1VQh5qyTbejVYYX7ic9PQvKnt2k4H4Q6jjZxpAw0E),,,
essor-de-la-gendarmerie-nationale::print,ESSOR DE LA GENDARMERIE NATIONALE,Print,Essor de la Gendarmerie Nationale.png (https://v5.airtableusercontent.com/v3/u/51/51/1773835200000/7piRtYUZtl8mjXBH8vPaJQ/clC1yqunzr7qXi1im86Ik7o42uEHyfN-KRgeNxkHBBhRDywXimfIbEIEC4nH4OJQAL2in-wn1AQvfWOu6TWRkMUiMAQmODLLuGD9nlu9qxKRA3MzeI15pNjz9d32QQZemW49X-mwQox_b-NVlUS3_xNPiVzEnWYRqHmSNjUKxZCPvv1416q7sg5Qj0RK7R_U/-mjYsyEsiB7MrYVVtdKAz9jfT6ZjfowgldCwR-1uHog),,,
estetica::print,ESTETICA,Print,Estetica.png (https://v5.airtableusercontent.com/v3/u/51/51/1773835200000/mJHohXKFW7m1Nl1IfGRfgg/nKjsdUU6byQSnlERS8lbt4bXgV52aWwAi3Lr7kQ_hDrtieFUCNHj_np6nFohWpRtEQ535TFQEL87fSO2gSJFT0YM2XdyX2Yd4oai5owOoNgRi45Ca_z5obYS9oX4tuRfAa0YH7-zigu_qrUKu9ppYC7mC9iD_BSstPDdkyXEcmU/AdkSGqo-lQaCZHUspV9c0Cj5A-N3CVvo1Ke88zaYgLU),,,
etancheite-info::print,ETANCHEITE.INFO,Print,Etanchéité.info.png (https://v5.airtableusercontent.com/v3/u/51/51/1773835200000/SDLhyqdqP8UwhJG16BUkBg/rLdixBjANdAjZOBbiQQFx1rNWAAyh02wgEwBwy7GmbYJt2Mfvs755KY9Dv8dW27RCpMFmIiNmCCIWavge3en449bfLpGE9Nbor0GAo8rQ0FAd7vWbXD6M-U7vKmbhpzPm_bhZY7YXfnmcy3L_xfkW6WVyxgo_44cWEvReUfMZFQ/Cj0FfBcWJKJ9Qax8sigHIh3KVusqfjgHBec6zlt46Eg),,,
europe-parlementaire::print,EUROPE PARLEMENTAIRE,Print,,,,
exe::print,EXE,Print,Exe.png (https://v5.airtableusercontent.com/v3/u/51/51/1773835200000/EBY7NdBgSCYhJ1cIsDuhHw/LVGEDp5yXiFP_tl897tzE12xQ-W7rCuJXaTvnhN0oVYedY8tbK36vKowODXRnKhILkhR6tEM43BAI5Ed4ZQjGScaqzXQ8FpQLddULnCrhL2IsMvHBdJxdkoWX37RVCLULsSbL_saM_6KXWGP41lTHQ/WOF5dOJM3ymUaLWUC7uak9RXlWVnc_F7nyiIlA7Lmmo),,,
expression-cosmetique::print,EXPRESSION COSMETIQUE,Print,Expression Cosmétique.png (https://v5.airtableusercontent.com/v3/u/51/51/1773835200000/e8vCm9khWsUFiSJXX0Sbsw/CEjfjlGYJx2AfpI5VXfVFY2lnLYm3Zs5ULQvYSDqr7trGH0JQxX5nFcK_EKNGCZaqdjh4VLQYBDALqA3Y0pGjT0v8cSrsdSFj62OdHWjMt_P96nCTsnovBAXqCJrYiA8HQSgr6__mYVCb0gELjW1Yc0r0kM1fmwUnXS4d8Z8aIk/qzH59r7KWBCQ54_lLeln1q3Mz9qYJunpcHInaD-tSZk),,,
expressions-pharma::print,EXPRESSIONS PHARMA,Print,PHARMA.png (https://v5.airtableusercontent.com/v3/u/51/51/1773835200000/sLxWV_TCSwWOkuy8RtG5uw/SWjDqYqrtfX2s8-Hr-2I2hT9VCQ3hY15DqE7eAMt_Xdit_M-_jVwl5C9zvYLNScOlogmv7zMZdRMyNM4dTE-b4-q5UH3uwJK67DaOIOL7fBvtFBlHw47rUUoqSWpJR5qGODAUjqM5HrGzqCZ2jwik8v4e04Qi3s1DK7zFygCasU/BNB3pZyTNjkmAgunzij5GDLiu8SxVRonM2A_pUSALwY),,,
fenetres-s-cours::print,FENETRES S/ COURS,Print,Fenêtre sur Cours.png (https://v5.airtableusercontent.com/v3/u/51/51/1773835200000/jhfgyIyJBEXXuWbxck_vKQ/wv0QHWm1KLoQAUCYsIQn4baAi1hG7nby3bTyluWf0WCbMWCUp-gE1LFbgZ40iV2qbNuqalIQTJsmSxSqjNnEh0WhYr0xazU_JY2Sdhwz8cex7Iau4aOQSDO9vJCvyZnVPr07686LRZubC0M4GOA0NtXCkFcDwUL-wt4U1dUB0Xk/z-ROiKwDz-NDQ0XhhLNM-Y-4YZvCY6UVZYJK3wE79eE),,,
filieres-avicoles::print,FILIERES AVICOLES,Print,filieres avi.jpg (https://v5.airtableusercontent.com/v3/u/51/51/1773835200000/1YRivwUOaRgwdBqOfhIwlQ/DTNwjfIMq8tcPh7h9GdGvtM2gwJtd4Fa4u0qyDNmM0eBsKCpJS5dN48SwQ8Lu3yv1WnSKPTKJAFY7A8bzwWHB1lj622sfivMHbwaNJ5CJFogi1F_bwEo7Q_VYdWRxBA1YPTQqFFF_nEecto5pQ9j6wTisBfPZrBc5J_gRc21YgM/DlRdbxax2gXJG4j9RNlcNbvRLKHwK43l4IFTiGN2o_k),,,
flottes-automobiles::print,FLOTTES AUTOMOBILES,Print,Flottes Automobiles.png (https://v5.airtableusercontent.com/v3/u/51/51/1773835200000/ir2lGAxlBAXxu0QxqcDBLg/GfE9uPj8CwGnRTcP5ZVXuj7zwPztTq-QYAohvNemDMlufiGdSZJDa2TCjo7HerYeerFhCarE3tCqrM6UtR8rCKiKoNJsLR1qyUWtQpuuKkzhmwwC9oSPqgUjmpA4Bm54gb0UrjMhVKKV9yayJlg0PyiXlRZSirAZtJYCiyjc5B8/bYIk7hVfBUD6DGvw-nK3H1ReShx0YlIbZF4UxbyTI0A),,,
fluides-et-transmissions::print,FLUIDES ET TRANSMISSIONS,Print,Fluides et Transmissions.png (https://v5.airtableusercontent.com/v3/u/51/51/1773835200000/F5shmgyBlVPFrjLxI_LO7A/LBBZ-JRDjeyfUDOedmoLc3OixED-6_KMqp83AE5wjs-vKwhmiQJ6roJPDaO3YCuJxyFjcgsWozAbyxMdzrsctCY7cwG29ukcBAmeLdms1YqyapnXk9TG_RiOanxYfBVdnf--M1eq8HGH3yBf0A2ecLuMHAe-2wkSh2I4ZKtFSGk2NlQg96vhWjNVUR_7eaXs/u13V_JGBqlOzXo6uRgHVEnXa6b-WDm7Ybl8S0RsXBd0),,,
france-pizza::print,FRANCE PIZZA,Print,France pizza.png (https://v5.airtableusercontent.com/v3/u/51/51/1773835200000/2eR9gwtOrYNesaq7JGk9Hg/nYuyjsmQ83mVARH6v9YBOEoUsc8koOKy0KFgLacr--xXAeD6HiGvP_g3xJq9i6wFf9NxZhjX6kDTGAq1CGSr1jNijgQwgmCqg2vlvg688_vZ2GbWPqISUFmIFw2ZI3-Cz2z4q7PZsRD3ZD5wYwYrMAMPpS8VUL2kJqf_wT-7Fyw/ZRbwpqvJWrlGUk3vPsg1oATzi86tVuuIo3EpiFsRVvo),,,
france-routes::print,FRANCE ROUTES,Print,France Routes.png (https://v5.airtableusercontent.com/v3/u/51/51/1773835200000/RVErVcU-AsI1MFyZV2gl1w/syDY3EXVvPoQiFwCBYKwgn2L4_FWIvnj32KbRYwQS7T5cjbpSjbMltVhng4kQo2YNOexaH2mccVQVQonehu7t6gSd32gXbOvA-GqQ5kLOku9Uu1SaOCrcLjQsuRAlh44EJTdSe1UWaPI647aF2FU8T4TKBNdxD4xCRAURIg998U/7cjIRe1vuaQvTunpJRrOAJjbtGVUoE9eB77qe9tMHAU),,,
froid-news::print,FROID NEWS,Print,Froid News.png (https://v5.airtableusercontent.com/v3/u/51/51/1773835200000/d2Wrs2Suv0-hED-w38BMUg/E-PXqgljp36gPKqFpyyGUA4l_8IYAxqAzSIVYVndxDR_YTKNfkjN6eX1-CQTw9Swc2xDI-o_xFW8VmFunZ2Wxr7nxSFq03MV6VJF8zgABXVM-vsQTB2XxJMRP2Dl2BP-9BomDI2Hq9aG6Rq_7UTM7LyEUHj3NqML421r2rYrq2A/sXinwNqM4dCuS3r0Lb9QptvYBpLENTgIcvNfcs6cBqk),,,
funds-magazine::print,FUNDS MAGAZINE,Print,Funds Magazine.png (https://v5.airtableusercontent.com/v3/u/51/51/1773835200000/rliThmc4iMy50wcbI2jZ6g/EyloBNMmq5ArC88LeMydsi0AkunQ4i38rraRBamCOvUSF-eMmErEyJCUZzBl-TAJQfUCuheVGoeI07bp12lcKmE0bc3ztBq5ZWr6ZVuq65jSVGi-fSPN-0YXUZLFaRr0COKjLAXbwxUSYtHziqsZ08qhECW4pr-bWw474MKCztQ/Oz8d2cpdR7KKjq8TpmRSSdItCMCaweMOY2TiI4vdFak),,,
funeraire-magazine::print,FUNERAIRE MAGAZINE,Print,Funéraire magazine.png (https://v5.airtableusercontent.com/v3/u/51/51/1773835200000/gouUYIl5Owu2xR-y7Fu5ew/KbobJ59wlREl8tE3A0SoyBxP0WARPIBM2WxfV_jQHz41pu-LIXBiHhjoHggkFAixlUDE6MprS6UEDTfo89bB_gYVvCkcZ7N5SWHZzPTG5zynu6Zu6eRHCQcSDhhwYOC1E6j7AyPuWqt1LUvVliQRfUXrTVMYEJnsD3VaA8J3Rew/Me29Y_qTVecwG8FcWZ08C-4Cd11DuAfI9Ky6u7-ckGk),,,
genie-climatique::print,GENIE CLIMATIQUE,Print,Génie climatique.png (https://v5.airtableusercontent.com/v3/u/51/51/1773835200000/K78GphIq49fvltB2bZe64A/qyTeYLiHFbTJS1zuuOXSN1iImm_H5D5-hKWqsvDKBW21j1vcG37srRIT2mqw1V-KpzSieKuriu75aUoBYtA7Azk_lU7GbsY_0IDuPvbkpFsyizCvGME2h0_BSFyTVXKAQRcwbZmXQq4_7ca3ZidK7b4SafGjPjwZBuM1NstlFos/dhOY6A3nIlJC7mKn7vioOAHEnOzYkQzeOOdKkWhVVgY),,,
geriatrie-et-psychologie-neuropsychiatrie-du-vieillissement::print,GERIATRIE ET PSYCHOLOGIE NEUROPSYCHIATRIE DU VIEILLISSEMENT,Print,,,,
geroscopie::print,GEROSCOPIE,Print,GEROSCOPIE.png (https://v5.airtableusercontent.com/v3/u/51/51/1773835200000/wl9vts1S4ywEjrBysl7xkg/qSxF_3x_t3w0gYYd7pdW1MTUK2BHCAwaBFKHtkFH1NywMYpKEkoYQM9bilnI96Uc6rbho2setGI-6ZNfUOGulVEc_KN57ZpxSLqm9vNREDl1RmiLSQVElknC-2skwyN28tfJwzl4az5KjeqCklttukXssC2MNeAWer0LJFD1CWA/DoJkMYOfVqp4Of8l3F0GyPC0MiLoR2VEwqBPPPa_vYM),,,
gestion-de-fortune::print,GESTION DE FORTUNE,Print,Gestion de fortune.png (https://v5.airtableusercontent.com/v3/u/51/51/1773835200000/ueJenZMPpfeu5b8D13xYJA/aQkYgoYm66Aa83Sq-yrko8IUU084QfIsNiid7ALv6HcLUQFleRHDeGmz6QE1RPQNh_7hivKyMOYDYHg2aijcztvQV-xXwrfzRWqCeEra29aPf1d0vRbswtccvtvz-lmsvg9E-a2aPH2dSiimog_4jW_oUxcTgGsYZuEJ9IoN1d4/3D5Y-FYqDACtJlWdk1Jk0b0tv77dl5t9LqVpUzHCv8U),,,
gestions-hospitalieres::print,GESTIONS HOSPITALIERES,Print,Gestions Hospitalières.png (https://v5.airtableusercontent.com/v3/u/51/51/1773835200000/FC7g1uZRusaU4YSULLzAtw/oiszh8c13BHtwKmgPExnzB-HIqaC3nEryznKxz1aOJxvFOq9WdbwkilpmGW5LAf9fNCPF4IzbkJADv4xSqe6KpHD3xhUbcQFiE5db0nOkF7yBdJUQsHv-g-U-IqVOnag8Sm1XnL7rVht-jwwPXmizeT42fdYAPgixH6C_zSci8s/EilbgeP2HcRMRxuoRKDaVDr5DCp6SeQUqje_DQFSLVE),,,
grandes-cuisines::print,GRANDES CUISINES,Print,Grandes cuisines.png (https://v5.airtableusercontent.com/v3/u/51/51/1773835200000/-CoW78ulgAEpyRjuyCtU4w/WYXiAS3NrL-aAWP-9vdzB4zUKr2EnTCtatiEPnb8pSpnloDmOVECP2_xoPldg_ajEE-UIBsGcaOmwU48O9ck5FeTlrAh9ZcnTeJhbMEIRz4-yy-a8gwBE8KkE96twu4NTrqOTjUPgwMSygBy1w-mfWhlR5jOrMooJ_gLWMPcXTs/7mi9Hj_wqQtjBIjbGACsmuud2K4ic1tL8VoM-qqjsbk),,,
green-innovation::print,GREEN INNOVATION,Print,Green Innovation.png (https://v5.airtableusercontent.com/v3/u/51/51/1773835200000/At98hAVSmVshF4m_4k58Ug/CNFOfdoQ59EDZHM5_Q0ryH3JiTJyFPJDyulagW7suYHs2eAtapxuXG7rrZtQRNhwd3SmDN78hCf3xVZHuvSHaMC0LYiTTj5i8Ib-IhST4Ct1H_B3Pk4nzN-8tW-TdBUDluA02XkgMQPjIQT3PpINCMVh21HHlTmx_9jwRwtKItk/z-g6BHAyqxrlggYAtJTnib1a63rnurPMtc4HHG9YEi0),,,
green-touch::print,GREEN TOUCH,Print,,,,
gynecologie-obstetrique-pratique::print,GYNECOLOGIE OBSTETRIQUE PRATIQUE,Print,GYNECOLOGIE OBSTETRIQUE PRATIQUE.png (https://v5.airtableusercontent.com/v3/u/51/51/1773835200000/vKuctQt6woJjC6SmF_Xk2A/pFrkDkMOkVo_gsD83TzUrzjzadxNgOpjx5C39pl05w1-8snVXAuwlkBYdGpgaB0Plr2Ditvn4ZIyI207-en_S5WQ5CAi_h0MIb7ZYbw4CiBfCExcvwEsF3lvR2Qnn5a_UdV8vD7VXu68heYVAlx43xdyIcTdufddB_4ZO9JXyUX81-8CyU27jY2kM3Px3-W1/KsaxhOf_-Aav8Nq_8UEduSD4aUDQWA-WjJFPKp_rWhs),,,
hematologie::print,HEMATOLOGIE,Print,hematologie.png (https://v5.airtableusercontent.com/v3/u/51/51/1773835200000/xd6-4XsVyTdLbGgx4cnnkQ/1Sqp8W6NNX5UqdSkYHzSHzgR7Vlx3I6_erh5295Jtc5-7APe7_W_TRzJ_Hkhw32nfA_mko2BZjIYcggOs2uKZoprdMyGou3KhG-eeSzIb1_YpNnqxtNxvKwbFF8IgNeNZCWk2MyiqjzAcHqSeo53IaAeAKDo8VAK_BG8jvLmz9M/4eW3F_93kSq1w2y6Qi4jIQ3VuXhsXPEa5gnSB3vftUU),,,
hepato-gastro-et-oncologie-digestive::print,HEPATO GASTRO ET ONCOLOGIE DIGESTIVE,Print,Hepato Gastro et Oncologie Digestive.png (https://v5.airtableusercontent.com/v3/u/51/51/1773835200000/gN2WVA6G5ih30P9aKU2m2A/d8MWtXCUeyE72hut_OEMOJW7-q9XFRchZplwiNojTtmNQI8Q8ZGfOZXTkCpk56oYLbB0LGO8lnV6XZAkXE6KZR2hRHqqRVwADgf-38y-EVVG9LAnmrm469NUPgWARjf5LMTP-zCieT8GSR1S38nzaZ7I5yffEWQDsHW0OzoIoF2IVaPHX-w6hpn-z1vOFU1s/8hkq3L-mOujiwxnjgyqueK4Pv38vYXGduuGjwzyTa5E),,,
honore-le-mag::print,HONORE LE MAG,Print,Honoré le Mag.png (https://v5.airtableusercontent.com/v3/u/51/51/1773835200000/tDDevqPJAxvoJfmPhk_XIA/BhYUVRnEy4JhQvOoAh8jo8BnmigADRQozMfaiUVx9YqkRN2_Ribf7tkt4DyjEtCRXYRtKAI47vEKzINXCp3YIgkEq5ipx7BYD9Iehbqs6yB90qC1jZCSHzjoa9UtvLg1uFxTuF6pAFTMAIxHGNUz2q8YsFbpJLELiPy3Pm-5TbI/nYZ-zoAJPewG0lFn6r8eEPBUxbRdO9pAMg4PKrNawdw),,,
hospitality-on::print,HOSPITALITY ON,Print,Hospitality On.png (https://v5.airtableusercontent.com/v3/u/51/51/1773835200000/0NQ6vRr87lKZzMw8eheZWw/XuTaxRL5Tk_NxYIYg5d10_cPqA_lKwAkDYoXJYMA9nJYmFY-gwuhiDaMtSleeLmYz1LnM2Mg9dpAdi8tQoAp_cuyThYvJiFFfRwugHK1N_Tt9r5qzY9aT6f8JnGlu_A2Z9rH5aed9FOt-4gHDadQ5j4Uf7htDnxKZn6D5VsZTkU/eAnSKkThFHG5_pdbNVYqLFyp5_p-70WGwjMkX7ZF_l0),,,
hydrogenium::print,HYDROGENIUM,Print,Hydrogenium.png (https://v5.airtableusercontent.com/v3/u/51/51/1773835200000/b_X6gyF8S5QohDfAsiJjVQ/UaWiB0qzQ3TGDfeowhBmmxCF7Al1kfGh_YSM6bV3B9icYCDgeMqGb0fatu1779g1KKb2_-3zpVk_gsGt_G5e-aWkbxv7OPITiG0NOi26YDM-O_8ZLKR3PLXvJELJBTUQMT-YY4R0JgAUoImElDGQl2-nr3ZqvdMj3QxchUXLa7w/gs2pdDQMmLWzabNMdfMJSq4Y98lt1hFo4ZbNCF3uJwc),,,
hydroplus::print,HYDROPLUS,Print,Hydroplus.png (https://v5.airtableusercontent.com/v3/u/51/51/1773835200000/PqgR8QLT4RZu_ZToD-Z1Kw/zxXLOjUjdaOMFTcpCNDjT4eiLy0fmlykkUHYeW9BURGAUztpfA-8Vk6DzqzBJXyIB2Xjq8uakv1XhyhRI0lmYMokGIAl-k1QHrjUEk6Uf6p3uIYi0XdZXxxD1-wUB1_AR5XAP5Goy7e9ml6bhRrUOotRHrB3ms9mQ-9pqLI2it0/QE_VEV5TAYGZ2HXtn7rrvD3WPFl3m-kAiyGJ76l5-e8),,,
images-en-dermatologie::print,IMAGES EN DERMATOLOGIE,Print,Images en Dermatologie.png (https://v5.airtableusercontent.com/v3/u/51/51/1773835200000/eNvIMpzNvnHE9UQwuBootw/cEOWYbWzfWMyT2wrLMg1cB8l8yOjISB1HNHZvbLkIannmD2syA0MJjhXJ0GqOKKLMnDvZL1LmREWhBrXm9pVgGg94Isfml9A81Q6wQhenYe3sVhvXXnPQ48pH5VVbr22-AsGA7fAhSM6qcB1wItAr069MPnDFmgpnIy8IMoh-Ys/DleJn7Loq-ifIOk1c19seIk0zlNbLHHrXbYeWL6j5mc),,,
images-en-ophtalmologie::print,IMAGES EN OPHTALMOLOGIE,Print,Images en Ophtalmologie.png (https://v5.airtableusercontent.com/v3/u/51/51/1773835200000/LXVdq0VD9fVtGIQlRLFFEA/JmhZ7oxjGZgXHhXk1eKZDTrrUjsyN25j8lgM6X74KRbXf6YCqfUMDfVRKCa3Dvt04cPAI6pW9W4TqEvpQe58wMXvpgLkOjY01TYCUVBztSn28KBL4dqR88DMVKFfiP7vAaro3DSTktbrQpYFAxcs-aYyykb-b0gPV5dJ_zWZ45c/rM72OMy8D-24PKxZSzQh80P6hvQt81e_SjuXO2MXGcE),,,
industries-cosmetiques::print,INDUSTRIES COSMETIQUES,Print,Industries Cosmétiques.png (https://v5.airtableusercontent.com/v3/u/51/51/1773835200000/mWO0le_0FyjMOpqXvoQ-pQ/tacX9yBYUhD4gwOHlc-UWgOewvnVZxUNuEsjSrxfMcwoR7rHzrZZkXLAQ2XOyyJqKGlgjbfhsBzh3tCuf7r6arekiOUzHyEmehnPimFzedi2xGbTrMY5-9J-0g4fETnoA4KZCLyCavImYn2AM12NkIVWFcBMEJC_Pewwd1oZ-Yw/kY6vIyYBAaDZTJko7qHquVP9Sh1KHwWg7b79YC3Kd5M),,,
inffo-formation::print,INFFO FORMATION,Print,,,,
info-cyber-risques::print,INFO CYBER RISQUES,Print,Info Cyber Risque.png (https://v5.airtableusercontent.com/v3/u/51/51/1773835200000/OfJV3H-CjJmOByLQ2x_Uww/fYVwWCER1ZXGVqmZ-JFprywEK1aKvsbc-uDjf0uioFjnhHALg0qRuJtTMEkplQgwhn3uEJ9jZWirMibksf7vyT4NbwWNTKy4KO8D9iPZwShL2O7ymd5aoZxu8W936BJ_Aaw-elN3M8PRdAtbTD1szUcNStJ0jty9nHRYORoYSmU/GQbcvDi0lEBeaXmx6YpcjJaOtIpVViw8k-P5dFvJnEY),,,
infoburomag::print,INFOBUROMAG,Print,Infoburomag.png (https://v5.airtableusercontent.com/v3/u/51/51/1773835200000/j-dFRG5PxH4V92wuFew5VA/I6RGELrK66v0FmtsEQC5bk_NdjHKreR2JM6c03zDHvEZ0RSGR-vmHtsa1c_tNoZoVnjBRykCT1bO8WUtLQZZfK0xk1bSo-y3yfDLW0wqCl2Ra6QiT59FJ0BZWSbZjPYRhZ2GlvEwRkq-bKDxk6TlLVeRTOj0GbqDcXSys3vDBSk/jdMVqzfMtXBCs7akCTxFJ6MB7eWYmSTk2fAMvl55_Pg),,,
innovation-et-therapeutiques-en-oncologie::print,INNOVATION ET THERAPEUTIQUES EN ONCOLOGIE,Print,Innovation et Thérapeutiques en Oncologie.png (https://v5.airtableusercontent.com/v3/u/51/51/1773835200000/yjHWuS0niK3hTG9nAFc3fQ/MD0dPLSV-Q4wBcwLjjrcffFSPvpRbNm0b5yez5MLCO9V0_rVXLVh4tFEGA8HvQfqMKiAmarGFJtCWJYS6XvSUCw2pPjm0jdPYSi-r0W0oGlIEIFQF9RrcbT_8_UHTLfhFzkajF2QawzAZwiorcnSxoPMhIsOmKqdUlhRPa_0t8TRAOhhVEdCPZaBWgb8-Lth/MyIoj99zPM-4B7flPQqUudnjmNW6Yc1t_6k_fpbomT0),,,
intramuros::print,INTRAMUROS,Print,Intramuros.png (https://v5.airtableusercontent.com/v3/u/51/51/1773835200000/tB-5rLShUGgFDjAVzmpbvA/CvkJdq929l4JPDrKVRHol5wiy8Puwb0Aaq8cFUglg2VL-RzcOFc3yvDr7xJx3E5afAftenkt2qCbqH0n0HHiQy6bxtJUTeTN6fcJ0pjA6IHIfwf4PDRBDdmIC7VJkw_QJ4rIW9N95cPbkHNvuYweSpgpl8eaEW9Cmf7bqmMqOQY/cOPCDpxy8KIH-MyLH51uSYOgLMxhy1amKJyBFIRAMvY),,,
investissement-conseils::print,INVESTISSEMENT CONSEILS,Print,Investissement Conseils.png (https://v5.airtableusercontent.com/v3/u/51/51/1773835200000/_hFc_-49S4oOFcdw9HGj5g/KhMCFdowAfVNXAA-vnskOSFnxSmKAfdNtZp-xFS-EooCoIyi0K2YbY_NCGegxhs_Uq9nuhJ0d8THJ4uoqjqH_YgzzBQQ1_mihheK1gzqMB3_llAJmS8TR-m1vTM4pR1qRjvU1_5omCF9tS5mL1rqCNGwO6lTWYwcgLoZBip0LPMpeCKp5mgljmxWn3o967l0/D2h5Wnw-7e_DKRePrZkfCjsL_dKDblI3wZvjaznqBHc),,,
it-for-business::print,IT FOR BUSINESS,Print,IT for Business.jpg (https://v5.airtableusercontent.com/v3/u/51/51/1773835200000/8NxU9J3j0u8AH2Izg4o4Nw/u4mNcTdMl17CZ1ggTBVUtj6LSZnKFvNwPIZ15cOLpUX5NwprDwroQzrqupAbcpaaZMPKZNmzLN11WTf4rIszQj0DBknFnFBMZjZqXi3QjRxg-aGAXjeqJyscdsBhCC5PCxYJFVjUarevQfb3cC7XEARaprDIcuYoLBVaYdzW5Ts/zOvXbVUsztrXDyYL2UA7QzkSYljC85qoNC0kfvK2y7c),,,
j2r::print,J2R,Print,J2R.png (https://v5.airtableusercontent.com/v3/u/51/51/1773835200000/7DSOBPHQmdoHNloiCKIivg/7a0WMf65gvRWA4VDrt2hVJTpg-56TylZV2z7GC1MW4wAFGQ12IMZA0SFLtNUd-NHzDSS3267lKfdVtWmHnXWznqGNhsmK4j5M8xGdSd4wQG49CSrYV8AwkSAzRf33L7SU_X4Q49QNFogWs-b_FPw1A/8-I0VJxTkcWoW4ukkwdkoC9Nbt6hvc0HYeP-g8H76P0),,,
j3e::print,J3E,Print,J3E.png (https://v5.airtableusercontent.com/v3/u/51/51/1773835200000/EOdZT7YEgKfqBTrzb5LjJQ/Dmg_f-OXv-TtRWAUfF0oJ4-H-zrilf2Q9gqd1x0LecsIiYwl-FBfKh60RjrsZopETSgN-mDIcTXg99cmgXZPAiWKDnFyxwiaufodyx54iDP5ZVsV4y11vnZQEGaum5wA7UCYQQ1_DnHHklG0TS56Rg/NdyBM6Q-urJjLXN3Y4h3yFfILK1gXWxTUFxPv2gnAEI),,,
jautomatise::print,JAUTOMATISE,Print,Jautomatise.png (https://v5.airtableusercontent.com/v3/u/51/51/1773835200000/EwZcjBH3H--kMFtri8NQ1g/d94HS5ZCiNwkZ6bTg6T6iXIN4yCD5x84WH7WOTTfaHY_ygtAvYonGlNbvJyg_7svvfeWWEsm1a_usCjhruMVVy8yQAs69hchKO05stxvdpgnginE55J4nJ-Juitf9z2f3Ayu6w4O8S0l7Ypchh5SWn3iWlf0lgxdg2XHsfgdod4/a3YgeHNdLM1NECaUGwH6CbSwe9Fx6wXdlEZ0C-etjc0),,,
journal-d-imagerie-diagnostique::print,JOURNAL D'IMAGERIE DIAGNOSTIQUE,Print,Journal d’Imagerie.png (https://v5.airtableusercontent.com/v3/u/51/51/1773835200000/va7ZBPh7olmcxos4NZCIJg/w0q3U46SSVdaSJoj_YN082JmNeod8V32bcluRNOGIAx05d2eAhReDD1BpDasd_jxHNciDN9oxdZPTWve9yg4iP6u6oAxKwD9QsSKHceGQMgrT9PN64O7tLyYyd0trBSRf-s-5pbwSqZhRcwyHSC3R9EPltfxWm7Ugo2v1sfIIKg/bzQIDS2Gkapjogz5WFB4kjVubM3wJqVkXhkUztzA7TE),,,
journal-de-chirurgie-viscerale::print,JOURNAL DE CHIRURGIE VISCERALE,Print,JOURNAL DE CHIRURGIE VISCERALE.png (https://v5.airtableusercontent.com/v3/u/51/51/1773835200000/D8PGDciWXQBkGhqJY9vNfQ/gTZOcAssZRZ7Yl4DHIm0OonsWvM5fKlcy7ibmBR6vw7T7tCyoZJ0woJqpPw1CUQfIHaVdeR_O2Pj6XydCCI-aAIcFd9KkBmYBhB_ZBe_AaMKLxHmj1guyx0gQCktu8G4_Q17ltYK1ZXAMCiALzT53MgYDi79honSBkA-4P6fcFNuyyk0MXhd35PyXwcWD62k/a23JTpLTVMTt_szzPY9UnEwlB41USA3T_K5lifrAvdM),,,
journal-de-l-assemblee-de-liaison::print,JOURNAL DE L'ASSEMBLEE DE LIAISON,Print,Journal de l’Assemblée de Liaison.png (https://v5.airtableusercontent.com/v3/u/51/51/1773835200000/iOar8pr8Sv4O2DLAxcAYsQ/f2RsYW7KssrMEGHILJzXQAZ1YHhKLbZiYhL8mMie3Ueg_TQRnSLBq41USkkMmZYqzjFaCzgg7Xur8hyGYYhsrzZpG8zOzWAiL7MvlC3E9BPAs7lxIqzmZWTZOj8xbp2gerFnUaqzOnuKxHKzAjHhx3UkIw5ayzAO60u1YmViEE12NpBzn5wCcXu2mmt48Xl8/MuKjjZoxdkD5kIs_LDqXFZyP1FCGLwP9j44ZzAKA8Rs),,,
journal-de-pharmacie-clinique::print,JOURNAL DE PHARMACIE CLINIQUE,Print,pharmacie clinique.png (https://v5.airtableusercontent.com/v3/u/51/51/1773835200000/9izcdHcqcVJDjC5DNb-DnQ/7E5qK-Qy1gmMlqmtC5yASywuZXL3zXlBOky9Q7VVk8vaanVuv4qt-K9PUq0HDAdT-eGVzUBenFmuD03k4jIOZa0kpmZI_ktKaxvDy46GMR9HrQSz63kgPnqhebRhZ9h6SPd9NnxHMJ0I_jTMPsNExg95xPqNq-EUTwx8clOggMw/U2Un298CaZdpLPKwFx_tCUTOcTD4Dk_B1gjuXRILloA),,,
journal-des-communes::print,JOURNAL DES COMMUNES,Print,Journal des Communes.png (https://v5.airtableusercontent.com/v3/u/51/51/1773835200000/9vu3gZeB2YxnCwxL_DIXqg/72Un-W3aaZ1gRKCjNh2H8KMWhFcIFkHZPMohOmcxkTG5erCU5HmONswBw4SNaP0hksYN1nhE83Q3m47gv_AA59S1uPC3WzZV1isE5s2mVgr9znAIK0VerpUfP0hUiP78u27RqVxFPypFxWebaTPQZZSVmLmasp--fFaslT_KVLs/IEMgXGVGEepTNYG8-H8SIR8v1eJDcj8b2q6kiaClLFM),,,
journal-des-entreprises::print,JOURNAL DES ENTREPRISES,Print,Journal des Entreprises.png (https://v5.airtableusercontent.com/v3/u/51/51/1773835200000/lxoDO1Cr06NMaMrUrQhmxw/IWaEZcbsJxUN9LU8ntTzBNegE1sU4Rz4H6Ju4oLvhALMRx8QYrqLtCqo9fMuGePZFna60FRmeZ5eROMHobqwaBjBqm0W_1s0B-tRp10SeP2p5lgstqmRoEBUtIydDI-kKiaJB5fQy395wlcNM969nBwWE25KDff0cACWu8_m84Q/8AKIF7uU9pGhGL40ce3FBIYcIsRyoaEB7srlkI5rVt8),,,
journal-des-maires::print,JOURNAL DES MAIRES,Print,Journal des Maires.png (https://v5.airtableusercontent.com/v3/u/51/51/1773835200000/lq35w2zi8zOhgmpDUeORQA/F4LobVoDf48fIcV33lMRiZIzyU3JC4on7USVbro77hJXIFMpFvI2w9BKHkk4Y-xGFFDXdL2z3AwPif4-HQjcYDXgQd8y19whAORhUpNCmBJh0ZvmwP6TQ9swgjV5s-OHOu3de3e3y1Ji6EqELpwxQagaglktXFLOJMVuSufeVOA/TbQmMk1yaNZYQY431t0ULzsHKkVzA6vNuNV76_VLuxA),,,
journal-du-parlement::print,JOURNAL DU PARLEMENT,Print,Journal du Parlement.png (https://v5.airtableusercontent.com/v3/u/51/51/1773835200000/eYwS97qx1Tl_TFrkViMPLQ/zkBxVPQmoorbKnMHOwTdGZ-io3TXYaz_pq40tmfS1FwLlQfDM3rlXJBdYqjwtkrFazZ7-9BBCNGO-OaHtNVnVJC_i3FYjzQu6R7Z5hfyczrevHauKzF2gQLpxKQfnk1FeEUKvPVXL4rtmZhLA6A8m_B88Bqb4JUC6_f9emMiXb4/GK7esIzMdN5n--sINNG3sLQ-1cUAtu4fMS48kl2pvbQ),,,
journal-du-pneumatique::print,JOURNAL DU PNEUMATIQUE,Print,journal du pneumatique.png (https://v5.airtableusercontent.com/v3/u/51/51/1773835200000/bdVlpoZCzaRc7uz3X6udyw/QpywpifmYD59gRF7Zum3l7HrGbA7dH5y52kHwNZVGbtBGuw6NnsB7cVGmLjHjdElzP5DgkXYnEME6P6fI-htIqVgN5jjbMjN-kKg4pHDP2LYm1ENEb6JxPmlgboecyrPB0eWvyvKroLXaoRtyaUsc9AsMf4BXgy0BtIhk9510I8/RoJgld78QNkZhdMRsbVkYIc4p-flPQSNA1ABEuEt9zU),,,
journal-fran-ais-d-ophtalmologie::print,JOURNAL FRANÇAIS D'OPHTALMOLOGIE,Print,Journal Français d'Ophtalmologie.png (https://v5.airtableusercontent.com/v3/u/51/51/1773835200000/Qev4rrjZ_7dgt3KQnmO2Mg/APWfP0xu_-mt9UbUufETR2Tn6japViWM66VxRU_xbSwA0s4MwIZaecCgt3ajdbjJgQ7pe8uWzm_eWcMy89uWhBwAjw0ZCMSt9rqsvgh5pNTo3iUskoeI9CnKQ3GaEQKIouZjqTa8AxJzMPjKF_1KSJcTV6JrLqfe-BInYnWXfKsw_uXP-EoRSgl5AKLh56_F/wjGgQxyXwXliU4FHjSU6eCa-2lzBEqxfynGl6t03GrY),,,
journal-market::print,JOURNAL MARKET,Print,,,,
kine-actualite::print,KINE ACTUALITE,Print,KINE ACTUALITE.png (https://v5.airtableusercontent.com/v3/u/51/51/1773835200000/M-M0X1xnlzfGeDL83DigNg/NIRyOEF0oaaIvFl4B184BFmwLsoLRAmgrRdhQDYc2ib3MZMa3XnhEJ6IkLBAhHSgzU3ElBFlIPhEYMGebNz1QRJC1l-3_fxPx1wtwGIuUhjNYao01gYe-Lr_A2RXF7JhdBhcoru4s8ZApj2yMSRevMZ-eTWPPmyXi3jA4uEMuOA/OTokx03hZz2h1EjyahIExEOLotZom-paZ5zbG9Sq3fk),,,
kinesitherapie-la-revue::print,KINESITHERAPIE LA REVUE,Print,Kinésithérapie La Revue.png (https://v5.airtableusercontent.com/v3/u/51/51/1773835200000/r0ZhNtSAu0rlkoI4doKmRQ/Lvr4GAKLBSEJedNLVQ-p3GOAF7VHcKPlMVEM9GB35QBzluaFQ0CY8YbVyvfvR99TrKTGMAiPpsS4HXFZhu7umCILehXTwDjqAz-YQluTipk2rtsFLDIuHI0FBd4jIxFzZa9avg5d6pfA8oIRRssGDmo95c4B75t8Mo_tiH6inkc/bnKytn29EbfENkDygCEDJzqxKuARjutq4UkwLWCeprg),,,
kinesitherapie-scientifique::print,KINESITHERAPIE SCIENTIFIQUE,Print,KS Kinesithérapie scientifique.png (https://v5.airtableusercontent.com/v3/u/51/51/1773835200000/878QNGMy6_ki7eBeuEMTGQ/9zXPzfUFHZTWWjBKEu745l0K0CklBqWCAHnnhELIUorcaesYFYgXu8u31eZy9CUEiheQ6ZM58UfLz633yYZ91StNTCjJgKLvJDQcusCBfkAXHTvzBBzwOY2_Uv_BVkBX73Nh4_mZ46jBRhc9jQm7ysDt_9j1bpDREosjg6vOkoO5EBedA1KrfMXJF94VLepf/ZZh1K44YfGciqPoc9EDuPKPXluE397ZRAjYJe5DUtKI),,,
l-activite-immobiliere::print,L'ACTIVITE IMMOBILIERE,Print,ACTIVITE IMMOBILIERE.png (https://v5.airtableusercontent.com/v3/u/51/51/1773835200000/DTopeiCWyiGUI4tokrCeSw/TJE5aM5ssY4SyWuVupw9CJ7339E0lkT8j_07BaGhUHbhNfQ3zB_Iz6UTnjbaTDmRp27gcNxWcyi26_s3LZJ1fVXUAjuYRAbeUKFkV7DigZJiz8KMy2HN3YMWrPrCngSdHy7o7F3oGGXE-6lNK6Qk8--hsjHzq4wBakPSBUwhvMQ/O-moHCYKWTcknU1NipKBXWEdkE5dHxPTIws6sRvLWMM),,,
l-antenne::print,L'ANTENNE,Print,,,,
l-assmat::print,L'ASSMAT,Print,ASSMAT.png (https://v5.airtableusercontent.com/v3/u/51/51/1773835200000/s1ipQPxeDFlm2N9u2xKn0A/gD65kbruG8ctHAAmXvCHBPqKxenoMTQWvxKnZ31hXaCYDVKWMYr9BX8kCb-XPOZoQI7_KDGYNSPsiAGagvTxWHt7kQ78QVzBbre4CMcSHogXdQW2sYpBMPsjY5ziFWQxxSbl_7T0114fhZjQyZfF4FtRhJ9qACCTONUF33Ptc70/hpCB6HnfRZ2FYkVYFN-nc2nbhHeaccAILCKy4YitdNc),,,
l-autre-cuisine::print,L'AUTRE CUISINE,Print,Autre Cuisine.png (https://v5.airtableusercontent.com/v3/u/51/51/1773835200000/dlcYjZolb5x_1lKRwNidpA/rxhM5fX5QkJEN38onqsbExBlSErMOjeH6DIRl57UoSUBakUR1NXQAE7YfUBxOeTvPcVH7sb21EOgwZn9t706q7-wGw71Z2OMWCiKKhUyiFyrwvfAOxaXXQnO7ty_IQBn7KINiarIsFJMqPhPO6rOPU3wAUrGMkkpKtV0MSxHDGA/ohgZozJWmXOT9tkSbU2-tMJz5weB7UjUDfNh8579EL4),,,
l-auvergnat-de-paris::print,L'AUVERGNAT DE PARIS,Print,Auvergnat de Paris.png (https://v5.airtableusercontent.com/v3/u/51/51/1773835200000/48lI7vw2Mxn3VuejdeUDPw/F_CF7PMUA8oAlAuXLHo-EOZdQws6wZKHrpM3kOjhc08SHYYBgwQbkq0Kx18H_RBs8V863Dz-MMQUeltEm7IaOMudzlS4VozWKU-mw8o2iI0dj7qclhtckrumYPOYkzwK9bIla7N6mGMrFKtRbWSbjJoApiHDmBncI5MpHSXnTBs/6tzDniZN79nmCteF_2ARPGydbj7j3b5_YGw1XnY711M),,,
l-eclaireur-des-coiffeurs::print,L'ECLAIREUR DES COIFFEURS,Print,Eclaireur des coiffeurs.png (https://v5.airtableusercontent.com/v3/u/51/51/1773835200000/YcFztag1zg0ld43GhIzc8Q/ycezUCjkudZRByr05ISm0Q1O_oRbAi2O2OcAxUp5BV5xqRThyipNjP4LHt9_RmHOhZ7zgK8ddMwAQfNLTrpl_-ZlPbm5pmiOJaORw8KPd8790g3NSSje4wRqkxnKnEtVOmpZgTrlaF7QJwUXjjfHTr1wLAGIKqT136SYD9OTOKQ/DEOcxSo6e1LPu4dco-v6TmwFX_kO2FlVncQzQtz2T4A),,,
l-eleveur-lapin::print,L'ELEVEUR LAPIN,Print,,,,
l-enseignant::print,L'ENSEIGNANT,Print,Enseignant.png (https://v5.airtableusercontent.com/v3/u/51/51/1773835200000/TVNIlBV84x03bVyLTOJ_0w/KQZ6587MN8Zsm5qzHiJbcfo1Ghl6OXBIh47BezQeACgSeqltoRw1haQqpofibi5jYSwwDVsxUL5QPjSqzHw_FPjeTX-39cHON28FCC2jUc9qIeTpySJp0v81OfBVzEVSih075hQOpr6qHAH0aYZn38b9-1ROwdloGeHllYsU7G8/jQYtrW0WRERku5LRjG7c9LIOC7-BIBpiP9zibL6PMMA),,,
l-essentiel::print,L'ESSENTIEL,Print,essentiel - l'actualité vétérinaire autrement.png (https://v5.airtableusercontent.com/v3/u/51/51/1773835200000/IaP3aBQMtAqxVx4J6L908A/OQjQYdvlStghUuc3iPhz2cKgKoohiMSMyzjrSpWDP-D0y8iv9AGWWekr3Unymir7ZCrn5QOdfS3O2G41Tj8X_emKdf-SIYzqtId0YIQ7MkIjXgVUqpzy6lccm-Xry7UsdVN8wpZoximnFFDIhN5zF_J2haCvQ-q7y1dViZ62NO-GF7XA5zgQFAO1kbp3HaF4/ttobZlPi9W9cAv4gXvgQ81DMV8x3eR8B4qeKllWSXRE),,,
l-essentiel-de-l-optique::print,L'ESSENTIEL DE L'OPTIQUE,Print,Essentiel de l’Optique.png (https://v5.airtableusercontent.com/v3/u/51/51/1773835200000/OWEiGgYWnlxMe_xoYJMf7Q/M8poZ6rEN6iCmRScHxoG5oFqUSIXA7uuUmtIfziiL8iYh20bhTjZjkCnPei2QA0k0spN2OU66ObY8MrqWCu5Wi1LqaYDmYicJZXwQSrRv_W53Uh6GTBUu3CNyoIxMeC1mbYhrlGO__XaVTruoqIWlTPebKKIT3WmYNfAB1bVsoo/KB79X6XoK-cmoayjQYroEJstmptGV5Z17Q-yic_ZxIw),,,
l-hemicyle::print,L'HEMICYLE,Print,Hémicycle.png (https://v5.airtableusercontent.com/v3/u/51/51/1773835200000/5V_j1ysTtAB3Vco49jAPmQ/m0905-FAH4JSPrA9CT0IQXVNyLjvRQr2nb-Nm_oBhGNVDdHckAhOYT63iN__QrTzphXZSMNR7xP-5B9W21Bhrt14tGscr0N8-fHi2zcXMXMfD-1AgRbWYgVIaZCwAjwCvs6b3GH6SwGmHeb3O7BhMJ7NjSHcBs3OPxVmnY9j_R4/B90TdpsjkrdGo2z7lFa-vW6W_Cb4887dsuhQucaNR-4),,,
l-hotellerie-restauration::print,L'HOTELLERIE RESTAURATION ,Print,Hôtellerie Restauration Mag.png (https://v5.airtableusercontent.com/v3/u/51/51/1773835200000/lCEPDd-CP8k9nMWdraivkA/gaDuq_KkVMB0xnsQXdC3UrQPQgBdDOmWPooHjyUwk3Hv6xDAL7_rPlj8E-VcOqBkWmoyGBvs6s4_OwojCtc9qbeOhQ--EJQFDdTepf8jiUrRUJIGOcL6qWYRxvRNb_CnnSNjfrqLiMFqK1sJxLxodpXifOTXOHakzePhw7K4hb5Gt9TzTyshxjpx3O0rQ5c0/usaQQQheJGqcVXwJDRALsE0zFmzky5u_X0TfTFKxdRs),,,
l-industrie-hoteliere::print,L'INDUSTRIE HOTELIERE,Print,Industrie Hôtelière.png (https://v5.airtableusercontent.com/v3/u/51/51/1773835200000/Y4OZGkvsPkesdlzT1ujjXw/KbhEZ7X2zEmw6S6aX6MrFz5u8ICm39C6X489euL4Ebcm-2QzT_2xH741GKZtFgr4TlQwJDN7D4kymiuvnLb7aL4CkNYoy2BjtEt90Aq7A54S34ZlbqAcPh6ePE3rLiIopYqv1XKSdpFpHRLv1vE0iNuHWQairlLEgwi5a3ZkC9Y/tAHpRtC1n0yRZtOqPKAQFue3fVX2F9HIlXbZDgdoE9A),,,
l-infirmiere-magazine::print,L'INFIRMIERE MAGAZINE,Print,INFIRMIERE MAGAZINE.png (https://v5.airtableusercontent.com/v3/u/51/51/1773835200000/-IEiMV0qxnw-sXd1yC_JgA/ol2FAvjv7d4_HPqh9CRyd37jsRK_FplB5sOemXG53lFsPIAIoELiTzjgLcpA45Fy50ijYLRyfPgTaMMCxsQ3MhD0GqIwX-NQ567w-rUZAgIFqQ89Oufl69jCCtyhZBhqeRGEGLqev_QVKdx-22mLTkgAeyjLemLByk0PXCPhNT8/Kctl-j1cqYAlqbF2zG4Y9WgVcliRhn10vw8Lic07Wu0),,,
l-informaticien::print,L'INFORMATICIEN,Print,Informaticien.png (https://v5.airtableusercontent.com/v3/u/51/51/1773835200000/N6KLMPUmskmw1xY4w3oOGQ/2HITKUcnIDDAPHSunhxlERu-c9_uq_ATr5k6xbrT1b9s8PtgXCqwC4ZyAJfhXuff17qhtKRbWmwByXQ-0ZmXr__A7dCOKtwvLt75spOW0L2Lk4luySBevTxn2_p4rqXreULfqmUy7LvHWQivmTF9O0OKjIgIM2ETeWNXL54sZa0/j1dNFGS5NkflQ1up_cjksxzDZucqUaBN9UtphQfOze4),,,
l-information-dentaire::print,L'INFORMATION DENTAIRE,Print,INFORMATION DENTAIRE (L’).png (https://v5.airtableusercontent.com/v3/u/51/51/1773835200000/ZmBpYlvsohyPh7q4SUyPrw/rGBLJ2PTSECmPWcFZAEt0M11H3oqv0Bf2bRvjxXAjHB9LGCMNnN5z2xpmEnCTSM3MLmBGVseAPCFV2FS7ThUL8abW2YICNIBX-XRmUbwK2l4-LV50wv_Ll1OTotVOf1bb3uQoiDuJpJVLJRGsiaOZn20oMGf6xl2iARh7CIBjp0/nrk17lPAaPhYPrsZwA-PkGWvzH_8didb1OgTrCRVevU),,,
l-information-psychiatrique::print,L'INFORMATION PSYCHIATRIQUE,Print,INFORMATION PSYCHIATRIQUE.png (https://v5.airtableusercontent.com/v3/u/51/51/1773835200000/xBgoVCHq9TqiJEmEw3ELLg/lX6nL2mokqkQWEeupI_Tbnj4mgFYZiXYm_CxBgGA7k1-9xvBI576nv9RIl4Tpc1ncqbx_cRFG6miPkf0n2Zpk8AKXO8BRjPI4VqfRRvvtFWPrkqqRzx_HRoRN_tYuDkudya6mJt4KhcVK_xsixdUlNCNyKk2wZLyGQiVKMxp1CDnVEj5gZUIjkX-qIx6ZL3E/k8fwRn_PiKltePO52tZfbCN-ZAjAuA_qW1yETuYhVNk),,,
l-installateur::print,L'INSTALLATEUR,Print,Installateur.png (https://v5.airtableusercontent.com/v3/u/51/51/1773835200000/zywCy-wgqIFflS-hflm2Yw/tGdWlpZo7wW4hV3vWy8VCthwg6BmZKdggVlIbMtmYrlOCXd4uKc9oRAN1CrLrP3lTFyTb2XnqnfalNkQS83gz_L5taJNExv7D5Oc0h0tF2040yt6S7hA6m73Gd-WARE5XmVPYOsmEHM1emn6vWIv4A5EwW2dGE1I74iO50BLAjI/oV-vyfm-0QvlMD6nyBLjNJ4ZFmEdbmQYnrsnz4pLfSs),,,
l-officiel-des-cuisinistes::print,L'OFFICIEL DES CUISINISTES,Print,officiel cusinistes.jpg (https://v5.airtableusercontent.com/v3/u/51/51/1773835200000/7GQZl7LEJ714V8tL7WKk5A/AKP9qsnOtMH8Br2-4jnh0ZzZ0Wu5-de7c7w2uw5rIhAid9x1Y4B6g_N7pd2B5pB1K2r4PxutSJYuexeWlk9TWPnodXmBqEYrdoGzzAjYTUqyhiumgMDinRgY2TwJrLPOBHmeGIN9MsaiwP6w8HtFzr9FYo-l2FnYJShGfzPYWVQ/UjRdqtknEtkrrnmxn2Jh1WYXTR4ISGjQEnhHbwLtm5I),,,
l-officiel-des-terrains-de-camping::print,L'OFFICIEL DES TERRAINS DE CAMPING,Print,Officiel des terrains de camping.png (https://v5.airtableusercontent.com/v3/u/51/51/1773835200000/uhe-zphxcvMnvGCvvE35-A/TS0_FicbcLJVgdT8zq56QHOYCXAndDOlF6_aZXgaomMJ13md9hNlhnHBnDAoDUgwdADgt-HxzujbC3ayMz8bDHXFza0n0ucfhxBi8AiFfcq3C27J0DMOhktbFLAuvO6EpYOs6_PUmKPq1nhK1J_Aud5HvLmtgvlwccnjKRy7OGsfQswewQigYbm0Fg3DvgFo/ZK8pjHiSSyNV-l8KZhx4t6_WJtp3uw6fhur6BdeAfog),,,
l-officiel-des-transporteurs::print,L'OFFICIEL DES TRANSPORTEURS,Print,Officiel des Transporteurs.png (https://v5.airtableusercontent.com/v3/u/51/51/1773835200000/8-CwtbXE22uy6GS97zzkGA/U-E4fHqOqobDJSxVdRut4gkWZgGwseiOXybi_CQQztkJ0mSJfgeODzFPqlksHv8nJLQgql8aw5zvID0mQSy3hQb807387Zl6ZiNG8jL2pMOknemnssYHyhoslvBUS_H1pforXhuMmwHLspmV8XpVoZWdZApwSuMr3jmq2rN0XOQcd0RWXaPtDWEx4BMchtQL/8GqY3n52mSLVWKQRi9_P1hnu7zvBlrENpz1Z8WLnWIU),,,
l-opticien-lunetier::print,L'OPTICIEN LUNETIER,Print,Opticien Lunetier.png (https://v5.airtableusercontent.com/v3/u/51/51/1773835200000/YMQnfYMqAU2R1kK9k6c0vA/fRJSsB7s2iznAeuH348R1SG9BMUvUyToKRDXaHJ9M-V2V4GCUnaSI2xq2y5hxN8pAE8m7p151n5aT9xUS2s-U9GAkt3pnoTAoPs46fi1WCBmn20GUrnVGMM-eI0YOgM1xR_bvkWUkrEvHoFXCVsMgWCpfhShGu8t3hdb2-ge-Ho/PEysCo80RSVZNl4B8fSkpHimtd8g3BiBqqA87XctCEA),,,
l-ouie-magazine::print,L'OUIE MAGAZINE,Print,Ouie Magazine.png (https://v5.airtableusercontent.com/v3/u/51/51/1773835200000/PashnQ_f6OPNBOMg5mrdsw/pS2GPcubxzcrZhq1JQ5Fbiod_aR2T9m5YSI_GBZpCAeMxNpaTFovjpEHplHGn4TaoJSV3Dlink8ljwr3pVIiKOLDUtx31TUhUeAgvEXU-nblDCf0-ga1pH1oyJmK-AmipwOoGbSE0yahBNzETyDJrgisKffWcStajDTgKAg3SaI/MyxnLfyT5XAujs3EFQOSooQx4VU-OaIhT8B75HudGNE),,,
la-boucherie-francaise::print,LA BOUCHERIE FRANCAISE,Print,Boucherie Française.png (https://v5.airtableusercontent.com/v3/u/51/51/1773835200000/vUGuTp7nxovTrtVypAoSyA/yDss7j8EyFmCsOQMxGL3QzG0P-LKp5w-JV3iLlvpv_Kr0IkjGJk6zf1nMDUO4rtbDZQsRWuYQw8AF-SQc7DDwDNJWZnvpEt48q2vchPuL4CWjubRUWpz9aSgf_9UZHns9_oFBN9AnvZcQctdxRMxWo5_UWkA00zimVLjqBliI5Q/wNWuo_aviVI26gQ9rM5KgroZHjZyO0Vb-m5N2nNav9A),,,
la-classe::print,LA CLASSE,Print,CLASSE.png (https://v5.airtableusercontent.com/v3/u/51/51/1773835200000/fTycDUR_93BeQspZwKu40Q/Zn8O6o-oMiWJ4ETnArhYoOjjbzY9_sXbbdr9ar96Us_RH_poTfmavNsHYA_y90DE_w6b61IQBkj4ZfHEYA2sZgxkl3V1-iK01BxvRY_GAE_LyvV42wQWETvyMbGv_zHm55VF0u6CcFFdtJFMYE1DlJrpATuj1Z-lY3c-D9kIAxQ/-ERkdw8S_Ro0u7CPKqHrxWF87f6bHceQprGDMCQR9lE),,,
la-classe-maternelle::print,LA CLASSE MATERNELLE,Print,Classe maternelle.png (https://v5.airtableusercontent.com/v3/u/51/51/1773835200000/wvjTwvpVu8RVh--ffMMNgg/f79upbSglBGw4PstTLjyJfJymOgFT3nV3DIgiXrIuzBek3roH-9cTdyYYhlc3DMyajJ1Xa7vD73EEWWnrUSSdeCVU5PtZBPsmrOB6PJkMVQODOuA3YdGJfOqLgjZ3n2sK4P7kSw9pFfS3LIRQ5zna_6EvezfVYyN21cwZ2XduaM/4MTdAelfhr0X-3mjsqQ9tRAnS0jbL-CY8PaaA0QaknA),,,
la-cuisine-pro-la-rpf::print,LA CUISINE PRO (LA RPF),Print,Cuisine Pro.png (https://v5.airtableusercontent.com/v3/u/51/51/1773835200000/DMJpEYYh2ju-Bqz5ilLr_w/aBAxuHdH7FGt1S9bVxs7HWVie_sBCnv28wqlp9msCvKLtBZlx-_nh9vOSENQYiQL5i50vxe7g5RJXUsl5SjzJkH4ttQvCDZYJXFymRCbk8DFSuELoltpxU85Sr_uB9lz_nQP6eyWIoiiNs4W_23e323fc8GpKwFNzNpA34i4yDw/Z9sv6waiq4vhm0Co5ZDgzEoKwoaD8auFnPcJKiecook),,,
la-depeche::print,LA DEPECHE,Print,,,,
la-depeche-veterinaire::print,LA DEPECHE VETERINAIRE,Print,DEPECHE VETERINAIRE.png (https://v5.airtableusercontent.com/v3/u/51/51/1773835200000/nD8gelLSNzIpiJLW7xCRCA/caCavf1223l-NgV5AF-abr8A887b6SROv_D1GbWJPvjwUFmzoBE5-R-E4IJu0OGFx5auWAugEh-DeMchz6wnKCWxdGgVG5_5bd8kyCBFue8NV3x-ZFicVD3Evl9y5iMfWBEM8UPy7ymrYafkTXj_2lXrwzsNRGCkg5L32Q1Z1dc/cQSKesNQlUVhgZdEAJ44gUz5e_wKL1IR6_Gh1Pzugko),,,
la-france-agricole::print,LA FRANCE AGRICOLE,Print,france agricole.jpg (https://v5.airtableusercontent.com/v3/u/51/51/1773835200000/zkAN6MwMRkJcZn7WQmoGqQ/iHOlvJUpOBDcgYGN45dstSSFP-yNYpZWaaZbUQFY-KNajxS1WbMTB9kS2dlTLwtVGF7yvCRuj2lLV4O0aR31TLacXDhQM2gLj3-WvPrNReotu5oDHg5ntT2o4mo_nIDsja6lRydcu1twFi1AO1vOUmfon6jRNs2Z3VzN_T-AYII/eMGHZNrwsBhFpjR-ZBKS9Irpwv5q71RJH-PJXt0KL0c),,,
la-gazette-du-laboratoire::print,LA GAZETTE DU LABORATOIRE,Print,Gazette du laboratoire.png (https://v5.airtableusercontent.com/v3/u/51/51/1773835200000/8sqDIfDDVhHxALN57YGh7Q/nZeEEmgvOLLPrYXe9jsZP0AL_vaAy0wmNhuaT9Izc_4pPqlig7w-HK-g18mNVSEo_OGCVrsDiRi0OCDTAQOCZUnY2Z1pMCrAWVa0hbTTbyc_chQ5Wd9Eaeb2S9uU4QeNKrhK9cQKUO0jWcMeg2TrVT2JEk3_klxFEKUUVK8K8M4/99YL1UQg1WnrBNMXhMFR4A_afVYagm2Ioc7qvjiUBjc),,,
la-gazette-du-palais::print,LA GAZETTE DU PALAIS,Print,Gazette du Palais.png (https://v5.airtableusercontent.com/v3/u/51/51/1773835200000/fJz84k3GBRec_0aIXreCxQ/wTXxFr8_ZKG2xTiRhD8x0ok25rmCQOe7ztQ_6t0A7nTA6t6R5Un7UDCXjPDvG65DLBvJrZuZd7WHh_WhCRKRIJDAa5sgnS1BQq4FuN_MgPgoFNWuLGV87fJds2LPzxX1Pcy0u-9IY-9s5lOgnGNFR_I2c83rKAKF_nWa8u-LZAk/__KDgrzKOGuT-Se8xL5hk3K2D5jnqXX_7CUpD8kHvPE),,,
la-lettre-du-cancerologue::print,LA LETTRE DU CANCEROLOGUE,Print,Lettre du Cancerologue.png (https://v5.airtableusercontent.com/v3/u/51/51/1773835200000/XyUTPZoxdjmxUaizmrzl7w/3_mgtBBmTIKRa9Jd4AW4Wo3Ns53zAIEEubTZILwVNyesnNynWrCLjVq5YdJ5hUuLJjTiIaAQs7XH4a5Rtl3MzdwZ2nOizc2D-53hIJfgQAqyXRCUdt4prb-UfXVQwB8k7KBBVGo5cnvgNhZwAhF5uM4zUTZ-YNlLr7HJGQHj2QA/Har9Ts6LuTGNzWKfIAGvbzyZ6c6SMLF6RGFvlttz_u8),,,
la-lettre-du-cardiologue::print,LA LETTRE DU CARDIOLOGUE,Print,Lettre du Cardiologue.png (https://v5.airtableusercontent.com/v3/u/51/51/1773835200000/PrWZACR6e0DE7--ZxdsMbQ/oSirZHJc0ekSDQGM9D7cpwwJD-q5Vwws-RmZA8OiAGSOckoYv-JECzrBAeBf-FpKFlVphtIJtoYNhTMyEMvmLsMs7AHIXBXjQWNjixxjspFs4rARkA0WFn7eUuQM64ASFh3aT14KU0uKNbffEvx8NjtPIjXAKjwxtcy87b1zQBw/xIdMMZPSVOwp0pbs0EjiLMDCV75ANvxE3AmTxbW6z2g),,,
la-lettre-du-gynecologue::print,LA LETTRE DU GYNECOLOGUE,Print,Lettre du Gynécologue.png (https://v5.airtableusercontent.com/v3/u/51/51/1773835200000/7P_i6rVcqQSpvLFzZ72XcQ/2j6179Tkd1eioo3cfG7L6FcjWXsL1mxnKD-vNE2RtH3fv2emCJanVLpO1mi9LLz78bH6m2-MGsKrgDBSbD3tXlEDd0LJ2bkvqawIckMtAm76sVsC88lwIa-MOCYYA35OzvCaOx-WgDh78LnbDoK91d-mhKPafcldKAFr0FPAUWc/e64W-jXyETOAv0FBp_ew3fbPsuumtConj3bcBc4yhPY),,,
la-lettre-du-neurologue::print,LA LETTRE DU NEUROLOGUE,Print,Lettre du Neurologue.png (https://v5.airtableusercontent.com/v3/u/51/51/1773835200000/d_JD8BVPByxHGFaJO9eJnQ/SA8TVbyjJzJiphehy5sjIJdWtstCx7wGVa-0s6XT8k1xa1rNKMuoYTSEYZ7qVN65vRO5NBBO79jNnKuP6LXbsygRkC95Cu5QljGOrVMozLGU4K4TOnhs6WplAanXXHdx5kgaBM4VjPB9esVaw3VaVwE60IgABg0jvd29kpER6mk/Q3iCOGSHyVHLPovEtM2RkMmZt_rpL3LxQ5HYmiB6NZo),,,
la-lettre-du-psychiatre::print,LA LETTRE DU PSYCHIATRE,Print,LETTRE DU PSYCHIATRE.png (https://v5.airtableusercontent.com/v3/u/51/51/1773835200000/38LkFOTHADdTVgk4ywkE8w/kcXAjFhFkH27EjYZ4nJiHMNyVxh_clxHsL2GUCwV2WeU1gLzC6fZL0rag_GZ54M7q94503qHVHHpbw7WDnvTDvREVvrbbAcMa9pvmKgAX41pHBgSuhnhLa6BHA2srhcwKTImg7C0zgwfQB5NLoqRslJySck1AUW61XuishMwCJQ/braWep8UDIxu2z964s1hjLpI4PQVEMsOLVOWsYakWj8),,,
la-lettre-du-rhumatologue::print,LA LETTRE DU RHUMATOLOGUE,Print,LETTRE DU RHUMATOLOGUE (2).png (https://v5.airtableusercontent.com/v3/u/51/51/1773835200000/h-MWD9tPeHow21SCs_GS8w/miL-gxpRbI-a5M8p1ZUGc9l-a-oZ12yVp8F-Ap78soIt4ki6-_HCZ9icZErQIZk30GCI-67pD99gb3Z77ACIRYY3bKstw37WIyf2iiqyfMBCZHh0XYfyZ6hmwA6vklC5fXtIMrPxfjXlBcUzDp0Xxx8LnsGLCR-GevWLk1qMFNA/k8XsYjpdO_jzvKd2aWRbUaMe-fp-Lf-IQBgT79zvEdY),,,
la-profession-comptable::print,LA PROFESSION COMPTABLE,Print,Profession Comptable.png (https://v5.airtableusercontent.com/v3/u/51/51/1773835200000/lbSe4tl4QfHayabqkf88VQ/uxLuif6M3afcpchs9UZ6pjwPjaX48wuBWyc-HMio-YH-uvLzvmv0PyHiel5Pv4lEbS9lFYAErPgCmUj8x88bF8YFfcHRgV_gkJwKTiHB_CYMvlagcSZ5s9_Lgc8mNM_XwrW-pI-roXe236sOt-lBpBaPSvgFBKtZcH97LpIThD8/SS9YWVinjp6kfvWkGaAx81xsBMszz5O2PLaVhdLrxh0),,,
la-revue-administration-intendance::print,LA REVUE ADMINISTRATION & INTENDANCE,Print,Revue de l’Administration et de l’Intendance (la) .png (https://v5.airtableusercontent.com/v3/u/51/51/1773835200000/cbhIgTSdxyNcCommaPdcrQ/k5ip85sdjB0m0LTWCqlKoPURLRePNYULIQCyk-Z3dll-FoSfW3nlzMe6BjJA6bGolhZAps95jPJUSaaJ2WINp8bznlwaAYmmjY0kpaE5KlHvqr_vQ3pTrMf8fO7wRysQjSVxIZKYDAWOekHCtCslhtvlK7rzPMQxvvm2QxUSJTroslocXv-7gTW5dgEwVQZ_SxGimNTHTbpkl3ondJzALw/8kVRhX1KF-dE100XPoG52r9vmyb5UufW3t19XfoM6f0),,,
la-revue-de-l-infirmiere::print,LA REVUE DE L'INFIRMIERE,Print,REVUE DE L’INFIRMIERE.png (https://v5.airtableusercontent.com/v3/u/51/51/1773835200000/6x4TDBwRbNWpKLs-rDOVmw/zDhRZy-0YtvxyQLsScoTD5QnJzBwjCWn1dhq3I52ZmyKKPDNm4v3zbJahxA6Qo5AOW1FfMo9tVARR7EC4W6X8GbdP2cCrkNf1ydNcpyYR9v1lC2GzYQvnKu4opkZb3JOylJIO_PIBU5BSakwwYfGaqut9HHgv_RtYrAEweZ7dyc/w1YEC4S3LSxao_7gsXah0C-l-ucjnrqvNNJh5BjTv3A),,,
la-revue-des-opticiens::print,LA REVUE DES OPTICIENS,Print,Revue des Opticiens.png (https://v5.airtableusercontent.com/v3/u/51/51/1773835200000/fCAQFRpuUjCMDjV_g9SmUQ/tDXB8RchfuAaxP_R2pjrFGLE8eOrZIfi9m6AYjgaFhBnlFvdCl73-dRr7P6ZKMyMAxxBDKqkY2_AEYi2bZlwo87PSXVmVmkn2KX7BU6rNtoqmu_yXNpFfr2xJCwuNM_Ao_JerMYUb89F3PvrZ81X3z1NntKz7fchYZchF9-N0Y0/mTeLxOHBYirAiJev4hYqkRFyDTrLDfsD_0x7x9AZcfI),,,
la-revue-des-tabacs::print,LA REVUE DES TABACS,Print,Revue des Tabacs.png (https://v5.airtableusercontent.com/v3/u/51/51/1773835200000/whxq4Xtsw5J3AJ9S2jZ_gQ/ZWAaxcH7X_xobnloTFSsmVVXyfK3O3ztXDR-xEPnvwjve_pob7h1CBVYQDszZOlBQfLK_YC-TPPHCWQW2dxQ0QaASkMJvfiXxqrcaVEs_0I8T8oDe6RAsiBTh8RXS2NezsSuPfN2k_U55xQAS0ilAG4QgEszLhu--hB_FFyPrY4/w9q0wKM0VMQ7KF4Y1kXNm2PNcijbkgm-OUNB81BUOUE),,,
la-revue-du-praticien::print,LA REVUE DU PRATICIEN,Print,La Revue du Praticien.png (https://v5.airtableusercontent.com/v3/u/51/51/1773835200000/v18d-jJf_P4NGIIVBCeZ7A/V9gKyTud670eA2a9KTm3Lj4gvM8SNUO1mj9VRhm0epesqWGLe0CovWWUMOwY7Ze5gOZ52jwwaxvnnv5KkyOfyPnbJB7BSEYx6hBN9EjCBu8zXS1LtELxkMfDAb31CpYhMWi0muDxO2NbHJmNGSekLI67Rp3xJ1aEboWvTciBrNE/0HyuknfLiTSDHVyQkZfYy6c7S8eIE0thlo5gkwj-W1M),,,
la-revue-du-praticien-medecine-generale::print,"LA REVUE DU PRATICIEN, MEDECINE GENERALE",Print,La Revue du Praticien MEDECINE GENERALE.png (https://v5.airtableusercontent.com/v3/u/51/51/1773835200000/FmOPGdTBiynw5NY0vjuvNg/A7Kb04H6ypimzuKaSiG7LmpBUeoN26uy3oUEC5JL0F5sPinzEr3x4TmvvLSQM48tTUiG_ta0Ql41sAJxebzjwZmbYwFevEjYIRa9NYM_oVVu54AjtUibI4ROodpGH95wfXdvvbgejAuOoywkXGIfsf_heczLkr4b3XeOgzPuYRSZ4vUOGbd3n7Xih3P3c7iN/-uAkFg9QpZaLwBjDNeUQte5h0J6tONebEkS-WOgwTew),,,
la-revue-du-trombinoscope::print,LA REVUE DU TROMBINOSCOPE,Print,Revue du Trombinoscope.png (https://v5.airtableusercontent.com/v3/u/51/51/1773835200000/jwBPSeHRpkPr4X47sR05Ig/oREh5trSC70WSjhiqxrUrYEv1RwWYpKnP5gBqQ2xAHYTjaaC_0F4bH3tY4nmqXo6DyC3_AuKefnAt4gtENv2KPJhjJs4-j-MANX5ZM5OJsWxXVng1izXh2Ug8_cprQ6a0hjfjCXI3Pd7uOdW56zwvrbacsSpblIZ_Tvw6PE4BMM/qxyqCR-wNYOFFxEzHWOGBrJGBVe9fxypIv_j7sh8TQI),,,
la-revue-fiscale-du-patrimoine::print,LA REVUE FISCALE DU PATRIMOINE,Print,La Revue Fiscale Du Patrimoine.png (https://v5.airtableusercontent.com/v3/u/51/51/1773835200000/FG0HrBfuQ1DXwAQPxTu7kQ/6YO_-Wgdp3-hRn53clQWSpmcZT9yoJm1AWtdvcaRgu8K1hRKZFx0EmI4Y3pHvfW3FhuaiSEkN8h61Iq-EWiTR43eGMpLsKQtKMdX5j2OGaBvKRjK__qMPz4MkiKH7_9kPmdkfGG-lm-311jBWc4nSnjWWHlGNC-0qeQ8-eH98q5HhTHN2hEk5tMgBbQUMF95/SZk_BZREMG5QwqFfXMBpkz0hUJIMFCjwj5eXnjPTMr0),,,
la-revue-generale-des-chemins-de-fer::print,LA REVUE GENERALE DES CHEMINS DE FER,Print,revue générale des chemins de fer.png (https://v5.airtableusercontent.com/v3/u/51/51/1773835200000/lOSQxzNmL1VDmHXp1D3mAw/_ZlnjKum8JZQdm9slOLY0FH7qGmQzItBsfCN0oDQg4yTTbFVGYj25-4DFltqnb52NRbbbFVDwf1yukKa5LbQ1yG6KczvEAYtVWV2jxy99Akauvu0NdxyckO8wm9GPbhEku7f43MN9f3HxABDdrCU_Ck_bbxE9T60gMEHGZyjwCJspckzHlnmxqR0F1WdVUnT/Xjq6o-I7uB6zhH77unqYLXKHaBTWW_hqrpSAW88f-MQ),,,
la-revue-pratique-du-froid-et-du-conditionnement-d-air-la-rpf::print,LA REVUE PRATIQUE DU FROID ET DU CONDITIONNEMENT D'AIR (LA RPF),Print,Revue Pratique du Froid et du Conditionnement d’Air.png (https://v5.airtableusercontent.com/v3/u/51/51/1773835200000/qLcjWeStlYbCAYaUgaSzVg/sW-jA2j2VUlIKhQA2B7Do4AukyiwBZKqErFbOWNPr_ukbYlhDzOhHFCUg92xYHde7SwWAA2gO55dahw-T8Q3Xq9CMrh2E2uCd-qqINIiJBFm781gDieppe0do2KdeKUNuEEe56gOhCJNE1rnuaTHqjr5mX5RFu91uuqcBuae-CPlNnn9rAwoev7vJz2ATLuXYzuQ3YdTC04x3zZqSzgo7Q/6MbH_7gk0u22tMEzCP8vUJzYzNrl0DICeKx8teareZ0),,,
la-revue-scolaire-et-universitaire::print,LA REVUE SCOLAIRE ET UNIVERSITAIRE,Print,,,,
la-semaine-juridique-5-editions::print,LA SEMAINE JURIDIQUE (5 EDITIONS),Print,Semaine Juridique (5 éditions).png (https://v5.airtableusercontent.com/v3/u/51/51/1773835200000/WaFMiUh8O4qFnqW-2gPtow/902gGaxWVw01c0e1pfwDZjSUKsQpgU_JTIi6svD8QSk4-87tHOY-lsl0THKGp_IIZ7T496aXE4-f8Obc2KQP1n6cIXmfA_5byvG0-TVC1JNwivtOGCAA9f8GaLWKFyDvacn-5fI6Dg9Vp278rfYBKQ4Gu0tGwFXSZAPgt4huK9zmLMlIj9YwOK7wco3ayJP5/5eQvbnY13y1WrNT95P08RBUP67eAQtJ6gJs3iYYUi44),,,
la-semaine-juridique-edition-administrations-et-collectivit-s-territoriales::print,LA SEMAINE JURIDIQUE (EDITION ADMINISTRATIONS ET COLLECTIVITÉS TERRITORIALES),Print,Semaine Juridique - Administration-Collectivités Territoriales -.png (https://v5.airtableusercontent.com/v3/u/51/51/1773835200000/4xrkq27OkaBolZdtkiP13A/h_56sI39MQnqrAynwW73rcw9b7kcPj_VCPhQLXytPZjnym81A2wLgDYTIV73WJ4-H7MiwDItg8yzH7eK_f_IgD4ubjNYr71_S_Xx64lMtXklMKONXXH7yTRiG3j-7OdhQNCIjDSd2HcNR5HtyIKozUS18oKq2fB5zTbLDYUNV8KhmPyxx8AY9clkrE5R8L-fmWGF0tqvxgrIQ36VXqzjWY5LUp6Ztjf5mQDxYrH2B5o/_vA6w9xsi_ax9CIKhvvINxTkPeiPli1l9dFk_S1hcqk),,,
la-semaine-juridique-edition-generale::print,LA SEMAINE JURIDIQUE (EDITION GENERALE),Print,Semaine Juridique (Edition Générale).png (https://v5.airtableusercontent.com/v3/u/51/51/1773835200000/YO-rouKeba0KZLfgWM8moQ/b2CtTFmKzuVPTaaW06KrlDgLnNm2Cx9Dhd2N52ykCHU-vXRst9n9JM0H64Q8WoE6gZviHhCQHz_CQqU6Ie13gQTQVOvhD5s1bRKEkvNAYHyc8M9yL_VCH9T8n462FocigpSK5f_Tn3rmc_Nk9llVcdOZF0Ht4LTJ1w28vFCFmBCfCk-AG5XVD9tdTbxP9CBU/nbzjmkeVgYPMZGiY3cn1-vHwpxm3wd3xQhTUDuSrrx4),,,
la-semaine-juridique-edition-notariale-et-immobili-re::print,LA SEMAINE JURIDIQUE (EDITION NOTARIALE ET IMMOBILIÈRE),Print,Semaine Juridique (édition notariale-Immobilière).png (https://v5.airtableusercontent.com/v3/u/51/51/1773835200000/i1szST7m1og8DeP50d4czQ/OJZ2qce0YXKCkWqbdxXwk2wruU5vbNpYXJvbbqhgSqlNVhEBpeSDmNLLnHU_WHEs5d1XV27ixnkGF-icJn3jCNduUHUlqzlNhBwWiP5ff6hknrNJ7eoGUZUVFpAKwEIf97cwv8wTtbApGANlnJmHYoz1rYDDjamEbyv_smuDBQqo2W8CXWEbdA8sJNTvS2IO8P4toBDf14mJp6AQ2e8wNQ/JMBWo8aBqFGDibeKCjElZyQB2kNTb_CO8XOXWwfPQys),,,
la-semaine-juridique-edition-sociale::print,LA SEMAINE JURIDIQUE (EDITION SOCIALE),Print,Semaine Juridique (édition sociale).png (https://v5.airtableusercontent.com/v3/u/51/51/1773835200000/kqUu9psPCks4rIPhHdjZzQ/DPj-TKvVQlAy_6eUPaXhVSWOVY6yJnLEN4L9o7g-qh13PsV3o1AzDjIigkWlLwMQIZSBRGp3kTWcDhWDTVZRan-7IjJk3aZ0NRbwoFXD-rWFunj2J7hTg5-f4B_cuYBVEk7sV-khTO9Gh7J14F9g1_fEKEdtKDvCughpjO0qvDtgoRYT7Gfof4M_RbvOzagL/lK6H5CKjTkIP5wSYXI72W4CRAA9fmiMk7wKz6FFWJ_0),,,
la-semaine-juridique-entreprise-affaire::print,LA SEMAINE JURIDIQUE (ENTREPRISE & AFFAIRE),Print,semaine juri.jpg (https://v5.airtableusercontent.com/v3/u/51/51/1773835200000/Wzodnvit7Pjsu0-4ODeFbw/pSjNKmmiNs5NlEWEQNjmHLGNnexC20GLvaj_i4DQPBOvWgbo0-JZH4kPnnX6_E0pRC7eP4d4egrZNgTnDsIebZ98MSuBzH0cyEnKNz0wyHe0f6aHOzANb52jdKp4X4utf7Y2sNIeUk-xyvzJr_aexsHDMZxE2Kmo-eoqGP76M5c/7DMguHv4z5XKdyCXAuIdKbvp3RfbJuWUbYU1-atLzxo),,,
la-semaine-veterinaire::print,LA SEMAINE VETERINAIRE,Print,SEMAINE VETERINAIRE.png (https://v5.airtableusercontent.com/v3/u/51/51/1773835200000/KWjN8Dual3w6w2DXdvS9fA/rlKYfKzKZ2p4A8j0uhoGIWKDsjG08KDwW8vJyppoSgZYAJvdSq_MWDBZZQKU2PjlFQ8Z32cNkXViQQx0HeNFmQEb-KYSCluliiSgiMZLM0pCj6f56nUzzSZZTgQ7Om7NULpiFPNn1TackBWePtZj1kRBuQz6SzeO5P8nxB0ggc4/q0OLSyQp9oTH866RnOellKi3Ug_EY7SenpADQPFAhL8),,,
la-toque-magazine::print,LA TOQUE MAGAZINE,Print,Toque Magazine.png (https://v5.airtableusercontent.com/v3/u/51/51/1773835200000/LKXGmnlPTDOcwFtcTVGqUw/4PkGQrJxfd9flaD0aG48RhmjQCUsA7pYXCSuE3IuyEXCoi3b99Mwd0sHiqjLw3iV08G_g52bueV2z066umNDudj_XftTl0Cj9DvIgwyTZ-XCvmiVH4I-3VRQCQzdeQIZqTs-pGeMIkgsla-0_e3g6SbPoSUtUN-PvchSIqE2kCQ/G6bf3enZnYO38TC0eWQKUNzLGUi29QGCEUpwPNjqbRw),,,
la-tribune-de-l-assurance::print,LA TRIBUNE DE L'ASSURANCE,Print,Tribune de l’assurance.png (https://v5.airtableusercontent.com/v3/u/51/51/1773835200000/XCGfDDdRBlcI-rrbE4KynQ/TV2jfl1vsw_TE8Gw48mZlvGAgw06F3wB9RMiwG5C0XPBrz-I9sWh5sg8tRSZ-y4UaEcQynPze9ws6Lj-jPcgEh1BMirmnlG-JyZEyNI1gUurbuGTvIHZFFDjl7f5owicJFHczlCfCDPVMQQtRoh1fQskwqLqb9gAX2hjETLTjTg/a2iItHQC72Y_XiHcpOGR5T9A7zkn0BWf_O6mA9Asj4g),,,
la-tribune-des-auto-ecoles::print,LA TRIBUNE DES AUTO-ECOLES,Print,Tribune des Auto Ecoles.png (https://v5.airtableusercontent.com/v3/u/51/51/1773835200000/pPOhpfaheeQkEmNR0zAL7Q/MTaytZ6dsjbZk_b1YDzyVNd-C2GBP8Eq8auQpBNJ2TkfaaEZCJt47V0P1-2T2o0C0j_gpEfPF-HQwAfwVovuOsxRVUsugyzyptqIJMNBk8LwYY0QbWJV-p_3xd4sZRcAXqK2Fzk7O3zVkZjJC848c5B1jGc8T9KncYFGJsg_HRA/krzCvilavyGNQrI5SpIKLO6gz_cKqwck1UM38P9uVLM),,,
la-tribune-du-reseau-presse::print,LA TRIBUNE DU RESEAU PRESSE,Print,Tribune du Réseau Presse.png (https://v5.airtableusercontent.com/v3/u/51/51/1773835200000/10MP_SiyRA629uLzJJgpFQ/HLRsvMlaNSSq40Dh4G2ZyHZWwK0xdSJZ7cqdr_jDjoLwqvzxjJR-hrI_ew6J2DabfaXTXRO15oW9ZowFn9uoiUd-e-_DX0rfoNsoayZqH0NGOtSnMSkFxk-3x_yzvjKvu4m9MGP8qzuEzTN00mX4Huj3dzVe_Xfc0tZBxfmw7bo/2ZQ8HaYlZa8A6vPkMXYXMw48YEDNl_-ZnZ91U5Y1PnM),,,
laiteries-mag::print,LAITERIES MAG,Print,Laiteries Mag.png (https://v5.airtableusercontent.com/v3/u/51/51/1773835200000/--xNeJdL7prBDUt3_iO0YQ/KfEvFJzA7g8thm9PaFZXxutoNYRe7kfDWd_I1X2ZTKrGZJtSloBQjERJRaIybm7KKJ5LzfL6wgR63rmyMtO_QWZPAt6qaewSufXwTtivvhNPleOyJsVjZpyxwC58eC2u0LXdv0wCUHwoGEwAeq8y_w29FekEpy5eyNDoj7uwCrc/g6dFXSo6_7m3c_zFIWTLKS19WNwmSpLrgPg1K9B1_wQ),,,
le-batiment-artisanal::print,LE BATIMENT ARTISANAL,Print,Bâtiment Artisanal.png (https://v5.airtableusercontent.com/v3/u/51/51/1773835200000/Ol117yLteboSmomWVQXt6g/c9kO508Eul3xu5zOLpFcYr9BZgAkUsFAuEQQJoY1UqKBWKTQZR6pDjVdgj9sXxox-DQF-MbTa1m42eTbCif34BNe9IrylyMPWLIJxWmhpP-BaFUHOmwjTQWOPd-xsPst7ymyQ0XpVm4A5a-Ed6SGPfq3AsURwvkPvgTS7b-u3tg/R_Vdg6-UpKcPQaSPutz354YXqUavs3WIzMeMIjnkMWo),,,
le-bijoutier::print,LE BIJOUTIER,Print,Bijoutier.png (https://v5.airtableusercontent.com/v3/u/51/51/1773835200000/9gUjhpGPlRvSNszR_BFzEw/Pql6fXyRxaEOdJFuqjomnKI_u32g1Hx3e4-7i50uFV0iW8AjamScSlzuErKy8x1dnAlTgNaak5EdhqLov-6zWwxcNWpTBn6z4p0nhKj0dnaE5PNvPMms54wKXI7y5sAk0jVztuX3x0Zh6_FIBuE4-uTwxyRgtV6v5XVWeZxoMgE/J9XMH5t4cVP0m7o-mFXmYmBPGr8F7Zucmq9u-c9-84A),,,
le-chef::print,LE CHEF,Print,Le Chef.png (https://v5.airtableusercontent.com/v3/u/51/51/1773835200000/_nN7pLC8nEckEEnflmrAPQ/H3vLlxs03QFLhKEcCjWuan5tLZyHR5ysbs5l5feQT2sWUUcpU_cQEq0tJaOEsGGGIwGhRDlCHffpBH3R1oDczOf1bA9IK8VC1-u0znGrqr5rhsPLfI83K2C91Udal4c6cgfWIllsQAifIHqgUm43uFxxmBqK-4_JWaMyPGoApQU/Ob04YhgCTgt-Tbvk2PCifTXnZEdwC-x0TJo3yDO7WdM),,,
le-chirurgien-dentiste-de-france::print,LE CHIRURGIEN DENTISTE DE FRANCE,Print,CHIRURGIEN DENTISTE DE FRANCE.png (https://v5.airtableusercontent.com/v3/u/51/51/1773835200000/HNzq8V1T8CVez8-qUxYd1Q/VXb65u8gPZj8wiqZzN_-0Xz9upyYpcrLFbbYbCl_rV81rhqquFDTc1-KgxiTE84uPFenvrxhNxNwnFOxETm30fLZx3mbLAR-FGHPst_bm52I8fWYE1hg8cBzfUWZ4MDtPwtT46ZRu0btD71P2j6qSa4t1RZGcDOAhjk1cYoIbapAE2JruiIwYhMT0oJdObc4/Swwca9L14feou8PrAS5ECNwxWbcFs3vjiXTTi2xsFAk),,,
le-concours-medical::print,LE CONCOURS MEDICAL,Print,Concours Médical.png (https://v5.airtableusercontent.com/v3/u/51/51/1773835200000/sT1lvDI_J1dyEwh53aHGDg/350-qBlrzfOvggugVHMzQxn3zJZ2iYhXqd2_e3EJWfDVM4j5O3erbW5pvHbS5TF6J3pN-Jh1KnZXtJnmgnB40GZ2kiXkJ7AI5m4Rd1Z-D1XzYgmCxBdAKrG_JleyJ8SbZGNB2FukpUk3HJwA-YSYoXbhBEm0MUtF5rlI4pqPV3o/GNWWyKyqKVPWtZdth12UnagcfjiaVAS0tnLtP38G06s),,,
le-courrier-de-la-transplantation::print,LE COURRIER DE LA TRANSPLANTATION,Print,Courrier de la Transplantation.png (https://v5.airtableusercontent.com/v3/u/51/51/1773835200000/fCNh5Xp59W3zFMYTwtAakQ/xEyWaIk_rEC3rugIT5FItwl9V_7q88G7ACL_lShd7Hk6e50LSjQ2eu89Iwo9N6wACKD2yL1QXn43jTogyRLomRIwjORq45VHBC3ha8_CdhIoqN7zsJQdJQJIiqwmerkRnKIxUYPuBfWhfoWGRlS26FsunLFI_bzBJfiefGhamzf4LdylLnR-4nSl5BzZ1uZN/jlh0mkv7TR_51ditFZbaS-ArDFCUPCMAWwBPVVWh6-Q),,,
le-courrier-du-meuble-et-de-l-habitat::print,LE COURRIER DU MEUBLE ET DE L'HABITAT,Print,Courrier du Meuble et de l’Habitat.png (https://v5.airtableusercontent.com/v3/u/51/51/1773835200000/yr2YzfoYTp0v5BUXdhm9kw/nN6Wpjxz2Jq_-S0Bf7Gho-IFaKdL-0tf7NnffW0CQ2pxypoVGh2T2sMt4p-8xmls21UZRnda6R82TXA1AJxcu6Ur7MIHPQehc3-j8nX0bvmsjoyhwlUnAbTeiKAi-lhx86T4eZwXEi3OPkgB0meEVnmZKl3DyHjRfpbC_-1BRKiC23zkR8FEX7FTs5TkBFvm/Yv9Ul7wkLOLC-rpKfQWYgTH8bs4iBWTPFPvTWecxg7E),,,
le-journal-de-l-automobile::print,LE JOURNAL DE L'AUTOMOBILE,Print,Journal de l'automobile.png (https://v5.airtableusercontent.com/v3/u/51/51/1773835200000/SZDKm5vuQCl2j26j4r50Sw/kKMuIUJ8HV08rvGqPEEeDQTXfZwXvj76ZNTX8PgJa3fPQHmjNq3ILqW63Gp-GdR4epZaCaBOfDGRjXPOqHvWxX2duq5brrws0_Nes9XNfA_Fk7ttdYpgXYP8H6s1P6kQQII157GP0gAglNh_z2Nng5RQL3KCV3dDIbnQfsIy9YE/fuUFaLvDgfLPVcHkJZqbAI6sGe1-IgRPPBgvAFLg9hU),,,
le-journal-de-la-marine-marchande::print,LE JOURNAL DE LA MARINE MARCHANDE,Print,,,,
le-journal-des-flottes::print,LE JOURNAL DES FLOTTES,Print,Journal des Flottes.png (https://v5.airtableusercontent.com/v3/u/51/51/1773835200000/fExivAKBxFQXkkQJM2MOpQ/IvGkcvpiYhRTogxH8OsHL4D-nLpUbaCUtx5_R8GNXYwXjbTIvpiIB3svMPpvL0Bh9PKzc06GGjqJuDfvKo2y6YQ0H-bwa7R7XasyjMOb7uM8ZWGOchIdHVal5B6j5vDPBz4M_qYuSSGh0vzXoZMyCn-wqly_Bd3Sjcw4He2zfE0/-W6X1MosyGenf0trAHj9nLe4BBnlq0TwMfHmgapPoFw),,,
le-journal-des-fluides::print,LE JOURNAL DES FLUIDES,Print,Journal des Fluides.png (https://v5.airtableusercontent.com/v3/u/51/51/1773835200000/rfzEFUEd0m77ChyPqRwiWQ/m-5-wjFRuaDzRDvMOplwqb-K06wXjjsnnSFSE_l6Hp9K7Kakcbwtz677i6qhFKhfdqj-DVmBmv7bbx2E9HqZov39I8Ru_aK-LkzJvB0rTuruLsSYVT1dIz7qXT7TD-hzfVir591kkjdegvc18NaVSL5M4ZeHaCyY5VFlfK_NEN0/_YhOnimca1y2PGoT4UPcnqgULbXZwtq00KFotJpzgLA),,,
le-journal-des-patissiers::print,LE JOURNAL DES PATISSIERS,Print,Journal des Pâtissiers.png (https://v5.airtableusercontent.com/v3/u/51/51/1773835200000/9MsppwNQaZg3d9_Ouu-qRw/Jk06urlV2bHY7Ap4cgIxQ8qcFstNM-uGETx8PxUM1dIsBK15Bol4tJToTX5fWYjBcD81yB28WHaZSDst1MajbiUrsQE-_JkSdQOxMMuTmysFEFX4R-Vgb0jfl1Dn3424mLdLUZ7LJlEQ_EYjeeVCcNUi6lsntjlr0Ojcwu6FGmI/ZJUazy0OR9LmnYdVH6M80iG6mfDqmA1R1DLFbLRLoWU),,,
le-journal-du-poids-lourd::print,LE JOURNAL DU POIDS LOURD,Print,Journal du Poids Lourd.png (https://v5.airtableusercontent.com/v3/u/51/51/1773835200000/qQZmFRbHUUZfff-8XuH5Jg/LHDEoO0WzY09uZtKUWhGRV27Y_640zdgxKzxQiGk1jkLld-4ZccWNI_6OEllNjGgqLxnNowlVdZ7dbLt0-S64VsXYyhskNXrUdiBHqo5DG4rSTG_YZB5iddweI9XbYOawQtlyVY0d02EPYd2KZF6PxSVlF-1cgETbcLRL4rpRuo/ZxF5ZBs3fb0NH_OPtUwbpGrjdgkqVoY15KcEF__sExM),,,
le-journal-du-village-de-la-justice::print,LE JOURNAL DU VILLAGE DE LA JUSTICE,Print,journal du village de la justice.png (https://v5.airtableusercontent.com/v3/u/51/51/1773835200000/LWYNjNdgRttie-thSv72AQ/ej3vKNDVgAC0AYACMEN46F20GuGUPQmlOAhedpYQ5Tu_RVj_qykWlxomCGU51sDxLrnpXKRdehbqvZdb6hDfmrNXwK3EPH_8HxEzRFMWYwscS3hR2yB1H3BLwJtHwdiLhNYwvPOmUNnXaxfziPFBuDzXA9bITg1ZPftA_rfGu8UuxOKGu_RR0H97x_5uq_pE/Whp_xKU2AAgK_L5QNrHWq0_m6UaBeMZYdxF-qSe6frc),,,
le-journal-du-village-des-notaires::print,LE JOURNAL DU VILLAGE DES NOTAIRES,Print,journal du village des notaires.png (https://v5.airtableusercontent.com/v3/u/51/51/1773835200000/iuXDyGrwo31uP_4LaXbJKA/XKH1Doo1FZBJQN5LryqyYR2MZmucseJnO4KJohnzEdcLgQfXn6oJZm02foDk2DmcD9xkdv2POCHBSfz1VZ7uB7x_QLEJoXKvY43GpDq1FRAVmj304_BZtbUbUgbJnc_WARNbi1LqgjJYU047rgXrOQPJZeHrC7SKdr5ZBxgEurxhNdoqpzyHqxgTY9NI7Fa2/5kyyy5QsXchxP9I-VuNNiwSYWih_W5MkebWRR5t_Bcc),,,
le-journal-du-vrac::print,LE JOURNAL DU VRAC,Print,Journal du Vrac.png (https://v5.airtableusercontent.com/v3/u/51/51/1773835200000/gM7xfnOU5Ax5i4WZpa92AQ/XHUcmazHoOTJRXDGriO2uaEZUDlIiM2Fm52LUedrHSGQxEfROg6El-8u-8KslCagCbghhOs-JPBGF_GLrzmcV3dWMhjA2HrhKOXkPLxlZ2KNopchLSR0wwUqcT1jd4r2-WnOUSj3BlPgB_EvmONdRJSUD-WuSL21eX-2Ml96GdQ/nX9wY9Hi3FM_9ry8RX8futgQInkKmVserjvMEExezak),,,
le-lien-horticole::print,LE LIEN HORTICOLE,Print,lien horticole.png (https://v5.airtableusercontent.com/v3/u/51/51/1773835200000/zhczGft7Ab8pz8hZPvJVyg/eJIbTahkR3S1lzKdYAothZ-0PohhSnoYimcLDj8sJwdDaKK8kCfSMmO3oAsM_qOpCN-jOG1IrL5BHTmFjO8htiUssZNY0OzBMWrCtBZ7Ctn3P8_1uji1WFPeMwmlO-bxrB30pa7-07jrKNAGbHmQnkmhvBcwiZ5H0R3jn3yrnH8/cUQbnq1oThCulonoJGz-WdYCCtpFQgp3MlkHPjtMmaM),,,
le-marin::print,LE MARIN,Print,Marin.png (https://v5.airtableusercontent.com/v3/u/51/51/1773835200000/mCOJZnBUoc2DgJsCgKQ3XA/YkA8-lxFXT_cbMNdrRW27mdICKZCcDmHoY6A3rj7o2OMq0d_wroJPoLU8m_eWN-an4_uXB8aCRbqdB1IaER8TpebcLZIHHuOxiL9llPEZZyMrf7BddkyNMeu18QfEB3EGLOJS4xWZ-nAB4uexBLlCw/WNPmsjcdJSlS54OdUJp_6AmHGTZ42VVweAOG2DSBYsY),,,
le-monde-du-surgele::print,LE MONDE DU SURGELE,Print,Monde du Surgelé.png (https://v5.airtableusercontent.com/v3/u/51/51/1773835200000/JNNNqLiKBndsML8mELladg/SAbUIgsXGdCZkWukwwx26fBlxipBpLNmjzuGzRXloxWJeC7Px07fyXZtzQa9glDbIy2cL4y9sBdlaKLsLLN-dos90kFv9Rw-hD7Dd55YU837MAjO8y-ttvoZE3Yu1CTuN9UuyzKW2SJ-hswEciOA9WIXGMbYzw2KXc_iIS0fOCc/4Z4usw0zkbVf1Oiug1pIXjuK0uy178vXPvLRxF0Gv0c),,,
le-moniteur-des-pharmacies::print,LE MONITEUR DES PHARMACIES,Print,MONITEUR DES PHARMACIES.png (https://v5.airtableusercontent.com/v3/u/51/51/1773835200000/gw3-oRRQl7oqW_qTJo3zUA/THo4j_paknMiA7EMa1oUY7-e-mUBXzqqU8-45Ii8lfPRfS6SQzOvB7t3jCvUzLJahe4HTxHRZF92Wx8gvfhpKYYX3Vfch6Qk8ntGxmMLRmaqiUMfLfHZGgu_gaPHgU1X6oF3va5HBuLDd5FGJKbfK2fQIhlf9uIh_p5wRqr1_7I/iNwtwrVWcpOclE6blLhqhhydgiJARH-Fn0kN7lCnTZc),,,
le-nouvel-economiste::print,LE NOUVEL ECONOMISTE,Print,,,,
le-papetier-de-france::print,LE PAPETIER DE FRANCE,Print,,,,
le-pharmacien-de-france::print,LE PHARMACIEN DE FRANCE,Print,PHARMACIEN DE FRANCE.png (https://v5.airtableusercontent.com/v3/u/51/51/1773835200000/7jVplkSyVM9UyiU6WVuxtA/AVuy8DVsn-cHtaEkcq0FVde4KUL6g9O4FaSNa45mUGyoDZhpzguzhUbJkQGhvK_BVRYkIkzxGLEk9kqMjFdxyZipXqeLVk-y5NWX2-xg7AxR3BJlGWzxvWkrxuMQqnXN1h9ha6Lj2T6BLIAPTNHTqSgB75a2Nvk8pLKVt-33D_E/FqYFqzen_Xu_IF-qiaNj8ZVhiTxyF5R_CrZ7litra0A),,,
le-podologue::print,LE PODOLOGUE,Print,Podologue (Le).png (https://v5.airtableusercontent.com/v3/u/51/51/1773835200000/TAahOlW7F3r5RyOEitsu5Q/1KCjsjHci-568DgaMOKd7wcFs346_L_USmlEhr1tGrX1cTUNrQb8bKH4WrDUZVmWqdBXdCDC-2DGOtWcXlJo03qXwwwI7UMXNRKOsaJYrl3oOHdopTIx7IYlgPin1E8vG-ewtEclRtUyO98ZB7_zA3cLJBruAdtmaa2Flu7QStA/EzgWyDSn27Cklpwz8rm6zyN0RNwt9ymb_g8uxdkyQ-s),,,
le-point-veterinaire::print,LE POINT VETERINAIRE,Print,POINT VETERINAIRE.png (https://v5.airtableusercontent.com/v3/u/51/51/1773835200000/SSZ45Njo1LW9A_vhicEoeg/9JlQ6c1gBrc51LsohzdKSc--IoU0UJcvEcG4gbOlVWFHxav2Yo0PbpLNmfUYJBsLZ5fYxsf3m6XFQXLk4-0_5VkS32u1bxxb5GG2wMTx_00Vlna11z-gRRG9ntTzUNStj7s7RkhG8P9Iiqc9QX0E7CDigu-81xbXHL6w4Ec43RE/PjwKlkAhyimc8DQz8WvGbwgp9R7-O0Nac5YlBc9LyWs),,,
le-praticien-en-anesthesie-reanimation::print,LE PRATICIEN EN ANESTHESIE REANIMATION,Print,praticien.jpg (https://v5.airtableusercontent.com/v3/u/51/51/1773835200000/-Iy1yM40Q7InpkRQbabkIQ/AAKOcZHnmZkAEH2aOEBgxaCBtn-tTdzGKSpXzQp5QnkvOXXotJXU5Cd9J42ZDXBBYqk5oU79tzRMU2Zrkd74jOCN8-wqRYoZ7SAYA5zzb8IPfk9w4mnElp0aCEo4yk0GZI530nZwwg-pl8u8KjSZQ_BdpxYohsv3N4ofxnobh0o/T3XHO2Rr8YCGCSOjppryV_K_OHlKIwckxckF7pKf0w8),,,
le-quotidien-du-medecin::print,LE QUOTIDIEN DU MEDECIN,Print,Quotidien du Médecin.png (https://v5.airtableusercontent.com/v3/u/51/51/1773835200000/Ui3TLDeOe_riz7egIci6ww/6cd1JnoFuxjmtqWCXcYXSBpte8CdRv3gEGVOUtp19kEyWZ8uvoesCFq1zzJ6k-4pJGnsmvs7Vd-kUj3vlRpJVsOVZCgEaCVIkuskeuYI2PoG7kdW7STKFfA68PSHmeSA2yRWBHZXEVqGmYf_hxNtvz_ePrfUvbIujjjhnZJQRoQ/Ii0MQU6Ep4WXyqYwAfRZ8nLGIDcON3KjtsGZHEeiZj4),,,
le-quotidien-du-pharmacien::print,LE QUOTIDIEN DU PHARMACIEN,Print,QUOTIDIEN DU PHARMACIEN.png (https://v5.airtableusercontent.com/v3/u/51/51/1773835200000/9M7kKleyWIyDbZHjR1A6-g/WS7b2MeUQOo9ysgF0Kzqb9RN6Oezdi-pg8GVY4uzIUbX_HPcFwQTM0qDelpU0TVclt-JSmUqpRfUfmTHXra3D25bb6aVI7MSMQI14Nor0375vxUF-LM-KEue1UlSfsOjHkBUeJaXDCA-iMkX9xXgz85p9VBh-S_fPaxXJNSyx00/ZyCwrWzJw43lm-9uv9YKmJYYlBEitibHTGCF_FywnEU),,,
les-cahiers-d-ophtalmologie::print,LES CAHIERS D'OPHTALMOLOGIE,Print,cahiers d'Ophtalmologie.png (https://v5.airtableusercontent.com/v3/u/51/51/1773835200000/foo5_oNG6iDRhVpk8eMJ3g/6ClgvjK2M2Dfvec5jpwxpHciuPX3HKoasuSiv0fmpUhnMdhR3ipEBf7JvwKWyS_1vg9azGwoEGPnX8WsSX8LhUgUJtgySShHOMFjaOLLpRNmNb85S0vEkIECQqwCONX7mZpaEK8mO2J38kvrdBJRyjsiaxh7KWh-27Ic626vGgE/Z1eCqKnH5WPCPdELbxvKZdR2fAMjpmC6LSScOcbsikU),,,
les-nouvelles-de-la-boulangerie-patisserie::print,LES NOUVELLES DE LA BOULANGERIE-PATISSERIE,Print,Nouvelles de la Boulangerie-Patisserie.png (https://v5.airtableusercontent.com/v3/u/51/51/1773835200000/StXIRuRIsIhEgva0cRJzYA/ppmdH9jG3MUNDpIXEfOTqm1NY1VH35cROL-cIZgv7YJdxw0aSguxGcxNAzglGD2Ji5m_DGZvQ85MEo8hGB6C9ra8wxdyhzUYeUVvsDXsxeGautlyUBibLG0d2YBAaK0mVXr4amAk_Cqzfs7OOFH87STgXDEnwYwIKJAiYC13XmCD8CjLUCTexaRFfKZLh6A4/JwHqHM-aUNui2U9jDF9DEGXe6ok6d7GRQKlhzquZOxU),,,
les-nouvelles-esthetiques::print,LES NOUVELLES ESTHETIQUES,Print,Nouvelles Esthétiques.png (https://v5.airtableusercontent.com/v3/u/51/51/1773835200000/jpXlu7JrDbV39bhJhoQwMA/rGG5bA1mlIzWsGVBzG7HVrvKH4SEpTohpKrYGt9b7QY8AwrHLqCz8shOXVZpe-qkE9_MG6AEWTvtc8uCM1aSNbCbU9yBE6Ye2zWwMtdHuwa_OjgoHA0DnDRT13-4pM8kgs4U_0PZshYrBNSREEBK3RiUwWs33-mn6L98HhCRX3I/7zAPtPyyMsezEwbPhT7LzZdeOfPF9g6SlTcGLBvgihQ),,,
les-routiers::print,LES ROUTIERS,Print,Routiers.png (https://v5.airtableusercontent.com/v3/u/51/51/1773835200000/d-LRFi3wBoi9CelEI_9JvA/OGLZV-tyQ5cJZ4JJUMtmzyFGj68JrGH-2nFRk9IRxcXpyPfTDEJlA-SKeBT3UHRh5Tm1KEKx6eq2SCVX2XpQz9Qwpy984yfXSzVpEHl1YsN_WeERHK3fmktFamaTqefaJ_SL4rc-kqAZ-JiN-6AIqkVhCJH86fzlAYN-sBDZn70/ywJWWEjHxFGmWena84BdkCRAvX_Lp7phDl2FCPp1HoI),,,
lettre-m2::print,LETTRE M2,Print,Lettre M2.png (https://v5.airtableusercontent.com/v3/u/51/51/1773835200000/W25xmGxwCkmGmYrWChQzJQ/lGLReQNjnyVP4ou3DsDmIHguh1rItBTuSUWtA45_1YicGwNiHdoa3SlRqb8YlywREd6bFEGHxTPBViP1kscEcyJiD0fLGs1sygoc84iM40jZERuAqG2Ugzpno0zQBHWnOz4qRMLMjlnGWuubaT3OXHiLOaoHCTQoG_urRIU58z0/9hzsjfV_bgVL2F5EOduUy-tSC9NKHYM4KiJ9j_UolGs),,,
lineaires::print,LINEAIRES,Print,Linéaires.png (https://v5.airtableusercontent.com/v3/u/51/51/1773835200000/Qm7LhkSeIuLzTaZI1kE_dw/dzLI_LCwrpfwX31I4PhrvnKrP9XnucRX7PLPBFp3S0iMoAWNmuXVwt9205IBzTfHvwNU9OZhap3G7jL3DbhsfE9orUn85l0C1aV95b73lEJ_pCPZrEyzBGQaJRHg3-sjNc_GrNeRsOncVA3UOPvAHnQN8pczTtIdFRQQXrpxh_o/YF-yT_4qxNV2kvUYn2MjQtPSX5FKEeY-SXso8h_eHWg),,,
livres-hebdo::print,LIVRES HEBDO,Print,Livres Hebdo.png (https://v5.airtableusercontent.com/v3/u/51/51/1773835200000/U4sUgjesy0ZkGxb-s-htVA/nQWPInOcs6q1UBbLzXak-I6X-uzYcjMRNpoI96D6KK9VN88hwmqBBS_vGm-LGvbJ42qwcwuIDz8oXU-A6sLHYPh34JXbli_eijrp64dKO26HkC15abt7jgKFaqDVRyjObJ5pw9Ikxs0tq-4YYymQ6-4pzFNlZz4W9k-7cw-ZNCo/nibj0OdfXGGWHOAPb0qT8tLut9zL4eNeH8_Y6rHMyts),,,
lja-la-lettre-des-juristes-d-affaires::print,LJA (LA LETTRE DES JURISTES D'AFFAIRES),Print,LJA La lettre des juristes d'affaires.jpg (https://v5.airtableusercontent.com/v3/u/51/51/1773835200000/zSXTKct9ihB8mPivtj5QuA/NV9HOpVBayyh8RfuvwmRfkwSVKzCaofxN5XznMCMRDuoNRj1Jt4BIbWPDAzjAqSVujNJAvtWs_SnPiFgMyIm_NQJD8kBrj9SjaprEh6v2rpXGLqCLAFfAM--SHQ1WwXta-Cav2w3MVXT_sntwOxDfRIqSEcQmq1Qe-Wp8pZ8NXz9sTvjsBBvigT1dk-KRlDY/aj4U2-5GpL2iF1KHoQvm8q8Fwg6CJhXX9945fwvhGJQ),,,
lja-le-magazine::print,LJA LE MAGAZINE,Print,LJA.png (https://v5.airtableusercontent.com/v3/u/51/51/1773835200000/WbTgqoZnFml0GR4cFd9TRw/auMaIeYVIVngJgRpPZXOZ0NXd8Waxp2Q0Y1oHiyTxeHbk1PLUt6qOh77otCQp895vcJUtnSS1KkSogTxDuewa7FbVF9XiYJdnrIyH45tIRB9WQuYepycRpVO_q0zl91ylA9hRnfhVwroxdbh6FbYEw/avMnIpfx7JP3ESzEPQqvkh6i-UBtesyRGkrIU0NfOWk),,,
loyers-et-copropriete::print,LOYERS ET COPROPRIETE,Print,Loyers et Copropriétés.png (https://v5.airtableusercontent.com/v3/u/51/51/1773835200000/z3TuDOQbx9dxjO3mP2smAw/iAmSAkLyKs9HJxs9A4w1QYAG9BpKnQsqhyGXWQNP-PZDG6aD-sZHV9v0DZQySxRUimX5Z8CyMUwcS4TA20QpjbUp6Fkrr3iGm84_iAu0NS314utljelsegGrxHozMCkQOOJXCUu5Njh__NCUzW8qvenA3Tm5SzuFeRXFZ32pSPI/yt24cunRyWLs4x2ywLp4Cj09HCZ0WdvOhgIpyV8NREM),,,
lumieres::print,LUMIERES,Print,Lumières.png (https://v5.airtableusercontent.com/v3/u/51/51/1773835200000/TSdyRiT3BF9s31apCgl0YQ/wFQJKRFjNqGn4ke9orRR1vvN7LVErLHpMamzPbxpraSgPH2rkUUyOHbdNNVKuO4cfUi5oko9C6izgcoHd5QAjHcATrzeLdtDh0eXGGp3ugqVwAMLVCNX3jVbHJrslG6OI_AUX9jN6Ip3LbD-PG9SjcK2QHGP3hi1jh_0NkTSqWw/kJ3azhuuWslkQk-OGgrDa61RaQJLkNVsJJFQYvKxNyc),,,
lux-la-revue-de-l-eclairage::print,LUX LA REVUE DE L'ECLAIRAGE,Print,Lux la Revue de l’Eclairage.png (https://v5.airtableusercontent.com/v3/u/51/51/1773835200000/EWFx6bNzt0JvZyfFrGpQSg/LivnJ3gKaUbV2OJLWEuSkRfn6Kmo1ZbC4Q7v9b9P8Lp4J8yarer3N86ebcvFih2qJL1VxK4Ecz2VcedwAHPykI33JO4ONijE4JG8gIeqH06woZg5MNL40cTGxhQrCT6H9XuBZ0AkVENBlKGp5aItHMT2rHrfkk1GtIl3-RxKjMbYOGSfkSRnggArtcAamoYW/22Ok0vgAe-imQQHiOiJAtxlNLqor0Z0VRMJhh601MCw),,,
machines-production::print,MACHINES PRODUCTION,Print,Machines Production.png (https://v5.airtableusercontent.com/v3/u/51/51/1773835200000/UIqqyPa6-vcfxoA_hTOoag/bc3e7YnMZZvpRuOMtyXr2Dez7CJlkwuop76E7VfqeAdV81IV3-_5I_cgB8NPGs7s1CdF28xU6JBOtqXEeRlYd9HJfKu9yUpCFqOtGLgDTuhpkS7ChhawHssEGvu_nc8_OrMh0CIoNJ0_X99Kq4pUDGvBfROn3v1MmpDShA89tCw/5QE6_ycdKSXA80rI1fNgMmb-5Nz9DwxZMZ2mK2RUF-E),,,
maires-de-france::print,MAIRES DE FRANCE,Print,Maires de France.png (https://v5.airtableusercontent.com/v3/u/51/51/1773835200000/N5QJ97ObGr9zO0szsk_YPw/2Tr1TNqSPVXXSbQUJpovyd1KiR7aLbFX2rWH9UZ0rq4BySlzTJ7RT2eJed2Tyrz3XRVgLkvz2s-LDVFfNwzb9ZmljbEjAp7W2dDCkSPFu4BGFi9JIyMj5dF0lodVprbGhBBbN3scbSmwa9Y8VYoWibxMe3sKozyjyZDR98A6w08/BkkxT6aaUX3JcTY5mrdyF7htWFoTr_bTALgF-s_HIws),,,
mat-environnement::print,MAT ENVIRONNEMENT,Print,Mat Environnement.png (https://v5.airtableusercontent.com/v3/u/51/51/1773835200000/vRJDF1bo_ftFchfi5mN9qw/13-62hpvPs1YnvBJ30ePhKJjEcvz5E4PwGS0BkN-Cy31QD7GYoRdg8aMyCkIhaXEZwEgpRUONntEKu6VuCSa19tzeVa0QuvQ6nioSOt3f50nygBU31-eQoOEqBFEgLyc_3MtSumSpjP1g8o4_hZgJ0ptIEcYQ1kiYwfHKlZ7djw/8ZLBClQknp-rz_-6RLbaQWgMpC6H15jlsMGs8qVo9Ls),,,
materiel-paysage::print,MATERIEL & PAYSAGE,Print,Matériel et Paysage.png (https://v5.airtableusercontent.com/v3/u/51/51/1773835200000/O-Ygjk4OVVxGAAjHSPWawA/QQKZgVoCac4DIYG8rpSpv-k4fbYl0BSKGlkX8DdT8QvWy5nCOX2uOy90wPHXX7RNdASjbdF9D_PgKmbzfOHvPwJIYFZyVsj2M95_2QDVWqC6OGtd-Q8YrBPBpQQA-A5p-O1znmbqpmjROTd1xGGpZdJ4_XQAq4sbcWsyB3tih50/mDX_h3eXoavbAqhfgWY8OyevfalK7xMrmfoLVXjVSPo),,,
materiel-agricole::print,MATERIEL AGRICOLE,Print,materiel agri.jpg (https://v5.airtableusercontent.com/v3/u/51/51/1773835200000/ZdKfJbEn-zOH7vB4-UqRDA/bygC0rEQ53iBPBICM2CpZvINkhDoIIts2cR-z4Enw0n70sqg4VrIm7UswUkHRJEA5SuKmCbSVxRyb9mx_hUCRIz1grswZfq4n4SZu39BimUFinvs2BxBKVVmFRX3VR_Hf0gVEcPY8CQPisZSwOBmzY4tRV-RQaBw69JQbckHK3w/_5vfZc8yp5Vr7BHkQ7e5zumXBdSKYuDqG4dtlg1ejxs),,,
medecine::print,MEDECINE,Print,Medecine.png (https://v5.airtableusercontent.com/v3/u/51/51/1773835200000/5sxYocNQF6U29btwrfpzmQ/ScSLMPCEbCvdKxyAyJS_ZQNZ5XtPUoqBeltnJ1W8N8LuFpHLBI8cHxHW6QOXgybvgbVmTTYuf2mFCgPUwKxkjAlwS-CS-Cy4LIgkslmgm6zxgAAbu84S9j2p31CB-1B0YLNLQ5wk_jffbevOwWf4vIYCRnLA_JcrSblqs2B4v4I/B0MhuDo02eIQFocc0hCELSPjlzXVIR7MwVDrVT14U6o),,,
medecine-et-enfance::print,MEDECINE ET ENFANCE,Print,MEDECINE ET ENFANCE.png (https://v5.airtableusercontent.com/v3/u/51/51/1773835200000/Gw-UvESEYiOLUTykuNXmPQ/6B48c3vHkOVHBP58N2GtxS0CI7paADwWFqAa55jUhYhVNFS5kpPYoOKobPRL1FL-O9iCxxabGWWnrM2V2JFw451cZkJ72yFRLeY2HjRpjwotMir3HrfUkXczz-BmKNTbLDqrs_KUXl4oGD5wUn17M0V-4P8-3yilPWFJzXX3bVw/IJWvyQsiQ9VqLN8Zr5Thk9fRnHm1n8afSvhwx2g7UwQ),,,
medecine-therapeutique-pediatrie::print,MEDECINE THERAPEUTIQUE PEDIATRIE,Print,medecine therapeutique.png (https://v5.airtableusercontent.com/v3/u/51/51/1773835200000/gD4CzbMumNLLzPmDU-6RzQ/wbKYST8MPxoD-TlFnk-mpY1I_Yc00eVs2RPbxml7gQS82hvYCeFxMa8WmOwzYJb090wIMs87laa4MOL8tD3pO_opPPECFhfbDbanUC1o3xuAzxkznAe9K_QMssDWQlklY4XHWKYOVuMT9FprmFEkx4O--uz_RpVDpGEhKfR5OqE/DrpCzvEPUvDiPzDFojbjwhjJk1brJj4fa6WwBptTXu0),,,
media-cse::print,MEDIA CSE,Print,,,,
mesures::print,MESURES,Print,Mesures.png (https://v5.airtableusercontent.com/v3/u/51/51/1773835200000/_zp44Y546a_XSeslzxsDVw/d2SlsX5PlgJdML13RFIF-JkQ8-JDb7qHX-0aDGtzkcfx2F8G5P1L6GO40ITKUKdHzESiqtm83xEJDi0EgoDVFww2HCWPjDxeZ3t2t8hp2qPk6cXUPtzZzclsaLNi3Dhgq946qeLI6LiqlXo-NIEprXzXcyNtD7WjA1vL9QNnc_s/QkjT3dIxcLDK7rgXk-wpoNbxbYgBHDgds_URJ5P6bBA),,,
metal-flash::print,METAL FLASH,Print,Métal Flash.png (https://v5.airtableusercontent.com/v3/u/51/51/1773835200000/Cv-rJE5F0IAl7TM5s_BERA/ePIjw9DZDxcW03woj9nurIqbx_29HgvDgzLIOOZTTSOHxpySBscyx4qSWuIRa-90Q8wbq7Jdp8njlUVwix8cLFJsB24Ya_ZA8HUkyAs9xRiABpV6WvKsuHORRXJNp8zwhQKBmSdkdy0hfCFhXNMCQTkUb5CmiZl_zkd_m-Rs2CI/kJClRtzJz2eKoMENjvGQjuhluH4HvhIhkPH3BkApxiE),,,
metal-industries::print,METAL INDUSTRIES,Print,Métal Industries.png (https://v5.airtableusercontent.com/v3/u/51/51/1773835200000/ah9KljkRFJ-RwtGgWObILA/OBAtUcov51XtLvJGkhq2u4BwGM4tDK6mHcrMUdbq9QET03sOBPNfNyphRZt5TH7B0fwWAJr5EZE_ZdsyZOeOJXhAKeqG19pcXJEiIhhkW2XCItfcdNQVyYGzFq5xoro9Bk7Vc1Zm1vpf5wHeNT09lFIn4k4QtyYAMWLB3GoIzng/dZ29Z_0rEzofBXnAYqkSbh6RKdL25Ldk7Z3cCEvw6-I),,,
mon-oeil::print,MON OEIL !,Print,,,,
monde-de-l-epicerie-fine::print,MONDE DE L'EPICERIE FINE,Print,monde de l'épicerie fine.png (https://v5.airtableusercontent.com/v3/u/51/51/1773835200000/EBa_7dYZeygogznr0MDGNA/WB86W17paar6TZ_OeS_dapEqTmns1eLFJIoUeKA2SEJKgzNWGV4hYAGdgxqSb-swlaoDrKsJk89rzQyDtN7LaNHewchjqrfHhMml2lT1wxMbmzPGWN1RxgjOo4XPcXJSpCdyHhAASrXy8o--pbo1Mbw4cvlQIhAdWgvglUqAXJg/yT3lKvX94mEJK_-i15gOTILBqb5EDy99QzUVffuLbRg),,,
moteurs-reseaux::print,MOTEURS & RESEAUX,Print,moteurs reseaux.png (https://v5.airtableusercontent.com/v3/u/51/51/1773835200000/nB5mFaVYVfBeVK0uRETKTQ/L5JEA-tA8gPnLKKcz8IHmu9ZGJgN8jlwcWsIuHVdYH2R2bzyQWpdZ6MMCgKoR5wOR3Jl3LW4RCZohHTbjWJqAnRZ-T630yJr6ISuWmX-6nFIhS6IYwAGzIdIMk8Ev-AvAgZi3DyWLOy8Tvg_fFVJLRlIZk4LPWtm2JX6xIttj8U/jO9YaVevjt70grDilQD4dVIFRfYBMPfuGHEqQBUhgwI),,,
nephrologie-et-therapeutique::print,NEPHROLOGIE ET THERAPEUTIQUE,Print,Néphrologie Thérapeutique.png (https://v5.airtableusercontent.com/v3/u/51/51/1773835200000/F3KoZdWxsfDL-vUV7gqNDA/FWAt4K7iSzle8CMs0UCcPJ3gPT25OPB4BxF3hC-X29jfOQ_nIU8oZp5RqnbU5ZLZvxoFpwETxjxo7Nj_3q2cvHtQjTZ-1PHMStQm93nfVMeJXUv6n3Ylq4b8Y3olBxN-DQh_7W6ZsvwZS9x8dOhlFf9tRMyx-8XzIX_CDXhaQBUsq6oAMM79JVBC3qW5qD94/-BVPs9Mzqta-RIWqt4L7AIOsWe16CoZ6Yc6gsp7uYZs),,,
neurologies::print,NEUROLOGIES,Print,Neurologies.png (https://v5.airtableusercontent.com/v3/u/51/51/1773835200000/38AT8xxxVDHJjPa8aeAxzA/0bGTXUgacSqNf6sfuXAhIkvyg3EP9S6etx1607LcCjTjSUq5BQ0GD0r2tT6hDmgXKs5hOcsrkO7KiYRs2AcIUMwCvCrHIMZYrCFSsoVRP2dh2fAAVI0AtoilcPmscrhVfiuAswIVGPgIs1tn45e--ugOcu-urXZkH1_VIFubb1w/WRhX6GU_w_HtLIyD4N4qYYG4G3KvCATi9B9AfATyBOc),,,
neuropsychologie::print,NEUROPSYCHOLOGIE,Print,REVUE DE NEUROPSYCHOLOGIE.png (https://v5.airtableusercontent.com/v3/u/51/51/1773835200000/FXLpCbkqVtgP3xc0Q6z-hQ/oBaqzRorbtfe352yHMPraeOVPN6nfGLwYqmWO-ENK3xhVVZ11ERqQQHbzDzLaUCE2GXgkq-HmLc9Ku-4-4ubwgdV7rY-ekyMMcX8exoBpHnShOXSaOvqltOMgNzblJkRkRnlwnF2nHuSkcrRKBP35jrrJkuajqjJB9mhGjTM3pEY7JyWcKdI5er0mE2ZmX0k/NZ9gaMiDL5oOjUDsPbiqx6lwzudNz5IAQ6QqC7_7dIY),,,
notaires-vie-professionnelle::print,NOTAIRES VIE PROFESSIONNELLE,Print,NVP Notaires vie professionnelle.png (https://v5.airtableusercontent.com/v3/u/51/51/1773835200000/0Nxn1VuAExBHfPWbovn3Og/q-1ZIWeDcDGvCp6clsCzlPFXGzRbNy28RxLtADnSOuB4Ejm_DKwCVrfBC39IflwfZ23AnjgrWGpLDGl9KQi1dhmOCcW-13_iZg1pkBIm8ngzyXz6AvutA0oHD-MKVGj6QVTvHLOeiEaL9lOsJD6fQt3hcCK0DtJpj3yTGdVfPPoB_tqdf5TTN63dVg4VVdbE/TZbMNkoFKqLK4vT70CMDys54YsqqC1xUCaejBfJPSPw),,,
nutrition-infos::print,NUTRITION INFOS,Print,Nutrition Infos.png (https://v5.airtableusercontent.com/v3/u/51/51/1773835200000/svkN0qiLvYAssf-N24tkFA/RFBjH6Ttvka8ZxtaAKVPSdfO_YQEmO_U-6JLYLek55qzaZd-inRfh7saEPlRwyCbhhIixlNGFgX4cICi1XJbiJGZ-BBmAnfMlUZ-ORXEB38zCnwa222eqnLuYqWwtThCaNmjtkT3f1RiVGD651ST3k5FNbO-2_QD9WhgeEXHuzw/kD852-nj-dJqbUwpHryOQm_ir81cp5HYKs6yFK-p9uU),,,
objectif-soins-et-management::print,OBJECTIF SOINS ET MANAGEMENT,Print,Objectif Soins et Management.png (https://v5.airtableusercontent.com/v3/u/51/51/1773835200000/P6788L25PEeb_XCPPiUfIw/dcJX-JTHibdvBHjDYgE_-Kp_SBO7TZu7pr-O4r99r-n6FwyTTk35HyZhJLcARwi7t1Sn4oEW5I7sAJD4bVlWj_emU4UrcA5W50f_Yg829i_mh4VxnRn22CEgZU9bPEhQwR4wSBuGVMNTIjfCG5tQgcBwAvlTef-eislw1ki_Vu-3nZQJ4G5uHlbYIQpfCT75/6LX4mOuoG5Se0QxC1K8v9LGsAyDWITf9YCm3vK-1BpI),,,
onko::print,ONKO +,Print,ONKO+.png (https://v5.airtableusercontent.com/v3/u/51/51/1773835200000/sXpAaxzP5WSyJ05BS9jsUQ/HY5tpZtXcuJhvqiY70_fYRx31UYV07_9I5IsyUG1Vz0K5txYaHGr5Rf1jXsDpJtVCGJw6RpKp3k8iVfzUyrcGOojz6VJzMnc1PvZpbYsmyEhORrs6ugomQCT_bnEGu1icgLvRp5lqb_Cl5xbgorf4A/Di1twh38-mTyKDBjl6OvUZGAAyJj_6EVVWcJqfM5_S0),,,
opa-pratique::print,OPA PRATIQUE,Print,OPA PRATIQUE.png (https://v5.airtableusercontent.com/v3/u/51/51/1773835200000/uQclZZuXA8dpPOc5YD_OjQ/xxaaFsMCpuJ0obWTpKbe2tReioJcgfRoFuLm1KgpAEd26qImyLJhE5djKATzsNGXDdZDE7sRmvj5PmqESUhaACnooCrqbzAfzLynFUNZztw87EyWqOS-YGNFoBfnrXRVy_G69oGwcu0pAsSG9R6uRzfYga24VTYOz6Iq588XrUk/uLrFXWWJ9kMgN4Ne8vPm4-bMuIrQrihFb0QMPnSbmeo),,,
option-bio::print,OPTION BIO,Print,OPTION BIO.png (https://v5.airtableusercontent.com/v3/u/51/51/1773835200000/gF9bHCZJdDahyRf6ZEZ_gw/WXQV-16aWkpVy9lEDDgNDiyudYN3expZOMCf-sSJTqctmtDpO_YupDVtRhr8Rz4bcJUYk7ilp4cgDSIlRl9iyvKRV2GnxtGdaXrfrhA0v0RhUl0vc5vwuEY1pBI_rZZ9Zwd30aW9ktUQhyqZ-bvupbhbLgR_JQMIBGbClPcN5Is/89XPWpVAl7tYah7CYPoNQJUEPiui-Ljo2FYsIbFpbos),,,
option-finance::print,OPTION FINANCE,Print,Option Finance.png (https://v5.airtableusercontent.com/v3/u/51/51/1773835200000/9egS3MiKE9UyIAkkCzTm3A/22AEso2Io5Pw7agTgOxKntQSTKDTuxkKMkA40szA1bMzRuBKVFiGVgj0ogMs0If8eTpoqnZkredmBcMr6pIFXqnEeaF_98Q_DKBe1xvhAYCh9AX2d3n4K7sJkujwynrMiHEPgLdxK2Cg1FGQV1dBNyo6kN1pkQDdjwoGFhtHLXs/xvVgFA9Zdiekgfa9QSdI4tzae5bXf_r6n4Q0yslV3CA),,,
pediatrie-pratique::print,PEDIATRIE PRATIQUE,Print,PEDIATRIE PRATIQUE.png (https://v5.airtableusercontent.com/v3/u/51/51/1773835200000/jYHEox_ftMhTbNVbUBGJBg/bmeFjJtAyUPx0841PWChjd5K-GkGkaxoKyH4hxrGqkXtJOE8BKformLoN8ZYjH-dkew3vaGCjwQz2DUuh3Hb2MMkbkPot0EoZq2LsODtdSuvssd6o7Bb4j9UiujHcDkr_FXrPKpF-o5BWp1DXAFVf_WQeBzNOjDFY2nqgEggIXk/PvBsqITfM0JbxLdA91mXUnEmg-m4jelZCJJ5uyW9YCE),,,
petmarket-magazine::print,PETMARKET MAGAZINE,Print,PET MARKET Magazine.png (https://v5.airtableusercontent.com/v3/u/51/51/1773835200000/9K5nPjV1AqvXQ3s1wicHbA/pVoKsWpjkOsuLZ4M4M_JfqUbGKjmEemYQKXFFpXMDyt8b6ZUmksxK4lkjqex9oh0Us9fPyKFCXAXBlVmRhN4mrYaGLNRx3-KaelscKGaN0PH-RTEMfH5FrS6hkq7I_ppRKezCLb3Nbr53j1ydL2wEs6UmLpfk7W6Kw1UX38Op6A/albVkz2dsh6gPZ8J_jUlvdT7N5KFz8emxQjEvRAq-Ss),,,
pharma-365::print,PHARMA 365,Print,Pharma 365.png (https://v5.airtableusercontent.com/v3/u/51/51/1773835200000/nbF5e06eudsRxfVW-nmpuA/SXaq1DWXorA_L0PUrWZPbt-6Oexdf00imLTVArFC1seoAx_Tm6y2WMJdeuuBUzNMhH4tgSA9dYN6yPxi4U8sMgTeGJ-crA3yh57gJoQuszCzeZsm9kGWE_dhqs4HNFC7i80qjv_fTa4_oqwn4hS1JsCZiW5B-4Y2Om4McXysfVs/E6Q0VYQfrL2I4fYpEy_qOIJSYyNHiDxta4PX7RIMhCM),,,
pharmacie-rurale::print,PHARMACIE RURALE,Print,Pharmacie Rurale.png (https://v5.airtableusercontent.com/v3/u/51/51/1773835200000/S3QC4G0pD5wptjShdiYoXA/089Lz91If8lkeCW5a5kpLZFnNlyP3KSuMyEQoaapqLq21adKssWO-WwmZjdm4s-36DbswbcvMeDdBl93sE9TUC_gU9vN2sdJAVQMW-Z21dGPySh7lu4fsFPBhz9-qNledZtR8IleKtgWQWuf8wq9xeIWOTZZ8i2x_vkApRNch8E/Rx1UeTF4r_-29O1Aq-3Pfulvntp1Xat3zoOzFM4Xn_Y),,,
pharmacien-business::print,PHARMACIEN BUSINESS,Print,PHARMACIEN MANAGER.png (https://v5.airtableusercontent.com/v3/u/51/51/1773835200000/hpN3KGjjQuXSgw7NVF2jpg/GkuzM4zf1ukbMEX9ovn07olUXxblf4QfcuCytH-cl47cYf06t2wjwADjhu4Gn_YOn7ukEYikdon1MqtxGk34LbBBeN-oI_8NhsfONmUa79mXEApytuIzl4yWmNGVTmC0Jgl74DZ8A369ukueWs-FUFJMyKtTHVY2SWgapO9JOJs/-vrX_PFvyYB83V2w_aAHbG8WlmxSwg5tTy28f7DNvL0),,,
phytoma::print,PHYTOMA,Print,phytoma.jpg (https://v5.airtableusercontent.com/v3/u/51/51/1773835200000/cEAzH3an1FK7GE-IdEUiRg/OALUD78EsAgfM-pCXVg4-VYfTAN_jNGr04VPIFSyEBD8BhDS9UqOrNbGO4cYKECMtG_0t83EHH--P5XFjudFtIjzElz0-emEgudJ985VpTW-908VehZbHKNH-5oUYrEHcL2Xbm8tZr6f_HRtb1ENIZzsG_6NXsGUF_b395c5cDM/-7DdzvyK445GPEQAn0yr8KlU7lEXYzngJddWClxHfcs),,,
pic::print,PIC,Print,PIC.png (https://v5.airtableusercontent.com/v3/u/51/51/1773835200000/zZhkC7e56u9VCOn0PUa0ZA/1uqaqSy3uqLsISfCpWhalCkp9Bs6wAe1Ye7OJq-w6q87K-X6hmsmYHOvwQiZIOISdzyX3ikDRCiklM9C2mbOCqRXqnLgOOV0dBN6_TyIgbcXtNaMTW5AWJpmoKq7gUUw1I1uKDlnA3pIbsT6Z0xPzA/BCA8p8NO-O1xCUFxf7Jb9ynWA0SYuqLWvNXY2WOQj9c),,,
pierre-actual::print,PIERRE ACTUAL,Print,Pierre actual.png (https://v5.airtableusercontent.com/v3/u/51/51/1773835200000/TTeItbrWZpzDryhgL0X7PA/bQI7EEmHtuOMcopkpz8pReN43T2F-m_A-n7QibixUyc20noXnxW5hZjzJ0WgHsHY3ltVFd-jd0sMfVi83J70nZ9rlPMOYaOuG-YtmOzQjmUT70Tse--cHGC4Rj4-NB16CSgpmf5vydntW1R2H3RlqxOgaz1Hai049lymXrHUljE/AZnAv2lqbBma1ygECC_vdTdBzB_eYQaaPXAzTeifOWw),,,
piscines-spas-jardins::print,"PISCINES, SPAS & JARDINS",Print,"""Piscines, Spas & jardins.png (https://v5.airtableusercontent.com/v3/u/51/51/1773835200000/VBUAjfacjYDl0eswBkHn4w/y1P3e0bH6zTO5TdEnEPcwe-38mIdaR9y3k60D5S871O_Hhpw6k2mwjrknQtJaSX2qNO7v6RcWQpA1H8uQshTPOJBAeejgS2IxxywWeBnGq_r8mtIBCQKFOvgGNZkNG1qlgCZqLvCe-wowJRjhcQHg0kg5jwQHsf7lqk7Agg3wOI/EDfbAGe19NJJ_NPkIw4cVvWeA8-1TbGlJcau4UdA_kU)""",,,
points-de-vente::print,POINTS DE VENTE,Print,Points de vente.png (https://v5.airtableusercontent.com/v3/u/51/51/1773835200000/zgmLuk0V4SNn-siz02j5rQ/W4AJ4oo9TeH33nCMRxC75mqCdZpWJ5uUdbNhNve32gCNA7M9PZvUPv4aCaTCfdVpbA-ywmdcLih9veDaZO9WcgHVuC8uBEytWq-SLaGDkauZ2jVHpt5gGfaH9_nfcovk1hBuUnpTXhBqDCgSBQf0mnpMVh_0CIyFL2zXg6E3o3E/DVZ1m8zRffRfzxc0oY9wVcVzesYODuxrGa14sFApWOM),,,
porc-magazine::print,PORC MAGAZINE,Print,porc mag.jpg (https://v5.airtableusercontent.com/v3/u/51/51/1773835200000/-Yf-kJpI4XrVU_80P2S1Uw/Ammy9y8UO1LoCCT8wdvZTMZqJYwhGE1MGwBltDfS2Z0Z-FqAEmKrDoV-S2YDwJZWuf83vAQ_GH_4I4YvelWcWuNoJIbDCDFVLDKYgaelN8G0ebbwGm3z-pyMq741uj_8tfv_6eiWEQcdnvLK4ouVhkrGk0agOWbzF-uI3p77PgM/omkuepaTkj7UQzAs0v4KEwIVUXEdfjGZ9MxQS86v1Yk),,,
porphyre::print,PORPHYRE,Print,Porphyre.png (https://v5.airtableusercontent.com/v3/u/51/51/1773835200000/mGolKTnDd2GiZipuaJZk5A/4BPN-mON2Jw3Jpj89_0ni1CPbR9UYJG7jLFNmQCoISnMfQxmIKD4B5pGRo9d0p4U2kCIYI2gNKvGocIFR0T5kiT6XjM5QXbLOw9u9qUNFHZ5ljO9XaZokteD-Swmc5kEe2fyZ4JzBjjEfePReZ195M71q5cMPiE5HVpp1LorBL8/tiPCJWToHKn7uaPgY86Tg0aj5JfUe-gxIstCSsdQa6E),,,
prescription-beton::print,PRESCRIPTION BETON,Print,Prescription Béton.png (https://v5.airtableusercontent.com/v3/u/51/51/1773835200000/sE8utGHlIgpMKLkzHwFNPw/YH9qHUxfCcJ1hBbf_DlzaWAazpajC6yHBQrdWntG2sWMhFpMfcBtv9MSXlFgtYGMmU1VzdIA1C7vnA1zL4jjgImUTpMxE2ltn7ztPGCyM6XfT_T0ByoPI44XJE-MwXuR9kve4cBdn4c6e52RiYPf0t3ZxYNT0vOfT-PQbJTXehg/QsFSMhLa9Fdv55SG_poBFxwmTAawRdDXio122-FRpd8),,,
prevention-btp::print,PREVENTION BTP,Print,Prévention BTP.png (https://v5.airtableusercontent.com/v3/u/51/51/1773835200000/b5yrbAOjFLBzYwOyQutITQ/SrIHjiTuccUoS17PupwGytYMvbt07t66FCdDuN64cb_tT6mYdv2IIXtFGJeUfsx1bf1sOElqa-E64JuqpxniiYQwPg4_41LWuQxl-AJrgeAz6vny1DFhJiTJpGgRR3-1Tl-LcMs3xqgB9qKvUm0ibZ_KTPRVaOp14bePOVG0z54/yoSSi0zoTkYEY8CwlaGqPPJXSlD8Ok4MkS2tYBjSxn0),,,
private-equity::print,PRIVATE EQUITY,Print,Private Equity.png (https://v5.airtableusercontent.com/v3/u/51/51/1773835200000/6LHql-16a3bZg8SPDUGYgg/_YSpTc3N_VIhvX8Wtq_ehhIKKpGq30bF8LMbdAVDSqia_ioE4z5HtZwR3raOeQEGQ-VMEwxtGMVJQs-dty9o_NirV5fd1YzJxjdEuTHrKOBCmP3GnNuOsBykO7nUigTsjHVD9qS2TK1hsbS5bZsQ7WEUsTsC0u4pC4Ssv4fUfww/elhlNIJqEddvKrpSddULGEtE3N2ptLdz0iQHZ71uFxQ),,,
procedures::print,PROCEDURES,Print,Procédures.png (https://v5.airtableusercontent.com/v3/u/51/51/1773835200000/HfccZgPnIVpZZZNN2VDrTA/d5mM7niCWT9cjQJDo-9i64eYxbKboeI9IVqWLajh8kePrtD-C_T2VNMI-tf_2TZMBQbQ86lxtbGOOClVQi2htMkmVyXWkApcJuhoya2NLh0l0zeI5RPwEFPZ1ASSbeIRNBq93jVXiEqGPJSv7aLIMyxuipA_F_8ZqL5AuoSp3Ys/kflL3bgkkkaFQVP74p11bMvJRtgfFxPryGyzpY6uRA0),,,
process-alimentaire::print,PROCESS ALIMENTAIRE,Print,Process Alimentaire.png (https://v5.airtableusercontent.com/v3/u/51/51/1773835200000/5QZ58u6gTFOcYJww38kN5g/dTSBM6SVZCDZd4VWy8pd_izFQTyA3la6c6-ldoGtZOYEaOr34ZRV5MUCSRkJxlkilJZU41D71qPYCDKGxKUNQPjGKpCt9-bZSplV1RiywQNtuQw-kUpspeYmvVUoxnBr5C_miIozDKtt0L9UXd6cUVz0VNv_18QlIdrnEQ7iO8E/kjDQ1HuOuh5W9ZyHT7gXpAno6HnzgpjTpQ5u7KeXVPM),,,
production-laitiere-moderne::print,PRODUCTION LAITIERE MODERNE,Print,plm.jpg (https://v5.airtableusercontent.com/v3/u/51/51/1773835200000/ecOs9ZScgRHR0hmBv0CPpg/-DPydnA-I-PcDlkZ4_LXxyUdftdb8Vyj6xijD1VZCxl8_cn8SUfk0Lob-vu1bCxRhJBLp2XPdBScWHrh8u2f-mwDouZkqkNAGVlmxSNYSuP02HRjxoNcEpa6hJj6xU-TKlyCN0ncAKnlsqKgJAvGnQ/X3B7Dr_Ixg8LsDrl5pPC-57hhwL-k60qsaMnXrFFbMI),,,
produits-de-la-mer::print,PRODUITS DE LA MER,Print,Produits de la Mer.png (https://v5.airtableusercontent.com/v3/u/51/51/1773835200000/rdjf-0WxsEpheGEa7zyQhg/Mwl_uh-7reLL6lI8aDa4R5HwUOyIl1ffP0Sj_ROh2YwSA4DJAJkP_qoVdU_EApngT4Rglcaqn0LNa4gClnZbl5RDwyRX9PJVn4HS3m4S2Ana_2kuFls_ef0xdLIDG9H0MPqY-t-eEV9oNVPIQ6IGmmYICqQyA5Su2IcWkt1_S18/e8DzmGIcWSlWzsRSJKDVpZ8N9Pa6bkslFjyUJWCoTAQ),,,
produits-equipements-industriels::print,PRODUITS EQUIPEMENTS INDUSTRIELS,Print,Produits Equipements Industriels.png (https://v5.airtableusercontent.com/v3/u/51/51/1773835200000/na2jF2naP77ftPB5QvmcPQ/4SxczSNE0XhYTNSj6PBJh96iWkAn6GYLk8hGuOyRT5n-9bpQRdSGASv3GEGdmXW1lRTF8c1DZaHWrn7250KUhHOkLfXxm4sfn1AX7FrtPeWfkDpKHfstJqpH5kNSsEilLX66dhdmbG31BjI3pmQAldqGet9M3tg4utCutagjQ7EuOM33eM0aQFEgMEu9ih_J/UhcclGjji-jg8spRdBZRiVLSrjyxHdQ8Wqyx_tPQGpw),,,
profession-achat::print,PROFESSION ACHAT,Print,Profession Achats.png (https://v5.airtableusercontent.com/v3/u/51/51/1773835200000/Vclp-fhqoxYAcXn-M6hczQ/U7ljH1ghNSpvebCqxylU010veU2KxblFZK3BcSqytxa3psX18YueOle3lBWiRzKl13JVLVENU4eBrbXjLvRtXpuMm8X8gVYBptjtrUMBjQYd4BQ1cPOzzu3soU2YYqCDebSebcNMZzid5Q-4Yh0TBsPEa7dOfSIHYFyqQl0usPs/EOHw1jEZL98CtOtsbuJLQozM4yz_iix_TeJhlI_cAHY),,,
profession-carrossier::print,PROFESSION CARROSSIER,Print,pro carrossier.jpg (https://v5.airtableusercontent.com/v3/u/51/51/1773835200000/LHeH-iNFk_BpP_gfidjisA/IangPyGy3q0AHE3jFqkJbUjB8X75FUp_5xSakQQgB8szXM5k0o9lxDz1_qtB5eCyjFRNlayYTS0cIo8NpX8fBYHD9TH4hESO6jDNvx38M3AvJIqpeEZlEAK4uAnI8zk2nToPmhIHvwaWLwhnUsMygMEDLDCvSp1fjqxQ0wSp4ks/2-eyZc5okCHFxko6i_HFNyUnIM4F2cmXgZl2KKWb6n8),,,
profession-cgp::print,PROFESSION CGP,Print,Profession CGP.png (https://v5.airtableusercontent.com/v3/u/51/51/1773835200000/uo7N7NdYKlGwuPJW8o6L_A/w5ohVKtORVYnj_hWPUtBhJgPeqQjuiFY9JmJwDgiDvIozJbhH5PEVcHTTXE478P4y9QKFb4-FcS0Prs3P13J66N-eQm1lZpqRKM0wQL_MmRGZvTvTswra60rGqT8e5EQ8J-iadShSaLstEdE5Q9XJbSFCfq0EZ4rbipBRX7W28o/GBwJi75LJ0ziD9NwCijWlUZE-AeHTEp-8xlDW_XGB0Y),,,
profession-paysagiste::print,PROFESSION PAYSAGISTE,Print,Profession paysagiste piscine spas et jardins.png (https://v5.airtableusercontent.com/v3/u/51/51/1773835200000/FtDZICAPFzgUH9ZNdyUxcw/Ssp5QJ_7ORTXeXvTlsMpC1zkFtS8cvmUOsdBA1PzpCedisp2b5i1CSU1vCFlDZjW0KXxhKr-oyzzmj_XQbYiV6kW_1ktXBZnlaasauRXubxOYMh_-Gr74lx5JTeT9_30NGNuow3vaFyVqcUy_G8CZNNG0IeIc7Bjc3XP-uxBvTe9Z_qgVu32Ix4D51W9RZ_vxNm6BR-UvF5q0Gw1TjS2ZQ/ZEN40j7hDUlxkl3Ox4XoVIZXa_X3jZtsN9gKLns65D8),,,
profession-sage-femme::print,PROFESSION SAGE-FEMME,Print,PROFESSION SAGE FEMME.png (https://v5.airtableusercontent.com/v3/u/51/51/1773835200000/xMoogtmHL9nAnWGQ_Um7_Q/gqPWjURZGVLbmT5qMLBg2p8DbOpHTWQY06wjcdwz6Gu5Qg48LtANWfpRBbpx4S656HxPpTJ6J4kxV6_wPa5_RpFlRVyH8IIxha3bgyoij_znwyJQ0J3u6Y-9cb6XBLxUSt7GHGGTiH-0CGPrzYWq3iv2JDL-T23ojAuNzpu6jxQ/fgShilyCGVYtQsnlUOlO-W6oWOTZV_biBVkBfWcMIx8),,,
projet-paysage-s::print,PROJET PAYSAGE(S),Print,Projet paysage(s).png (https://v5.airtableusercontent.com/v3/u/51/51/1773835200000/X-IoV8Hpi3-L9g82wwHH8w/KibFJ1yvX0vZUlHdVgWEagBzfOVtMWOrNBZt6IugtLc1XdTq495ErvuXTesuf_EzkV4SheFBgyqON8Shq6Me5PhuVPdUNAYzKWttwmo5smEs1UfYIrgoyom9iBHg0fq-jx2NYM9xBbbmAeuC5Q4GA-LA8d0uhDIE5vmNhe626NA/-HIQQdpHtM5SdY2fRqv4IS6TuMmD58z7BNCS00YVF3o),,,
protection-securite-magazine::print,PROTECTION SECURITE MAGAZINE,Print,PSM protection sécurité magazine.png (https://v5.airtableusercontent.com/v3/u/51/51/1773835200000/7K1pitMsn4TF04V-7w5Neg/5HVMmr4HvRdSbDPubomh_EjXCoCwgaeyJpgLsoEq9t1bbJ9IWCrP9mGXIXzD_lO0u8WDNYJ04Yy33XcukO0CO2ZCzAyMqf7x8Gp0oVNlaFH4RMhkuC2RpIPcBTRvGnFBAK-DPylIugcDYyLO2KXikGmZ4fTtlKJSWeMwVII8Ug1lxAaXvEWu8SzKLOBYnGiL/COdHXr9GIezg45e_vrFEwTAxSDERkcEzTk9VoZOxCOk),,,
psychologues::print,PSYCHOLOGUES,Print,,,,
rayon-boissons::print,RAYON BOISSONS,Print,Rayon Boissons.png (https://v5.airtableusercontent.com/v3/u/51/51/1773835200000/qqTOwBNMYvj6BylUPy22Vw/XIhNGa99ejcia77-rvMbWsmZ92450CttObTHOWsTf8d2nvQ54ODi5LuOqA7M1vhFV7B94fMf15t-Uh2mDhfcFHoFO89S-tZ0UuEgR5H1rZ1fOZIUBGRnxGaS5NMBL6TQQ76xcN697WL09vK3dZi-8JX8mi4pURGQdcGoOIjVVas/Ipf6maPE3OlVWpL6P-qv6IB3I3Abpo1gaawQFu1zmYo),,,
recueil-dalloz::print,RECUEIL DALLOZ,Print,Recueil Dalloz.png (https://v5.airtableusercontent.com/v3/u/51/51/1773835200000/Ov-6GRpnLq9qgOfYvGKizg/BgNteJuSy2i3o7NGTpBcjRbt8SHQUKPWmdv7G3RXmW9nZ1beoEEYaLlBZukNkhoByb7APSM-bzpH6k480T75PiBzVUEXauA6WUgWjju9KftKfR1Uf2PCbpTrkVdSVKm_CcVkkbK1fFK30TFBkNhA2o9uBpDJikjDU9x330x8MK8/y5XxSXIsl-socA0ieIo1v93ihqlm6gQgt_DniXgFJtg),,,
recyclage::print,RECYCLAGE,Print,Recyclage Récupération.png (https://v5.airtableusercontent.com/v3/u/51/51/1773835200000/z6uJxDyS8fov-UoFA691Lw/RD1VR_rI4KAevl5oIZ4VHIrbAUN6tTrgvCm88mu_nWlShuM6ZpdMMmbGng4IOsz4MHnmvcjlADLJR3vBTxYfunSadjuyvLW1SGXqjaEzkt_kVi3O5dXZ3kbRH2IFbaZ3SPKCGxzGbIYaosg-TJ7G4iaovG-9G0DZzhKfG8R5fDw/DXVphOgcHC_bdqG-2bcfavE8F5bifnysKnbUyJEX7VE),,,
reference-carrelage::print,REFERENCE CARRELAGE,Print,Référence Carrelage.png (https://v5.airtableusercontent.com/v3/u/51/51/1773835200000/Erk2TS2hLQnpKNtqnMoROQ/1GycRlTGeDY44T4dc5GMPkbvAne0zVfOYqrn48lIcxi1u3PxEYSSwi4l6eBVvJHCKOirMru3xNS8nVXrpdBU8vHZweSElyof9xybDNRAYjGi0jDNfzFVIkC_QubU9c76ZZ6Fpo5a2G4pX534UejH3yjSthwZ9hhrQ0DiFlEmqe0/KTkPM0bQ6jjAfX0wDTJQhEpNfPbvG1vRjiCXZcqCUSg),,,
regions-magazine-collectivites-locales::print,REGIONS MAGAZINE (COLLECTIVITES LOCALES),Print,Régions Mag.png (https://v5.airtableusercontent.com/v3/u/51/51/1773835200000/kQ3LAPQEm-ViGFKj4aVYzA/_oQkbUMcZVq1yKUzTnMSn_sQJv_CcC-pqH6DP0qzNNaMhH1tsmxgdUvGuYN2tiCYx-DJF8L2kdqeTxL1X6Po4BHRpnaorUid-LA74RVAjLD3bjGtngwDNuOMSOn-7SmVziZkf2vZ3Pa6m7_4mtatRtPulEVpjpoBGCBjtzxcWHk/HUodF-EEoytHbiDgbf-9BOYn2Bw7FwVpCKqv435JtDg),,,
regions-magazine-dirigeants-de-tpe-pme::print,REGIONS MAGAZINE (DIRIGEANTS DE TPE/PME),Print,Régions Mag.png (https://v5.airtableusercontent.com/v3/u/51/51/1773835200000/kQ3LAPQEm-ViGFKj4aVYzA/_oQkbUMcZVq1yKUzTnMSn_sQJv_CcC-pqH6DP0qzNNaMhH1tsmxgdUvGuYN2tiCYx-DJF8L2kdqeTxL1X6Po4BHRpnaorUid-LA74RVAjLD3bjGtngwDNuOMSOn-7SmVziZkf2vZ3Pa6m7_4mtatRtPulEVpjpoBGCBjtzxcWHk/HUodF-EEoytHbiDgbf-9BOYn2Bw7FwVpCKqv435JtDg),,,
relation-client::print,RELATION CLIENT,Print,relation client.png (https://v5.airtableusercontent.com/v3/u/51/51/1773835200000/L7YWJ5VPiXG9pTleBlHJWg/3v_P1R0xSoJ7BBOE-Hf4M3xsZedR5lXjckousDSzFKaIrl4drtlpcZqBpgwZ6PVu-Hwwl5JEhLk5AFf-0D6U6Rzn_DtsV8b5XOVS8lTn78KT1EvPlwkUrRj-admG9gYyBRRQlA3HcNvnCviO3RucIIYabmJuPgaIMz7jdkKtSuI/xxscIUfw5JzfXxnGXnppwAISYxdp4a9OZv9ghnFQP5Y),,,
relations-culture::print,RELATIONS CULTURE,Print,,,,
reperes-en-geriatrie::print,REPERES EN GERIATRIE,Print,Repères en Gériatrie.png (https://v5.airtableusercontent.com/v3/u/51/51/1773835200000/PeQfZUYmkLZa9u8gxW_w3g/r8n81K7wPQMwPnXcDUYJszO8eMTHAcefSex8o5kxtfR_QMgadBCahGCYDYKmUlZAk7kbvfrNf1-1zNmyZWmy4kM6wUYLjrZvO8WmjlT5JSdgYO5C2LVF-dgtmKfDtNgvHmdSaYfe4xPFkwniceRpqB1tb9j8xNLgnRjZMbeNUG0/8iG1KEksH5Po8uYDTOcqYiOO3c5gDNL9-u0HU6mOyZs),,,
reseaux-vrd-lignes-canalisations::print,RESEAUX VRD LIGNES & CANALISATIONS,Print,Réseaux VRD Lignes et Canalisations .png (https://v5.airtableusercontent.com/v3/u/51/51/1773835200000/NrOpE9lpTGrWDl2zw4g6Pg/gGeEopcyHO_69euht4WNvLZOualiheMT40oFbPp-5Q-cG_8IEALwpdUIA7IP5kncljV-eBQNA1j7zH2L5j7P4ZQOGPdn5m08jCHuTd1-8o3uh9fK9Pg8WI-XOxR4DcdYbH16YW2gv4zdfLt3-D0QlO-8e0zmBdRK2M4BY_Mpw79Ug40o6ARlHItIs2EDDH5a/cdolHbAZ99NPmG-BNKN_yia4C7q_rOULxC12RMqnbKU),,,
restauration-collective::print,RESTAURATION COLLECTIVE,Print,Restauration Collective.png (https://v5.airtableusercontent.com/v3/u/51/51/1773835200000/F8xgI4AP9Q5dIkT_o3cPgQ/CYllY_QOsKU3ZauVvcv5Lchto2jwhiBkJvPCmFO7Q2rXs500NvTe6-EMxxupnHJwuJ4dIXlxEXbPnSM01MbsEE393HZtt7XR0McuOy0Sn7nlsjAF2nJJYQ95gllFNFQ36fNCp8s7SgolHGHP459lPGGWIs3EyeZwZ6xWJN6LAt1XKhOOTExKLA-1rCSA6ts9/0lWwKm3EDtIM0b7xO3PToyrx_Tb6MG-MRxpvpsw_gpU),,,
reussir-bovins::print,REUSSIR BOVINS,Print,reussir bovin.jpeg (https://v5.airtableusercontent.com/v3/u/51/51/1773835200000/djs15ZpAfOzdSZCi-VGsHg/Hbb_eEhVXQgjefWMPn3QxGvGpM1N1jfx3IV1X2ZRxA5AbPRCJqMYJLUFbpOJz_Ax9VHHf1FM5Y8pH35ZgQWCY6BUTBjvz1GlrtR9tB_aLIEqaEhELDVtZzoXn5g92JThJBvDWJuAnqyez6pWlUyoSC3WrpIukR2xcblBH_iphMU/gFdiIMhKKY66ovfK_i5WzM7-9DMqrdk870LYA1HPeLs),,,
reussir-fruits-legumes::print,REUSSIR FRUITS & LEGUMES,Print,reussir fl.png (https://v5.airtableusercontent.com/v3/u/51/51/1773835200000/h0m4GOnrhPCiwGvMNMnFvw/Xvo_RRCbaHmmof9V6RNFYXAFN-mBhbpFh9Zxy5oWV1HeaIB2xgQiRWoDVuKd40DEJAZrfMdbr1MZc920uEK5ipGoz2SyzjX7lFbhUoYdAjHF5SQ5aBWO_gx0n8vHh3vNJflcbZcPhMkp8oCvFNkfjRhpgt6hlHNS_kYGU0Nky4o/tyYInKzXDK5K1yY8WN8HAmMJ4BOue8Bijnd_ZOsTNRA),,,
reussir-grandes-cultures::print,REUSSIR GRANDES CULTURES,Print,reussir gdes cult.jpeg (https://v5.airtableusercontent.com/v3/u/51/51/1773835200000/jlr5hYP5Fvze9HhLHwAcMQ/K4a9Apbzbyn2Fq4jcrvAYWqOiSaLhbleY5ZVtt9V7V5fWKzk_OVM2OFU3PYbScrf7awmYvKWX5agKkiE4T44AsmbUyhEExwqn689deB-ioHPW-KLI3J0THUp49uto0yQ2ziZOC4eGUpAHz-FrDR9VKLdZs7F5jX7ncwOhTNvCgE/SL_rYE5It1Dowh57YHSglSiKuTqD9gWwm4Z82Q5GCcQ),,,
reussir-la-chevre::print,REUSSIR LA CHEVRE,Print,reussir chevre.jpg (https://v5.airtableusercontent.com/v3/u/51/51/1773835200000/MURdKIXBuxixwBuJVYTKkg/CJqENENyBz5frwbQZq9juKCpfj2OhGQU1cngmQ85p4bR5KDYxEmw8f9abxPSG2wgkDFMZ5PidjDnLg75TkN-LcOKN-sFuPyEhObUWRiiQkQzkqINXvLbQzqSPpML5ES1KMvrnjUiUYitytKAn1XAoBiDCzpcg54STdcSM8l51v8/GiKEDRKHACNKthXfD55QbPeB8sju2lnPHiYkBM7dv9A),,,
reussir-lait::print,REUSSIR LAIT,Print,reussir lait.jpg (https://v5.airtableusercontent.com/v3/u/51/51/1773835200000/nirEpZ_4xSEmbVAV4rGFKQ/mObTBB0VAW7cCMctP8jQPThecwlkusyRFUXFIuENKRKzV0czkaDeDlHOVOQI11L0o64FpLnJxdadPqKfQVz3wE4IL43C1_e0WH3WISQyIV_wBh-BfrvFYp4eVRKRS40eXC9DuB8i9t-OJBk8OYtJ59BZSzuPrZRxDsVEECFnfd4/4GsF8KpaAp0LtrM3gmBLKB57Bu5Huql5tegZJid-NHk),,,
reussir-patre::print,REUSSIR PATRE,Print,reussir patre.jpg (https://v5.airtableusercontent.com/v3/u/51/51/1773835200000/gFeaVvfXjZpk2hvdxr9nOQ/y3_38N5dazBwTZO6As4Q86aMd8pPVRMzpLuHFym3eXeLhjtUaoCQFDWAJeO33rSchaczsVnOfE3rm3r5a5sNsxj_bTfw6CKjqwNUydDJ0YXEd5gv3F-KDGaJ6PCvx6d718sOVJ6VMgxgTqv-epW2hBJNelFUGFcO0SE7UGHt6vo/nZzmOytIyYMctOMd3Vly1RRj0yNP8_vc_ix6IXbOT2o),,,
reussir-porc::print,REUSSIR PORC,Print,reussir porc.jpg (https://v5.airtableusercontent.com/v3/u/51/51/1773835200000/HQ03UZPWcOaPwSbcGunB-A/qD5SuzOBbQiO8Fx0ZwQ-AXjhZhqPLi_Yzed84en37ZYQTZcdgs54JCgCHBQje_JjDQtpS43emId36Fxjc9c8ARhXPqr2jzVfpniqm4Wvs9gA0QIg_M188aUh8ELsigdE7VtdGYYsNPgh2BHaVLojdrm8NJmedn6QfnDmFTop8Sw/Metpjn1QIpRxnRKxP1a3qmSmHgzZbKnkgKJVNWYvbfE),,,
reussir-vigne::print,REUSSIR VIGNE,Print,reussir vigne.jpg (https://v5.airtableusercontent.com/v3/u/51/51/1773835200000/3HPqytrkiwJW-Tyf7MFEgQ/nNrNztSwRXBx8RUH5sFRAmK_-1Ds1yZ-IgJ-G3_l3PLoSo1GvpXbXKGf3gi50kugkmTaYxCI3xoD6OQB4yfHkYx9MMZlY_qK-pET0FhkOnyX1nfAjfJJqoCy7BIpQL7OPVw2ccRCaGOpHP5USSdaq0W3LarAgm4Vlzg5taTU6Jk/crWi1dz3zFhNBXVCtVy1pWxDApPq1IDX9e1ako9GdUg),,,
reussir-volailles::print,REUSSIR VOLAILLES,Print,reussir volaille.jpeg (https://v5.airtableusercontent.com/v3/u/51/51/1773835200000/4PL3fjE1lJHmmza_zriAAA/31skrSim8JkiRrM9Wx0IFrBevih2x9w0L7NNHoUamuLmOzfyUPfPwbMC_bg3MVkCeCK2tquiDKeXK86U074yJR4zeEyuUumwTs0QueOrn5B2NyXvV6eX2IaR-0_GqpRJ2CwKaZyNvpvqvJjV1P5UHgQa2iRtCLtRXWne2TD8taI/1KDGEUTxg-xicYdZ3VyvoCkbRyRVhNAC3L49wXkVgH8),,,
revue-banque::print,REVUE BANQUE,Print,Revue Banque.png (https://v5.airtableusercontent.com/v3/u/51/51/1773835200000/3qsULnYhFizVgvLNA1pzmg/BXRMzzA9D6fc_-y7zoro0Bp4gI2Ow-IwOZ3MKUm-lQiVUoy0ZZH-mjUskGPm9j2Q4njqy5W_P-PHxCXypxpZ-HLlpKnn54qvprcX3cQ-NXf9tHJuOx-3CyZXFzTwNwIuOL9u8x-zH1IwpMCuTj6b7Tu09JrkNGcfdboruCTebf0/h_PId-_NeHmJoJMPgTv1SaLNPIZJcEJOSnGb3qetGv4),,,
revue-de-la-pratique-avancee::print,REVUE DE LA PRATIQUE AVANCEE,Print,REVUE DE LA PRATIQUE AVANCEE.png (https://v5.airtableusercontent.com/v3/u/51/51/1773835200000/2t2148SLcqGgJHfc83yZsg/q5OlBH3ZjCYOLEs7PnRv9slVS5J5qrpcCOoFKUT4iMDT_oQsRB1zz7Vr3_7wmAa3qrKo-7fHWvjAsWo-6Qk7d4UVoRf5NZxhZGp6YcEuhZjiVwDiJ-EyF9K16o6ISe1-7U9Fxpju6fVlCmgk-0u84j5Ms0txZFWStWdL1Bm2YGUKWql8XBSnUuiy1c6xO2xj/38Mkwd5xQvj4To4cUU-p_CcedRppDp9L--W4boiC37w),,,
revue-des-collectivites-locales::print,REVUE DES COLLECTIVITES LOCALES,Print,Revue des Collectivités Locales.png (https://v5.airtableusercontent.com/v3/u/51/51/1773835200000/gPN4f_ZMol5HfQ-Zun53lQ/75zkriSXMwVxR-EjDKS-fGrFoLUGoJ577Jl_394W16aBet6EFvt3rLiSo6L1NULfOCFbjLubnJNbLKM1l4l85n-Npdv_W6ytnOVMOd7EEu_OA0juTXz05EIp02V3rudRMrXCYlqHv8VXXfu9B7_COndtMoqtaLhxmF0pCtr4GDGlkyIl3Ont-XnROPhAwZOP/3b9O0RRZMPv_5mUeFTAplS_SRyr91EsPrKzZGbSSDU0),,,
revue-des-maladies-respiratoires::print,REVUE DES MALADIES RESPIRATOIRES,Print,Revue des maladies respiratoires.png (https://v5.airtableusercontent.com/v3/u/51/51/1773835200000/KP6Q53gtghI-389bGcfnoA/bfTdsyxkr4QffBR_7Dgy1YeJdfrOGgf3WE38nN1-78i09gZooGOZhP49jxhjk9uzxyDSSipebld7re2ZWI95nmlLzQHbqIQ6Y8bAT8fPx60cd-2-bUtdYhdd4ZJ6cF5iGBwczL4pBx19vNI79ZpAIKJVZCiOHkYL0q7QMeaQA8sCBCKdMj3bDwpUvvTiLzxz/fW6T4FVITfT-z5y_n2ULq1_RRCdaAmdbNDCYWJJXNjo),,,
revue-hospitaliere-de-france::print,REVUE HOSPITALIERE DE FRANCE,Print,Revue Hospitalière de France.png (https://v5.airtableusercontent.com/v3/u/51/51/1773835200000/N-8ugUKyhZaN4nYogJBAng/y1g4_v8imNRJJvVPuYZrtk8I68xobh_Zs8CSCqhLBsdrzRXyrlITzCAgJ4gknW8kAlMa7kfxgC989YxRgJBmowG8AbYmC8IMHj75C0JXAauWMWqLaJxVB4zsgqGuQ__cBx3eApzxM2Um6tpsFUSb7o9RVOQ11MrYOsiyVAVOGHMtI27fZ_qnbUwHHt0es1wF/eg0bhV83UkiBv4qmr3NTZQrrnJnUJs5e3bKnwnIm9fo),,,
rh-m::print,RH&M,Print,RH&M.png (https://v5.airtableusercontent.com/v3/u/51/51/1773835200000/henv4VuGM404jhcKJv4W9w/Qjd19MEV1oMfxzU70EkenezbblNFpEyey226rGqAmBO0FpKS0VEsiJUGnRRfuUSO16ggh7EHtURyGPGvtOp-ghbJ07hYYZq5O2q69E7vhaEzBu6Kv1icIgP90ec0w-5M8PkYTiIbzIkrHKoeQswZ6Q/fI8mAiaBEH0XQeMws-3Ku93Cv_9POFqH3fADaKUggAM),,,
rhumatos::print,RHUMATOS,Print,RHUMATOS.png (https://v5.airtableusercontent.com/v3/u/51/51/1773835200000/BEK_ydp8qDp7RN3hr78YDA/5PXQvxYPBhopaZffcv9sD--RErhE4Cij1Gt_tI38bzZhlgacde4FVVxhcGFFK4vCBf2A9cPYPtJQ5lQTr_No1_BgAtTCxD8wu8TlLKzn7ZGv2LDR-RfxYa1QEPBAi790pjUvJVLYLdwjpo5N7oj8TNhU7820qEXLctpLtahk4ko/QhcG6QXRu2A1Ik-YnzEfmUyliRfXvyzQss6Rcz5L7ls),,,
ria-la-revue-de-l-industrie-agroalimentaire::print,RIA (LA REVUE DE L'INDUSTRIE AGROALIMENTAIRE),Print,RIA (La Revue de l’Industrie Agroalimentaire).png (https://v5.airtableusercontent.com/v3/u/51/51/1773835200000/-PbrPm38OfGOwHGAvEp5_w/0FEy_9-hy80ylYBhcnaCR_DRkcm8WditNj2TIldr8iIg2GcKC8x1jtO34Aqa4ZOUSP0w2fFW8-whUhlHHFAy2OQYVV51Adb-2YUi8J31Ob3yI8IGOGL8DXCjlah1zPUPC5GTGy7AsKU_We5_OcKjTS69JQRoNLwtKqMGydBigV4H4uigoRmOtAoc1LEqSbEQ/cZ7D-IUQMjYxgdbvavobsbupCdJ_xfhSg4mwt7YQpQM),,,
route-actualite::print,ROUTE ACTUALITE,Print,Route Actualité.png (https://v5.airtableusercontent.com/v3/u/51/51/1773835200000/jJLzNTZHXq3UKxeMtrSDiw/a_PPjNAEsb1d6OYb1xsRYd6artQsowpQHfZ7VU-VviJA2voj54iFOrx0rd4rlCszlzL_7q8zBEZIHd6JrMs8A2doD-hK41CXAefWVur7XtAM2Us3gdO7pH8JY9FsGKXQaGilnE7E9wpsygUz9-iFC2l3g1lkM4C7dOjhTxiWIgA/dQtQC-ghqtiPqwfb1m8Mu_aSjMg3dHNskLXTMghdKFM),,,
rungis-actualites::print,RUNGIS ACTUALITES,Print,Rungis Actualités.png (https://v5.airtableusercontent.com/v3/u/51/51/1773835200000/Agx83ox6aIXFAsp3hmr-Gg/fLBtdg7IQC5aEka-vyOcwmb-qKykZ-vOY1FK43Zz8U68Aq-xFtdrNbpwAqy3Eqd61yC47a8mtfiofbUnyvnWq5bQ0HH-tsdcEdHWA3kzC1yid8bgW5iIDESF8XgdywMMBdzKa_70RkWTdG6WYwl1qR7fS3eYCDw-RjL5P1q0i9w/bJS08nEp8Qi8Tffm_GGa5lm7YQRWbii4WBYGCwCpdt0),,,
rvi::print,RVI,Print,rvi.jpg (https://v5.airtableusercontent.com/v3/u/51/51/1773835200000/0PNyl7LhqTWyW17NEYp3lw/k4vb-_7AcysD4ZdRT4YOoOqU5NbW38lj4A9FsL9kEfw69HqqedFUQZYMYvoHsvwdYIfF69IMWKZ0gEYsm2H0hjMQVS6J2xrpT7Ik2cyN8K-TGjAOaAZvnX__eB52e56mOYJFXuqzIhuFqklEle9ZPQ/SWRk3ID-gYL1C7Y_DRxAA1H7aFBMH7ldrXBw7B2tXhQ),,,
salles-propres::print,SALLES PROPRES,Print,Salles Propres.png (https://v5.airtableusercontent.com/v3/u/51/51/1773835200000/XznLctDy7J2Mcfar64s3iw/eLUOycvE_ElZp2gdBUjZCmr4_PUPNsOwze1146hjyXyZAJlcyaSO7lREcv4d-TxoVj7r07C1y7USq8RvmxyfvbkkabLYtj586eVNYJ2peHcB7oeIwpKQZjBm-uzA0T-BCdyDKLm79F27HTnCNi7Q1V2or_3eb9QPskaZiKukFeA/dFVe1mefuUx1uxPARMZcUJenROLTkLr4bbDTptmmZsE),,,
sante-travail::print,SANTE&TRAVAIL,Print,,,,
services-proprete::print,SERVICES PROPRETE,Print,Services Propreté.png (https://v5.airtableusercontent.com/v3/u/51/51/1773835200000/7yFb5ku2xt_4zENFzczKKg/Q31tryrxjXe787UuX61tzppkNe7udFFydUJ5KyL9QbA7NTlx5Hqxu9j9SEgSewIrfP-76BXpBr7EyndhRGV1tz9VOf-pMcwcPYVo4_8rLc_40ZRrv_1n2Ugm7dAS7OKyiB4Emax0wGuXTWPd61wZb7SdaGTA6QmKEkonhbxhwhI/lYf14sGhrTCfZ81N5YQ8fWgbNc9bauVNEAGXXdyzx_M),,,
servir-alumni-de-l-ena-et-de-l-insp::print,SERVIR - ALUMNI DE L'ENA ET DE L'INSP,Print,,,,
silicon::print,SILICON,Print,Silicon.png (https://v5.airtableusercontent.com/v3/u/51/51/1773835200000/5mw3QfZnwFseLC0WbDcY4w/U2JgkznqARPxkyvhbeD1_t6KHziIvujydAOS1W4Yd2Yk9pwIRWP4Zpz5ABes7UkezlUHtPwpQJnHH3PvVBeFAamxBubRg7iD3bsB4zp9SQZyk8Ygch2DknND8jm8jGT0rZe-mvDDavbx1jn9YxBLuTgsWuDbBjDzjGse9hEWtE4/emnmYvGaauXwl7HcLT_XEFwH5rFdoYvtVB6b8T4IELc),,,
smart-dsi::print,SMART DSI,Print,Smart DSI.png (https://v5.airtableusercontent.com/v3/u/51/51/1773835200000/huUKR5IgnTsjLworH8IJUA/LQEPNP0QSoQQUABzXqBrvhkbEgjCh1J3Sg9ezKv0-6kW4m1_3-LUzeFT0wZNvc9h1PHf7wkg7mt-VaZBj6m0egzTHGqdjnpREu3MzLc68Gz0zt24ZrTQbz1v6Rom7LRzfCQAW3Dxvo5PgPYQj3I1h3DiW-fC454tWU1c-_LH_pY/9IqqaGDLNimAMyuLOlXRvqq2z61_Qg70B6e4Lqu1LK0),,,
smart-integrations::print,SMART INTEGRATIONS,Print,Smart Intégrations.png (https://v5.airtableusercontent.com/v3/u/51/51/1773835200000/wn-MCMFGipOIMUF0Ng7Z1g/euw3ZyGGE8BRE-O_TxWytxd3Rer8HE1X3V8XJ1XoriRJ4gKYaSiGBXyQwL3MjcYM77_HSIZfTZUvDDZbfsJuvi0qX_Kw-NbeKm20SrnfHF64BYhB9CBGyKgKpRHX36Ew4VbAuEMQz3_wSafRfG_LECmHCkzK25MJkhbsRG0iTWI/EuG-_4XfaRa1UD88dbdYjjzEumquL_gaHJHllIb6Ndc),,,
snacking::print,SNACKING,Print,Snacking.png (https://v5.airtableusercontent.com/v3/u/51/51/1773835200000/k-bsV_v3Lo6Yx__v2RJUhw/0pOEMhR3E6sHnbKydb9GnQPIrItiMl2unp-TUdGm_XRQ6fHV304NF2rR3oP149BSnxtv33TBp0jfn4xv3rYa-FTRbGWXz6r8kSmecBu5IHLg2kdY9O56tqkXnzCOp77fsrjVBFQXXU1e37isfUkjYfpQ0aqKZk0RpDW6YL97V2I/mdDHVxD08_ahHEIZZniLjdxNkdb8ZHqjsIr4Vi4krjs),,,
snptes::print,SNPTES,Print,snptes.jpg (https://v5.airtableusercontent.com/v3/u/51/51/1773835200000/DN9tbkBfPmYMKgd86KGBNQ/mPbcjs6mFhA0KZCKrn3C-09P1Mf6Wf3tysxSIZZ72sTSQOxenv7N2USPhiZuaVUB6Vs4s4g7xQdqKsuOvg9xli8oqDf9dkoL1Q80RaDfKMvYsI2EakTNRyYuULNIrB1S5e68usYnoAJD2sBqO1O249UV9402ggM2EyuU4psh0es/Dp4D8St35Hnpj0okrCBlrQ_93MmHZuRCCNiFqzmetOk),,,
soudage-et-techniques-connexes::print,SOUDAGE ET TECHNIQUES CONNEXES,Print,Soudage et Techniques Connexes.png (https://v5.airtableusercontent.com/v3/u/51/51/1773835200000/a6PG54fEgtsWnElWwu37ig/fxN4mOOGGhr8JQ9695BtE5I_ikHwNOG4LQRcfpfHeAtOv9NFgs3LY70Vvtl4xYKFx36E-NC8Mo1CY96uoR3XoK1y8HkPU0lEDmS0tUzD9jaPzk050VZHmEzu9R-rWaI5sxvHpBbf4Kg2YRBtHP6NgBCue6HnkahGqaw-mLzsEtPrNYyTgWAQBA3Erj8I24OL/izOgM2j2wPytXEvA0_5eL0VNzvTRJeGE9UJev4WWEPE),,,
sporteco::print,SPORTECO,Print,sporteco.png (https://v5.airtableusercontent.com/v3/u/51/51/1773835200000/gVDoK3ipKlj3Jp6IXuP_yA/h0f4kZaog3Bx3jMOIeEyChf26KUomUP9djgoyjjRozmL91-2mzzzjfVbIWzG-HzTcYaob4DLjbQlLECzPeH7O-W0PEXkI8Z4rfjbyqFUenbhs7Crn00PKoWeQrZXd3yB_mI8xDIlORHdhKRhhBuHbmJ0YjkdOZrAVB0AwbFYZo0/Z2SVDNOyexMPjAy0h3OUwZfud3cIIr9IDRTGgIXCLhQ),,,
strategie-logistique::print,STRATEGIE LOGISTIQUE,Print,Stratégie Logistique.png (https://v5.airtableusercontent.com/v3/u/51/51/1773835200000/YfowzC8lSCCxC82jgY4jWw/DMsIBGLlY_R7UEPfDzr_4zjUFGXAA6Xnlrtu8JuULc63M8cSN-akx39F-0vORj733e8AVaykDAtra1HtFwyY8_eQ8sUWft1IAOl9507uEgGbucUUVyZQ0oQIMfls7462sW0TZq9Wi86wVgtL_UJQcg5fafd8xXdIKwq0dliijnM/65CUJORQuXN622uV0g2mU-TZyb7Rj2WGHTByJuvelR4),,,
strategies::print,STRATEGIES,Print,Stratégies.png (https://v5.airtableusercontent.com/v3/u/51/51/1773835200000/ziupcUMyLwmRy7nwtMBK-Q/tw7fMeBctChb-F0J21ueHTnjMtq3bGVW3j0jpWf4g_mVjW-MweNPbWBNGay1KrgKhZYSOO_qFenyqhvmW6AUZcCeNA1-v765ydFFcN_OD_PvxU8DXWZKkMV8f-PZ1oS_TTvlaj0BiEsTZvLhcRGhA9D0TZq1Ybk83JLBKCy2Edk/WrQqsFVniX6kWC4drpJkYicarKHjHqglW7r7XpVnELA),,,
supply-chain-magazine::print,SUPPLY CHAIN MAGAZINE,Print,Supply Chain Magazine.png (https://v5.airtableusercontent.com/v3/u/51/51/1773835200000/LWgBwiAtxxJ-As91SjAosQ/Us2zQPAOtJJTvVWjNsoYlJDR_lgO8hcJiexgkefpUTpnyi8ctgWzz3LSqAItNho1e9w5iTMQNZbYAsG7lyqzb9KG12I3CAAc_UktDXFLpM1TgRnof0QXJ9-jhyI0LMWTuLFqxxxuhRe2jVMhtajg9jdfyYLWnZoyGmiF0kM56RQ/PZDlYFNRtCywY1AmLzw1vljsvibd7jQBDLepiHHQnW4),,,
technic-baie::print,TECHNIC'BAIE,Print,Technic’Baie.png (https://v5.airtableusercontent.com/v3/u/51/51/1773835200000/hdZJtUNeAD4IcOCjNevgpw/BAvEORBJQofNRT6z2U6JZAarYcloSmsIjK7QZla0MncGwCiZF60CXmxk9NymeU27ry3bQpAHnHvlNVAPI6HMaOUtguYWodQAJ36Fw7qnMdApfzv6G2nRjbaFW_Jyja1dt_hvNK2TeNR-72B2uYK6_dyuElrD4p45fPzfdHv-rsY/UIsxeaVVOnI7nz_ZxVt2pvZWEv2d_h0xJBy80EnmBGw),,,
terrains-de-sports::print,TERRAINS DE SPORTS,Print,terrains de sport.jpeg (https://v5.airtableusercontent.com/v3/u/51/51/1773835200000/9HMoTm5KQsUcHtrFtsEPiA/ddSIfN-ubAzvH2jBWiJbqZsR1x9KDaHHCoscwbMfgxoEqy3u7n4OWSRvbwP3lshH8OGd5xcCZQbN3aFUnVr4uaOw1JDVaykxg8GUtycL_fouugpVz5JQj7bleHRlIAczJvZ0fdB5Gc0179Rcyou7M6xw_CpXKP481jWLvvg-VlY/Zc6vzENShvoiIRuIupafqxYi92-mOMgi1EnI2CwjDVQ),,,
terrassements-carrieres::print,TERRASSEMENTS & CARRIERES,Print,Terrassements et Carrières.png (https://v5.airtableusercontent.com/v3/u/51/51/1773835200000/ncC2VgnViMjRAPPhMJ6n-A/c851iNvHHk7lFy1NBl6gz8Gkktr25HeST1sslcEnuiAq4_2_ESXLbvK4wVSriIL_YhEwVQ8NKguAagH2xOB8MbGR2CZUEKIS0h62bAurhamwBjYsUCHIQmNQ6y47JMs3z6jCN2ttk-hHKJIjA6Ay4HHxmbEiyp5yrfFceHS-vsQDfYUExSUqFjZBVItzDg_1/M_TZScPGs68X1J3yuA73M77KufZDZCUuMhgHWx88FKc),,,
terre-net::print,TERRE NET,Print,terrenet.jpg (https://v5.airtableusercontent.com/v3/u/51/51/1773835200000/p5TrcAfTruaATb1MxJdpoA/_ByC83SVSOEMGtIXk77HhZ0NBOOFSstOux0mzJKLewtSuBmvTWDVw6LYDVM3GxIXbxDRh_B9MZ90m4DE9mcnSewfiBxj92HuOS3rj7l1Nr_1p8AEzbFsRta67hgZKSAXy8oydCZq3_4J5GolusWcRSUufkqNTNTvup-B17q20BA/eH4HoWZBljjK3_rRXjVRY2Wgq2II7mBgKk_q6ErEoqY),,,
territoire-hydrogene::print,TERRITOIRE  HYDROGENE,Print,Territoires Hydrogène.png (https://v5.airtableusercontent.com/v3/u/51/51/1773835200000/3ouaZGlQVeOsNfMyFgQFsA/gBld6_pJW6QX8aol1phONiOuwq-bgh9vT3gooKpydV9xCg7Er-VyA7RE5-RjL6f1IDjXpYvlz-x-4PYSwl2UrnXSPGUn1RfohSglZL_bbbet8fQ6OkWUeBJ5sW-S7y1vALTmXcR2cdDpHZX0AGzZ2BXE8iiUDCbJBFXqJPl78SU/zomcnyPSitQp0GqSwCEPlHvYvERYF7NMdcQjaDXIddQ),,,
thuries-gastronomie-magazine::print,THURIES GASTRONOMIE MAGAZINE,Print,Thuries Magazine.png (https://v5.airtableusercontent.com/v3/u/51/51/1773835200000/1unyqbwIIhtZh3-q2cfYlg/MgQ9FG_8Hk4xYwvGH8OOU1-bsJ2NpcfB9RuLwaSAnKQSzV0HczHgNT5fBFxIK23tTkg3VkC9SgPA6YfVdTAGHJHlZ6WewL_jFXhYrjAv_uPyjOBoOt62seLsOwyzZ7I8ax1WRPtVKnYu9NA5djcjXNWiP-Yu4tRF72aHbTrQQns/Q2mEiooFWmj0ypmVopJ0GwfualB_2ozE_muEu5iQOvM),,,
toiture-magazine::print,TOITURE MAGAZINE,Print,Toiture magazine.png (https://v5.airtableusercontent.com/v3/u/51/51/1773835200000/niWgzagZWTV-kPaiyxDPog/dTfAtZfrs04I0yo4YEi-AYNOu3p2cX38IH_eXATCVkfuWjvSscQ7TwPRQHmp7GFYhGJn22Snnn_QOAcyLfZGGoLpr8dOOpwkQDa1R5-kplGDAgmZmoGl7JD-XfXCaGlt4cTxCXNOby7TiU_UhW_zbNihBF69VvfBwKE2s4lhns0/GYTpE-QjknJLvcZe5DBfjU8UO7-_-ec0bc7Shigd8VM),,,
tolerie-magazine::print,TOLERIE MAGAZINE,Print,Tolerie Magazine.png (https://v5.airtableusercontent.com/v3/u/51/51/1773835200000/OIl4ug8JLtCqOV-udbG7NA/nNrIzquvyRgyo7tNm1BN6YLgujxyNQ97La3wLIn96HeSe21AR5dHNfshJCxsO8ETdprVbGODbw5KoD3D_fvWdrgDwSbEKD1g1T7jbLnNdN3YEiO31hMXhPeUjbm3_Sb9zKyK0Jufrp8Q-HvUfVTYuMoX7MXVdBlvAaDFXvDhztQ/dIud05Jp-mdpbo8xpF_vrWQhP6cSR9TwsMlOyocKDbY),,,
traitements-materiaux::print,TRAITEMENTS & MATERIAUX,Print,Traitements&Matériaux.png (https://v5.airtableusercontent.com/v3/u/51/51/1773835200000/zc7lHK7MA59Wq_xWwOwE_A/3DD0gVxwiKrovLg7_QRWt6Adqadeua8meG-x84ezgu0PRFFs488yCSkSxMnypll3th_RKxor9kvFtL02uHxxRvi43OOwbOMZH1UvBG0haRs5iF99GqiUhI97F1ZHWityC7209dsPpdTiEy0a6oZxUmmC30QqBysMSVbhUp5lvcQ/Bw8lnzsjVc_UGtMjNXaXQ87U7hkEOsmve4Z96lzWki4),,,
traits-urbains::print,TRAITS URBAINS,Print,Traits Urbains.png (https://v5.airtableusercontent.com/v3/u/51/51/1773835200000/ScgX3bcoZozyD-blAAySbg/zQwBfxgj5AFxuIjtNTaKeN4qMXtnFb6kvV4ejbGHx9gc9Bc-crcfLKKdB3wgt6gKOA_VcIO9UkOzkyOM6L7AfceNjW0NGpKQWCmCqgjG6Djij5MbMqFfibzvmK6VAFoIuKUX9EvhS1k6Fs8Sv-apaoEtPYhis7VFl7Dh05FRH1c/fvtnT6uI0OxlxNk3dl4nKliUg3UXZh7Nyv0eflshwGM),,,
transport-info::print,TRANSPORT INFO,Print,Transport Info.png (https://v5.airtableusercontent.com/v3/u/51/51/1773835200000/FPA4ORmcGobaLZN7nC-tww/mHlpCjesSANlPs9BuK6G09Tt1eLmVv4GGv6pVf5OGUi7L20P5MqQP5CN4hXiAj8tYvJ-g12tajTy6IXXBQhTRYTK2KOtj-doP3cJ49_og8urhJ_watTLjxMrFYoRibJlCwni3G-btMCjqLNjgMenMTua66lgYCs51NFhSDxSIGk/TWlvSD6-dvICFBnoBtsiPDKA2SWK90fqgKxaSGF1Yus),,,
trends::print,TRENDS,Print,,,,
turbulances::print,TURBULANCES,Print,Turbulances.png (https://v5.airtableusercontent.com/v3/u/51/51/1773835200000/gp60w1VvL1fF_1Uo3olZFQ/vbmhAl9maAf61p1Wmp403wOK9rtB04itRThTzOPcrZ7eZZJTCC-y7TcZDcOXMdxr8Bn8lGoM8ICP4PJ-2mijO3T6Uncj_oz2HngT5gG3nbpTscE-KoS6trsHF7ntZGUX8d9dOlT1oS18kvA_-TwfZQfoSfLzTA1b7P2VingQu04/BSBoP4ULtsIMHw_ux5NPbVZMSB91vdPbcENAYDIOaAk),,,
union-presse::print,UNION PRESSE,Print,Union Presse.png (https://v5.airtableusercontent.com/v3/u/51/51/1773835200000/vmYXtEVZvm0OmZWX1feMnA/UDI5Qg7JtvL3_3x7zBOKqFi07gVTQZ_RD0jzAUmH2DyNIcWErh244-zmsxm687PCtGeRsqcn840LrnQqEaXFuhJYeRBNOXesK3AUDedCajDf6sWiKBandi3_PqwNzcSOtP0orlpT0Ru1XSXQadmKD7jq_06cTbjKVcaytRUlImQ/oqGWhOHg6zPJv4LrM-qeIsMVS7JNzLyFwglZd50a5Uw),,,
urbanisme::print,URBANISME,Print,Urbanisme.png (https://v5.airtableusercontent.com/v3/u/51/51/1773835200000/hr4K4H0kbbqr8irspAE3rg/ms0TfcOUmj2GuUVgX4CfPqgzvbSSjw0Mw902cdis5vLytLczdE1fjMzBpGbU4hdOxcQgd8Z1TaJViL0hwObpk_RQPDCbCjw7r_caf0ATSpRY0skr7U7Zn1aN4FUdh-nvewotm4QSz9dz1oKDRIbR-S32yAIgziDgQrJ81pcDxDo/4O8MprBA6f4eR4POGOpXo1-Ksi0EgwCTtOzvDe2rFxs),,,
valeurs-vertes::print,VALEURS VERTES,Print,Valeurs Vertes.png (https://v5.airtableusercontent.com/v3/u/51/51/1773835200000/y9Xeh6nwcBtucaZ_HgelbQ/XWHfRJskgPk-eDTA-zryjOyPx2wFaDS7pJ6dx9VkoIybhjz_s9Lt0afX5mEIJnDZnsq-WiyNtSUg1IyTHPHvj1HrGiKq5uxDIfOK6fcikWJrqGgN1G-rHXel_-b_gOQWygx_GUh5twrH68wXydsmqmyc3Kv70DCM1Gr_eap15p8/yrxz4Uz3O8eg19Ap_amvBmiHC8oddT-T_86OBrM11b0),,,
verre-menuiserie-actualites::print,VERRE & MENUISERIE ACTUALITES,Print,Verre&Menuiserie Actualité.png (https://v5.airtableusercontent.com/v3/u/51/51/1773835200000/KZfARVrzDJE5bnUp5ySW3Q/BIKshXRSt3W3KHee8fE_9NHG7-EDKHAPrTB-3l6UyFgq5USz4GXEPFvKw-DA591jQdNPd2EAfjO_TpafoGNmY-rXr97Mmh3xP9dlIjaTcJNCeQJyP-xtimwnecuwOBpGXhNdHTjy5JvN9OwqBHjyU5aoFUMXmReY3r-AuqEpud0-0yER5fwur45GELgDSkHj/pGScXYI-MnUHUKqwj8t944ipnFfLPOOaVkM5njJweWg),,,
verre-protections-mag::print,VERRE & PROTECTIONS MAG,Print,Verre&Protection Mag.png (https://v5.airtableusercontent.com/v3/u/51/51/1773835200000/N3pZvLKxVRonRa6FluuQGw/XYkW5oXKJBpS01ilDl3SC-a_GD7SPtnhHICj-UD45J3LK9cr1dwZ6B7XSymmuIzsNv8xpaal5GG8wLoeS6KInvo6_gEgxP5Hoj5q0ye_ycchknu7-jB9gtGxWPPw9g9hry-NsQFlWLA2EudGY_R_g3IggQofzDEmieeb6UuVPC4/AZ3JBKoRHRdqv6IWjz0Ifu_Erq8gUBRYUZwvnhCP2rM),,,
viande-magazine::print,VIANDE MAGAZINE,Print,Viande Magazine.png (https://v5.airtableusercontent.com/v3/u/51/51/1773835200000/l33n3rxUCrmvUbY_0l0emA/CEDijZfvmVo11CpTIJEhhYgkGyeSdHpSNwzvzdlJqwDiWJDQ4gjTMzb87AyB8z8N6Vck0tCbaNIhZEiZ1abV3jRaEeUhq9jWsnxgCzVYXlSkSTTVF1z-IBYaR_bK4GRIz25FKe_Rsq6MGVwbv6DKhjbTJW0-tZQ711kfE038_X4/YDqbXvM3a6MQ5FXFmzP4uWrnZvo9PV8Oy-syfJTnPns),,,
ville-rail-transports::print,"VILLE,RAIL&TRANSPORTS",Print,"""Ville,Rail&Transports.png (https://v5.airtableusercontent.com/v3/u/51/51/1773835200000/hCoIsiMccYTPmuBxoDtdFw/hg2kCMtLE7KM8DCcn5-5Ur3t5xcHpIhz61hJu8GgbOTINp1hqdX5M7pmD2xqVBrRllRNSgqPcy49S0sbm88pPlRwQqFrlTQbqISWFRi_HTcanWVpN0nAa4CTqrZgsKFCozUj7QyhvpwzD6D6rqwdcW8vDlQsnpbpdUZCs6-hLrQ/AuFGN_vbh0YDluvZRwZMaxZeBDeNMPxrCfdPbKYgTIs)""",,,
virologie::print,VIROLOGIE,Print,virologie.png (https://v5.airtableusercontent.com/v3/u/51/51/1773835200000/WxUsLJ6eaWlvpB34a7EgEw/DZfdhz0OX56egfTsGFjrmX6pAMlVZXdKbc9HtxvbpQWCXQXPsVkdmVw39hhZzkFbH__hcsOpWV3Vf0HpNTnag0w_BZLwL9lEbMoqnD5W-oDdoYUK-aVShNqhojG0Fw5nmfSTnZYvfPM2EFpIWruSvWPHQtjBspSD5jeRMa_fa4o/e_B87RAfMhpaD8AzlHmtnqEoQ1dwB4YlTWt2zGCwOfc),,,
viti::print,VITI,Print,,,,
vitisbio::print,VITISBIO,Print,vitisbio.jpg (https://v5.airtableusercontent.com/v3/u/51/51/1773835200000/7-uA6YF30aphFpOBU918IQ/6H2EBnO2RgRtZmk8H3pdGMZvfSz63WI3zN8WGyYRQ5NgR7WgN81THK-IhZEzjSFF7Ma3jTz6hpAgIvYNCorwo0IBFZK0qJ-ghfqQdAOaGo1P9gWg0NeICo76jlT9O70SQXKI0k8Z944gG0Zo_mnnErwm1BvUZfwzJ6vZPLiVvXo/-dIhAd_7CBysqHfA0RWOBQQ2iqmP1JZCxXaQ1UlVpMs),,,
vocation-enseignant::print,VOCATION ENSEIGNANT,Print,,,,
vocation-service-public::print,VOCATION SERVICE PUBLIC,Print,,,,
weka::print,WEKA,Print,Weka.png (https://v5.airtableusercontent.com/v3/u/51/51/1773835200000/cbqmqVvq0GXoe5ZvfmEPog/3HGQzgY_ip5xcebrwvqbxLDv8mTljjWYwwyVZyccCLzbk_SpJEd1YOU-FOw3lYzND5n2em1KLtz2nIfOUtfwMeKa9_LDKSKzazc65Ka1oE2Bhi5eICc0YTklCklZE_pzjqtVOXC0ChGtsneBr6pLug/XvGgscMk1OsEgLC79EIygWeEkSP-M6JxzCl8SKYSQPs),,,
what-s-up-doc::print,WHAT'S UP DOC,Print,What’s Up Doc.png (https://v5.airtableusercontent.com/v3/u/51/51/1773835200000/f_pYIegyL_qYGnbZN2L6SA/UZQPISGfTo8ggQovH5k6VZYZIsY-07Pcffl0loarB93sDFfvulGft6f_4HGAfFwX7jc0dGeJiayjJFu_Pvq1L9RTatEZaW-8BpKaMnJY_2FwKLEeL_IWaC7gwEOIlseA07NxOXOh3FEK4zIATc8rItMvWGaaYvYZkJOtHd9NAvE/aF3WPckphTQGuqiHzh2AiaMYH97dY3c7Ukr_xQaWUT8),,,
workplace::print,WORKPLACE,Print,Workplace.png (https://v5.airtableusercontent.com/v3/u/51/51/1773835200000/NCSy-neLGk0UONSTOk8JsQ/aqiah58Q_m4ZB7hZvAl4y-dealUgOoMvJNQEzm10ncMra9zIcVP1jTn6fO7wgGbW3WP3xPI8-5Xn8o9u84xqpuFpGBJo8vYHigLdvRC7Okaq0CH7WYdoXrNM3qF-GJrlZqqcohA4ZdoJwUotsw0i1sanCaFPfxSsGnq69FRGKPM/r5KbnbgA7-3HlZHSthzMQIKgi6T1il2LkUgG-WXlSWw),,,
abcdent-pro::web::300x600-300x250mobile,ABCDENT.PRO,Web,Abcdent.pro.png (https://v5.airtableusercontent.com/v3/u/51/51/1773835200000/CUqzrQLMuD9-oOXf506evQ/7EPObF0vQXR9jGAxn4YHnR_o-_LyeRC0QivhlulL0okoIr2FNWKbR8h1J5Elel8I_6zukDDccuM4tfaKMpfrU7ouy37zSzscark--xe-gqzNLDY5MEJD_rQF8HzD_-U0tVC2eP0dCVAyd_1NQuN25Qrx6it6ptKYh7QacCNmWzY/WLns5q8LDJ4W0118jCqo92ip4i2jCOsHumnLhd4xGIc),,,
abcdent-pro::web::728x90-320x50mobile,ABCDENT.PRO,Web,Abcdent.pro.png (https://v5.airtableusercontent.com/v3/u/51/51/1773835200000/SdGFow9309M2LdAZgi_eVA/qlM-sh-g3WXrhLM7yMBpo58AA3OgDIQfO3DTbd_YGRos5d5jhj7D-AJSAjLNy3l1V3R0Cn_I8F4hBQI4GuEPlrPUEg0VPli5l5j_1ZEBm1vPRhPZ2X4sPvKPo4zlrczAmOtmTMVZM2RB95nFgKSOBq7I5zky64VjWGxA4gGJ9Bk/iEObEFsAIdFa6Iz1nOX0rx4FPaCLgSuGVLve5ad2mJ4),,,
acteurs-publics::web::1000x90-300x600-300x250mobile,ACTEURS PUBLICS,Web,Acteurspublics.com.png (https://v5.airtableusercontent.com/v3/u/51/51/1773835200000/6QO6GeEdZrHV7-vMp6h1tw/wbBDzvGxq6kCwOPRIclon7JS7I5Xx1eic7N1BJ1dWL2hmvD72YdVn49fU12tG34bddzWsSkMqu6g_S00grUwsiH_1G2xdWf4bpVt6-prsHyE3MQUfIY6HjH34Ys41dF6mE9qn5AxOVzq3GkPL9O4YzIlxwt3zOB5-MGvnZEXpnE/yI2-JK7caZHMhfeveo8DEKYQBMGpaqQHeYcbvX4zSh4),,,
action-co::web::1000x90-300x600,ACTION CO,Web,Actionco.fr.png (https://v5.airtableusercontent.com/v3/u/51/51/1773835200000/Hpbndy_Vp_fdrcY_fN2MNw/qyJDu5OB-a23SLmq7nSbpNpyZ88C5q_OcrmCihLIR91CidgRe1b8ezhrdfH4G1rwP3kBAB1JaHronJNzqHQi7tBD-k5bF97PNolJ_giXfbElF7t9V42uqkLsi5vcr7LfRxV1V0RE4h6OZhMETNpQEB4t3C6v3EmevVp2mgzNvhc/G4RlwtAnTdXtUsNL_7O-L3q37vfPpunkAw-HVHTxeZM),,,
agefi::web::1000x90-300x600-300x250mobile,AGEFI,Web,agefi.fr.png (https://v5.airtableusercontent.com/v3/u/51/51/1773835200000/zcLLeKVb2PAqsadSPWLgDA/uVpd7xBWzsQWvI6iZYsIp_o8c77BMTpI2SljhkY_RVTi_hkA0epsOE5Qppin7LXfnXGOGwwuoKsQCBwwfPk--HZ8gI-Lvd6YxnUJ04lej_RNaz98AF-v6b63VS6_CBIyXSV1Lzz6NVZsdcVlLeCWUGNEVG0YOLCh7o4J_9g84bY/FFKOp0XwB03Hdf4cLXhDII1Jzb2D3FyAaT_TFmkpF94),,,
app-ines::web::300x600,APP'INES,Web,appiness.fr.png (https://v5.airtableusercontent.com/v3/u/51/51/1773835200000/DEe79joKzHO5aK19XNyzHg/ZZ62eVRzWd_solpoxLMgXV_KeGndRKHce5Q0rAASb1j8GO_t5pgsyLj6uw3ogMNlOUM7d_xlPjGJPSWVXxwDtxAUA8RjqylmAQUpNGkZHy6P3Lw6B4u_b2SUZ_BgQh7es8U5m34jRRe0f0bOXDF1e39FZz2-j_tDrpefa_9KYrc/zbjsl2RtQYjdkusPJaATZKlXnLOA0MSWqn4HD5_h8nI),,,
architectures-a-vivre::web::970x70,ARCHITECTURES A VIVRE,Web,Avivremagazine.fr.png (https://v5.airtableusercontent.com/v3/u/51/51/1773835200000/gS0C44GW_auj_8jOwDx-hw/p0E9z_vaEkS_jwXby-mf3gJVC3Rshn7Ka--g_EA84j_GX5cux82PbN4ikx0nvT4ywQ0z_PTVRPKvALmV2LwcIrOqtsdGZ8yjq-keiyo4gXB_L1E8VFHCj9HKPn4fUCErBpvV0jokOuy4OWIDXXYV_z3QV7CM2O1h41wJq0QZwaM/1qVcp2iVCX5EJRkntON4p3DJv7VMTxYZVKcOtsB2qH8),,,
architectures-a-vivre::web::300x600,ARCHITECTURES A VIVRE,Web,Avivremagazine.fr.png (https://v5.airtableusercontent.com/v3/u/51/51/1773835200000/iVR5fRjERVKYkVaKfJfUmg/z7tl2mg-paNedLTw7uDpPdlhRZ5XNXw0X_0jgYpOedPpMhpZNyX046hhEUcsriq3Rtt8dJxer75nzk1_eHSe6Rz0Bf3LWxmT0DOFt92qWVp2TiXhYJuGSWrBPGWsEgWSrbKJn0eYOGBJt5pTrDjPdXyORX51OoHCCgCjI60Sf8Y/rHcs8BrH2QVgRVYEHDzf5jrLbyoka0Ufa1tx4-OpuAU),,,
au-coeur-du-chr::web::1800x180-300x180mobile,AU COEUR DU CHR,Web,Aucoeurduchr.fr.png (https://v5.airtableusercontent.com/v3/u/51/51/1773835200000/G-o4dAr2XMsswStWwYeYrg/TjBmWtwnsFtHSVS7-Z9RYLHxYzc8dQvpuxgyqjWw7MFaekqrCmwA6T_V5uh-Cqogh6--GkhH3SB3VeKgEg2qsnFU_pej6G0d4h6KQa6j15pbduRVJZGGOeG9bxp--rYwnp5OERb7XPBjqFg9J23k8mI-pGbBGiAyXSbGW_gvrcY/SH-JffcNe8yul5c1u45MxXBTEzzsXhcEUmB67s6GJN0),,,
batiactu::web::728x90-300x600-300x250mobile,BATIACTU,Web,Batiactu.com.png (https://v5.airtableusercontent.com/v3/u/51/51/1773835200000/tqaajLziDTRZqyOdboFIjQ/yDS375NwVR8D0ooVxmUNam0I8VmF_0yY23v8yYaQc_QtnICxMlrTsqocHRxDhbCVhVblkymznUv_vtiB2-S7MFQYkf8K-jfvsdHkyDKGsYNhUAu2y2yITX6uGAdAMl5ysP84jj9DXYpBGihN7cYYmlrZJyHJmMpvVQVOn8H-9Xc/3MvpIJjuaO__HwKmdthqgbl9IxD2pCImusWwxqaF8XE),,,
batirama::web::728x90floorad-300x600-300x250mobile,BATIRAMA,Web,batirama.png (https://v5.airtableusercontent.com/v3/u/51/51/1773835200000/5-SMv_tK87MkmWCzzzqohw/EKaUFuiCX07xw_sQVzMlNhoxa2IoBdO-PQWP8C8wuYraa4wStZ-pf_LIOp_kUyMzGymLvdx3XytWdp4ELWT8IoINMjlIdp3HaKBr1lxVtcegWbhbb15a-cKIU34_Z4Sj_EQzyoaIUfOi6JECA0zP06AHfeQr12iEkRKE4FzDnzk/kAiARkjfygV8IbifiW0duvspsjINGcGB4Vpof-q8j6I),,,
batiweb::web::1000x90-300x250,BATIWEB,Web,batiweb.com.png (https://v5.airtableusercontent.com/v3/u/51/51/1773835200000/lkrnnP7SZCiRfyj1_yT3aw/xmoV0ize2-xxluw-tEAwB9cKID0UIQQ9S-YCQXoZ-S0bV_wDFFZ81I7lPhs-clwo8ACLqWaSZh3ncouNl3w00bYl_DSaVJaXEFJpHYj4PHvx-TajX2alEjwyPXoLrX24yIsI6AqpvMY0knWwqADg1NjV2hiW1VMhkW1FyHERxtE/vOuuJlSDuboIYkVb_U0Z5mTOVYzb3VfuE8nYJ0O42b8),,,
be-a-boss::web::1000x90-300x600-300x250mobile,BE A BOSS,Web,Beaboss.fr.png (https://v5.airtableusercontent.com/v3/u/51/51/1773835200000/RWug5sAfSFWqOl1KQJuVfg/0UhILtD3zXU6EOauFuohMbrmmsvplXJYQ05ZytMnnPZraaHKjMWUxplvQpZMkbFf3vf1mJqXxdc-RkRB7XfXe_zPSErgHVex9uKTu6VO-KbVp6Nxut3XrBMW95t1gL5TaygE9nuRCQ5kywywDu8Vg3R8qkMjhXSvuMUWjMTcPrk/7a2HzQKLPoxjvHjHDWPK-cC62Zwq9gXpIdksQDVJF8k),,,
biblond::web::728x90,BIBLOND,Web,biblond.com.png (https://v5.airtableusercontent.com/v3/u/51/51/1773835200000/nr-nkEASJMEM9-T9WOg0bw/IqZhVBJxsec_iyuBf0uvOo1WY36FFgeHRuApMeFnf6Z4stAsjLyQ0tMmubS8nRItBPHi7pJc0LYKzthnryklNLKLjpGojybaZ0kLrYLGHWUzvsEhTbwao8v-Z9wOJCDT2sRwwYhN7rm0kQ8TbWFKUCMEuw8mOAsv1h98LVqLJog/Xrl7T_EJRIbFhQabu32qy2J1YGCgKFPixNkYDzWInUw),,,
biblond::web::300x600-300x250mobile,BIBLOND,Web,biblond.com.png (https://v5.airtableusercontent.com/v3/u/51/51/1773835200000/kmhkx-IkkCUbgzXOwajsZQ/jjfaSd0giAGcPFPSjj5LzCCEBAIFK2LhL3T1E0IZcmZIOXD4Mpa6fH_lY8hqUx3y4E2XGVejdVnpGpQQFrbUd2aROINoM7Td9epMbpAutkBdvwRKFOaX-J9Vsgc21aCM6B8KRo3M0Iv5UsHvjh3_cA1i-XQ4M3R9p6B7UQ4pTRA/0bebpsMS6-qN60NAXQw-tPFzBgbBqihrJ0fs7e23M5Q),,,
caducee::web::728x90floorad-300x600-300x250mobile,CADUCEE,Web,Caducee.net.png (https://v5.airtableusercontent.com/v3/u/51/51/1773835200000/soGmEbmkwCqW3f0Xz3tQ0w/uE-McNldf-IxsVd1E08KQmfDhSjpIXxlQCpYGQ-uZJbLJNVERj7ZV-L8-pc_kDGKwcwFEas6h9tZvoEMWlIlO620jf1pvawtujHgGQ7uNAjhzq_z4j6SnDa6l-qbPi8ZJCUNailvzoydEkimGc0aQqnEric5Ng5EzG28SrytoUI/zYzu4OR7z1nkrHE6JX25AHfsfjxu9KVZ9udpab0jGfs),,,
carrieres-juridiques::web::728x90-300x600,CARRIERES JURIDIQUES,Web,carrieres-juridiques.com.png (https://v5.airtableusercontent.com/v3/u/51/51/1773835200000/nsU61XIerAw8EoE3TWR8TA/J37CRIHud8fTfvwU2UMAdSzNxMhVfNHgGDWUEmlo4UyOArQ2hvg3vTfWzvt5n13ZFo35G1J-OcaycnsWNnX9CHVSCN-jXQDnGDnynBnifld9sKXbGV1HBFAJ6YYB5j5rNWQi09LKFDkftytwmZBh1uYzGrTtkxNzX7vRArzP7ZyNzWARCtIK4qz3UD6eorVF/rc3wJSJgQlMHbo9NuaqzzyiqkYfINSpQpljOY40OGOk),,,
challenges::web::1000x90-300x600-300x250mobile,CHALLENGES,Web,challenges.png (https://v5.airtableusercontent.com/v3/u/51/51/1773835200000/mdptjDK_orBSirNrQpQX5w/TgtL_m35mONzrEAjbz6FUm4_mfymjFZBcqTHTSqZci0A2fl4XoqOhQdyvZiY1SkYzBB7w4RG4054zayewRfwbTqdUY8c4ql8tusMipnJzTAN6Zoe_mjQ6TErNO6Y6jsRZnFODsj0zS5HcHoafRkV4nbCBKg7yMAAd88d7svhoFM/lDrlOnHSXsm0BBw3ysBkDZz4X79hHGBWOaZtMc_dlp0),,,
chaud-froid-performance::web::728x90,CHAUD FROID PERFORMANCE,Web,lebatimentperformant.fr.png (https://v5.airtableusercontent.com/v3/u/51/51/1773835200000/FRZLmQUJzaKfMas9tPtErw/HhUhTWEGL5G0pPyJt8TJnCcjdG-dEbcw4Tb7j6HQKaYwuHfVcqnI3xPxZ8A9GpBCWKFuwjUEPbZItnh4E0COAIrKqR8-X93eFstc6Gv9ew-bkXRpPLKMc3GgoIdMzHpSNMO3aqphVEjZU1rn9f2_peM0C33RjN2EHGW88sLsaVn1C-pyRNLded6DcPxtNMsM/TDzD3a13lZV8Qshv7d-9LJU7jrjX0w6WtnHr-oRy84M),,,
chaud-froid-performance::web::300x250,CHAUD FROID PERFORMANCE,Web,lebatimentperformant.fr.png (https://v5.airtableusercontent.com/v3/u/51/51/1773835200000/EcdTnGEILapA8tV7nUk3rw/916zBjPCfNrH7yw0tkYUnV5tTGsf_6hHqZPS5A1s3JbhCOHYVdRbsM_8DqOdVEujnsRYWAsPiZQl-9odCcUU_z-9Pj2uPZfzMzvGUCMAO5i1l4BBygjXSSKOeyrHUxNIDsbxdvb2u5WGDATjGutvxfX1fCL5Qq5P74MY0_yn-E8iDaJazyEIjsXac1py4ZXT/bhp-2gz8a-dAbvYqijbOoUR-K_zXFMIAgel8DrP2rro),,,
compta-facile::web::728x90-300x600-300x250mobile,COMPTA FACILE,Web,Compta-facile.com.png (https://v5.airtableusercontent.com/v3/u/51/51/1773835200000/9PZ0K0gmfXhxeaIkWkrgdg/rBBWdwvQO2-BW5ykePnUl6LW0UePTPcywOgjOyZ38IY8x0uQbrBf-mABWhpY-jCo5niDYs75rwXUn2_i7bfDICFS-_onO67efN5BaWu9U0z3lGEzibjR4y4SdZP-ZX9cjlBP5t7WSWPL9OjVjl-1CHQwjlkjWRndDsVhpMZSG3c/VNl2CrsFasK1LSUeRwE_VTFotPYudMIYGdYAHFaWqcE),,,
compta-online::web::1000x200-300x600-300x250mobile,COMPTA ONLINE,Web,Compta-online.com.png (https://v5.airtableusercontent.com/v3/u/51/51/1773835200000/aGSt147hUl_y_p04ZH7HiQ/QEXegIv5IWpqChhFGKLb0Cgn2KZdbiCIzMpAE6yzzHODuWwAoKfj1dnw4WfLT0Chzn_R69t9rVCVY_u7U6J4Su7LtmP-EKGSoJwb4I2OBY6DD5VMcnbOU2PIXqyCk_Hm7s2BCm99i_DBWVw8bzfe_uKx0rlv9wJiQFoqu6N9nTs/ALH9HGMBr5DpEztVXejOQa6-lgcIrQbHvoll2bMZjg8),,,
culture-rh::web::1100x250,CULTURE RH,Web,Culture-rh.com.png (https://v5.airtableusercontent.com/v3/u/51/51/1773835200000/d-a1LAw84ug31Slt2gIU3g/3NoaNK5lOe1E_j3nr52AxB87oAcIldv0TBYs2KUhhlLDEo3WFdscfO2RSlWB9hrSs5Tt0BKDtIxeepikgditnrkV5mdVmUPj_aFMne4XIv8J4fWo5iKAi24wYOC44Gee1Aq6SpjYWCHDfjYwTUtd_noI4PWH3-mdsBW48dBLke8/0T2HtdmUndizVAx8BmovYVf_KstMKhydFozSns84A2A),,,
culture-rh::web::300x600,CULTURE RH,Web,Culture-rh.com.png (https://v5.airtableusercontent.com/v3/u/51/51/1773835200000/vF7gp0CeaMkQcd_KlvXlGw/9HhclcMh9rCXdVRzld4ehxFHUvL63RSUmT96fEv1y5MTC-NeJqLC71u59PqDOyI5uCYNFazYtbW9j_QaguBgMwqdnyiV7wsU76ICd4eyQYFk9SHxZ3TQmLJIXDXgQNPjP7G8fcX2FqFlItsP_WZgYpcuLWceyhwxxSXc6ZuOLo4/qaD_TBOLi_J70mLGF2C9Fg6MMJ_-UVOLjqo2S95YwX8),,,
d-architectures::web::728x90-250x250mobile,D'ARCHITECTURES,Web,Darchitectures.com.png (https://v5.airtableusercontent.com/v3/u/51/51/1773835200000/Z-ECVaw6bKhZtnFOpFQ72g/htn0XmKoCEh83dxT4xOWDH28UEANOAskhEdU9Z2OiPPMZOWBEwJ6aC7oHTWoEIkHSm0-MHFiutuTVV-W7-YVW4lvKCxvO2zg-1gpViSL7GYx78z_epXoaMPyTk89KMyHVWpoqYAO2NuKRL1gv0eGCwVwWfPp3EAEfBJpfMNc644/8qTcwA4Z4buE9dnrtRVcO9APtBHZfEY09Ed9clttHe0),,,
daf-mag::web::1000x90-300x600-300x250mobile,DAF MAG,Web,Daf-mag.fr.png (https://v5.airtableusercontent.com/v3/u/51/51/1773835200000/HDKzxLZ8WZxdY9zhcnDc6w/MSdOF9ZQpg4RBQQxY-H-eprDcZym3e_bHzyFvsHkf5P9TmbNc84HnRWVSI3TrUbFQSj5llxrj6tNpttQw9yTjS0tkNb-u68vV-ryiSPidCWfzl9OnWRRhRG35vE28zhCT2Q8OaX2JsOoWgKT_-cHgHaVILlS9gvZX-OsUBYY5VU/mbMSYIHMcLC2Irr15ifRy--0ngt9sV_lP0U-AfDOZFQ),,,
decideurs-strategie-finance-et-droit::web::1002x128floorad-300x600-300x250mobile,DECIDEURS STRATEGIE FINANCE ET DROIT,Web,Décideurs-magazine.com.png (https://v5.airtableusercontent.com/v3/u/51/51/1773835200000/LR39rSbHmFvmI3_NqOnKlQ/jM8Ox5kEU8oJcBqHuc5JioBfQEvNzzN1BTt61ZQt6TxdOUhS263h1wZU1fWwiq_vbm-wjBuq0YSyL84Dk9egUCLA2dtXSD7bqy2a7XJHkmpi0M-nvceNIv7XJxT_SW4MTS271gVH4yDSVshfWk5mJuoK6LyBXHViMPFDVpVXonk/lCAYZLj9rZk71y783oDf2wP2nP5BB5hAM5AKHImMUcA),,,
decisions-hpa::web::728x90floorad,DECISIONS HPA,Web,Decisions-hpa.com.png (https://v5.airtableusercontent.com/v3/u/51/51/1773835200000/iaoANkdcNzTZWixp0U5_7Q/bNxdhS9C7Vbur9Gekbf12S9pwXukIGf-qBoVWwlKrc0VRSJYroOZRiuHiv-fmIxOmIfQDKhhQob9FTR3Oh78884fMUTdsOLBEX4HJcWtfTa7YZtps4YxnFMOhJPB3rHxS-uGmMQpthsq9cFy4R59D4EuiWwyY_zD5jsn0WpbE2s/lkY-ihWMISpvMn3t_BoS2lrb4h7QWe9TNePQxoBMKFE),,,
decisions-hpa::web::300x250,DECISIONS HPA,Web,Decisions-hpa.com.png (https://v5.airtableusercontent.com/v3/u/51/51/1773835200000/HCPHE3TUCcc1zgRWQdowOQ/Aoqjxfu3u4_7GfwW7Tu2OIpm3fyfb5knptnMP4EZ79ocaDG78xrFVyOs-x-0A2YBskkP0gpVr8IrGM5OnEiGa4asP3poNoRDweHC2-1UpNmgOV-FiIRWrmOOPE3yUFa1c6gL_8zIFlJNrbSSXtjNnusFf5dHanWdulgJonwzdc0/_httFl0yAVcRzVtJX2YQqgpz5j42Nm_qKEvEDMTNeCM),,,
developpez::web::729x90-300x600,DEVELOPPEZ,Web,developpez.png (https://v5.airtableusercontent.com/v3/u/51/51/1773835200000/hUVud3E8FWJeUet1_rIZmA/3NjFkH4wqvi4zyjyyXp2ccDEE9iK7Y5aKB_P2nyvDuetQtVbky1Zx6tMHUkuKtPjZLDG_LVyDoGLkd7o9-lurdFsKQd4NarlhsQkRZQABhEAaWJ4LaKu0YjCYvENno6mFINuTkv0bfVAfoeQHaoAC75EfmupS30pZHKBP3wUsZc/KJPx47nUYJfaZXHItj-sccbJ-kqK8O0EunsEwPo669E),,,
direction-s::web::728x90,DIRECTION(S),Web,directions.fr.png (https://v5.airtableusercontent.com/v3/u/51/51/1773835200000/VDM_GZs42J3uG79K-QVmfw/aiqde7yBaj51C9lWimkzRhtGxO0yEPALWTnBdPhWIs5I0E6sIwxys_cWJs4sYSWvUOR8VU8GIp0jWijwIvY3pGKAy-SYf0BgfD4A-DXrf0v76QFHOPxLy6OihviKvistWhxCr7APTOWvOWHGyTX9YHRJHsf_Wce551ZHU44erK4/Tk7aFJW2zujqpQhUVEuU4_Zt2gQ3__321Zxlmwg4Xvg),,,
direction-s::web::300x250,DIRECTION(S),Web,directions.fr.png (https://v5.airtableusercontent.com/v3/u/51/51/1773835200000/p8k53qVGZcpk06emg_R6MQ/C6zETd4Xbs7kfzCU915-kVLMcQFQfs-yRgSEKPss8dzlxJ5ziZvLbQkg5nvwinW5oAFh0HvHxuneyI3p36V-PXXkl4WeikOSId7HpWjWjknxDWH_ne7MZw3_RkdFRsbkg7dVVm_o_qAfcRtB9nCOFFD2Z2ZgZLjgJUyfj6JHbco/UbhJ9es1ukftChVoR1iZ7dIlrth4MUkFJqNjlf07Y2U),,,
dynamique-mag::web::728x90floorad-300x600-300x250mobile,DYNAMIQUE MAG,Web,Dynamique-mag.com.png (https://v5.airtableusercontent.com/v3/u/51/51/1773835200000/fFhNyNUTO1rZsWNWMTDwXQ/gXVfp1BwXLlAsMZjZh1hbuNJt7qNMdC3xPLKUpmH_MPBUwZqiEcZMlBWcwygRk9LJFjHIatCVSapMQTeVSM0LmTLgbQtc3pboa0NjEyKX8TrZT6PSLhjGobMZYo4wejMhE6SJV9y_sru_YYYvvPjQsKbVyrrUT8QCNbJT1iNHjo/26wQOf3eBCUjkMsxx0PG4GnfIcwgBDP-wv96PWB7CuA),,,
ecommerce-mag::web::728x90-300x600,ECOMMERCE MAG,Web,Ecommercemag.fr.png (https://v5.airtableusercontent.com/v3/u/51/51/1773835200000/4mnH1Jh5XaFrdBhkrLB47A/HYcvLziaVfXxMhRmfPRA3oOenNzQ2hvQjw_xhAnXR3_vx8AiT29xFr8MCBs33mxic3lBOWfGWgJQzJuIEObLhDvX-IW_KXWCfj7oSipmd5NkwQ6dQ0LJ0UEMo4iXJ_9dv324BIQF1JC7ENR-R6G8hENnHau74DTYH5rT1-mpKPg/YxpGfhtbxrVkyWLiFMpq2nV5iP9Apwf3_-e0UvZZJBk),,,
egora::web::970x250-320x50mobile,EGORA,Web,egora.fr.png (https://v5.airtableusercontent.com/v3/u/51/51/1773835200000/fKR_emkjfcOykjVjurqkHw/z7kmUS2y7HQJAXHpICo-7FUBcaxpf3h2bzSpPMpGZ6sU2TyJPfbTCK9rwZQVf80ZieI4wY0-T4NMSAwSyE_peKk_cDJ7E3CvBqiVxImHNiTzsOiggdKmd8bBnRp-GsYSYniyw7YzFm2-hJEYTREL5ASnzwK6jmlJTPzyxC4h5gA/T25bkAxyfH9cd5qOw9V0WEJ5TNxkeDoJyZSZpUw6MAc),,,
egora::web::300x600-300x250mobile,EGORA,Web,egora.fr.png (https://v5.airtableusercontent.com/v3/u/51/51/1773835200000/0NAS8ns2ylexTgVmiPgRIQ/5oprBge2UG9YZW1d34d9mQeQx43z4QYZV57wCVDJTLKIrKHS6NaSn7k-cZTSEdPv67HjVNuieGoSEBLhJivMN-OIiRLebil1DTKBf6tDW_eYXLue07n1FIGkHXPeIoQHINKh54Ik86EjTGq-ptyfj0ayirXxiBDF-eCtPisSyfA/phrW6MLy8j4CmERDylCHzAQ_xq6oAI3Isrs-ljilwjk),,,
egora-ethique::web::300x600,EGORA (ETHIQUE),Web,egora.fr.png (https://v5.airtableusercontent.com/v3/u/51/51/1773835200000/Xq2t3HUvnZbYoWQyGp4pNQ/v7R2RjmNpgzTOo1cm8oZrHzArURINZpLUaCdDdrhMuBptj6iHqLzObqTpE_FI_HkVDJzoz-NZ-4SEBI2BPzfQvHZfFXa0IsgmV-mofxPfDXEr5fo2vMb2AoXY2ZVN6DBI8WL56AWiSBuZFQA91PnsPFZPLzboQRLg6_b8m2T6Pk/jtrXlpNFEKB6nJQCPMuxeDTPvexz6p37k6GPgtH3u0Q),,,
egora-ethique::web::728x90-300x250,EGORA (ETHIQUE),Web,egora.fr.png (https://v5.airtableusercontent.com/v3/u/51/51/1773835200000/Am1ZUiFrK09kQf2FE9GlnA/j8spMZwL0WFITV_RjDJagH9IHezhFOKdc8GV4P0QzXf0zhTR1Mk4QpYDu3erK2aa_O1-OBYJRXHmI_gwao4vSP9o38_F3MUmW6gaCh9I48eTe1_WdpBHRp2_I1ZGk2tOgKYjaVmkgZu6cwuqp9Iblwj-9O4q0K2ffs4OsYZ3O-w/dLPgo9RgT8zryHjxiAzxYnehEgh2nDAjMuCJYx9QxBI),,,
electricien-3e-j3e::web::728x90-300x600-300x250mobile,ELECTRICIEN 3E + J3E,Web,Filiere-3e.fr.png (https://v5.airtableusercontent.com/v3/u/51/51/1773835200000/n6XycC7qY2hIeBWcUHkp9Q/mLs4t9Fxe6KNRHzaXViBRM76RExqcEMKztjMjJJvpDseGbMmFRMHLsNIVu-oaQyypENpfFNcB80njr_k-aG6KPTyj9GlLg_7PNlvuOpH9Qb7ZtMKcOXXj5DFpi--d64Y8wcDyWitw4NnlrPPOsUbaGs6gP5FQzYwC-KD0xAHTFo/W1IDACzVN3QK7GRVM9ee8LOvC87nWEfdODONg_gApvc),,,
entretien-textile::web::200x200,ENTRETIEN TEXTILE,Web,Entretien-textile.fr.png (https://v5.airtableusercontent.com/v3/u/51/51/1773835200000/mj55uZabfovRPb1JnmWYDw/aNIhKN7Wf64DKmXKFcjG7s4nOw3dNAfCoW7mQXrZge4QrMqv72G_F1yTn1eXlzf3UmXscoBQYvpDtogSjGn4PKvC5ZQ_ngpqSbrNo840zWma7wfXja-8Wv1DdNPKNxYPL21B3oRqPViSspzpasPw2SbnMRVV_ojueaPAjW6D97I/vPffHmjEpg8uybEm2mfffn4nXBNIjYUAKVmqGIEof7w),,,
entretien-textile::web::728x90-320x100mobile,ENTRETIEN TEXTILE,Web,Entretien-textile.fr.png (https://v5.airtableusercontent.com/v3/u/51/51/1773835200000/TVubAf2KfeuXfj1Jf_LzJg/Pevebprr74shVJI9DeRPEb3exEgzWDSMb5ZsnUiPKmPc9qxGHDPEpuL8G-GUyxQ-0ltq-ZeI3FjXLl1QOWE43q6ncssHzDqQ7VTaYNBp2-Ru4cQIc6URKpJtgwKuXok6TEv-EY5BPwNwcIERZUXmCH6N6pHl5tz5y0j1Ty9KdPg/MbiOQ76yEm4dBoiE_eIqLpEIprXf90bn6BQR4mRtYfM),,,
environnement-magazine::web::970x250,ENVIRONNEMENT MAGAZINE,Web,Environnement-magazine.fr.png (https://v5.airtableusercontent.com/v3/u/51/51/1773835200000/_8EDvXQo0vcVY643N3YD6A/8YN8TOdkbLKUk4leBCIoDNruY-9VetHvc52TIiJC2jjZkl4dU3cVoAkz7J53KEepVyMR93e2pITZwttKG84Y-21qMN6RRkIPW4aO2GzMZRLPMeXiIfRSpKe5XcWX1h9iY6-f5Lycis1NBd_iAbAFk9UZHK34tBPZ3BCOaZk6OcB8xCuuADNJoXEQ1xJ-ZEO0/a8rcxeQcY9fTazHKZCeEgUytv6_t1eVdbJ2mtsrmB6A),,,
etancheite-info::web::728x90,ETANCHEITE INFO,Web,etancheiteinfo.fr.png (https://v5.airtableusercontent.com/v3/u/51/51/1773835200000/ZQ7R2yJtS65521dJvuI-fw/5bLK1Zq6ifTI1tJDQJcu99gmp3_IY006iqXQCjtJpfGkLvqfurHZ48kDE7qXEpO-XomJf0vTy6wil5qGaYWYX0p9OSyML3pOlvCBZg29IfJwB-izUWz135sfgHUiI9oOkjg9Hej2WdA5fPZnNqLtAq_IrsUr6rYxZyPDMZPpk-Q/dePmRnoG_OFVSrc-VrKQp4lzPsas4b8EworRNhehOZg),,,
etancheite-info::web::300x250,ETANCHEITE INFO,Web,etancheiteinfo.fr.png (https://v5.airtableusercontent.com/v3/u/51/51/1773835200000/K6O0XOxVT4yrJab0S9BG9Q/V2RUIp5CiJYMgqMNYhcbkSmiVjMaRISGlPFNDLzRneUhKo8W60sS7ZfmZG5xAmrakCf0hca8h5CXPDYHarmz36kdsrz7NHqK9BotKeJRppJPBK6s5h5gcGpORo9UZV9DowmSwfsJyjzcBBt0hwod2c1g2j1Kl84PJ8PbX3xWuBw/LIdFomaSBu0PduDApAFBotOYK9j0TDW-1NpFnfLH_Gs),,,
flottes-automobiles::web::728x90,FLOTTES AUTOMOBILES,Web,Flotauto.com.png (https://v5.airtableusercontent.com/v3/u/51/51/1773835200000/zH1bdEFI-FXhxvyHwIo01Q/YTsfnu734cqpGH8jm9W7coizIPz1I1K8Bx8gJ-rd5-2uQOkje5YFc4WNj46T3glezVYzFKgZIkMPMBgQTYnUXXRMHelsU7NzlBbxq6zVqU7TttrPpVqIZHpuqbJWz6GoJ9AZVcnWRx9D9KY14JNnYvEV6ycp9IoyllScB5tCfwo/bNBmSiSL8kenstQ4p_N_RhetcGvAATaoA0dR0xolzho),,,
flottes-automobiles::web::300x600-300x250mobile,FLOTTES AUTOMOBILES,Web,Flotauto.com.png (https://v5.airtableusercontent.com/v3/u/51/51/1773835200000/aeixv363np-VAFL1LDTCyg/y1L-QaWIkEkn4AI-YnwKo3kgHV4oi-22VnhueI63ZNGqvjTONJB_f4Czj_An-vgblJAFAWYVlJiaoprq-S1c7231c6EhicEWj0018Jpt0TwW1wXGNLUK6SlwlSyIEf958xhECcd_FvfkXU5PgxoBhoQyHQn7mh8VccgqPk_x_cw/DAUKIL-rxtGnRBeFyBrERbqnTlZhiyP5Z5Sib9vXSA8),,,
france-routes::web::1000x90,FRANCE ROUTES,Web,Franceroutes.fr.png (https://v5.airtableusercontent.com/v3/u/51/51/1773835200000/ZDdhbAzLDkJspQ13e6t-eg/g1yWeJy5zSmHcs0WXuPUDjKx3Esfu74AlLFGCK3ysAjTNOlyoygkozlyopy0EUD7dx72jZJtK_gDRED6wWPcZdkldbLA1RkoNm64ZXsGsbWHZ8r8bV6PqNMtxvGjNMGHsKhS7zJ0STB7WJlO8gq6IGVHFVRCPpiZGeTR9Taecn0/sJdlAEVN89RK3jr5M6wgiuSDhDcW1nsaAY_rAlVsoXQ),,,
france-routes::web::300x600-300x250mobile,FRANCE ROUTES,Web,Franceroutes.fr.png (https://v5.airtableusercontent.com/v3/u/51/51/1773835200000/9zDMpHjCZVyRKBZM_EDCVQ/Wc26svlyQm1c7Y1INmnQ_HE5wi6g2BfNQ3vo-NRi2wiJhjrz9hJEA1oHwmckhPgRmzJRqBsvwZALJHRnf6_rmkzrGXbloo2epXxT26SQrMIvX7Bl0jJaJCtKnj0_VsAItCwqFCUsW0L9W9KKejMxOjE1FWKtNYYg0WfEiEoodDg/Po8ep5hRTndAKDpAm0V3_s8nz2ajdRwBjaANClthlr0),,,
fusacq::web::728x90floorad-300x600-300x250mobile,FUSACQ,Web,fusacq.com.png (https://v5.airtableusercontent.com/v3/u/51/51/1773835200000/8UkPI_RD88W1FyzPwkIjTA/RpCHFeoBOIbVOeNl1eP5cnAyqdvAcYHqSsBNP84Hnt7NZbr065k9HuRmz6HbYaWdGYxkxaPlGZec7bQe1taYQP0fqFPxujBX2nenV4wtfyTmwhIFmEa2a-tkddiIifuNX_ozz-JyniqvIniV_7BbVlYqJoEL-y8n25GnCr2Pn4c/jbiGuhQsO1u65KMK6SKEM_N-mzXCAJODUxquG-WoPIE),,,
genie-climatique::web::300x600-300x250mobile,GENIE CLIMATIQUE,Web,genieclimatique.fr.png (https://v5.airtableusercontent.com/v3/u/51/51/1773835200000/yxsCyU4yw-f11XyeepLeLA/vQU53zU82EjKn0R_jsvnr-ptFAiYSW7BK-m0gnxiSeO_XiMliFcWakKcc2_LTrqWR21jCjid4uOP2pN4cB68AQtZUD0zywwVD9-xE-PFFimk_2K3vj8QOs0Jv9gkkTShNZuBgnrp7vsZDY-MAjs72EkZIxy0dTkED4fImwpd5VI/RZMbknLx8i6HiroclXDTvbVnfHUityBWMGg_g4q51Cw),,,
genie-climatique::web::728x90,GENIE CLIMATIQUE,Web,genieclimatique.fr.png (https://v5.airtableusercontent.com/v3/u/51/51/1773835200000/-UNkAscaKhRPWV2g3MVxIg/ozQOdV2WVFRyaHwm4MiIRSYFMXZ8r03VmckptLC9hPLOultry5fiHNwylJ8avgVH-n_RxkrIVoW29kAi-QrRbmxaLaQDDWWiXiRA3-Q5NmBQfMKiK46_Ys4VRHX3gt_KQXvTjkSiM-w2DfXPAPEZ464G66T453IuQElCrsQLGnM/8g4yaRh53jbsuu3NgzmhNYOvS-Kwgg51yqxuujEUNwQ),,,
geroscopie::web::263x237,GEROSCOPIE,Web,Geroscopie.fr.png (https://v5.airtableusercontent.com/v3/u/51/51/1773835200000/A66RLOtzKQn902uviQe_5g/VNEpZ8-fPaM3tJ1cVCKUCKSLsXiNHDLy5isu7VnbepO57_HaCFNw5R7nA7ncU2N6UYwLzg4PWyWBf-R5-kbIJmKUW8lwHlyuNGq9cG9XMZk9lUCbYId9XWIWSyw0urvjU6kUeILAFMBk4rFuykeaWiOKUrx3rt-cNNTPTNJMmJU/g7qSt-U4y6Fpx9ZP3hgNpJjnmywVUnCzXo_TAh9b09s),,,
geroscopie::web::728x90,GEROSCOPIE,Web,Geroscopie.fr.png (https://v5.airtableusercontent.com/v3/u/51/51/1773835200000/ucqidxYRdZ7eo3-Smmb4Vg/IMNNJxFBE8-ifAhvPuGPRtcYPxOfaBWjwhZRLBuKjyeM3-wNLj7q8V6tJeYcopM9iwyyYa8eJnq5ZpD9mrzUcdpO9Di4BDuUI7ah5D7Mp04Rdyf37oZKdkCBniG-i7U8rsct8Awonlvji1g8MfCyhvYphQ_yo7O8Sv9no_4yblE/is5e3PRAoA41X2igtQT4WJsrwEkZFvUwe1KH1oDczKA),,,
gestions-hospitalieres::web::1140x90,GESTIONS HOSPITALIERES,Web,Gestions-hospitalieres.fr.png (https://v5.airtableusercontent.com/v3/u/51/51/1773835200000/bhiCgfTOSf2jtV9AGIm8Tg/3nOH98zfASswvq65fnlvUws7_C51xZ2A-8uY0Zme7LQcsRaScp01lRLrbqUPm7B4m8_wqZwEfNc_xvKyOEaF_s_pw2gHZ_sLblJZ9_qHSUtiyUazfvrRCCGB4ovrCUqsZ1Qrog7_kzdYIh5QWZAfUcaUe8F0gQfI7oLI0At8Lu5OrEFCdi2CWadXdNZbgTpK/07H7AFIOP7wd4sbBamE970jE43BWpEoN9yUiI-gRU8M),,,
gpo-mag::web::728x90floorad,GPO MAG,Web,Gpomag.fr.png (https://v5.airtableusercontent.com/v3/u/51/51/1773835200000/ICLRt9rmoO8Wx0pdZUkYkQ/CyV05PDfDtZndawygyduGHBkSZdrVpepyyN3gWASeaZggCdWY2DF2aDZfdfWYbVzc6kRS3DM4jRln5LgBtWcpx50hZmnI7eWdBHpt_OlIQD9w68SEJQG1FstgoeMC00ZH-ZWF2zMxzBclE4A53H6cw1hqPnyaS8X2kEzmja2PTI/u6FO7GgSU_3hFyeGvyvl_8_iNO9fuSd5RkGI1CRrMHE),,,
infirmiers::web::300x600-300x250mobile,INFIRMIERS,Web,Infirmiers.com.png (https://v5.airtableusercontent.com/v3/u/51/51/1773835200000/T1qn2JdpNXVA9h4j9leexw/2EW0o45fa6Nm4u4o9XBmlB33UVWoyq8Y33wL8Umh3kxsfrK4p1_Re0rVQfFd-82YPnet8DARgQiFe6lO-4AgYuKwIBw20qu6hOffXSe8JUzV5bC0NW-mgHCdS7WlU6Am_pOqlFOtOaOh7GVMQfgSBLbd8-nFzR4ooex8cWv3lTE/T0l5-5aOsiFQgGpPx_UIJy3BFv3vWFcrTG3yCiSCOX8),,,
infirmiers::web::728x90-320x50mobile,INFIRMIERS,Web,Infirmiers.com.png (https://v5.airtableusercontent.com/v3/u/51/51/1773835200000/1HUo5P4t2-h-Uz9Mm9-asA/xbcBvvCLoO5jnfHg8jeGwBKK4FiBZN5YqQKWz--KOyQc7uo3EkQVH0PAwkWUoqXumeke1AZKoPyw_0rGzX1b6g6_PB6GKiHOFKV4l0FmA8VKJs5coUWxJLDL1SsRJUsInt6UDUBtG6jskbZh6PhnR5CZ73fzYzfZZP93Ku9R7h4/uCwtQOceDiKtgzLdmh78RDlpPMQyT-znzv8h3DtWjOY),,,
investissement-conseils::web::250x250,INVESTISSEMENT CONSEILS,Web,Investissementconseils.com.png (https://v5.airtableusercontent.com/v3/u/51/51/1773835200000/74ixe8ey8RTUrEvsoeGW3A/AZa4GV67aLbHYRXsESRyVM_LpnuG2jpBS2b0Ng_64pOT8vhGqwtpb_N0esVFFpU6ApfjqPUibMHwZuOMALjYr-k5zKkS64iOPa3n2jOXX9RgECeumqSuqHaFVHtvxt-Y5k9AAPHnB76UuM97pN7np2dsRRiqj60ZKACgEjpLIqqeKOnSr8P5ph3WSq_3aM60/jxL_Or4nY1JvhSIopz8eUgsT8BaBEv783gImo13Oclo),,,
investissement-conseils::web::1180x145,INVESTISSEMENT CONSEILS,Web,Investissementconseils.com.png (https://v5.airtableusercontent.com/v3/u/51/51/1773835200000/5sD9Q21TMFG0CbHkAYajoQ/Dlb3TlYVO-Kbak2oH6v7BGxWbOFpb5RTAdlOMlyy9tluPWRHjQflAkcoRZmUyJcEJxeezs2dCRF0ssHJyyP2V-1j46JZhtrRnYjmgfFZAr97j56hYWweuExXiO25VPpMO-e0fs2uQ6-C7gbY0VMI7NlPWv4qhK6Mf8h-AUwICcIfg5vQEW6lFwC3x7EacCEr/46QnWMwTbnt0LigExoJP1oiOj--2505MultRtL2KDps),,,
it-for-business::web::970x90-300x600-300x250mobile,IT FOR BUSINESS,Web,Itforbusiness.fr.png (https://v5.airtableusercontent.com/v3/u/51/51/1773835200000/UUTryBdEhFopAm9CLD3UFA/xYvRU2IeasYENFCZFFUBXTkXOtTC-uGMbTj7WlwWDmL54IuadNT8eJI24m9G9FLxKMqoE94fWCkIXo-NaBUQUp54dF-TCovvGldeV2wJ0vrsapKodYvX0_yFoer1vL_8A3X1FNWAj5NQ-lY3zZObtDas3vDH6mHjy5zwv3FGJI8/gLVe82jllsbwNDnU2gRjT8bWoi8b22YDAbXtf7mNWsc),,,
j2r::web::300x600-300x250mobile,J2R,Web,J2rauto.com.png (https://v5.airtableusercontent.com/v3/u/51/51/1773835200000/5Y1efpACpoQVz2_hm7tQAw/GCX0b6BUoxHGZIHy5Jycdu9AzA-psWkm-iSIAzJwc0eMvhgBlYGjsApP8jMqz-G-ebv5ViOgQaBnBwfJpsEphtIVE74671L55rSunp2Uqu0u2coJZ5jzRy8v7qSBdZPG5behbV8G33Uff0tjAdKMdvZnCLm18XkysBvTlavU-JY/-8fW_gmywcOZY7OAf_FNQ_QzvdFr3OBeDuHoIgVe7DU),,,
j2r::web::1000x150,J2R,Web,J2rauto.com.png (https://v5.airtableusercontent.com/v3/u/51/51/1773835200000/h98zK2NLE9nqz5qYHpM9OQ/KBHfLOmh_aMGsws7EF085mhaPRet_JK6OdEWyzY13mfvGBmK0t7Rk0MZiwEk9PmfhtKhx0VlMa8ZzMfimC6v-tRJaBcbInm64Zc05Y2102HZw1TMyZAipkqx5LQabimKg3zeHWHC2LmKO8-08bqIw13kt6gLk_DOCcIHybStj-Y/AQrF5JbXObEpxYvDvtIIBAteH9Fn9By3IdMO5s5nXU0),,,
journal-des-entreprises::web::728x90floorad-300x600-300x250mobile,JOURNAL DES ENTREPRISES,Web,lejournaldesentreprises.com.png (https://v5.airtableusercontent.com/v3/u/51/51/1773835200000/0yDGVnqX3XSbi06SytL9eg/mZ2EaFEflrODAHILPxO6V0NMucqim3IwS-cCYk4Ps07DaMdXDLa9K6kFxY6G82j8CUQKS6m5IXPUkUCdB-olGW1kO61_o2roecAIS7n-x6VE3rg9g28zEGlq4yRF96VurZpBNQNmuajZGPWdmv1GyvKbTY--YNDyjWOzo8oQJMTnmQPtBPU5yUyiUvy6deKO/JCWTBemH3tInoh91Ftsp6zogRHhS1F1TDU7XbIk4KV8),,,
journal-des-maires::web::728x90-300x250mobile,JOURNAL DES MAIRES,Web,journaldesmaires.com.png (https://v5.airtableusercontent.com/v3/u/51/51/1773835200000/RDXFcgpDm1s7pRz3SpYypg/F2Fm8MGC4SipyfCcf6fMmkR8rZmsKNTsRl3x8H3SG40PkqyZ1DUDQ8vSNxh6QignH9CitMJskm3h_oZlKJ5bCQHRdr7FlXqmXBjOAxT1h_qUHN6N1oNQBaH8D2Q7tmlqwgYhgiE6TmExPiRxbEzfdZAtwY4fPKURMwnRi5iNVHc/_1ib1GuukfxN5muKdv-f8qH66s1qpXFvytEyw_cYT2U),,,
journal-du-pneumatique::web::300x600-300x250mobile,JOURNAL DU PNEUMATIQUE,Web,Journaldupneu.com.png (https://v5.airtableusercontent.com/v3/u/51/51/1773835200000/lmlVlhWH8ARFvsh3Iar-dQ/SNFXjoJqaevGf6oF4DHlUQO9_8Iz0WPQaOTsz2DfpFjxjjyHuyYDTgqrTLxIwR2zoZzn6j5_Zsoux_QaMifejprtKJW0JGVMjly8VZQ_Nv_rjioqQR4gqTiFaVp6zxsE63Qrbcw7rmdZzjCTRKob9YzDOqelBVy3PKd5V-BrpW0/G76_xg9_5IRmk7U4Yw7t067Lv6s37Phrr1iUrXM7NDA),,,
journal-du-pneumatique::web::1000x150,JOURNAL DU PNEUMATIQUE,Web,Journaldupneu.com.png (https://v5.airtableusercontent.com/v3/u/51/51/1773835200000/iQEXjHTDwNueExUg5k_gvQ/sjxX6a_K3k-cXGbZYQARJI9JFMrS_SVEm4p4wYg6N8_imq1S4yVPfjmLzOxNujaCtN6xfy5Z_9RuRSYZ0YE5bhS3Ls3qXKAbhr43OEdebONTyWZS5klLwft3Qui5s1C94a13NJdYixFcTS9KXRlbEPoOCtd4KZw_GQzUrkjvpuY/u301-HY8XSWnXflPl8kuZI_sr7RgVs5LqQ1FnOLWRA4),,,
kine-actualite::web::250x250,KINE ACTUALITE,Web,Kineactu.com.png (https://v5.airtableusercontent.com/v3/u/51/51/1773835200000/EYrHcK9DGqlxHesLQBiILA/3dZt0LpgRGQa2AZeHl3OlHUeoFGYl7H7Pwa9gYVEIcQFDao4cAX0NCdYWhl0bxWsbwqGG8Qsa5wsqYwgbBcJpyikrQo1m0I5yAi1NKtXHNp8tRCjj50uO8ecdK96y-9N3EF4uLX3dDrpn_nGAUapHlVkqU6Ym4ynKzL95EJabnA/yl6NjCrVql99OoerjfHpvAAFOIy-wTV5lMJa8_QIZ_s),,,
l-eclaireur-des-coiffeurs::web::990x180,L'ECLAIREUR DES COIFFEURS,Web,Leclaireur-coiffeurs.com.png (https://v5.airtableusercontent.com/v3/u/51/51/1773835200000/V5c5XpaVs9di-fFuraNTJg/DGO4D-2kXWSw-uf76uM5m_FZChL1Vtbcx1heyu1dyF3V1fecvyBHt93Ph8QMHgxY4XnFdDDvvlf-VmVytQPxSgHLktd_POhnjoko1ToHj_23EAYnK1Ms7NsYGMyD_TvVAGAPscxIWSE6iS7GbwjChe2EisgV5kDk182XTejucJCVtSibB9hpk7dJwJLKKMYc/h5zu3RhvIVfk7Kk4L6vSBeOVqmwRKdi7jYmM70r5ejs),,,
l-eclaireur-des-coiffeurs::web::250x250,L'ECLAIREUR DES COIFFEURS,Web,Leclaireur-coiffeurs.com.png (https://v5.airtableusercontent.com/v3/u/51/51/1773835200000/aaZSByE9Z8rFlFdDQcqaeA/DCsu38IjfslmGXUuzJ9DizMPJWp5rh3STwZfVr90t5parbTabQZxN1fYJ2bHfI0a8Vwb8ZuIKRaIhDGa8D-EDyhsvyrGjVhYDneOJ7uJ6yjBx3hROLkTQu3UINVzgRttXvAJpUGbTZfw2zWvbVvyQjCVJSgKOr5-8FwHeJGsDU9RmPVriSDTmaf6yh1ksMLn/-I_kykfOG83hul6ez5QYxeNUbtWJnWQcag6rT1IWN8A),,,
l-express::web::970x250-300x600-300x250mobile,L'EXPRESS,Web,lexpress.png (https://v5.airtableusercontent.com/v3/u/51/51/1773835200000/VDNteXM1QkG_Nxpnh3plbA/XnAXvQ3ErCjccTCkpAbqmDf6wky8EyxObQBoLdi0dBqSEezSAhoR4GWvnETKU7OshvAYMDOn6EpIwTV6qS7CuFAnM2H8fhp6fFWWLR_9ndf9VLWO5gSNbGl-Hcvu6cjwselsGB0xUKm6052X_UmGBFKZmZuW-MghHMobbfOnesE/chFyfsYNWovdoNff6dmIkz3NfuKgnllZcjGycJIlfOU),,,
l-hotellerie-restauration::web::620x90-360x60mobile,L'HOTELLERIE RESTAURATION,Web,Lhotellerie-restauration.fr.png (https://v5.airtableusercontent.com/v3/u/51/51/1773835200000/YM5nsqDzsuuwKsQJliq06A/3b1HGK2FT3OnGzP1TktYO5_Db9vNF21Vs74e8TZ3SiVXa76ZRkFwghHArlhQcTQxOc-rMWUbMKGw0_SNz9XPa_mW8sQ3fOr7FN-7MMp2LyO5hAKEcVHLLqq0ZsBrEy__qCwQZJ8yNEFL9nDpgqZPddK69NJpVfpExPCTo58P4pAFq1zw6k44U4sJedS0W-68/fnCdtNOzIMKhlOiMB4ejHsh-UWOsHXohswqYyH1Mjyk),,,
l-informaticien::web::729x90-300x600,L'INFORMATICIEN,Web,Linformaticien.com.png (https://v5.airtableusercontent.com/v3/u/51/51/1773835200000/7jL-oxwYMxIdaIeDaRlE3w/bfOA9RlNsFL3gGdtY3uelbvol5OWlKsMsFvC8cDHBd9PGbmIaFzm39rqesTq81e-tp4195oI2f11ksSQhiZvOChblHXNHmCcqiII9RipZLjyomwjMp_47l-ayT0GXWAf7UBs7C_EEwqOfAxBfkNAnln5OI4Huo51-e6BBgvGn6M/Ji1G-tzakwIi3DTOkuLjrVGtA4saSUTzMPOQ4t95MR0),,,
l-information-dentaire::web::1160x90-320x50mobile,L'INFORMATION DENTAIRE,Web,Information-dentaire.fr.png (https://v5.airtableusercontent.com/v3/u/51/51/1773835200000/s52hBmL9Jh4ItnSgUm-EKA/yA1LjJke2PS5SSt2tIVvhQA7TfEa9nA3971C0Jt3xF0-0AnLlb01-G3lgHaAlM0n0FlSZ0Yd38Iyx_R9rogVy7FD_Km_u3D8X0xXmgA9mpx_V5K6xrHNwZ1fU5VO3o7IWseNoWiu7-1WpZNT4rKNi4aPoPj4n9SbW7WLkOVZuNrFuAhA7tSWAq3hwjQ5hDJK/roO-PoBAEZll8agfMnMy-8-tN1AUoZO9OaLqrKDFViI),,,
l-information-dentaire::web::300x600-300x250mobile,L'INFORMATION DENTAIRE,Web,Information-dentaire.fr.png (https://v5.airtableusercontent.com/v3/u/51/51/1773835200000/I7jZK_sqomdcOvrttx4e-Q/yJa-Qrwc8n-JB2WPM9XjQnp8d3nfTM9nVOHDb4C6ufkcQ9eHHbcpp81wBEuLeWPldWxOOV9afaOz2ZeN4h3hceMz3WVSiKN_8HL3CJhUFmXrg2lOWmh8ekuwM3vDhDwvANGOI9qEAPpm9qqx5kLCXZHUkrzrYdFFmejjNI4UjPgyzZW6PiCPF3InGwL23f2H/gZL5gcSWM12EUAueCfcjNTjmAmf-U8dHrSMO3b-vApQ),,,
l-officiel-des-transporteurs::web::300x600-300x250mobile,L'OFFICIEL DES TRANSPORTEURS,Web,officiel.png (https://v5.airtableusercontent.com/v3/u/51/51/1773835200000/d5bhUmWXK6B9kzyZz7vSgA/ibQg1ArHKvGz5zSnACJiuJEF8TRB7iDCiBbWM5bz5qxIePN_fsOZqTZIwtwJD5HpoP__MeTxj3X-xpXUzcIfXt15bNHuRU8icy8z2diz7rZfpcMX4ls6vylkNBIplY-Pu9w0kZ8V20nPVBF3cyXedIJKX9eZ1znyBWznmYYYqns/wzkbuW6CNDftc7T54SFNunuuGM8tgOweD9bE0x2sYKk),,,
l-officiel-des-transporteurs::web::1000x90,L'OFFICIEL DES TRANSPORTEURS,Web,officiel.png (https://v5.airtableusercontent.com/v3/u/51/51/1773835200000/lD2Dbannh0By3RMg7ARKpg/C4BOHjtiCX4X_KdwArdjxedZ6jCnKpkGZkOwZAacbth8G64Nu15K-3Exh7Noqalh4dNxVwJFzHmdLoLB8CsgPQ8kpvpGoQSCX9_lcqVQKEMFXYZ9cFACEapKxJjPxKtvdRkMOo52saN9dt2fRq_V2Bv8ImR-f2qSfldTRh6SVww/g-x0C-qQPnSzfE_APEY48W-S2W5wRQVXsRHM5BfrdAE),,,
l-opinion::web::1000x200-300x600-300x250mobile,L'OPINION,Web,lopinion.png (https://v5.airtableusercontent.com/v3/u/51/51/1773835200000/pZ0nMgnpaiKy_xE0rtknhg/p87BGt-ohyBNzZdO2g47X89i3JSIhhwTeowlIiXjEXZObPVPIHp097tJjRl36Puj9ImgW2d1parFxOiQKBs-oAhKPf6dzYRJNTd4WjilI6_FCaoOlrVRRfP4tPHaDvDvLYEYPCVIfLtzGbOzBgO37gOQN3hoEYMjfquZAncKBXY/2-0PkWaNV1KJpL5JI7IQf3xyYMSoGjwuMPlAB3nag70),,,
l-opticien-lunetier::web::728x90,L'OPTICIEN LUNETIER,Web,Opticien-lunetier.media.png (https://v5.airtableusercontent.com/v3/u/51/51/1773835200000/RvGojBuY1VBNqd7NoItArg/kY5ZsvP0sMzEFBgSlt0GuPHHaf6pKXc_OR45aasFX734cgZDklhLSXdmXKlAlt7b-WktQ-gPrpuQGRta2RkRk0PSAvK_Hgv1qjg91le3NOts5GQebhSarLRNkTUf6jELZs5w1xYVc2D0coeDsYkYOCP4tiaZhguDdtHlfjMTECpmsp9CMOOX4FnSK4DZCjRu/bPAyxDgxINRZeq7DAbtPoNLVtUqIii9QyPRKITdXwdI),,,
l-opticien-lunetier::web::300x250,L'OPTICIEN LUNETIER,Web,Opticien-lunetier.media.png (https://v5.airtableusercontent.com/v3/u/51/51/1773835200000/CtZ6HBLrtPNsK1FIRQYCRA/-J6gtjEBNvIRFBQT2bGPBrQMf6sSeR91NyEasGjnU04oboptORrlCBC3vKtRCSqKCVz-D_eZHNa_TF5UInVe1z3aGU8Knb4bzoccr0aXcL_4OFMATO8Ed2Y0XP8Z6VIrkOZKMf8BZpaoeGTb4UWg2A37iQgMAH8HeYuTH7JjMQZSLvmDrwBt22QtKMEkAISS/zXVaTuys6bwONkoby-UIcA5IO8aP4aOlOvLlZYd39S4),,,
la-classe-fiche-pedagogiques::web::300x600-300x250mobile,LA CLASSE + FICHE PEDAGOGIQUES,Web,laclasse.fr.png (https://v5.airtableusercontent.com/v3/u/51/51/1773835200000/zHpN1pFrs6cwiUZCECwFhQ/iO2T774cJ_q9I5YYN5sfpmfFx_kpQBIZ_iFiQPMRZElQvtFMIWRs5wQ8XgYdtJ_0Fv-dwKrlTAGrSC7gX3va6a3WE8ZLSBWEgvlQJpdMhwpsrEuKlX2d_LwIGDBxHY5Ka1WucPpuAcDP5e5gkgyvy7WBfZkQM8pu9yiQ0JJPWgk/1gk-kfBlxPtWBpNBdYU6jIEbcB6dC4LGRV3QHhOdBAQ),,,
la-france-agricole::web::300x600,LA FRANCE AGRICOLE,Web,france agricole.png (https://v5.airtableusercontent.com/v3/u/51/51/1773835200000/AkQ0ZdeTKpUBsh7du_0R8w/OcFXOogN56jZaKR5c0qcCBGSk-eSvVIgdkLKReyE0wlLNMaVdywwul7IYi44_xtQ-G2T1ZvAHKk91RndGbxDcGrSNhbhLxt0GTxgHJXirnT8O51msK3lPCEU0elQG_4f0inZ8k6S42UDaPRIlYJeZ4WxbHx5paPhWwTpJQfzCcs/nhrRbxLBCAojjvxRj_ykzobGT1X6I8iW_u4w1d2zQzI),,,
la-france-agricole::web::728x90-300x250,LA FRANCE AGRICOLE,Web,france agricole.png (https://v5.airtableusercontent.com/v3/u/51/51/1773835200000/9WCIX_CsKep6wyexa1_Llg/wRZke9hDpuFWYBbJxuc0ytlTDStIzjO90_GQmQOcAIxUOmzITu2XH5N7Obyx-rt_h2jAu_3s83pcUmM85sbgnagKvEIZIhuTpCSR8uTzoiSHEGZCyLeeYXATkrduAAv5uNhQ5FJacB6Rsq8MCn6_FKFFcnVXZf0GcOm7OoASU18/YcBX7QNQXlsz_eFKDK9w3eN5KcSa06_mweRmiGDParE),,,
la-meteo-agricole::web::728x90-300x600,LA METEO AGRICOLE,Web,Lameteoagricole.net.png (https://v5.airtableusercontent.com/v3/u/51/51/1773835200000/dcU8IbRyE78ewyjlC_fB5w/6zDMq4awYcFsiAQfFtnEy4olrbtBvvdeucELob-EFQ2TUQ52h9QysU6t7qiA5XCr3WgBD_tGsl2w6rarA2EconCbreCbtKPA3oLGO_UxV642jl2DLuBWv8iHhg5NWfoLH18mClpXN3alaz7hfCNC57Ys7uo7vewFfRsWuV7thwc/JMcu8fuiyDbudAghXwl6uKbtASiM4NlQjGMu5sjcYQ8),,,
la-profession-comptable::web::728x91,LA PROFESSION COMPTABLE,Web,Laprofessioncomptable.com.png (https://v5.airtableusercontent.com/v3/u/51/51/1773835200000/_cUsdi5i-vryG8yqSl0NYw/228qViLgC39h9Hvv-18oPUHr-S9Jk5rhnxe3tnFM3jXIjWx2b6EBoPcU_ue89I2RtS7Dwoa4lCNzlq7WSvx9AR_J38YgbhBHSw8n0V4G_otuhicC6_zcmp6kJo-cvG98Xw-MCOzhIhKuvqltVfLN7guK1adO52afE06RKSqgOv6FP7cPLmEgVjaXJdWD9UuC/vppAsTmVOr3oSxowEyCp6uWsVH3qV1gHDDe438GKuhI),,,
la-profession-comptable::web::236x472,LA PROFESSION COMPTABLE,Web,Laprofessioncomptable.com.png (https://v5.airtableusercontent.com/v3/u/51/51/1773835200000/R6BYzI1X8eY48RWijdmqbA/x75lFXyYpfaZZkOfGflNH7hDJA9Xbwb1UNnXbtjgbzGosTYKWwwpXKA-Q9eMsq91crc3p1w0iax6f2EYFySoWWXtx0ZI32tMEskVnnvzaFLTg8wsqY_Yw9QuIrzTPLM7XK_HcLmhtyseTaaLq0UEemxWV__ZDfmYy7NNDvMYKV3fcb7ndiikb5i-KhbbUpdT/lj2gKGxaf5Vn7irzWSvyirb_ZSxLMyT3_Qno0ZJEifs),,,
la-revue-pratique-du-froid-et-du-conditionnement-d-air-la-rpf::web::300x250,LA REVUE PRATIQUE DU FROID ET DU CONDITIONNEMENT D'AIR (LA RPF),Web,Larpf.fr.png (https://v5.airtableusercontent.com/v3/u/51/51/1773835200000/s1VxkX0jCFXx6HaHeJNVSw/D920G8FwTRJO3dXeWhz0mi0vXW4Bnq12qV61TAuFv66dYDOjkdR-kxvFBcfg1EqWHhxC2p2RVST61g5l0G73WtF2DhILxIemRBcuX8x-s4EJT1MRadP4Ld2cFNq6MdUvf-JEuYRgdY3pV_urzn6UDIijK-tenA6BCb78ARnOWW8/k7mK6mjw9am-AckKgDAPYVGdkk8boV43oNNflOmnPHo),,,
la-revue-pratique-du-froid-et-du-conditionnement-d-air-la-rpf::web::728x90,LA REVUE PRATIQUE DU FROID ET DU CONDITIONNEMENT D'AIR (LA RPF),Web,Larpf.fr.png (https://v5.airtableusercontent.com/v3/u/51/51/1773835200000/zZq8sg5_X99Y4IO-6RsFxA/LnDkmsEV5N4HgZqWopNzg3_v3oOEu6F8GSL1A81SkhoM5gQ17vLSipBW7VafRLlZgWOYg5VSt2JQopMh_OsGqdZJEOmywAfqWqQxbwnHcM2bGiHZtdzh1iD-p8tfsPkM_4tJfpIxHXgD7eCyLnEnU8jnDeCDhaMDlsaGliu4vUA/SIgyPJh7ppnquZSgppJ9r3XXmZoVY1NbfC0nSKut8wQ),,,
la-toque-magazine::web::1000x90-320x120,LA TOQUE MAGAZINE,Web,latoque.fr.png (https://v5.airtableusercontent.com/v3/u/51/51/1773835200000/EF_Ld3v9SfjkOqtY5T-yqA/b-RQ5lrN_pouh0xFs7vK68i2N_UNOl_u6QXVCgvbnqJ3Du-ASDwm-ZYVTjPHVPVJ8br6Zfy3Nn3iVkltctaQBEbDlKoVUI-vFre65Gwks0zRJYbJMHllxy1G6nbIywEuZA548bnYYwnTCYQCHh5cdSxOr4pAn1uVH13VQUqWmiE/maRqK3Ykk_9O_YEdqGrEkgOn9rYZ1pRSs0AGYRT00RU),,,
la-toque-magazine::web::300x600-300x250mobile,LA TOQUE MAGAZINE,Web,latoque.fr.png (https://v5.airtableusercontent.com/v3/u/51/51/1773835200000/zz0aT1CqHvP8-J-lSSMHmg/T2MJeHQr01X14oEbPmZJ13_VwBMxPv-sW1Nu_5GHhY-tm8p-o6ZUfVscnq8zpQ-orG2tzVHcwbCX9r_fU79BUR8WAM0Q5n02ZwUXChEbU-vAWJpP_g54rwVMtiqHFCyIfxXhP3Oqy8C2DjbtaA9IxUP0gMtjgV35tLiliqUIX-g/jkU6ZT9urZc2anoIDb64x7S_fpVIdlULGkzyPCdpXjM),,,
la-tribune::web::728x90-300x600-300x250mobile,LA TRIBUNE,Web,latribune.png (https://v5.airtableusercontent.com/v3/u/51/51/1773835200000/Z7OI2pN1O5kJjl11hrHE3g/bU77YCstfAc68uCVJcggvnTyES262pbgABHt1IvTGSLgFJPiscoFWPaw07pZQcaq4w5NXOIJ8BNDjo36D1O_uje94yS-4t-OkUK7lmxUZLG921eYIACWdw_gZ1kcvmpotbPq6lsS_AG5kUOWwMHEP9DuUBhcw16SIjU1MZccmUM/YO07dc_mAQy4yCRh9_yetG8h1_6wkqyHI2s7qmQsrlo),,,
la-tribune-de-l-assurance::web::970x250,LA TRIBUNE DE L'ASSURANCE,Web,Tribune-assurance.com.png (https://v5.airtableusercontent.com/v3/u/51/51/1773835200000/Y6o2PFMH3DRgsvhbfxcrlg/wPXQPtYJJA_vRlK32qhD10z_IesGZl5VNQaPWMnYH78TSSW49iT5lSvJ11FKpTQmVzGCm07VmTE7VgxOhhnzaYsgoSpFBeC8-aN4nbE4yYYSwDokDPGxFdIamA2s_UjJAu30wPXFAwtZySDS3-vsX_Uoc3Etx1o7u9aKzq4x2Q8/biF42ekr4RCTnYrPIJc_fffg0PY5B8L1_VGAlW3Oxfg),,,
la-tribune-de-l-assurance::web::300x250,LA TRIBUNE DE L'ASSURANCE,Web,Tribune-assurance.com.png (https://v5.airtableusercontent.com/v3/u/51/51/1773835200000/R1D9HQv7aZMGIBJr3IeAUw/lFzwqXQUc6Tf0qbd4FtaAFgwkYeejM3XWFB2qA9Ub2bnCUAJIXlLHa8vqWfUoYBL6UryfvYLpU2kjs_RJMwLuWPTxMHLSqMjwNsIdgu4h7R9oCkns5_AAudQ6vzNC2ZGv_hMcrb86f7UEvoBH_K1MNeVjo_X6OWNayPdwB4YnyU/Zp0nMFFQckTlA-hhAfoS8OoB-MtTF5UnqSsid3zVNsA),,,
la-tribune-des-auto-ecoles::web::322x322,LA TRIBUNE DES AUTO-ECOLES,Web,tribune auto ecole.png (https://v5.airtableusercontent.com/v3/u/51/51/1773835200000/uOA4cwxettaJJ-AWGbgy6Q/hPebCDYQImpPVwcvMZXDvP5TvviqnYtNuLEt8OeAGz6KkBzSjp0zCvvPs62o5CXVkclKJNuD_LHmlow4wErg5D9lEEkyi3CpgQJyxbqxVaRD37mztop44VMXX7cnriEinCdZNm6hesxGcN6JFGAYT_w0S77pldjFcHyAJ16jOa0/tPiWQblndrnw6chzlmxtHaLgUBZqAgFBr8AjaGsIZoo),,,
la-tribune-des-auto-ecoles::web::730x90,LA TRIBUNE DES AUTO-ECOLES,Web,tribune auto ecole.png (https://v5.airtableusercontent.com/v3/u/51/51/1773835200000/0qi9oo_0E4_fpJCc4Ajyvg/6oxluFesoYv8HPSy1iWslTRsShejTgj6i3ZSc3MCp14zaoa2EO4w167eGMhgIUWHLcRIiI2vugB7z5eTfo9w_SRXlyzOPr1KC2M3SMqi4cq0qBKzPXBDxNkTPnmnBUF5H7OOY4n2RoAyhYvN4kSNFd2LhcOCTKkNVNy81SKl7Z8/nPhUNMyrAaDyrCW0RkeBTzT3CIS-swY4LBfyb0bBDUs),,,
le-blog-du-dirigeant::web::728x90floorad-300x600-300x250mobile,LE BLOG DU DIRIGEANT,Web,leblogdudirigeant.com.png (https://v5.airtableusercontent.com/v3/u/51/51/1773835200000/k0c5vBgkt6A-bOOje2bFwQ/iTf87I1THk3QuFvCc79EvwkQR2GWzE54Omdhl1a1N_zbhZYYzmj8H4xUOcK7AEmJ9yZKPVIDqlVTEjuBVPFbc6-BQ7dvPJFC7TpdEuQv5lz29NUgzv4skqbpU36gI5RQf-yHMIzLonLrWWBI3-gtWW1jffH3QOV5BvDdJNfgM0g/qfLcZVBPIwgLENXdGf2xn3UhDtzQh27WTsKGKLGHWB0),,,
le-courrier-du-meuble-et-de-l-habitat::web::728x90,LE COURRIER DU MEUBLE ET DE L'HABITAT,Web,Courrierdumeuble.fr.png (https://v5.airtableusercontent.com/v3/u/51/51/1773835200000/xBlHK-8oJb9Za6okxntQFQ/9h8vVlv_gR62gmkYDTAERdiWpZ2YIuzdJl8ECMj4EwKTyo7pi33jRDXHNZssSvBJfi07ozVaQjDtvEAz63SCWwGjnxGV1s0qUjQ9BoNSulIwmwOO7eIYmGc7bJ3etejWj4VV1F6rRAj-b1sqgzaZLUJ4rswi5u8S-2RVk44sTtc/i3eJowV10HPQXH_YGSygKJID3nhM2wsQrFbRfl3Voag),,,
le-journal-de-l-automobile::web::1000x150,LE JOURNAL DE L'AUTOMOBILE,Web,journalauto.com.png (https://v5.airtableusercontent.com/v3/u/51/51/1773835200000/eOD-J1dbt58nB9ctufZvcg/zOnqahdKWmfyKjz1547R0xyybO8Auycxci4771tnKpSeyNb0i1-kjfn-F-r4nMEDJQVgYmnGbPFw4q5HlVXgkKAhosGSTyDKlwWGruYVEv3xowSh9z3Fr_OXFTSwCp9sULxDb3FWmm788bwj-q0v7jAoWIKMfMka5LTewNYr3Vs/TLXrUWP3A8kEBeeQf6GXFNC86wrDOIMDIyQbje7kaOk),,,
le-journal-de-l-automobile::web::300x600-300x250mobile,LE JOURNAL DE L'AUTOMOBILE,Web,journalauto.com.png (https://v5.airtableusercontent.com/v3/u/51/51/1773835200000/jknLYE8euODWYvok2Rz76g/c0HcEnBjMzW8K1qFTPkdIUd8TJf_r31boyXf8uolZ5XB0dLBbV3CsmhCQpulvLlSDGOa1kB_7Z3P2QOX2_RO2DLOQm1iWL_TDZShoiniheH2VI3Geu3FC3N6N-gXqULJtXK8aYtoh_icRTGihze8n82AnCsYC58MsAvIgdVmL4M/ovz9cZ8pgbPZFo6KwJECb8O-82iXsYz4NJ4D-mnmUwg),,,
le-journal-des-flottes::web::300x600-300x250mobile,LE JOURNAL DES FLOTTES,Web,Journalauto.com - journal-des-flottes.png (https://v5.airtableusercontent.com/v3/u/51/51/1773835200000/H2kVuvMyY4g7sedVVPpVGw/kZ4vQ25EYbHqIUWgMVhxSzalkzwC7cnqsZ7jgkMWlhm0kgeW9Y33GuzQbQIz7dz2UZEj_9-69hzia-qUFu0-69YYtLpQAIqohRIB92NkVAqQrwLw92Q8nw496DuRmLXXYgjNq50Dlm6hwRBAqX30o0e2kzGwyQgRDeCVwkI8P6FviIgMQ3GP0R4PXGwNV28P/FTxV7nPnIt4vbL0w0vJvNR5PKCOFvV3Iriyo1O6vUUQ),,,
le-journal-des-flottes::web::1000x150,LE JOURNAL DES FLOTTES,Web,Journalauto.com - journal-des-flottes.png (https://v5.airtableusercontent.com/v3/u/51/51/1773835200000/b3K5HjXfPc043001dSI3Dw/TM98rYDVqKigOJoADRnuzM9lAqEJsgpLo0uob7673S3mEgO_sMUsGytzaTmy3-UESWMnZZ4zUvbEzX-y_N4ZO1WWrKgL66j9_dLBLU8iA-SkTelUWv_ghrkGYf33nxX7RrAkUTsftdU-4f8rCnDhmSxRLh6z7USrFn4suZZ_MybF0hs1qJJAXrEQV8Wp47Ji/w0K_rbprQPuGnnQQw3IzZAOz_YsYaqP05xe-Gxxx8zc),,,
le-media-social::web::728x90-300x250,LE MEDIA SOCIAL,Web,Lemediasocial.fr.png (https://v5.airtableusercontent.com/v3/u/51/51/1773835200000/dzKCJk3VMpJ6wA3KExpfxg/KSzl166nIKhuYrSx-VsJyABjVKofCJnCO-dXq4S5d2TkKR5mmWTu9dvfHMH3LCp3QFfLCejp982afvmcif5l5AF6ofKEAkmatEo3IUtBVRBRelSaPJvEPXHldYlfBfX8y5dmq_yQENJyT-K5f1dy-TlSts8iXQVJ_sOXCRVGheo/YPHGn-32Yhr2WN6z2nUFn7JEmJAPlLZvT9GlT-r_CqY),,,
le-moniteur-des-pharmacies::web::728x90-320x50mobile,LE MONITEUR DES PHARMACIES,Web,Lemoniteurdespharmacies.com.png (https://v5.airtableusercontent.com/v3/u/51/51/1773835200000/JBJTJ67fJn9g9xNUXIyspg/6O46U3OujRCDscxuVtSXCB8yhcHVfd-4_y7baHURqUlSc8-jCLRLuphweB5gqoD3NVtSF8vKtaZGkWSU_XDWlfbluGHkuwIO94i-WVNRwnYpthRThn1vtxem2RrANhDyoEjPgpLiNP_nnU7llBb0lkw4vw2_QnCfD40aPvoN5xcgageTBlaRmIWeTxx09Csf/6QfAYHJEJCmaiymlgNUrDA6H-GoiN19KI_Hw6aZ8doQ),,,
le-moniteur-des-pharmacies::web::300x600,LE MONITEUR DES PHARMACIES,Web,Lemoniteurdespharmacies.com.png (https://v5.airtableusercontent.com/v3/u/51/51/1773835200000/KAJHZ6pF-Gv8xeVwxSIr3Q/LxzkY1aDyV4meUp5O7D2zYF7OBiWw1F28ima9jMNI1-alNcBh77qI5iFe3U3S6fWMkdsSNj6BlvKI87fga5Ao_nj6eUUwEP3KOHALJjopXW_5tcidH09ZfG7SVM27ufGp07Qm05hrCZIIILMZLVi6NGPwaTCt2YusVRcfbJfqaWvdlVHCqc9yrCdL500U2lq/R7ugQDHt4LT5x0yGNyn5s9H7JU_Ql7Vjz7ouhL7ijhI),,,
le-nouvel-economiste::web::300x250,LE NOUVEL ECONOMISTE,Web,,,,
le-nouvel-economiste::web::820x250,LE NOUVEL ECONOMISTE,Web,,,,
le-papetier-de-france::web::728x90,LE PAPETIER DE FRANCE,Web,papetierdefrance.com.png (https://v5.airtableusercontent.com/v3/u/51/51/1773835200000/Q-WSN3EZpjtiNx87IQjfbA/REXXSgS91koPm9nhaHmRAUcgtZwKmiYApGg1B9lBww2Pwur8M2FyOh5Grh-0azxCgloaSkZPYhUxjI_Oi1-NItid9xrQDw9AJppuHApHKD7IXCoUciXCV2swKOHQ2Y9f5MfRiGP240CuwQIgARfAQ49g4-5UD4pKLK6xJPBTuB8/bkqsmbY7sUuuePHdOgmXJYt40DCTpW_5gR9esMDiQss),,,
le-papetier-de-france::web::300x250,LE PAPETIER DE FRANCE,Web,papetierdefrance.com.png (https://v5.airtableusercontent.com/v3/u/51/51/1773835200000/_DdpPpdCsgrAoigJnANJEA/Kj8yfplmARFFn-15YAY8p4f26bqSG8voYJuk6m0Xg_t6mvBRm-yFzZI_PBZmDz8HpW1kzfG7O994lanFWmjn8CQw6bVO6xjD_nkgkl-xyOeDvkegFX7_TptXfEhxDv-Gdlgzzc5SqCYtIEoZCSp6CqrjCGY1az2C-Z3m-2aG2xE/MqVJg0J6tzIlSLrhod-wbAWNUq3uHYw0j69EFDrEiac),,,
le-point-veterinaire::web::980x90,LE POINT VETERINAIRE,Web,Lepointveterinaire.fr.png (https://v5.airtableusercontent.com/v3/u/51/51/1773835200000/SeXuXXnmsiXpSmDldVIRkQ/Bv9YpXTpU9m19kMPeTj-q2MVp2adXoZw-OPa3UEsWR63uCG843AqoOHSqybq2OF6yYZpDIrxiuSnJC7HGnNph_Z3dAyGRyKB69R_m65BE9WAwNQ3B7XhN7vymooL1JgEpcyrU662Tp1O14cBWr9Cotkglx_vlxh4l1VyDkjUWK8/28x6LhGWdhf14_ukKvwZCVr-A5VTNEUu_sS0-fl7AtI),,,
le-point-veterinaire::web::300x250,LE POINT VETERINAIRE,Web,Lepointveterinaire.fr.png (https://v5.airtableusercontent.com/v3/u/51/51/1773835200000/IwfDPWXJjh_rENGWxheYjg/c4KpGiBr3ghiF_HewxtEFiGAezvQ1fg17B_E9tVXeASttnz62KinqflNEGIWOFaSX074rOETmOMikv85pjVRsnXw5ED52eY42ravT-Kbb2oWxNTd-y9ZmZGDsl0Ozpm4yXKTh2xkWwBSDlWDKj2DOEhSIN6vrcl5QGmSUjMA0CY/lU9x-pb4_d5pix0IAQerOEUyM0yIEQFyyZDYqencWSc),,,
le-quotidien-du-medecin-ethique::web::300x600,LE QUOTIDIEN DU MEDECIN (ETHIQUE),Web,lequotidiendumedecin.fr.png (https://v5.airtableusercontent.com/v3/u/51/51/1773835200000/FYRbSuakWAVhIHmhQ_PlIA/t89qWFX6j5UBZX0ecOV42azfMncAOU18ol_RmPAUom91Df_ZnTj1NVlalIthvBsOa4PhcMBHaoDfDzmro9Y5bgbdYBgmUORfHLJ-wfkaPLR7UFVKvaWuv8EBR3kL57PR3cvBdKlyNbf5pTO8Iagn1upfXLVx3M-ah7Zv2N8L-D37J1IQm9BojtmdHi_MjaA5/va4IC5lG2vZG7qPQ7hzI9rwofdDrXIAbXogbizKJlp8),,,
le-quotidien-du-medecin-ethique::web::728x90-320x50-300x250,LE QUOTIDIEN DU MEDECIN (ETHIQUE),Web,lequotidiendumedecin.fr.png (https://v5.airtableusercontent.com/v3/u/51/51/1773835200000/lXlCUFw2CxNEDQMelDL_tw/HWr5ocapiMvI_-B6uRmvflVRDtWz68sPiIVsM0_WB2wgSnvYHZWOr7ACbWkJsg1G0Y8WJdejDM8tsqvWdN05VH1wNnoBU8j7u-56K7GTTPvQWrNZF9FyICuLyY2C0qnIxf2QgfUqa0eEMi8XFsdKx4GWaxu7oGGct2UXidhwdOUB_xv5wqXdDYXbVJU6QVNY/HUgENeAicbjmiqbP-pMIcokcJUpm6GHMf8vtNgh1WJA),,,
le-quotidien-du-medecin-non-ethique::web::728x90-320x50-300x250,LE QUOTIDIEN DU MEDECIN (NON ETHIQUE),Web,lequotidiendumedecin.fr.png (https://v5.airtableusercontent.com/v3/u/51/51/1773835200000/lF8GkcxolTbECUF-vwAbow/wf6gtoIDJ1B9YfFAEMz71gTAmmpqn_FBB7q564FRirx7LqLJH-Ofmc61gYaH7VfYOiAjhmnQ1GdPbTtegF-RSZ-ASYGBi8rcVY0HWkghU4ruInndV6CnORT-nnLMQIum2OpfNlhy_0Ex6JUVlLKHusgBxU9nfHZdSCCUNxGXwitQQoso40y70tlqZG_5wtyD/Afz6umUiTlNFIpOrHthzmUtTQbIVNcjKjuGZKvDI9bc),,,
le-quotidien-du-medecin-non-ethique::web::300x600,LE QUOTIDIEN DU MEDECIN (NON ETHIQUE),Web,lequotidiendumedecin.fr.png (https://v5.airtableusercontent.com/v3/u/51/51/1773835200000/sIBCUYu1WCL1Uz9_oRMk5g/sRlx_vXPaRtVyQM6i8s8XXs35-Pp5AGl2WzVuuzjMbuY0eA69gF2g8mNjCjTCN9Gt2bk_t-vUWdpSlHmmMQ7OSbHb_vymz7ZRMya4ghP5V1Xca6S-OqI8i3hbj72uDGj4zNQ5CAGuG1jvri8SydUEgrQ7aHsuWA4Btmv_br36koCL07GxL7za8ncldc_6Fps/eeH8yo3OkG7UmBz9iDIc2EX5z16LCwmCtYUXwxUWEhg),,,
le-quotidien-du-pharmacien::web::728x90-320x50mobile,LE QUOTIDIEN DU PHARMACIEN,Web,Lequotidiendupharmacien.fr.png (https://v5.airtableusercontent.com/v3/u/51/51/1773835200000/ulQon2JnYPPJ9OS9f1HwXw/Whrnidy0OOkTbd-r-2mb0_EU2UQsoF-hBomfUWcSLK2TuEEFOtH3uPcVJeMCh0tGWxhLFmwm28W0ldJ8lD72bcVR-HCM_H5J9APijcrAtZ_tCKWv-MXCctXbKXHlXAcfaWMTmHcxDBOK7_e7oWQAT0UdEFtqEYIcm3x1agjiUc3FcIgnQr6lPZfEoMBYIJSm/SUWgOZQHpvzEGMpuTf6x0v97Y_hJqSPRsPs7HPNgbnA),,,
les-nouvelles-esthetiques::web::300x250,LES NOUVELLES ESTHETIQUES,Web,Nouvelles-esthetiques.com.png (https://v5.airtableusercontent.com/v3/u/51/51/1773835200000/5XAgPlcn6La7qe2tx5VZFQ/fo2XxLTdishUxalRqNtCCUAVNvcPgOYMLGxx8fVWCxkomhoyUpmP59eE4jqx6kU0_l0q8FNQC3a1aObWSXpKtRi44Qh3jMzw1g7DfCNw2i3J307NvbhjSwy0UHLyrnvpiITvNJV_EB7y-ZPu3OTxK_zWD1tyEpIyoYeMOwyP9r2J96qRTVQCXE-YWLe0XSs1/eKlAV08KK0cxgw86Pw3EwL-ASI2Pe9yynskRIF3VQ8Q),,,
lineaires::web::300x250,LINEAIRES,Web,Lineaires.com.png (https://v5.airtableusercontent.com/v3/u/51/51/1773835200000/kKaKzO4ry9yoeimGoblJww/kEBHinVE-79WCLqBB7a66L-ygWWcEmQyQwSmUeH3u_-Yoh1lQIDDE2ucR15Kw8b0A5dySLvUEftCZmfPSR5PJ03WC0v7IGPl1gBRNJiIEs3mYJxQKDGOTLxOXRQIHy8niuWiyUWElqpoQy_AxjoAycx_y0V7pF4T6KhNShXMOiA/Aoe8sdxmiek-njweRsPk_Fj581o03usFwQ2FV-C5I3A),,,
lineaires::web::728x90-320x50mobile,LINEAIRES,Web,Lineaires.com.png (https://v5.airtableusercontent.com/v3/u/51/51/1773835200000/u-ENysnvmuBBNmUBIVAI9w/6EdG9Vfan52fQMAHzN-LBGVpCCkJi0yczIuWBcQs7WBQG_GJfqOwvEnacdCEdd9SkkdKB3HbrNnKpZ7btrSsFWypMWGncEcuX7a6eC7nTEWWtTPLj7mQhb6sN0tX2zoFHDZ7dSoRcjxOsmVxNsyL1fRwWxLj1V5xFK7Bw7RJ-Gw/l9j9OIALDag-QOWn-_iusBDV0nCFAF4M4Wsql2cnqRs),,,
livres-hebdo::web::300x600-300x250mobile,LIVRES HEBDO,Web,Livreshebdo.fr.png (https://v5.airtableusercontent.com/v3/u/51/51/1773835200000/voPkZ41TJQj1sbT5BOQJVQ/Y2cfWeZqJPzXzMiuK7340wUotvVTuhLDK10zFMH6OhMqXaRhNx-3CcWWVeVX1ehbtXRSvgH5MTjxvG40bto8mgUYo6n9QJS4VnVcKNdmhQCghiApze9j-2BbcTJC0fNigzyAvU-ueuSSJj3E3BwrOrNXc9E_s4ynu1YQaorLFrY/GCSw45DSROMBjT8QsZmX0pUthNAR3Qbom2BPO3dfwoM),,,
maires-de-france::web::350x290,MAIRES DE FRANCE,Web,Maire-info.com.png (https://v5.airtableusercontent.com/v3/u/51/51/1773835200000/dd3Q6xMH2yvu8QE6qGNulQ/Gu4tqqdlsQeAVD0RklRKqLVC96ZXuAU7qAQEymnrM5_SRRy6-gtj4X8d6AdwEXmaPmf5BkxOHhAUGh4vHBdpGymj_npZmGzMpPr7KOV8O2pwSLJF2dIam9T-0FYkXwimK_tzUAR2IIvxChCcMfc1YqyA7JvJ8qyRmRM7vYCqGi0/cGpQ29R-9P7QBwAyJEzuN-W82EHAQ9IxuAC7NlRMBQ4),,,
maires-de-france::web::920x120,MAIRES DE FRANCE,Web,Maire-info.com.png (https://v5.airtableusercontent.com/v3/u/51/51/1773835200000/G1rI0sJazvbVEnaOkqOziA/AdzN6dwWtgy4ex0chohReUNM9y5iNA-kD5DaLBVJWmmtN60sWK96KEyFriM8tmN_Mb_EhZb2YP4lGPYXR0OrnYgzPdbAINT9OwPfcLOZuLnuFsCjf5R-jTzFbWR2vrdudX96H3inYhSXzSRSNBNjm8Tq4m6e7MXWIAVWUlzecG8/6w-a3-E1TQbqb6cYI1aZxp-AY1ubuM2jfsCiXJAf73M),,,
maires-de-france::web::728x120,MAIRES DE FRANCE,Web,Maire-info.com.png (https://v5.airtableusercontent.com/v3/u/51/51/1773835200000/lJgmn95Xw6gT4xZca-gBTA/Aw_kkGdRIgrha2WdtaYWPPA8CQl9Wzz85Qf0Gr9W4ti4RsCpTWBcqUK6X0KJLQa8R7P9-74Yh95BpWClbfhufJmMU6jVGkAVVZOkaxhmgQvzkBPs-GNyL228tn5wILqjq9qX_vvWV5pmcgq3WUsN6Rpgv5oFN1xY3BF3BMxO9gA/27ZEwqIN6hLIRLBbbzN7J7nSZVaTMWA3u9STRqiEEFc),,,
maisons-et-travaux-pro::web::1000x90-300x600-300x250mobile,MAISONS ET TRAVAUX PRO,Web,Pro.maison-travaux.fr.png (https://v5.airtableusercontent.com/v3/u/51/51/1773835200000/SLwsd_jlxdIVHzH9TGDrOA/Bfj9bBO6vDCftd5r05DnpbpKgTpZi6avzZKmChHPs8r6Axa7_ei1bO52RweVX4Lpq7EHe1AbM0lrZNjxIxwrdXziGRNzoIPX0GrwlMPL2OWfkuB2TWQdoLPJJLxWr6WQLbGY6PG3udLXzuxxw3BStkraCXwZrmadveP9-ROMGtQ/lsbSE70flM1whn3QEzwSIGZwDmDkRGfUswX0MkQTaag),,,
metal-flash::web::728x90,METAL FLASH,Web,Metal-flash.fr.png (https://v5.airtableusercontent.com/v3/u/51/51/1773835200000/SOgnYzYtLzG77NkruOlO5w/zwwlk7NzZJjCXxIDJLZjgwRGv4Zeh64xzvGgbtTU2J9PT6yyrK-f1J8a1BsJq6c_7Vp3GjRHscQEB3EJ8iWJz0fJSH5gNFAE8D8Z_L-ESQdwWpGbLDCMltntsFXDhnuMvbh-HESXFmhpsAyz5OLL-RwTqlIQT2wzwpY-u0BZCCk/4qCLtzkR8ZjZvCVAsUSeERPO09yFzPlclq3z3oVaN_U),,,
metal-flash::web::300x250,METAL FLASH,Web,Metal-flash.fr.png (https://v5.airtableusercontent.com/v3/u/51/51/1773835200000/hq2eDasL9V-I8cqaQhs7_g/OGqB5oWiFxQX0PHiRK6ZcKSHyYUQ8gxuVRlr0JkhPrPQo9uxS8SJTr0crnyrBP6DxRzfIeDDU4rTZMkggx42x6eMm2u6DE2cvzyHr_xK8GzRMGwk8Nj_wmHTLfh2to2SrgVSlNEK0NGzWueHLCuKGKgIkm39mmQkZjDhndiskwk/pdTtn47ktwoFcMrEx1w66TsVrmG4r95NgL3EJnVISr4),,,
monde-de-l-epicerie-fine::web::300x250,MONDE DE L'EPICERIE FINE,Web,Monde-epicerie-fine.fr.png (https://v5.airtableusercontent.com/v3/u/51/51/1773835200000/8d6ACKBaaAK-OeHgXfzOQQ/pgjAPwEx2bI7L8X8bal9laTUmxJemoOX34xDifpOt1toOWVd9oeICmDhhtg7iq6PHpACGqjkbz33qwZxBgvk86I06NHStcVk4gA60lDrIgxfzScRy3ClYur7Jfl-Q6ZS1AtMqo0x0B6DM_2ULpeVHrTE0MjRAhLJ7OX759xN06pUq_bwdL7ffYNm1znlMkvO/M3_uJwuJVo7BP5ZLvbVd4h165KaqkgIR3xL-jzNaFkw),,,
monde-de-l-epicerie-fine::web::728x90,MONDE DE L'EPICERIE FINE,Web,Monde-epicerie-fine.fr.png (https://v5.airtableusercontent.com/v3/u/51/51/1773835200000/rS9NuQ482WMY_V4h6K-8eQ/qJDjjzwcXuDXUN9c78PZIzNGmaucM5QEBXwr68up7BYrgExWk2GWMcAuW3bLGZ2AXxNLjjNWKH-jFhKi4leoAJONblXAAj0reYcL99hh59_KPWF1ugnOQAqVXwLe78zuLmiR0WOS3RcNuMU_-01DJcXNl7g8yWZnK2CJwpusyEVTE9Ka4AXm6v45r4Wz6lXl/8U5qX_sI-UEvUmhSiJveIclk_x5NGOwwBkRKn1v5Yk8),,,
my-rh-line::web::728x90-300x250,MY RH LINE,Web,Myrhline.com.png (https://v5.airtableusercontent.com/v3/u/51/51/1773835200000/4IDun-mrcArUTXr2V5eeCw/LelHjweJnJb7lLPDEaGdfCYZpdzuBs6dCOqd7_LVXwpzyHtZ3-rmC3DMStkv8VLXMGnfK5PXq0JeT4ZvDX7fV0NX9TVlLe-WhazAs0RxSJpfNELeXyPJ0tzGwVGScnnWT2z_DlyGK60sKmBxenFIH-571fZE1G3aM9K3s1trh7M/EOC_uXckMxB0Et5DWnU1XkWDeoJtK87phNUn_cht1cI),,,
option-finance::web::940x250,OPTION FINANCE,Web,Optionfinance.fr.png (https://v5.airtableusercontent.com/v3/u/51/51/1773835200000/MEIE_y0lXVo2Y_pBuiBo6A/GmrY-8dBi-Rne434Oeck0PERU6BIEQgpRy0PqKC9sc54OvFkrLeeW3yHCPZVklgON_i69j1eLew6KRlCU86W1jFEGFqsbUFbUMTjFN_fBAFExN_CGvARGEgDODMIxaJMXhzNSZYlbckYrNFQq8TwmSNWPIvpLARW-f1OTQZMYHY/Vgn7ZrWt6nK5PhseX7Z0vVQpkKkkuvjdS2b9CeOXYqs),,,
option-finance::web::300x250,OPTION FINANCE,Web,Optionfinance.fr.png (https://v5.airtableusercontent.com/v3/u/51/51/1773835200000/ntgJ7QYguIKVlBF0rtOJ6A/9FzXAYyN1Rc27CU4MPjTaC-FTfTx7okpSADKcrdakqurpfN9g_dsQsPlMKKFoBjvoYOrilkIShKa9FNvT2eBsX7kas0_b95eq6oU03863cU9lANxr5CiLLRk1oUs3Lon3VCIxHNEwyC2ToqdDmNVrOX2TpjPStHc4V_c8agXBA0/1DpXFQ2m1h5-TwSVXfP0esabf7ADKsJkU9Tti0mW4lc),,,
pack-generation-de-clics-garantis::web::728x90-300x600-300x250-320x50,PACK GENERATION DE CLICS GARANTIS,Web,,,,
place-des-commerces::web::728x90floorad-300x600-300x250mobile,PLACE DES COMMERCES,Web,Placedescommerces.com.png (https://v5.airtableusercontent.com/v3/u/51/51/1773835200000/7mPNY_8OhcHkc2QPZ6PkWA/a1W-2aCPXRUghX2GL3oDHfC752k0kzmcjaDoYld8Zz-EAB631fkLHCCBlnXzzsBsL1glbCGlqi-9c_B_xIeyaD5vxup32wa31_jIG12n7u-d6yKPV5THY0gZ0M_NPCjp-hxJirdDDTV7-AfQwVSlUD1GgdXOBt5BF5msI8Y_x2Y/dV_IJv-s76xpNrzh7a97ib0aGrMaRC9Nk3esMvp76Yk),,,
points-de-vente::web::728x90,POINTS DE VENTE,Web,pointsdevente.fr.png (https://v5.airtableusercontent.com/v3/u/51/51/1773835200000/dQrmMU9tW-kOlTtmH8M-vw/4DA-2VGT26jUhmZXujwcx270wMBTbg_p28VgKO27zsXs4kci_S-KzL839hlFM3jjiY6VxGQKSpjTdDUVL6HIinRJ-XPlFoOFOi03VT6JOgA9Uj966IjtxdJYrM7qFQlGdZ-YXotGJidluGy6EOYt68hZ8v30Rc8b2pCFOt5fRJ4/8M3-7Vozq99uJir2ZoklWpTkdhLeq72QY6bijLj2k6k),,,
points-de-vente::web::300x600,POINTS DE VENTE,Web,pointsdevente.fr.png (https://v5.airtableusercontent.com/v3/u/51/51/1773835200000/Bw3wFG82Hy_3kqxffXdSOQ/PXyJqk6o1czqYEAXrgA-mNWBfCNUbA7HqenKtys9_94_OpWf8guezLNoXV8LtyuzgQkl0BwlERgNLT7OGIzjO5Nplv14oJTK0T2kq1iK9jiyUjQfTTkB380elb52U1rBolrtb6tIQW-06mkzT5DEdEkF3Mn7yCLM1kKODtVl0xo/8PAmFq1Okh6v6LKLXIbrAnCj9cjoZ2IKnAC6wFa52g8),,,
process-alimentaire::web::728x90,PROCESS ALIMENTAIRE,Web,processalimentaire.com.png (https://v5.airtableusercontent.com/v3/u/51/51/1773835200000/ZDun6O5opFSuCLw0x4EEmQ/i7RkTweRQCCXGQHNvTmMUmejUMP0406qXtaE26kpxDd1LuCO5r_bysLaE5cfuQqcGoLXD3XSlOUKg28vgCHNTY2wQ-D5vXMWY7pFOvvMldC32kCH0QaGBT8ztdS3JJReAw5LCOndsgPnhh-TyTFp69WmwChFFdArJfiherJOpWVuls3kagcN0VHWya6dGQa4/eZDtkqskhskHuKh4frJt-aAEj6q6XSXLZm2znAIdMl8),,,
produits-de-la-mer::web::300x250,PRODUITS DE LA MER,Web,pdm.png (https://v5.airtableusercontent.com/v3/u/51/51/1773835200000/OMIvhVz9U7C0mj4tw9bncQ/nFjNaU2zA5F2or1o_ExF9R9QMY8otpNeT9yfkCfakQRKAkCK22ON9lOp3FlNpXgNHRdHwboY-_mi5dG-Fs6oxNC7IbzylapmmSj-erDZmxqnuIWP6hTu0VAv3UGM9wIYEgkn-2v7VqXP0OCueC5rZA/_yc0G1iwIme8d6bCTimGt9eyUm9x30bX1yDBpDh45rw),,,
produits-de-la-mer::web::1100x140,PRODUITS DE LA MER,Web,pdm.png (https://v5.airtableusercontent.com/v3/u/51/51/1773835200000/drdy3s6JTzBl3E-NC2X1kw/cnOWTkB-NfmBVwr7iB5uOyrD90eJ3rzHiheW0QEwsCehy9RlUWBIfEtD6jN-oY2C8BtRuJ52WtlJWidVMqOfURiUzVDSbK6aYIu4gb7K1bk0nNqtAaNujDwm9enAWPiy4sBzE90uBNOqR0_oJQ2qeQ/eXu7d902uhjnXjuqnbS6PVOw4CnbU59pUbkbjVgSGWk),,,
profession-cgp::web::250x250,PROFESSION CGP,Web,Professioncgp.com.png (https://v5.airtableusercontent.com/v3/u/51/51/1773835200000/wrUSlWZsYsQorK9Mqq_67w/W-6VQcRqps9jVC8rirY7kLX7FrH_BxoXU5ikZdBIj2zIBkNLCKZl5T8XWjb4g124HA8iiXRHvEnI32Ym4Q_oQ1Ps1ak2HkueIGYDcF_7m3F9kTeUhZfRS3nO9T-2WUQ2VWpsOsSMWAXe4lRPHRch_MCMR77LqlyUTBdLZzIxpfs/qwuB7s1_Fg5kjVqwT9hQQ-oDhVCODyM-oGfvSAU388Q),,,
profession-cgp::web::940x90,PROFESSION CGP,Web,Professioncgp.com.png (https://v5.airtableusercontent.com/v3/u/51/51/1773835200000/GXZSAbGoxuFaxPR2Zqh36A/QSwBVYLyCQ04-Pvl2ALUXDgQ4_vSGMBMDKr7n9n92FzMrvaAH7qU9PvQpZ69ai70xRs6p6XLmM1M8wl516JeWBAaajCBhspBe6go5MGuPcI7eRvqhYEjwue7zA-vcv31TyDz6E0PwqKSizM1KzFomUpmcugRHsEKWdkAizichVQ/hAcCbfuBqUACpvNuBt73iIF7N_w8IcWW0ZWsf5ugfio),,,
rayon-boissons::web::728x90,RAYON BOISSONS,Web,Rayon-boissons.com.png (https://v5.airtableusercontent.com/v3/u/51/51/1773835200000/WyNnnUMbdNpTjqcsF83H-w/F_X8SChdtaad1iCTLLFJl5y66F_1dhvjzqxlwzSFkAwc-9jDOuQ5HTSunA8uCE_PnA0MsK7k7RIgobdldEJh9blZZQCccIidpKkGZt3k1cdJOeFXGUjyQmaNVRF7IpClFAvxxBH-Xp7UVGcPq9_eenN2Q2a-ke5azVCgba0iVYs/RblQSrDUT2nLCUPk2_s3FnNW48W6bo4JvZP9yth-Lx0),,,
rayon-boissons::web::300x250,RAYON BOISSONS,Web,Rayon-boissons.com.png (https://v5.airtableusercontent.com/v3/u/51/51/1773835200000/Dr44-n86zxSbvpV2deE14w/dOQPgn8yr_Ceg2oyXTH1OJDTEHYdssnIo0R7AQD-gZRlMH0pn-jPxUn-HnBkcgHSXazKtNsph_nLw2-N0i4GtN9-xo_zySgYwz2Rkgh3S3CyWjytACdTykEyCjXky9l3ZthA0ARBto3kcKd4R0aujSWCGDExFoxStLy0c_Oku3Y/Lab1e0Li5mDh_vDNM3qbc0u1W-6DoJamGhK1Ojy4NME),,,
recyclage::web::450x750,RECYCLAGE,Web,Recyclage-recuperation.fr.png (https://v5.airtableusercontent.com/v3/u/51/51/1773835200000/vyQkYikF5MhUSuPsLAcRGg/_ArTSgNdhNxQ0hn0L2MMJrLnEX2XixWIilUvBHH0Ivyya342jBHGLYaeqYPxnayzdW-d3XAMnkmDByls-JC88UBj_1rxRw7o6R_Huk3OUpRhxanFvfs2qH_MX1qHO-oo_XOevQha4UxPHbN84Nz0kRgdtYh-JGQOsJvm4f_tEnTX-zR4ScKRc0f4rNeg9Jdy/sYqyOFirGr0ze_MF1yF9xgG5Xash7jFjU9tDjOC0Oow),,,
recyclage::web::730x100,RECYCLAGE,Web,Recyclage-recuperation.fr.png (https://v5.airtableusercontent.com/v3/u/51/51/1773835200000/kbYWeedkrJSdcI_RDRl6Ng/-RysOoXS5ir_Bhm_04XQRUWN96ZoJcYLzpGUngZNnE3Tzb4_qMad9Wxg22krEZbEE_fBInSV65CEADiYwL5GDB0uj1dSjX23wXGEZmwozCds4hNwLRuUfvmu8r-9D7KIayg-vjH4wRI17Qw14gEWr46CJdtcrmnPsHTbwitgRkLds1e39olOIJlyP7nBNyMP/_rUe9vX_z39RM9-89ij6FGCf3tT5z90a99gkvk_VMPE),,,
revue-banque::web::970x90-320x100mobile,REVUE BANQUE,Web,Revue-banque.fr.png (https://v5.airtableusercontent.com/v3/u/51/51/1773835200000/4-l6q7-REm36sKGieXYGZQ/ZuCkOZHJS7DooIQntOncckP9shFV9o6hGkb79crjn_LnJQGlp4ZZhCDuJP1iO8Pt1XG9tLlw7iSarMpCi2Lao5D1jHynmKxN-_L_cZqE_At8dKORqT_LtKcmZPI9_MFkXCmdCC5pFvo_Sf16jc0cidtCw2jIccfC_rc3vJCz9FI/GphmA4RARXgQ17vbFApQfBbcbCpetww6jRXwEuy-ENc),,,
revue-banque::web::300x600,REVUE BANQUE,Web,Revue-banque.fr.png (https://v5.airtableusercontent.com/v3/u/51/51/1773835200000/_G4RGBCU40DphwXs7WcVjw/AK7h8lggEYvcZFJ_gcbPwMrJ51cs_tu3h3LDdQN2ukX5K0HYBr7iIQvChc9ZrMAc-1Tz0bFUsp-Ck_HhtibW5lBi0jYVmC7BKliwUS8VWdsdMxx16hEM4ohM-2_2OQYChK-O5oI34FaUTUUyAyJjpsZIjFnmuF7IFnptEPkdOFw/a0S3JEII8uIMZFV_xNddbSxK9BK7_2X5wvL2gNsL1fw),,,
revue-hospitaliere-de-france::web::300x250,REVUE HOSPITALIERE DE FRANCE,Web,revue-hospitaliere.fr.png (https://v5.airtableusercontent.com/v3/u/51/51/1773835200000/acHKtPZQogbrna8iNFXztw/yCDPy-Y_J2eOd86FeqlSs0O65Yo0SPfJgH8j3xDo9011SDWTtmB0y-pBTDXTqMLaWErgjLl2DLiBWWVSNYwoRGcsxmTSfL6X_vFuIy9YassmlCygSRcZ0LcT6kI15ZcE9b5N7Eawac5xZrTeQlbBbJycysQfdu4ZScM2IYO9gN0/wg-Wi0VHtvuNXjg2pylQ-k9X6byCBuPq0Ke1yeEOCIo),,,
revue-hospitaliere-de-france::web::728x90,REVUE HOSPITALIERE DE FRANCE,Web,revue-hospitaliere.fr.png (https://v5.airtableusercontent.com/v3/u/51/51/1773835200000/JxuHNc8RJSWczedj36TlhA/ksaqEFtUG-WdoBGMESSvadGzcRYX3WaZeLvzegtrNWK0Cn2_vA0Em9oH85CC4bldSs2VIYaWFakVg_L64yu3oFIY85WDuaaqcvOTBv2nO6xbJTwXnKGZxC4XIKeDEzxqEybSAcDSQO9-Arbed_Lh75Q6sRBsF49EzKzPk5AkB3U/1Z-eyz3z4xjuzq0db9i3zEEAnRGWnSJT0RcH1oTjg08),,,
ria-la-revue-de-l-industrie-agroalimentaire::web::970x90-320x120,RIA (LA REVUE DE L'INDUSTRIE AGROALIMENTAIRE),Web,ria.fr.png (https://v5.airtableusercontent.com/v3/u/51/51/1773835200000/b2pTZPdPDqXO9wqD-LN7zg/_yFGdNkD04J3zBDePyyiTZefiYx6roIiaFBJ6_YoblIDZQrYE99mcC7w9bdwroh3-PnWOhs-uMxRRv9LyAD6KWj2EacQcq_zV5kIv-aMz5iArqD_9P0UxGOhL6GcLecUOV39Znz0-Eaa0WvVVAlguUO-8hCVIroIpQyw4lIoy1g/3RqTG66o2SEVfJCdK6Hdf9vLJL19G-1NBYf-90wihvs),,,
ria-la-revue-de-l-industrie-agroalimentaire::web::300x600-320x120,RIA (LA REVUE DE L'INDUSTRIE AGROALIMENTAIRE),Web,ria.fr.png (https://v5.airtableusercontent.com/v3/u/51/51/1773835200000/iVamQ1NlxJh2vcNHVrZCpA/Y41QlE49ebiUQd5OSu3EnaRaAZhBDFTpU-9qLlcQvhqH21AtalEW917AL63eWoHDWKlFrvbz4tWhhS-yy7o6mpsBhxs5vtY9-u3g6b5aRP1N4PaoQ-Di2JABAXRZ1O5qArv6_0Tv9Z91YNuRj2eMrn7OGsOVTw4z0f9fZXg_-S0/9f1gOhnT87DtcNnjO2_2vEbrOuOO1bvRCDt7sz-wKkE),,,
rvi::web::728x92,RVI,Web,Larvi.com.png (https://v5.airtableusercontent.com/v3/u/51/51/1773835200000/nQdsj0hVnQucepsTQsA3ew/25Gc7pyzZrNJJLFG15C_YUyoAsZvUsRtLkF6iUDTzVtjMCHCjwbQ6IzrHQcT8iBnlmKyfd0Yq8NMS_cPQKh9Bi8BccWva1hijDrtPpPHE8RkFUuUkTGOXHl9BKBxaMlJ0xtg1N9qYmVYzJn6bxlHG_Em5-3U8psnUp4UxfeIbGI/QVqyqQ0JceAL4AJzWEHunMTSKQsoJdCLFGDCFF7zrHs),,,
rvi::web::360x360,RVI,Web,Larvi.com.png (https://v5.airtableusercontent.com/v3/u/51/51/1773835200000/o54H9TIOkGwV7r6DBgMVDA/aLmTkxytMb_zcLJQeHnYZ9aPbSyw1q2FyFF_PsUDa8SpUpcC8ntN9pGhtIfXcV4rffFhkHGldnXXkkKM1Zqd85KPyfbz1i7TILgQs4xBWsXQpMVX72utTkoGu-UYbh0mFmx27Cj_YuaHWogOZM1YAlyUo1njXmzukhJKweLrvUw/1060fXdWT8VJh5HvOWoQOxKraZWPdQwuQmxlRNJe1r0),,,
score-3::web::1000x90floorad-300x250mobile,SCORE 3,Web,score3.fr.png (https://v5.airtableusercontent.com/v3/u/51/51/1773835200000/i8uKV_3T9eI_5i7o7HdWDw/tp-wCL5cxTI4y81rrKpzkfORwadt6l2XRIxvvknUo1FP44d3OjcVBkpsiF_vy7bpdz4UNS4gHLJ8mm_HXfAkUJB4dsTJ0jBhvg4dAse_xxBszRoj43vofW0rC6upqCszz-LUzlMvzyqTLs50ErAOJp2C7dR_V1O3a0uVqjEjHmw/tBT9-DPifz8PWIHcsOSgydt_rupu8lDUI28V43StK9Y),,,
se-loger-bureaux-commerces::web::300x600-320x50mobile,SE LOGER BUREAUX COMMERCES,Web,seloger.png (https://v5.airtableusercontent.com/v3/u/51/51/1773835200000/CjXiWTQ8x9JWosFcz_mBIw/b8aZIipXZ7McilY3VEKkJi74tXwjYbZ2_qaGOcXV2BW8qYoBCK2Iqbn04O3jzC1NoZmdy7IHbQHm3oc9CkXsFROxwTRV94FkVPqVko1MUoIi0JGbLex1N_UmXNE9ickrTsRZhksNsRejkoX8MCWwBSI4ExhQ9yRd8rJxTr6qYFs/F0obdfHCKgMkGgHZ40hCDRbtN6Ulf1ctP7QmzgA8ABs),,,
silicon::web::728x90-300x600,SILICON,Web,silicon.fr.png (https://v5.airtableusercontent.com/v3/u/51/51/1773835200000/O-PE3JUXoYHjmFHKJjA_Ug/CSPfxP5syS8zD0f616ydHe23Dc5WVfp_b3emGOSW_loxlfcvdiCCAa0sX9u7yI1UhLtRFeZqV5HWrx9mwuU5JP-gwBLubf-9uvHLi2Gaj80FuhURjqOBpCuT8KeSlktBF_rqV3kpqGuC9_lVU2RudlzoKJrPm3wNs9fGErcOP4Y/gjbXo9sodOmzcugUfHki85wDWvm3vkMrKchqQ5tBxZ8),,,
snacking::web::360x460,SNACKING,Web,Snacking.fr.png (https://v5.airtableusercontent.com/v3/u/51/51/1773835200000/gL6B_Sifl5Z8Uuw5bEmk8g/w5JlpIq_EAVhhKVNYJYArdm8RkM1Ba0qBCgQ6dUfedLrTlmb_ioe2_hR983vcXnhBWEfrLKy4aLdqtWQ6fc3pTl8QvEVySSJHiFPyVY-mG2PPhUVI8hUBrd0-ep3SrCd2JC0AUlo080u3UQQ5WwMIpMdmrtdwgLDtQBmsMDZTHk/qB3RNsi83HZCiEvK2iimmt5Y5X6Ax8BioAe-fz9AUqg),,,
snacking::web::360x230,SNACKING,Web,Snacking.fr.png (https://v5.airtableusercontent.com/v3/u/51/51/1773835200000/kNx4ioiH9duWewcdSr7Jhw/fs6XZ4TCzXxPPvU1lP8b4HlNAiw7K57_hNZD1MuWOFAV5D77MSH1HPaihqSqkTEIWjJNRYX17W-KlPIiKYFujiSk_BwnMjE-7KjgI3FnB-ips4gfY-umXBVNkskTZdrC00iDJF44ClMM_qv6J_7_kHhIFU09spRDKN8Md8FJqpw/TWacWWZOO1-zAXnYkCMaAC3f4OwJucPHpUjmRbtE7w8),,,
snpden::web::680x160,SNPDEN,Web,Snpden.net.png (https://v5.airtableusercontent.com/v3/u/51/51/1773835200000/3_iCQz4uFvi5Q3ZQQFHeeg/ceLhm0UrhEtKmnruimgBjsBjTHIp4wSvdYFPfJ5pmDcclWqvSP8ii3MCbPTwrFfLuJ3iwxaRbxXc0xm3RPB9RpKLDQySOiF8bWulG7fJeowjY-FZIWqqf0ITNzHZ665zdIaRrTI69JBRVmK6PikLEffde9-MbX4EJMT2fGQwVOY/Wsg3iiJvh_8EKxTGcDB4Fc00BK-3uM4cCRp7h12fHNc),,,
societe-com::web::728x90-300x600-300x250mobile,SOCIETE.COM,Web,societe.com.png (https://v5.airtableusercontent.com/v3/u/51/51/1773835200000/Ts161H2nMNXaTnrfctGMXQ/sNfsbPUEGY8JKEqtjRtLOTZEgwIOlCn4GrQNWEaQfCTdIMXYWPwtw9WzEnmJZJJ1jFLBH-4Z1mNsegKh2MP98AITptcESqfFGFhBqPqDN0rlNzAMkRmCwBGSHP5z-2TcLA-4c50FU6uHAwXgycuDhwc9yJNwrDz2GJcjwown4_o/uqZ6tkhRmPbv4Fl9qy-1iMCBwP45YP_UgZ7gcdsZPsc),,,
sport-strategies::web,SPORT STRATEGIES,Web,,,,
strategie-logistique::web::300x250,STRATEGIE LOGISTIQUE,Web,strategielogistique.com.png (https://v5.airtableusercontent.com/v3/u/51/51/1773835200000/Z1srBp6jelIGjXhTQQdwTg/zkOswtwkc_itBKu4RBnexUC8wwCGGN4hYNqps-y4-3qZNdoEASqrOrheblPqiicSq-ltpP2HM70kkP7_o_h3MY8_S-di7aS_mom-mQ-J9exMsZvvLVSyhiIeZzSJxs-BbYdkxZLIl8O6tXgBNVE4TL-zwlZE8K6olTLKaVGLRAnett-Pm9ZCrt0uFIKDcgx8/I7ncm8J-QbmLYpwkp_ju3kV22WjNJVe4NbXm9miTcQs),,,
strategie-logistique::web::728x90,STRATEGIE LOGISTIQUE,Web,strategielogistique.com.png (https://v5.airtableusercontent.com/v3/u/51/51/1773835200000/R3SYpcyBhZY9WmYmAelG5Q/FV-ox9Qmh-x3Yre9z-an_Elo0NpPoNonJM3EQpHmx3hoyD49iETDJdzSA-Ud5nXqlCi4f03VkOWQm1oisrhAXdgYi8JqvHGja82fLQXdMwHmzPRstHmsKT9mhvZLR60zbqq0CZh0K6uE2r-5ZtLlxnIv2Ia-v9isLMLnr5duOTm7ahBUK2-eJfnIZPp82Epj/xSJbCWB3iCaYlCMjN4POiW3fINWfJ_9gVBd60B2_94g),,,
strategies::web::300x600-300x250mobile,STRATEGIES,Web,Strategies.fr.png (https://v5.airtableusercontent.com/v3/u/51/51/1773835200000/L2Vb6tCYmaCwjG4jGFJrEw/3OhbFCTOyicQoi3-gjXVwCdE07INqwiQl4OmhBBQYWQxI_0KsgIWT4KOywwvsv7PdzO1iMj1pZO0bBdxihDjhbWUXs_iKq4_3aKCIIWLRkII2RlwQlTH9Bysqz0u8FGAXZWAFoupA_m7vzsFacLryBiIKJ1KAGJH7XZVIJ080Yo/1FjvV6TAMvTPNtOynxm7wpNavwIJU8pvYNWQu0CkHRQ),,,
strategies::web::728x90,STRATEGIES,Web,Strategies.fr.png (https://v5.airtableusercontent.com/v3/u/51/51/1773835200000/0BRhcg76JzX0_eSzhoiBjQ/TgT7PqChojGtawhjbT3YpfNUJBBnxmbVt61TWsYVN_pO7EJ3EoRtd5vQl0xzQjS18X_UX-jflR-edAcfQBEtGSCBhq9SVUJExcpVLS25K00M8fgY8GNi4xkINBftsU1G5uXcCYP7Dug0UhmmcuPZZWPw2goHZ21Eh2vItPEQBIM/cZMmSCFV7-x0lyobL2_Ot4xGXSy7ikqmUkNxZUi7NR4),,,
technic-baie::web::300x250,TECHNIC' BAIE,Web,technicbaie.fr.png (https://v5.airtableusercontent.com/v3/u/51/51/1773835200000/wG_wl4rJu0m2k2lOLvef8Q/D92e8R0AIyTxqwwNDwQiLMwXiF7d5vZwthkn8fcRY3ZUpTYnfqVFB4HZqHn755x2bJATp4SQaF9GjNKkSB1nR6WQdEJr-7nFXH2LelTeyaKNe9r-Y3HzS-1YrbNczGVdVdPEmLf53tEWM4a6D9iZ75oUqjLl-Kq8gKV9QNymC08/-_2NI4finecST-yE3FhPx8sFQufoCJEVm9m1ElWxWQ4),,,
technic-baie::web::728x90,TECHNIC' BAIE,Web,technicbaie.fr.png (https://v5.airtableusercontent.com/v3/u/51/51/1773835200000/3RGtZO2pmEX0kjOYBRErXA/kgheKcfXBT2CGgi-J45Q_x6Nz_5xYzZvtInb7s2omenjGCI5_tmPMBG5uRGjm8HBvnoifAghTvbR2rtbliV-m3h3DBaBgjc1C6OZ68b4WC6ysx5dSWWflCW4meDGBvWw7yzrbZopp9mpR62cZXJTwg36cz7TPYdMjqGJ1UVjW98/CCk7VxjR7P8poGnMXhswzbjMsMZQB1rmQ3Kz44R3Tag),,,
techniques-ingenieur::web::728x90footerad-300x250,TECHNIQUES INGENIEUR,Web,Techniques-ingenieur.fr.png (https://v5.airtableusercontent.com/v3/u/51/51/1773835200000/PjPC4hIMG7sCKacWxOIuIg/5yARz4d2t87dSNL8xrDm4sfYCUbQmjZffTOvsp89HwCASFVnSQM1D6ervgYyPMLdc0s1Xy6ec8Itq6RDWFCsVt-OJfTn6NzEaalRouY3s9D0UOWcZjWbmvz0Kj_HOfFhuv_gZGXa6R7KaqbFISbJJ4AV44QDErv2nf2NpWDHpGIvW0z5cg30BJjMEYACuH0L/EoIkzIs58gbjVge20aYcokn3vXsMLbwmniNxZq_6jXQ),,,
terre-net::web::728x90-300x250,TERRE NET,Web,terre net.png (https://v5.airtableusercontent.com/v3/u/51/51/1773835200000/tm6QLaGV_HS5giB1N0A_Yw/AlF55JqWQqmJE6nNWpO1llC7SeUw-Lzwiviuw-IOh0vvorn-GmYiRpUbPGZ3UHqUllY1pFef1z_XyIj_RMXCs7iWWyw2zfyagYsculc_CKhs_qV0-L1gIUIjR3Mp6gdXU49ZnarVqwSAEE6zPy1fNIm5U435Ul316a9ogbE8C_8/LKntwTiEI9q4jkVz0WdUzcHmhqRXk34FEjqNWmPcMKA),,,
terre-net::web::300x600-300x250mobile,TERRE NET,Web,terre net.png (https://v5.airtableusercontent.com/v3/u/51/51/1773835200000/MfVr4DUmI8oOSnTdSqLRIw/y3sptnJUwx_0g1s00SdBbdx3G5WohRSyX-o0c6niCv4DRhxB42lzXVs-Xg0jQLbQIKYCxr2rwbWz7EwK3SIHuGvxnJvBdAdCh4tZZtpzA9gIKE4DWSOt_o-rWju1hOFD6OrJVQFBqBQBOD_f_vtPGr6d_YZa07t4rGUIr8M37yE/7wi5NI5IlFQGkpGhww-ZfXkAN_V8WlAjJxG1yrumDfo),,,
terre-net-france-agricole-web-agri-materiel-agricole::web::728x90-300x250,TERRE NET + FRANCE AGRICOLE + WEB AGRI + MATERIEL AGRICOLE,Web,,,,
terre-net-france-agricole-web-agri-materiel-agricole::web::300x600,TERRE NET + FRANCE AGRICOLE + WEB AGRI + MATERIEL AGRICOLE,Web,,,,
tourmag::web::300x150,TOURMAG,Web,tourmag.png (https://v5.airtableusercontent.com/v3/u/51/51/1773835200000/0wrPZxhFfbd9HTalRZXkHA/BrLl7VJbTpmuwJynYxi3wKyNjdVoaqShqRAA3CM4cPrhPaBsjWVqKVyJD2qOyy2Y8_80PLiYMC8EkGtJkr3Tzy5YKJcqzA8dCmtxaOJzGtbfpL57f4G6rbLYQJGe_b768kohN_B7nWO4ZSbf0AYDP_wjjRvMn80hIveZ2mD7PRY/0rgmRZn6eOqjSKDQlMwn43i5afzOoycvVi_1E8QoqWU),,,
transport-info::web::970x250-300x250mobile,TRANSPORT INFO,Web,Transportinfo.fr.png (https://v5.airtableusercontent.com/v3/u/51/51/1773835200000/xMaEJUSq4zPqwriQmFlw7w/k7X176UdRLahJOOgVRxP_4QKTX2WfolLKVxDgazLlTso2bCHtTKiDkuSlK3TUaJ4Vu33V9aaCM1t9haH9kw90KMz9LQtdSJbONDBcd0bveZ6tZIKD2TXsZfVCiKfAvu3w4z4iIBt2y4EkptJm4qAW7c8MJHVB2xLc8Pugh05QEo/gihs8XcSZxB7lgmMIToPArZ3IYBZtLB4qHK-NGTp3LY),,,
transport-info::web::970x90-300x250mobile,TRANSPORT INFO,Web,Transportinfo.fr.png (https://v5.airtableusercontent.com/v3/u/51/51/1773835200000/mhjWVC4XKQqQxJL18RkGbA/9srd2qLvTwa_jIWeG6V4yMvJft18ycahFJ0g1EhfryuKerwLSywnGbGAocYhXquNzXexVCkPGd0XZKlLiHzbY_r0OubDuYQ4U0HyBm0jjvQU0F8hf-VPJg_5UPwRRHxBjyKby18Vp80S8KlVK9uWvdzP1JJuNL74NpwE7SBrnE4/KoYD47-uK0d-UFSwocCTXJo9RfKUmd9AB7qM0bh_9oE),,,
transport-info::web::300x600-300x250mobile,TRANSPORT INFO,Web,Transportinfo.fr.png (https://v5.airtableusercontent.com/v3/u/51/51/1773835200000/Wsu7SSgIlBmaXAOj8xSZGQ/ziimeB_RAvy-4ykGADZ_wtkuez9bZ783iOqgfhMHkbuDw124jS9QXEeorBp9a67941xgnw_y9Nco5occES1oJCEooS7jN_oD6rub0wHEwqSy-bKrDoPPMvQHPGZMe2LK-7xPVz-nz4rbKR-UHHSSSI3No2WvO_C2iOs7EDOyF2E/Qub4ck7nXhuSFt8MZOqr1pewo0jiQK3GOo06LSHrHa0),,,
univers-habitat::web::300x250,UNIVERS HABITAT,Web,univers habitat.png (https://v5.airtableusercontent.com/v3/u/51/51/1773835200000/KFlMIK6B1pbv3gEaqEfp8g/epRaITX1S0ci5NfK4D2_qMdJhciUuGbghipKfLRRFDCn6bzAc-Q2bfWx9n_d40TWf25s6Zj6CH3c8pLODgE_M5VBm2a1RGKouRyKWVzYBc_Gvhg05NHqun2REhF7ymqTbcQc83WlYZPUMKRjUg5fiDJM6nLLf73QysdFF3n8hCo/CrZBXtVXhhT2HCML69sTCCM1FZcV5IHB5iiQeCrkgNs),,,
verre-menuiserie-actualites::web::300x600,VERRE & MENUISERIE ACTUALITES,Web,Verre-menuiserie.com.png (https://v5.airtableusercontent.com/v3/u/51/51/1773835200000/_-KgkVus6SyiBkMZ6KqyQg/0Xka70rfwhPRQHGoUdR-eAMicorzsJZ5AN4cvqqzfTrilZvxCannmMnOjxQ_JZdBulQm5lQZQCD3bQyEWIn1CygcMBE5gqykvfoLPlVaK3jQj7D7z29qdMpWMT_4kPstsDzfr4dN5deTUQ0OEv5xosZxWFu_dtkMS2hIfLPQct0/OiKnhkSDGMa8DFlXVTBbf_YYYQJC6p43mcQLTa7U-U0),,,
verre-menuiserie-actualites::web::1000x90,VERRE & MENUISERIE ACTUALITES,Web,Verre-menuiserie.com.png (https://v5.airtableusercontent.com/v3/u/51/51/1773835200000/JFtPSAS-PI1Rt7wqb7yi4A/uQij1rhY4LJCBecVROy6huaewD--XGfCgPdOIiulKI5dtL7NZtoQog47gpoeG4Ffn29aEwJ4XSbAxTf-R-oVdNe5bBtxskXCahRvhip3sFeLu4tsoD4T6SI7I-Lb7JzuP8A8gcPambpP3KyMvpTaGgZPPnwyB1gaRi6FaJHvLHc/s6QmLyMoWV_2lBgRmF_INiTOwumFnvYazJmT4GYI6eY),,,
village-justice::web::1160x200-300x600-320x100mobile,VILLAGE-JUSTICE,Web,Village-justice.com.png (https://v5.airtableusercontent.com/v3/u/51/51/1773835200000/d3EXqE9ZzU9Un-4-qSLssA/EphUA8vISxWS7znjP7OMZ_LZWsKgKgeFU5h4tnSixzIVVW3bYHGdQgFIqk4A9C7WmTtq8npEYk_FDZoik7m85OwNWZ3sqTWTY8QgbuK4fciyS2rIEwetQwr0hBZikPXskXUM4eRtkqoQuYKUFsb00lz17W4edvP45K0GO5sDXMg/-0qVAbadKlpLDX7kcs9KF-lMGZ4x12m6ox1jXH2MNrs),,,
village-notaires::web::728x90-320x100mobile,VILLAGE-NOTAIRES,Web,Village-notaires-patrimoine.com.png (https://v5.airtableusercontent.com/v3/u/51/51/1773835200000/GI7246ZsLIRXsX8lXxR2Qw/ewOkrwWwwKVYQwGXtY3hGnvf7Q_Q7Qojsk18wejAy4Cb7rl5vM_k-Dd7UBaTh29ZR4_5v4HAbHW8RERbGdp4pxpkPSe1F4yp8tco5g5RTalWpZoukatAykP77MVBLOPnAw4vcCA2RY9x0ewhrQ-D0mXb9LcCVRGrmKIoq4ctZ1rvxr01eRv4rkAsD1W8NGgl/WLfVNRkePZ5czSN1UyOm-JbjBUXQtHOrN8YRHWHmuGo),,,
village-notaires::web::300x600-320x100mobile,VILLAGE-NOTAIRES,Web,Village-notaires-patrimoine.com.png (https://v5.airtableusercontent.com/v3/u/51/51/1773835200000/EZKb0hX3R0EYEYhjTAJjPg/zNSwCHX7c3vKGKX2lsCGOsEkFxEMjG5-RwLWDPpfaPj4xqLGhdKKkNBVBvENvpQmvPIO5oxeUYkreJJEoSRTQroVpPIaLgpTpPaTrWovszb89mz8Bhn32qntHBGChOvBZYdQLoWpFDZsPihkYxbKmG9OxstoFumP6zkLN-I5ms5XyUtrEkU7UWVM_uqhnnCt/arHsLC1ygxL7k8HldEdoSZKGuh4Y8rP5XzUQErbXByo),,,
weka::web::728x90-300x600-300x250mobile,WEKA,Web,weka.fr.png (https://v5.airtableusercontent.com/v3/u/51/51/1773835200000/3Ikg8fUCuFI-uNxjdNfoMQ/X8rTf0rcwYaV6CsM6chllSrehB0pltQsxjOy3oQECH0cuFDcLkPeqF1kDV1w9ob6JYTUDgWfSOksWoQ2oZrTKIKGMs2NSIKRbfoHXv-9ovrblwLxHO2_jNusErREIx3nmzK68RkasOVZNGKGbBd-JF9-u7fu9AhlUkR2ozIGhUE/ZJ03GTCJWyx4IFzoMmdIVZ2JDr-5X7ZcFvvgyIxhWbc),,,
abcdent-pro::nl,ABCDENT.PRO,NL,,,,
acteurs-publics::nl,ACTEURS PUBLICS,NL,,,,
action-co::nl,ACTION CO,NL,,,,
agefi::nl,AGEFI,NL,,,,
app-ines::nl,APP'INES,NL,,,,
architectures-a-vivre::nl,ARCHITECTURES A VIVRE,NL,,,,
au-coeur-du-chr::nl,AU COEUR DU CHR,NL,,,,
batiactu::nl,BATIACTU,NL,,,,
batirama::nl,BATIRAMA,NL,,,,
batiweb::nl,BATIWEB,NL,,,,
be-a-boss::nl,BE A BOSS,NL,,,,
biblond::nl,BIBLOND,NL,,,,
caducee::nl,CADUCEE,NL,,,,
chaud-froid-performance::nl,CHAUD FROID PERFORMANCE,NL,,,,
culture-rh::nl,CULTURE RH,NL,,,,
d-architectures::nl,D'ARCHITECTURES,NL,,,,
daf-mag::nl,DAF MAG,NL,,,,
decideurs-strategie-finance-et-droit::nl,DECIDEURS STRATEGIE FINANCE ET DROIT,NL,,,,
decisions-hpa::nl,DECISIONS HPA,NL,,,,
dynamique-mag::nl,DYNAMIQUE MAG,NL,,,,
ecommerce-mag::nl,ECOMMERCE MAG,NL,,,,
egora::nl,EGORA,NL,,,,
electricien-3e-j3e::nl,ELECTRICIEN 3E + J3E,NL,,,,
entretien-textile::nl,ENTRETIEN TEXTILE,NL,,,,
environnement-magazine::nl,ENVIRONNEMENT MAGAZINE,NL,,,,
etancheite-info::nl,ETANCHEITE INFO,NL,,,,
flottes-automobiles::nl,FLOTTES AUTOMOBILES,NL,,,,
france-routes::nl,FRANCE ROUTES,NL,,,,
fusacq::nl,FUSACQ,NL,,,,
genie-climatique::nl,GENIE CLIMATIQUE,NL,,,,
geroscopie::nl,GEROSCOPIE,NL,,,,
gpo-mag::nl,GPO MAG,NL,,,,
infirmiers::nl,INFIRMIERS,NL,,,,
investissement-conseils::nl,INVESTISSEMENT CONSEILS,NL,,,,
it-for-business::nl,IT FOR BUSINESS,NL,,,,
j2r::nl,J2R,NL,,,,
journal-des-entreprises::nl,JOURNAL DES ENTREPRISES,NL,,,,
journal-des-maires::nl,JOURNAL DES MAIRES,NL,,,,
kine-actualite::nl,KINE ACTUALITE,NL,,,,
l-eclaireur-des-coiffeur::nl,L'ECLAIREUR DES COIFFEUR,NL,,,,
l-hotellerie-restauration::nl,L'HOTELLERIE RESTAURATION,NL,,,,
l-informaticien::nl,L'INFORMATICIEN,NL,,,,
l-information-dentaire::nl,L'INFORMATION DENTAIRE,NL,,,,
l-officiel-des-transporteurs::nl,L'OFFICIEL DES TRANSPORTEURS,NL,,,,
l-opinion::nl,L'OPINION,NL,,,,
l-opticien-lunetier::nl,L'OPTICIEN LUNETIER,NL,,,,
la-classe-fiche-pedagogiques::nl,LA CLASSE + FICHE PEDAGOGIQUES,NL,,,,
la-france-agricole::nl,LA FRANCE AGRICOLE,NL,,,,
la-profession-comptable::nl,LA PROFESSION COMPTABLE,NL,,,,
la-revue-pratique-du-froid-et-du-conditionnement-d-air-la-rpf::nl,LA REVUE PRATIQUE DU FROID ET DU CONDITIONNEMENT D'AIR (LA RPF),NL,,,,
la-toque-magazine::nl,LA TOQUE MAGAZINE,NL,,,,
la-tribune::nl,LA TRIBUNE,NL,,,,
la-tribune-de-l-assurance::nl,LA TRIBUNE DE L'ASSURANCE,NL,,,,
la-tribune-des-auto-ecoles::nl,LA TRIBUNE DES AUTO-ECOLES,NL,,,,
le-blog-du-dirigeant::nl,LE BLOG DU DIRIGEANT,NL,,,,
le-courrier-du-meuble-et-de-l-habitat::nl,LE COURRIER DU MEUBLE ET DE L'HABITAT,NL,,,,
le-journal-de-l-automobile::nl,LE JOURNAL DE L'AUTOMOBILE,NL,,,,
le-journal-des-flottes::nl,LE JOURNAL DES FLOTTES,NL,,,,
le-moniteur-des-pharmacies::nl,LE MONITEUR DES PHARMACIES,NL,,,,
le-nouvel-economiste::nl,LE NOUVEL ECONOMISTE,NL,,,,
le-papetier-de-france::nl,LE PAPETIER DE FRANCE,NL,,,,
le-point-veterinaire::nl,LE POINT VETERINAIRE,NL,,,,
le-quotidien-du-medecin-ethique::nl,LE QUOTIDIEN DU MEDECIN (ETHIQUE),NL,,,,
le-quotidien-du-pharmacien::nl,LE QUOTIDIEN DU PHARMACIEN,NL,,,,
lineaires::nl,LINEAIRES,NL,,,,
livres-hebdo::nl,LIVRES HEBDO,NL,,,,
maisons-et-travaux-pro::nl,MAISONS ET TRAVAUX PRO,NL,,,,
metal-flash::nl,METAL FLASH,NL,,,,
monde-de-l-epicerie-fine::nl,MONDE DE L'EPICERIE FINE,NL,,,,
my-rh-line::nl,MY RH LINE,NL,,,,
option-finance::nl,OPTION FINANCE,NL,,,,
points-de-vente::nl,POINTS DE VENTE,NL,,,,
process-alimentaire::nl,PROCESS ALIMENTAIRE,NL,,,,
produits-de-la-mer::nl,PRODUITS DE LA MER,NL,,,,
profession-cgp::nl,PROFESSION CGP,NL,,,,
rayon-boissons::nl,RAYON BOISSONS,NL,,,,
recyclage::nl,RECYCLAGE,NL,,,,
revue-banque::nl,REVUE BANQUE,NL,,,,
ria-la-revue-de-l-industrie-agroalimentaire::nl,RIA (LA REVUE DE L'INDUSTRIE AGROALIMENTAIRE),NL,,,,
rvi::nl,RVI,NL,,,,
silicon::nl,SILICON,NL,,,,
snacking::nl,SNACKING,NL,,,,
snpden::nl,SNPDEN,NL,,,,
strategie-logistique::nl,STRATEGIE LOGISTIQUE,NL,,,,
strategies::nl,STRATEGIES,NL,,,,
technic-baie::nl,TECHNIC' BAIE,NL,,,,
techniques-ingenieur::nl,TECHNIQUES INGENIEUR,NL,,,,
terre-net::nl,TERRE NET,NL,,,,
terre-net-france-agricole-web-agri-materiel-agricole::nl,TERRE NET + FRANCE AGRICOLE + WEB AGRI + MATERIEL AGRICOLE,NL,,,,
transport-info::nl,TRANSPORT INFO,NL,,,,
univers-habitat::nl,UNIVERS HABITAT,NL,,,,
verre-menuiserie-actualites::nl,VERRE & MENUISERIE ACTUALITES,NL,,,,
village-justice::nl,VILLAGE-JUSTICE,NL,,,,
village-notaires::nl,VILLAGE-NOTAIRES,NL,,,,
weka::nl,WEKA,NL,,,,