variant_slug,support,canal,type,date,periodicite,specs_techniques,notes
acteurs-publics::print,ACTEURS PUBLICS,Print,Bouclage,27/2/2025,Bimestriel,,
acteurs-publics::print,ACTEURS PUBLICS,Print,Parution,20/3/2025,Bimestriel,,
acteurs-publics::print,ACTEURS PUBLICS,Print,Bouclage,30/4/2025,Bimestriel,,
acteurs-publics::print,ACTEURS PUBLICS,Print,Parution,21/5/2025,Bimestriel,,
acteurs-publics::print,ACTEURS PUBLICS,Print,Bouclage,4/9/2025,Bimestriel,,
acteurs-publics::print,ACTEURS PUBLICS,Print,Parution,25/9/2025,Bimestriel,,
acteurs-publics::print,ACTEURS PUBLICS,Print,Bouclage,6/11/2025,Bimestriel,,
acteurs-publics::print,ACTEURS PUBLICS,Print,Parution,27/11/2025,Bimestriel,,
actes-pratiques-et-ingenierie-immobiliere::print,ACTES PRATIQUES ET INGENIERIE IMMOBILIERE,Print,Bouclage,24/2/2025,Trimestriel,,
actes-pratiques-et-ingenierie-immobiliere::print,ACTES PRATIQUES ET INGENIERIE IMMOBILIERE,Print,Parution,17/3/2025,Trimestriel,,
actes-pratiques-et-ingenierie-immobiliere::print,ACTES PRATIQUES ET INGENIERIE IMMOBILIERE,Print,Bouclage,3/6/2025,Trimestriel,,
actes-pratiques-et-ingenierie-immobiliere::print,ACTES PRATIQUES ET INGENIERIE IMMOBILIERE,Print,Parution,24/6/2025,Trimestriel,,
actes-pratiques-et-ingenierie-immobiliere::print,ACTES PRATIQUES ET INGENIERIE IMMOBILIERE,Print,Bouclage,25/8/2025,Trimestriel,,
actes-pratiques-et-ingenierie-immobiliere::print,ACTES PRATIQUES ET INGENIERIE IMMOBILIERE,Print,Parution,15/9/2025,Trimestriel,,
actes-pratiques-et-ingenierie-immobiliere::print,ACTES PRATIQUES ET INGENIERIE IMMOBILIERE,Print,Bouclage,29/10/2025,Trimestriel,,
actes-pratiques-et-ingenierie-immobiliere::print,ACTES PRATIQUES ET INGENIERIE IMMOBILIERE,Print,Parution,19/11/2025,Trimestriel,,
actes-pratiques-et-ingenierie-immobiliere::print,ACTES PRATIQUES ET INGENIERIE IMMOBILIERE,Print,Bouclage,6/3/2025,Trimestriel,,
actes-pratiques-et-ingenierie-immobiliere::print,ACTES PRATIQUES ET INGENIERIE IMMOBILIERE,Print,Parution,27/3/2025,Trimestriel,,
actes-pratiques-et-ingenierie-immobiliere::print,ACTES PRATIQUES ET INGENIERIE IMMOBILIERE,Print,Bouclage,5/5/2025,Trimestriel,,
actes-pratiques-et-ingenierie-immobiliere::print,ACTES PRATIQUES ET INGENIERIE IMMOBILIERE,Print,Parution,26/5/2025,Trimestriel,,
actes-pratiques-et-ingenierie-immobiliere::print,ACTES PRATIQUES ET INGENIERIE IMMOBILIERE,Print,Bouclage,1/7/2025,Trimestriel,,
actes-pratiques-et-ingenierie-immobiliere::print,ACTES PRATIQUES ET INGENIERIE IMMOBILIERE,Print,Parution,22/7/2025,Trimestriel,,
actes-pratiques-et-ingenierie-immobiliere::print,ACTES PRATIQUES ET INGENIERIE IMMOBILIERE,Print,Bouclage,1/9/2025,Trimestriel,,
actes-pratiques-et-ingenierie-immobiliere::print,ACTES PRATIQUES ET INGENIERIE IMMOBILIERE,Print,Parution,22/9/2025,Trimestriel,,
actes-pratiques-et-ingenierie-immobiliere::print,ACTES PRATIQUES ET INGENIERIE IMMOBILIERE,Print,Bouclage,29/10/2025,Trimestriel,,
actes-pratiques-et-ingenierie-immobiliere::print,ACTES PRATIQUES ET INGENIERIE IMMOBILIERE,Print,Parution,19/11/2025,Trimestriel,,
actualites-habitat::print,ACTUALITES HABITAT,Print,Bouclage,,Bimensuel,,
actualites-habitat::print,ACTUALITES HABITAT,Print,Parution,,Bimensuel,,
actualites-habitat::print,ACTUALITES HABITAT,Print,Bouclage,,Bimensuel,,
actualites-habitat::print,ACTUALITES HABITAT,Print,Parution,,Bimensuel,,
actualites-habitat::print,ACTUALITES HABITAT,Print,Bouclage,,Bimensuel,,
actualites-habitat::print,ACTUALITES HABITAT,Print,Parution,,Bimensuel,,
actualites-habitat::print,ACTUALITES HABITAT,Print,Bouclage,,Bimensuel,,
actualites-habitat::print,ACTUALITES HABITAT,Print,Parution,,Bimensuel,,
actualites-habitat::print,ACTUALITES HABITAT,Print,Bouclage,,Bimensuel,,
actualites-habitat::print,ACTUALITES HABITAT,Print,Parution,,Bimensuel,,
actualites-habitat::print,ACTUALITES HABITAT,Print,Bouclage,,Bimensuel,,
actualites-habitat::print,ACTUALITES HABITAT,Print,Parution,,Bimensuel,,
actualites-habitat::print,ACTUALITES HABITAT,Print,Bouclage,,Bimensuel,,
actualites-habitat::print,ACTUALITES HABITAT,Print,Parution,,Bimensuel,,
actualites-habitat::print,ACTUALITES HABITAT,Print,Bouclage,,Bimensuel,,
actualites-habitat::print,ACTUALITES HABITAT,Print,Parution,,Bimensuel,,
actualites-habitat::print,ACTUALITES HABITAT,Print,Bouclage,,Bimensuel,,
actualites-habitat::print,ACTUALITES HABITAT,Print,Parution,,Bimensuel,,
actualites-habitat::print,ACTUALITES HABITAT,Print,Bouclage,,Bimensuel,,
actualites-habitat::print,ACTUALITES HABITAT,Print,Parution,,Bimensuel,,
actualites-habitat::print,ACTUALITES HABITAT,Print,Bouclage,,Bimensuel,,
actualites-habitat::print,ACTUALITES HABITAT,Print,Parution,,Bimensuel,,
actualites-habitat::print,ACTUALITES HABITAT,Print,Bouclage,,Bimensuel,,
actualites-habitat::print,ACTUALITES HABITAT,Print,Parution,,Bimensuel,,
action-co::print,ACTION CO,Print,Bouclage,23/5/2025,Trimestriel,,
action-co::print,ACTION CO,Print,Parution,16/6/2025,Trimestriel,,
l-activite-immobiliere::print,L'ACTIVITE IMMOBILIERE,Print,Bouclage,16/12/2024,Mensuel,,
l-activite-immobiliere::print,L'ACTIVITE IMMOBILIERE,Print,Parution,7/1/2025,Mensuel,,
l-activite-immobiliere::print,L'ACTIVITE IMMOBILIERE,Print,Bouclage,20/1/2025,Mensuel,,
l-activite-immobiliere::print,L'ACTIVITE IMMOBILIERE,Print,Parution,7/2/2025,Mensuel,,
l-activite-immobiliere::print,L'ACTIVITE IMMOBILIERE,Print,Bouclage,19/2/2025,Mensuel,,
l-activite-immobiliere::print,L'ACTIVITE IMMOBILIERE,Print,Parution,6/3/2025,Mensuel,,
l-activite-immobiliere::print,L'ACTIVITE IMMOBILIERE,Print,Bouclage,19/3/2025,Mensuel,,
l-activite-immobiliere::print,L'ACTIVITE IMMOBILIERE,Print,Parution,6/4/2025,Mensuel,,
l-activite-immobiliere::print,L'ACTIVITE IMMOBILIERE,Print,Bouclage,18/4/2025,Mensuel,,
l-activite-immobiliere::print,L'ACTIVITE IMMOBILIERE,Print,Parution,7/5/2025,Mensuel,,
l-activite-immobiliere::print,L'ACTIVITE IMMOBILIERE,Print,Bouclage,20/5/2025,Mensuel,,
l-activite-immobiliere::print,L'ACTIVITE IMMOBILIERE,Print,Parution,7/6/2025,Mensuel,,
l-activite-immobiliere::print,L'ACTIVITE IMMOBILIERE,Print,Bouclage,21/8/2025,Mensuel,,
l-activite-immobiliere::print,L'ACTIVITE IMMOBILIERE,Print,Parution,7/9/2025,Mensuel,,
l-activite-immobiliere::print,L'ACTIVITE IMMOBILIERE,Print,Bouclage,19/9/2025,Mensuel,,
l-activite-immobiliere::print,L'ACTIVITE IMMOBILIERE,Print,Parution,7/10/2025,Mensuel,,
l-activite-immobiliere::print,L'ACTIVITE IMMOBILIERE,Print,Bouclage,18/10/2025,Mensuel,,
l-activite-immobiliere::print,L'ACTIVITE IMMOBILIERE,Print,Parution,7/11/2025,Mensuel,,
l-activite-immobiliere::print,L'ACTIVITE IMMOBILIERE,Print,Bouclage,19/11/2025,Mensuel,,
l-activite-immobiliere::print,L'ACTIVITE IMMOBILIERE,Print,Parution,7/12/2025,Mensuel,,
administration-et-intendance::print,ADMINISTRATION ET INTENDANCE,Print,Bouclage,27/1/2025,Trimestriel,,
administration-et-intendance::print,ADMINISTRATION ET INTENDANCE,Print,Parution,18/2/2025,Trimestriel,,
administration-et-intendance::print,ADMINISTRATION ET INTENDANCE,Print,Bouclage,30/4/2025,Trimestriel,,
administration-et-intendance::print,ADMINISTRATION ET INTENDANCE,Print,Parution,22/5/2025,Trimestriel,,
administration-et-intendance::print,ADMINISTRATION ET INTENDANCE,Print,Bouclage,26/6/2025,Trimestriel,,
administration-et-intendance::print,ADMINISTRATION ET INTENDANCE,Print,Parution,22/8/2025,Trimestriel,,
administration-et-intendance::print,ADMINISTRATION ET INTENDANCE,Print,Bouclage,13/10/2025,Trimestriel,,
administration-et-intendance::print,ADMINISTRATION ET INTENDANCE,Print,Parution,21/11/2025,Trimestriel,,
agefi-alpha::print,AGEFI ALPHA,Print,Bouclage,9/1/2025,Mensuel,,
agefi-alpha::print,AGEFI ALPHA,Print,Parution,30/1/2025,Mensuel,,
agefi-alpha::print,AGEFI ALPHA,Print,Bouclage,6/2/2025,Mensuel,,
agefi-alpha::print,AGEFI ALPHA,Print,Parution,27/2/2025,Mensuel,,
agefi-alpha::print,AGEFI ALPHA,Print,Bouclage,27/2/2025,Mensuel,,
agefi-alpha::print,AGEFI ALPHA,Print,Parution,20/3/2025,Mensuel,,
agefi-alpha::print,AGEFI ALPHA,Print,Bouclage,3/4/2025,Mensuel,,
agefi-alpha::print,AGEFI ALPHA,Print,Parution,24/4/2025,Mensuel,,
agefi-alpha::print,AGEFI ALPHA,Print,Bouclage,9/5/2025,Mensuel,,
agefi-alpha::print,AGEFI ALPHA,Print,Parution,30/5/2025,Mensuel,,
agefi-alpha::print,AGEFI ALPHA,Print,Bouclage,5/6/2025,Mensuel,,
agefi-alpha::print,AGEFI ALPHA,Print,Parution,26/6/2025,Mensuel,,
agefi-alpha::print,AGEFI ALPHA,Print,Bouclage,26/6/2025,Mensuel,,
agefi-alpha::print,AGEFI ALPHA,Print,Parution,17/7/2025,Mensuel,,
agefi-alpha::print,AGEFI ALPHA,Print,Bouclage,22/8/2025,Mensuel,,
agefi-alpha::print,AGEFI ALPHA,Print,Parution,12/9/2025,Mensuel,,
agefi-alpha::print,AGEFI ALPHA,Print,Bouclage,2/10/2025,Mensuel,,
agefi-alpha::print,AGEFI ALPHA,Print,Parution,23/10/2025,Mensuel,,
agefi-alpha::print,AGEFI ALPHA,Print,Bouclage,6/11/2025,Mensuel,,
agefi-alpha::print,AGEFI ALPHA,Print,Parution,27/11/2025,Mensuel,,
agefi-alpha::print,AGEFI ALPHA,Print,Bouclage,27/11/2025,Mensuel,,
agefi-alpha::print,AGEFI ALPHA,Print,Parution,18/12/2025,Mensuel,,
agefi-actifs::print,AGEFI ACTIFS,Print,Bouclage,27/12/2024,Mensuel,,
agefi-actifs::print,AGEFI ACTIFS,Print,Parution,17/1/2025,Mensuel,,
agefi-actifs::print,AGEFI ACTIFS,Print,Bouclage,24/1/2025,Mensuel,,
agefi-actifs::print,AGEFI ACTIFS,Print,Parution,14/2/2025,Mensuel,,
agefi-actifs::print,AGEFI ACTIFS,Print,Bouclage,21/2/2025,Mensuel,,
agefi-actifs::print,AGEFI ACTIFS,Print,Parution,14/3/2025,Mensuel,,
agefi-actifs::print,AGEFI ACTIFS,Print,Bouclage,26/3/2025,Mensuel,,
agefi-actifs::print,AGEFI ACTIFS,Print,Parution,16/4/2025,Mensuel,,
agefi-actifs::print,AGEFI ACTIFS,Print,Bouclage,25/4/2025,Mensuel,,
agefi-actifs::print,AGEFI ACTIFS,Print,Parution,16/5/2025,Mensuel,,
agefi-actifs::print,AGEFI ACTIFS,Print,Bouclage,28/5/2025,Mensuel,,
agefi-actifs::print,AGEFI ACTIFS,Print,Parution,18/6/2025,Mensuel,,
agefi-actifs::print,AGEFI ACTIFS,Print,Bouclage,20/6/2025,Mensuel,,
agefi-actifs::print,AGEFI ACTIFS,Print,Parution,11/7/2025,Mensuel,,
agefi-actifs::print,AGEFI ACTIFS,Print,Bouclage,28/8/2025,Mensuel,,
agefi-actifs::print,AGEFI ACTIFS,Print,Parution,18/9/2025,Mensuel,,
agefi-actifs::print,AGEFI ACTIFS,Print,Bouclage,26/9/2025,Mensuel,,
agefi-actifs::print,AGEFI ACTIFS,Print,Parution,17/10/2025,Mensuel,,
agefi-actifs::print,AGEFI ACTIFS,Print,Bouclage,23/10/2025,Mensuel,,
agefi-actifs::print,AGEFI ACTIFS,Print,Parution,13/11/2025,Mensuel,,
agefi-actifs::print,AGEFI ACTIFS,Print,Bouclage,14/11/2025,Mensuel,,
agefi-actifs::print,AGEFI ACTIFS,Print,Parution,5/12/2025,Mensuel,,
agenceur-magazine::print,AGENCEUR MAGAZINE,Print,Bouclage,17/1/2025,Bimestriel,,
agenceur-magazine::print,AGENCEUR MAGAZINE,Print,Parution,7/2/2025,Bimestriel,,
agenceur-magazine::print,AGENCEUR MAGAZINE,Print,Bouclage,7/3/2025,Bimestriel,,
agenceur-magazine::print,AGENCEUR MAGAZINE,Print,Parution,28/3/2025,Bimestriel,,
agenceur-magazine::print,AGENCEUR MAGAZINE,Print,Bouclage,25/4/2025,Bimestriel,,
agenceur-magazine::print,AGENCEUR MAGAZINE,Print,Parution,16/5/2025,Bimestriel,,
agenceur-magazine::print,AGENCEUR MAGAZINE,Print,Bouclage,12/9/2025,Bimestriel,,
agenceur-magazine::print,AGENCEUR MAGAZINE,Print,Parution,3/10/2025,Bimestriel,,
agenceur-magazine::print,AGENCEUR MAGAZINE,Print,Bouclage,31/10/2025,Bimestriel,,
agenceur-magazine::print,AGENCEUR MAGAZINE,Print,Parution,21/11/2025,Bimestriel,,
alternatives-economiques::print,ALTERNATIVES ECONOMIQUES,Print,Bouclage,17/1/2025,Mensuel,,
alternatives-economiques::print,ALTERNATIVES ECONOMIQUES,Print,Parution,30/1/2025,Mensuel,,
alternatives-economiques::print,ALTERNATIVES ECONOMIQUES,Print,Bouclage,14/2/2025,Mensuel,,
alternatives-economiques::print,ALTERNATIVES ECONOMIQUES,Print,Parution,27/2/2025,Mensuel,,
alternatives-economiques::print,ALTERNATIVES ECONOMIQUES,Print,Bouclage,14/3/2025,Mensuel,,
alternatives-economiques::print,ALTERNATIVES ECONOMIQUES,Print,Parution,27/3/2025,Mensuel,,
alternatives-economiques::print,ALTERNATIVES ECONOMIQUES,Print,Bouclage,11/4/2025,Mensuel,,
alternatives-economiques::print,ALTERNATIVES ECONOMIQUES,Print,Parution,24/4/2025,Mensuel,,
alternatives-economiques::print,ALTERNATIVES ECONOMIQUES,Print,Bouclage,16/5/2025,Mensuel,,
alternatives-economiques::print,ALTERNATIVES ECONOMIQUES,Print,Parution,30/5/2025,Mensuel,,
alternatives-economiques::print,ALTERNATIVES ECONOMIQUES,Print,Bouclage,20/6/2025,Mensuel,,
alternatives-economiques::print,ALTERNATIVES ECONOMIQUES,Print,Parution,3/7/2025,Mensuel,,
alternatives-economiques::print,ALTERNATIVES ECONOMIQUES,Print,Bouclage,14/8/2025,Mensuel,,
alternatives-economiques::print,ALTERNATIVES ECONOMIQUES,Print,Parution,28/8/2025,Mensuel,,
alternatives-economiques::print,ALTERNATIVES ECONOMIQUES,Print,Bouclage,19/9/2025,Mensuel,,
alternatives-economiques::print,ALTERNATIVES ECONOMIQUES,Print,Parution,2/10/2025,Mensuel,,
alternatives-economiques::print,ALTERNATIVES ECONOMIQUES,Print,Bouclage,17/10/2025,Mensuel,,
alternatives-economiques::print,ALTERNATIVES ECONOMIQUES,Print,Parution,30/10/2025,Mensuel,,
alternatives-economiques::print,ALTERNATIVES ECONOMIQUES,Print,Bouclage,14/11/2025,Mensuel,,
alternatives-economiques::print,ALTERNATIVES ECONOMIQUES,Print,Parution,27/11/2025,Mensuel,,
architecture-a-vivre::print,ARCHITECTURE A VIVRE,Print,Bouclage,24/1/2025,Bimestriel,,
architecture-a-vivre::print,ARCHITECTURE A VIVRE,Print,Parution,14/2/2025,Bimestriel,,
architecture-a-vivre::print,ARCHITECTURE A VIVRE,Print,Bouclage,28/3/2025,Bimestriel,,
architecture-a-vivre::print,ARCHITECTURE A VIVRE,Print,Parution,18/4/2025,Bimestriel,,
architecture-a-vivre::print,ARCHITECTURE A VIVRE,Print,Bouclage,23/5/2025,Bimestriel,,
architecture-a-vivre::print,ARCHITECTURE A VIVRE,Print,Parution,14/6/2025,Bimestriel,,
architecture-a-vivre::print,ARCHITECTURE A VIVRE,Print,Bouclage,18/7/2025,Bimestriel,,
architecture-a-vivre::print,ARCHITECTURE A VIVRE,Print,Parution,17/8/2025,Bimestriel,,
architecture-a-vivre::print,ARCHITECTURE A VIVRE,Print,Bouclage,3/10/2025,Bimestriel,,
architecture-a-vivre::print,ARCHITECTURE A VIVRE,Print,Parution,31/10/2025,Bimestriel,,
architecture-a-vivre::print,ARCHITECTURE A VIVRE,Print,Bouclage,27/11/2025,Bimestriel,,
architecture-a-vivre::print,ARCHITECTURE A VIVRE,Print,Parution,19/12/2025,Bimestriel,,
artisans-bois::print,ARTISANS & BOIS,Print,Bouclage,13/12/2024,Bimestriel,,
artisans-bois::print,ARTISANS & BOIS,Print,Parution,3/1/2025,Bimestriel,,
artisans-bois::print,ARTISANS & BOIS,Print,Bouclage,14/2/2025,Bimestriel,,
artisans-bois::print,ARTISANS & BOIS,Print,Parution,7/3/2025,Bimestriel,,
artisans-bois::print,ARTISANS & BOIS,Print,Bouclage,13/5/2025,Bimestriel,,
artisans-bois::print,ARTISANS & BOIS,Print,Parution,3/6/2025,Bimestriel,,
artisans-bois::print,ARTISANS & BOIS,Print,Bouclage,3/10/2025,Bimestriel,,
artisans-bois::print,ARTISANS & BOIS,Print,Parution,24/10/2025,Bimestriel,,
artisans-bois::print,ARTISANS & BOIS,Print,Bouclage,21/11/2025,Bimestriel,,
artisans-bois::print,ARTISANS & BOIS,Print,Parution,12/12/2025,Bimestriel,,
l-assmat::print,L'ASSMAT,Print,Bouclage,5/3/2025,Bimestriel,,
l-assmat::print,L'ASSMAT,Print,Parution,31/3/2025,Bimestriel,,
l-assmat::print,L'ASSMAT,Print,Bouclage,7/5/2025,Bimestriel,,
l-assmat::print,L'ASSMAT,Print,Parution,30/5/2025,Bimestriel,,
l-assmat::print,L'ASSMAT,Print,Bouclage,4/7/2025,Bimestriel,,
l-assmat::print,L'ASSMAT,Print,Parution,29/7/2025,Bimestriel,,
l-assmat::print,L'ASSMAT,Print,Bouclage,5/9/2025,Bimestriel,,
l-assmat::print,L'ASSMAT,Print,Parution,30/9/2025,Bimestriel,,
l-assmat::print,L'ASSMAT,Print,Bouclage,6/11/2025,Bimestriel,,
l-assmat::print,L'ASSMAT,Print,Parution,29/11/2025,Bimestriel,,
au-coeur-du-chr::print,AU COEUR DU CHR,Print,Bouclage,10/1/2025,Mensuel,,
au-coeur-du-chr::print,AU COEUR DU CHR,Print,Bouclage,20/3/2025,Mensuel,,
au-coeur-du-chr::print,AU COEUR DU CHR,Print,Parution,2/4/2025,Mensuel,,
au-coeur-du-chr::print,AU COEUR DU CHR,Print,Bouclage,20/5/2025,Mensuel,,
au-coeur-du-chr::print,AU COEUR DU CHR,Print,Parution,3/6/2025,Mensuel,,
au-coeur-du-chr::print,AU COEUR DU CHR,Print,Bouclage,15/7/2025,Mensuel,,
au-coeur-du-chr::print,AU COEUR DU CHR,Print,Parution,31/7/2025,Mensuel,,
au-coeur-du-chr::print,AU COEUR DU CHR,Print,Bouclage,19/9/2025,Mensuel,,
au-coeur-du-chr::print,AU COEUR DU CHR,Print,Parution,1/10/2025,Mensuel,,
au-coeur-du-chr::print,AU COEUR DU CHR,Print,Bouclage,19/11/2025,Mensuel,,
au-coeur-du-chr::print,AU COEUR DU CHR,Print,Parution,1/12/2025,Mensuel,,
audio-infos::print,AUDIO INFOS,Print,Bouclage,9/1/2025,Mensuel,,
audio-infos::print,AUDIO INFOS,Print,Parution,12/2/2025,Mensuel,,
audio-infos::print,AUDIO INFOS,Print,Bouclage,4/2/2025,Mensuel,,
audio-infos::print,AUDIO INFOS,Print,Parution,8/3/2025,Mensuel,,
audio-infos::print,AUDIO INFOS,Print,Bouclage,18/3/2025,Mensuel,,
audio-infos::print,AUDIO INFOS,Print,Parution,19/4/2025,Mensuel,,
audio-infos::print,AUDIO INFOS,Print,Bouclage,15/4/2025,Mensuel,,
audio-infos::print,AUDIO INFOS,Print,Parution,20/5/2025,Mensuel,,
audio-infos::print,AUDIO INFOS,Print,Bouclage,9/5/2025,Mensuel,,
audio-infos::print,AUDIO INFOS,Print,Bouclage,11/6/2025,Mensuel,,
audio-infos::print,AUDIO INFOS,Print,Parution,12/6/2025,Mensuel,,
audio-infos::print,AUDIO INFOS,Print,Parution,15/7/2025,Mensuel,,
audio-infos::print,AUDIO INFOS,Print,Bouclage,25/8/2025,Mensuel,,
audio-infos::print,AUDIO INFOS,Print,Parution,26/9/2025,Mensuel,,
audio-infos::print,AUDIO INFOS,Print,Bouclage,18/9/2025,Mensuel,,
audio-infos::print,AUDIO INFOS,Print,Bouclage,22/10/2025,Mensuel,,
audio-infos::print,AUDIO INFOS,Print,Parution,22/10/2025,Mensuel,,
audio-infos::print,AUDIO INFOS,Print,Bouclage,13/11/2025,Mensuel,,
audio-infos::print,AUDIO INFOS,Print,Parution,26/11/2025,Mensuel,,
audio-infos::print,AUDIO INFOS,Print,Parution,17/12/2025,Mensuel,,
l-autre-cuisine::print,L'AUTRE CUISINE,Print,Bouclage,28/2/2025,Trimestriel,,
l-autre-cuisine::print,L'AUTRE CUISINE,Print,Parution,21/3/2025,Trimestriel,,
l-autre-cuisine::print,L'AUTRE CUISINE,Print,Bouclage,16/5/2025,Trimestriel,,
l-autre-cuisine::print,L'AUTRE CUISINE,Print,Parution,6/6/2025,Trimestriel,,
l-autre-cuisine::print,L'AUTRE CUISINE,Print,Bouclage,19/9/2025,Trimestriel,,
l-autre-cuisine::print,L'AUTRE CUISINE,Print,Parution,10/10/2025,Trimestriel,,
l-autre-cuisine::print,L'AUTRE CUISINE,Print,Bouclage,14/11/2025,Trimestriel,,
l-autre-cuisine::print,L'AUTRE CUISINE,Print,Parution,5/12/2025,Trimestriel,,
le-batiment-artisanal::print,LE BATIMENT ARTISANAL,Print,Bouclage,25/12/2024,Mensuel,,
le-batiment-artisanal::print,LE BATIMENT ARTISANAL,Print,Parution,5/1/2025,Mensuel,,
le-batiment-artisanal::print,LE BATIMENT ARTISANAL,Print,Bouclage,25/1/2025,Mensuel,,
le-batiment-artisanal::print,LE BATIMENT ARTISANAL,Print,Parution,5/2/2025,Mensuel,,
le-batiment-artisanal::print,LE BATIMENT ARTISANAL,Print,Bouclage,25/2/2025,Mensuel,,
le-batiment-artisanal::print,LE BATIMENT ARTISANAL,Print,Parution,5/3/2025,Mensuel,,
le-batiment-artisanal::print,LE BATIMENT ARTISANAL,Print,Bouclage,25/3/2025,Mensuel,,
le-batiment-artisanal::print,LE BATIMENT ARTISANAL,Print,Parution,5/4/2025,Mensuel,,
le-batiment-artisanal::print,LE BATIMENT ARTISANAL,Print,Bouclage,25/4/2025,Mensuel,,
le-batiment-artisanal::print,LE BATIMENT ARTISANAL,Print,Parution,5/5/2025,Mensuel,,
le-batiment-artisanal::print,LE BATIMENT ARTISANAL,Print,Bouclage,25/5/2025,Mensuel,,
le-batiment-artisanal::print,LE BATIMENT ARTISANAL,Print,Parution,5/6/2025,Mensuel,,
le-batiment-artisanal::print,LE BATIMENT ARTISANAL,Print,Bouclage,25/6/2025,Mensuel,,
le-batiment-artisanal::print,LE BATIMENT ARTISANAL,Print,Parution,5/7/2025,Mensuel,,
le-batiment-artisanal::print,LE BATIMENT ARTISANAL,Print,Bouclage,25/8/2025,Mensuel,,
le-batiment-artisanal::print,LE BATIMENT ARTISANAL,Print,Parution,5/9/2025,Mensuel,,
le-batiment-artisanal::print,LE BATIMENT ARTISANAL,Print,Bouclage,25/9/2025,Mensuel,,
le-batiment-artisanal::print,LE BATIMENT ARTISANAL,Print,Parution,5/10/2025,Mensuel,,
le-batiment-artisanal::print,LE BATIMENT ARTISANAL,Print,Bouclage,25/10/2025,Mensuel,,
le-batiment-artisanal::print,LE BATIMENT ARTISANAL,Print,Parution,5/11/2025,Mensuel,,
le-batiment-artisanal::print,LE BATIMENT ARTISANAL,Print,Bouclage,25/11/2025,Mensuel,,
le-batiment-artisanal::print,LE BATIMENT ARTISANAL,Print,Parution,5/12/2025,Mensuel,,
batimetiers::print,BATIMETIERS,Print,Bouclage,20/2/2025,Trimestriel,,
batimetiers::print,BATIMETIERS,Print,Parution,13/3/2025,Trimestriel,,
batimetiers::print,BATIMETIERS,Print,Bouclage,22/5/2025,Trimestriel,,
batimetiers::print,BATIMETIERS,Print,Parution,12/6/2025,Trimestriel,,
batimetiers::print,BATIMETIERS,Print,Bouclage,14/8/2025,Trimestriel,,
batimetiers::print,BATIMETIERS,Print,Parution,4/9/2025,Trimestriel,,
batimetiers::print,BATIMETIERS,Print,Bouclage,13/11/2025,Trimestriel,,
batimetiers::print,BATIMETIERS,Print,Parution,4/12/2025,Trimestriel,,
bardage-info::print,BARDAGE INFO,Print,Bouclage,11/4/2025,2 Numéros / an,,
bardage-info::print,BARDAGE INFO,Print,Parution,14/5/2025,2 Numéros / an,,
bardage-info::print,BARDAGE INFO,Print,Bouclage,2/10/2025,2 Numéros / an,,
bardage-info::print,BARDAGE INFO,Print,Parution,3/11/2025,2 Numéros / an,,
beauty-forum::print,BEAUTY FORUM,Print,Bouclage,15/1/2025,Bimestriel,,
beauty-forum::print,BEAUTY FORUM,Print,Parution,15/2/2025,Bimestriel,,
beauty-forum::print,BEAUTY FORUM,Print,Bouclage,6/3/2025,Bimestriel,,
beauty-forum::print,BEAUTY FORUM,Print,Parution,1/4/2025,Bimestriel,,
beauty-forum::print,BEAUTY FORUM,Print,Bouclage,17/4/2025,Bimestriel,,
beauty-forum::print,BEAUTY FORUM,Print,Parution,15/5/2025,Bimestriel,,
beauty-forum::print,BEAUTY FORUM,Print,Bouclage,19/7/2025,Bimestriel,,
beauty-forum::print,BEAUTY FORUM,Print,Parution,5/9/2025,Bimestriel,,
beauty-forum::print,BEAUTY FORUM,Print,Bouclage,19/9/2025,Bimestriel,,
beauty-forum::print,BEAUTY FORUM,Print,Parution,20/10/2025,Bimestriel,,
be-a-boss::print,BE A BOSS,Print,Bouclage,22/5/2025,Bimestriel,,
be-a-boss::print,BE A BOSS,Print,Parution,11/6/2025,Bimestriel,,
be-a-boss::print,BE A BOSS,Print,Bouclage,28/7/2025,Bimestriel,,
be-a-boss::print,BE A BOSS,Print,Parution,25/8/2025,Bimestriel,,
be-a-boss::print,BE A BOSS,Print,Bouclage,24/11/2025,Bimestriel,,
be-a-boss::print,BE A BOSS,Print,Parution,8/12/2025,Bimestriel,,
betteravier-fran-ais::print,BETTERAVIER FRANÇAIS,Print,Bouclage,6/1/2025,Mensuel,,
betteravier-fran-ais::print,BETTERAVIER FRANÇAIS,Print,Bouclage,20/1/2025,Mensuel,,
betteravier-fran-ais::print,BETTERAVIER FRANÇAIS,Print,Bouclage,3/2/2025,Mensuel,,
betteravier-fran-ais::print,BETTERAVIER FRANÇAIS,Print,Bouclage,17/2/2025,Mensuel,,
betteravier-fran-ais::print,BETTERAVIER FRANÇAIS,Print,Bouclage,3/3/2025,Mensuel,,
betteravier-fran-ais::print,BETTERAVIER FRANÇAIS,Print,Bouclage,17/3/2025,Mensuel,,
betteravier-fran-ais::print,BETTERAVIER FRANÇAIS,Print,Bouclage,7/4/2025,Mensuel,,
betteravier-fran-ais::print,BETTERAVIER FRANÇAIS,Print,Bouclage,5/5/2025,Mensuel,,
betteravier-fran-ais::print,BETTERAVIER FRANÇAIS,Print,Bouclage,2/6/2025,Mensuel,,
betteravier-fran-ais::print,BETTERAVIER FRANÇAIS,Print,Bouclage,30/6/2025,Mensuel,,
betteravier-fran-ais::print,BETTERAVIER FRANÇAIS,Print,Bouclage,18/8/2025,Mensuel,,
betteravier-fran-ais::print,BETTERAVIER FRANÇAIS,Print,Bouclage,8/9/2025,Mensuel,,
betteravier-fran-ais::print,BETTERAVIER FRANÇAIS,Print,Bouclage,22/9/2025,Mensuel,,
betteravier-fran-ais::print,BETTERAVIER FRANÇAIS,Print,Bouclage,6/10/2025,Mensuel,,
betteravier-fran-ais::print,BETTERAVIER FRANÇAIS,Print,Bouclage,20/10/2025,Mensuel,,
betteravier-fran-ais::print,BETTERAVIER FRANÇAIS,Print,Bouclage,10/11/2025,Mensuel,,
betteravier-fran-ais::print,BETTERAVIER FRANÇAIS,Print,Bouclage,25/11/2025,Mensuel,,
betteravier-fran-ais::print,BETTERAVIER FRANÇAIS,Print,Bouclage,8/12/2025,Mensuel,,
betteravier-fran-ais::print,BETTERAVIER FRANÇAIS,Print,Parution,20/1/2025,Mensuel,,
betteravier-fran-ais::print,BETTERAVIER FRANÇAIS,Print,Parution,3/2/2025,Mensuel,,
betteravier-fran-ais::print,BETTERAVIER FRANÇAIS,Print,Parution,17/2/2025,Mensuel,,
betteravier-fran-ais::print,BETTERAVIER FRANÇAIS,Print,Parution,3/3/2025,Mensuel,,
betteravier-fran-ais::print,BETTERAVIER FRANÇAIS,Print,Parution,17/3/2025,Mensuel,,
betteravier-fran-ais::print,BETTERAVIER FRANÇAIS,Print,Parution,31/3/2025,Mensuel,,
betteravier-fran-ais::print,BETTERAVIER FRANÇAIS,Print,Parution,21/4/2025,Mensuel,,
betteravier-fran-ais::print,BETTERAVIER FRANÇAIS,Print,Parution,19/5/2025,Mensuel,,
betteravier-fran-ais::print,BETTERAVIER FRANÇAIS,Print,Parution,16/6/2025,Mensuel,,
betteravier-fran-ais::print,BETTERAVIER FRANÇAIS,Print,Parution,14/7/2025,Mensuel,,
betteravier-fran-ais::print,BETTERAVIER FRANÇAIS,Print,Parution,1/9/2025,Mensuel,,
betteravier-fran-ais::print,BETTERAVIER FRANÇAIS,Print,Parution,22/9/2025,Mensuel,,
betteravier-fran-ais::print,BETTERAVIER FRANÇAIS,Print,Parution,6/10/2025,Mensuel,,
betteravier-fran-ais::print,BETTERAVIER FRANÇAIS,Print,Parution,20/10/2025,Mensuel,,
betteravier-fran-ais::print,BETTERAVIER FRANÇAIS,Print,Parution,3/11/2025,Mensuel,,
betteravier-fran-ais::print,BETTERAVIER FRANÇAIS,Print,Parution,24/11/2025,Mensuel,,
betteravier-fran-ais::print,BETTERAVIER FRANÇAIS,Print,Parution,9/12/2025,Mensuel,,
betteravier-fran-ais::print,BETTERAVIER FRANÇAIS,Print,Parution,22/12/2025,Mensuel,,
biblond::print,BIBLOND,Print,Bouclage,20/1/2025,7 Numéros / an,,
biblond::print,BIBLOND,Print,Bouclage,24/2/2025,7 Numéros / an,,
biblond::print,BIBLOND,Print,Bouclage,10/4/2025,7 Numéros / an,,
biblond::print,BIBLOND,Print,Bouclage,16/5/2025,7 Numéros / an,,
biblond::print,BIBLOND,Print,Bouclage,29/7/2025,7 Numéros / an,,
biblond::print,BIBLOND,Print,Bouclage,26/9/2025,7 Numéros / an,,
biblond::print,BIBLOND,Print,Bouclage,14/11/2025,7 Numéros / an,,
biblond::print,BIBLOND,Print,Parution,6/2/2025,7 Numéros / an,,
biblond::print,BIBLOND,Print,Parution,14/3/2025,7 Numéros / an,,
biblond::print,BIBLOND,Print,Parution,30/4/2025,7 Numéros / an,,
biblond::print,BIBLOND,Print,Parution,11/6/2025,7 Numéros / an,,
biblond::print,BIBLOND,Print,Parution,3/9/2025,7 Numéros / an,,
biblond::print,BIBLOND,Print,Parution,15/10/2025,7 Numéros / an,,
biblond::print,BIBLOND,Print,Parution,3/12/2025,7 Numéros / an,,
le-bijoutier::print,LE BIJOUTIER,Print,Bouclage,30/12/2024,Mensuel,,
le-bijoutier::print,LE BIJOUTIER,Print,Bouclage,21/2/2025,Mensuel,,
le-bijoutier::print,LE BIJOUTIER,Print,Bouclage,21/3/2025,Mensuel,,
le-bijoutier::print,LE BIJOUTIER,Print,Bouclage,23/5/2025,Mensuel,,
le-bijoutier::print,LE BIJOUTIER,Print,Bouclage,25/6/2025,Mensuel,,
le-bijoutier::print,LE BIJOUTIER,Print,Bouclage,4/8/2025,Mensuel,,
le-bijoutier::print,LE BIJOUTIER,Print,Bouclage,26/9/2025,Mensuel,,
le-bijoutier::print,LE BIJOUTIER,Print,Bouclage,7/11/2025,Mensuel,,
le-bijoutier::print,LE BIJOUTIER,Print,Parution,20/1/2025,Mensuel,,
le-bijoutier::print,LE BIJOUTIER,Print,Parution,14/3/2025,Mensuel,,
le-bijoutier::print,LE BIJOUTIER,Print,Parution,11/4/2025,Mensuel,,
le-bijoutier::print,LE BIJOUTIER,Print,Parution,13/6/2025,Mensuel,,
le-bijoutier::print,LE BIJOUTIER,Print,Parution,16/7/2025,Mensuel,,
le-bijoutier::print,LE BIJOUTIER,Print,Parution,25/8/2025,Mensuel,,
le-bijoutier::print,LE BIJOUTIER,Print,Parution,17/10/2025,Mensuel,,
le-bijoutier::print,LE BIJOUTIER,Print,Parution,28/11/2025,Mensuel,,
biofil::print,BIOFIL,Print,Bouclage,16/12/2024,Bimestriel,,
biofil::print,BIOFIL,Print,Bouclage,3/3/2025,Bimestriel,,
biofil::print,BIOFIL,Print,Bouclage,23/5/2025,Bimestriel,,
biofil::print,BIOFIL,Print,Bouclage,1/7/2025,Bimestriel,,
biofil::print,BIOFIL,Print,Bouclage,18/8/2025,Bimestriel,,
biofil::print,BIOFIL,Print,Bouclage,30/10/2025,Bimestriel,,
biofil::print,BIOFIL,Print,Parution,6/1/2025,Bimestriel,,
biofil::print,BIOFIL,Print,Parution,24/3/2025,Bimestriel,,
biofil::print,BIOFIL,Print,Parution,13/6/2025,Bimestriel,,
biofil::print,BIOFIL,Print,Parution,22/7/2025,Bimestriel,,
biofil::print,BIOFIL,Print,Parution,8/9/2025,Bimestriel,,
biofil::print,BIOFIL,Print,Parution,20/11/2025,Bimestriel,,
biologiste-infos::print,BIOLOGISTE INFOS,Print,Bouclage,30/1/2025,Bimestriel,,
biologiste-infos::print,BIOLOGISTE INFOS,Print,Bouclage,27/3/2025,Bimestriel,,
biologiste-infos::print,BIOLOGISTE INFOS,Print,Bouclage,5/6/2025,Bimestriel,,
biologiste-infos::print,BIOLOGISTE INFOS,Print,Bouclage,28/8/2025,Bimestriel,,
biologiste-infos::print,BIOLOGISTE INFOS,Print,Bouclage,6/11/2025,Bimestriel,,
biologiste-infos::print,BIOLOGISTE INFOS,Print,Bouclage,4/12/2025,Bimestriel,,
biologiste-infos::print,BIOLOGISTE INFOS,Print,Parution,5/3/2025,Bimestriel,,
biologiste-infos::print,BIOLOGISTE INFOS,Print,Parution,30/4/2025,Bimestriel,,
biologiste-infos::print,BIOLOGISTE INFOS,Print,Parution,9/7/2025,Bimestriel,,
biologiste-infos::print,BIOLOGISTE INFOS,Print,Parution,1/10/2025,Bimestriel,,
biologiste-infos::print,BIOLOGISTE INFOS,Print,Parution,10/12/2025,Bimestriel,,
biologiste-infos::print,BIOLOGISTE INFOS,Print,Parution,7/1/2026,Bimestriel,,
bois-mag::print,BOIS MAG,Print,Bouclage,7/3/2025,Mensuel,,
bois-mag::print,BOIS MAG,Print,Bouclage,4/4/2025,Mensuel,,
bois-mag::print,BOIS MAG,Print,Bouclage,12/5/2025,Mensuel,,
bois-mag::print,BOIS MAG,Print,Bouclage,28/6/2025,Mensuel,,
bois-mag::print,BOIS MAG,Print,Bouclage,15/9/2025,Mensuel,,
bois-mag::print,BOIS MAG,Print,Bouclage,10/10/2025,Mensuel,,
bois-mag::print,BOIS MAG,Print,Bouclage,27/11/2025,Mensuel,,
bois-mag::print,BOIS MAG,Print,Parution,28/3/2025,Mensuel,,
bois-mag::print,BOIS MAG,Print,Parution,25/4/2025,Mensuel,,
bois-mag::print,BOIS MAG,Print,Parution,2/6/2025,Mensuel,,
bois-mag::print,BOIS MAG,Print,Parution,19/7/2025,Mensuel,,
bois-mag::print,BOIS MAG,Print,Parution,6/10/2025,Mensuel,,
bois-mag::print,BOIS MAG,Print,Parution,31/10/2025,Mensuel,,
bois-mag::print,BOIS MAG,Print,Parution,18/12/2025,Mensuel,,
bois::print,BOIS +,Print,Bouclage,28/11/2024,Mensuel,,
bois::print,BOIS +,Print,Bouclage,28/2/2025,Mensuel,,
bois::print,BOIS +,Print,Bouclage,30/5/2025,Mensuel,,
bois::print,BOIS +,Print,Bouclage,1/9/2025,Mensuel,,
bois::print,BOIS +,Print,Bouclage,1/12/2025,Mensuel,,
bois::print,BOIS +,Print,Parution,24/12/2024,Mensuel,,
bois::print,BOIS +,Print,Parution,25/3/2025,Mensuel,,
bois::print,BOIS +,Print,Parution,25/6/2025,Mensuel,,
bois::print,BOIS +,Print,Parution,24/9/2025,Mensuel,,
bois::print,BOIS +,Print,Parution,24/12/2025,Mensuel,,
la-boucherie-francaise::print,LA BOUCHERIE FRANCAISE,Print,Bouclage,21/1/2025,Mensuel,,
la-boucherie-francaise::print,LA BOUCHERIE FRANCAISE,Print,Bouclage,24/2/2025,Mensuel,,
la-boucherie-francaise::print,LA BOUCHERIE FRANCAISE,Print,Bouclage,26/3/2025,Mensuel,,
la-boucherie-francaise::print,LA BOUCHERIE FRANCAISE,Print,Bouclage,29/4/2025,Mensuel,,
la-boucherie-francaise::print,LA BOUCHERIE FRANCAISE,Print,Bouclage,27/5/2025,Mensuel,,
la-boucherie-francaise::print,LA BOUCHERIE FRANCAISE,Print,Bouclage,24/6/2025,Mensuel,,
la-boucherie-francaise::print,LA BOUCHERIE FRANCAISE,Print,Bouclage,21/7/2025,Mensuel,,
la-boucherie-francaise::print,LA BOUCHERIE FRANCAISE,Print,Bouclage,22/9/2025,Mensuel,,
la-boucherie-francaise::print,LA BOUCHERIE FRANCAISE,Print,Bouclage,20/10/2025,Mensuel,,
la-boucherie-francaise::print,LA BOUCHERIE FRANCAISE,Print,Bouclage,19/11/2025,Mensuel,,
la-boucherie-francaise::print,LA BOUCHERIE FRANCAISE,Print,Bouclage,10/12/2025,Mensuel,,
la-boucherie-francaise::print,LA BOUCHERIE FRANCAISE,Print,Parution,11/2/2025,Mensuel,,
la-boucherie-francaise::print,LA BOUCHERIE FRANCAISE,Print,Parution,17/3/2025,Mensuel,,
la-boucherie-francaise::print,LA BOUCHERIE FRANCAISE,Print,Parution,16/4/2025,Mensuel,,
la-boucherie-francaise::print,LA BOUCHERIE FRANCAISE,Print,Parution,20/5/2025,Mensuel,,
la-boucherie-francaise::print,LA BOUCHERIE FRANCAISE,Print,Parution,17/6/2025,Mensuel,,
la-boucherie-francaise::print,LA BOUCHERIE FRANCAISE,Print,Parution,15/7/2025,Mensuel,,
la-boucherie-francaise::print,LA BOUCHERIE FRANCAISE,Print,Parution,11/8/2025,Mensuel,,
la-boucherie-francaise::print,LA BOUCHERIE FRANCAISE,Print,Parution,13/10/2025,Mensuel,,
la-boucherie-francaise::print,LA BOUCHERIE FRANCAISE,Print,Parution,10/11/2025,Mensuel,,
la-boucherie-francaise::print,LA BOUCHERIE FRANCAISE,Print,Parution,10/12/2025,Mensuel,,
la-boucherie-francaise::print,LA BOUCHERIE FRANCAISE,Print,Parution,31/12/2025,Mensuel,,
bra-boisson-restauration-actualites-nouveau-nom-tendances-restauration::print,BRA (BOISSON RESTAURATION ACTUALITES) NOUVEAU NOM : TENDANCES RESTAURATION,Print,Bouclage,30/12/2024,9 Numéros / an,,
bra-boisson-restauration-actualites-nouveau-nom-tendances-restauration::print,BRA (BOISSON RESTAURATION ACTUALITES) NOUVEAU NOM : TENDANCES RESTAURATION,Print,Bouclage,21/2/2025,9 Numéros / an,,
bra-boisson-restauration-actualites-nouveau-nom-tendances-restauration::print,BRA (BOISSON RESTAURATION ACTUALITES) NOUVEAU NOM : TENDANCES RESTAURATION,Print,Bouclage,14/3/2025,9 Numéros / an,,
bra-boisson-restauration-actualites-nouveau-nom-tendances-restauration::print,BRA (BOISSON RESTAURATION ACTUALITES) NOUVEAU NOM : TENDANCES RESTAURATION,Print,Bouclage,17/4/2025,9 Numéros / an,,
bra-boisson-restauration-actualites-nouveau-nom-tendances-restauration::print,BRA (BOISSON RESTAURATION ACTUALITES) NOUVEAU NOM : TENDANCES RESTAURATION,Print,Bouclage,30/5/2025,9 Numéros / an,,
bra-boisson-restauration-actualites-nouveau-nom-tendances-restauration::print,BRA (BOISSON RESTAURATION ACTUALITES) NOUVEAU NOM : TENDANCES RESTAURATION,Print,Bouclage,20/8/2025,9 Numéros / an,,
bra-boisson-restauration-actualites-nouveau-nom-tendances-restauration::print,BRA (BOISSON RESTAURATION ACTUALITES) NOUVEAU NOM : TENDANCES RESTAURATION,Print,Bouclage,18/9/2025,9 Numéros / an,,
bra-boisson-restauration-actualites-nouveau-nom-tendances-restauration::print,BRA (BOISSON RESTAURATION ACTUALITES) NOUVEAU NOM : TENDANCES RESTAURATION,Print,Bouclage,17/10/2025,9 Numéros / an,,
bra-boisson-restauration-actualites-nouveau-nom-tendances-restauration::print,BRA (BOISSON RESTAURATION ACTUALITES) NOUVEAU NOM : TENDANCES RESTAURATION,Print,Bouclage,21/11/2025,9 Numéros / an,,
bra-boisson-restauration-actualites-nouveau-nom-tendances-restauration::print,BRA (BOISSON RESTAURATION ACTUALITES) NOUVEAU NOM : TENDANCES RESTAURATION,Print,Parution,17/1/2025,9 Numéros / an,,
bra-boisson-restauration-actualites-nouveau-nom-tendances-restauration::print,BRA (BOISSON RESTAURATION ACTUALITES) NOUVEAU NOM : TENDANCES RESTAURATION,Print,Parution,6/3/2025,9 Numéros / an,,
bra-boisson-restauration-actualites-nouveau-nom-tendances-restauration::print,BRA (BOISSON RESTAURATION ACTUALITES) NOUVEAU NOM : TENDANCES RESTAURATION,Print,Parution,7/4/2025,9 Numéros / an,,
bra-boisson-restauration-actualites-nouveau-nom-tendances-restauration::print,BRA (BOISSON RESTAURATION ACTUALITES) NOUVEAU NOM : TENDANCES RESTAURATION,Print,Parution,9/5/2025,9 Numéros / an,,
bra-boisson-restauration-actualites-nouveau-nom-tendances-restauration::print,BRA (BOISSON RESTAURATION ACTUALITES) NOUVEAU NOM : TENDANCES RESTAURATION,Print,Parution,23/6/2025,9 Numéros / an,,
bra-boisson-restauration-actualites-nouveau-nom-tendances-restauration::print,BRA (BOISSON RESTAURATION ACTUALITES) NOUVEAU NOM : TENDANCES RESTAURATION,Print,Parution,1/9/2025,9 Numéros / an,,
bra-boisson-restauration-actualites-nouveau-nom-tendances-restauration::print,BRA (BOISSON RESTAURATION ACTUALITES) NOUVEAU NOM : TENDANCES RESTAURATION,Print,Parution,8/10/2025,9 Numéros / an,,
bra-boisson-restauration-actualites-nouveau-nom-tendances-restauration::print,BRA (BOISSON RESTAURATION ACTUALITES) NOUVEAU NOM : TENDANCES RESTAURATION,Print,Parution,7/11/2025,9 Numéros / an,,
bra-boisson-restauration-actualites-nouveau-nom-tendances-restauration::print,BRA (BOISSON RESTAURATION ACTUALITES) NOUVEAU NOM : TENDANCES RESTAURATION,Print,Parution,10/12/2025,9 Numéros / an,,
btp-magazine::print,BTP MAGAZINE,Print,Bouclage,14/2/2025,Mensuel,,
btp-magazine::print,BTP MAGAZINE,Print,Bouclage,14/3/2025,Mensuel,,
btp-magazine::print,BTP MAGAZINE,Print,Bouclage,18/4/2025,Mensuel,,
btp-magazine::print,BTP MAGAZINE,Print,Bouclage,16/5/2025,Mensuel,,
btp-magazine::print,BTP MAGAZINE,Print,Bouclage,13/6/2025,Mensuel,,
btp-magazine::print,BTP MAGAZINE,Print,Bouclage,18/9/2025,Mensuel,,
btp-magazine::print,BTP MAGAZINE,Print,Bouclage,17/10/2025,Mensuel,,
btp-magazine::print,BTP MAGAZINE,Print,Bouclage,14/11/2025,Mensuel,,
btp-magazine::print,BTP MAGAZINE,Print,Bouclage,17/12/2025,Mensuel,,
btp-magazine::print,BTP MAGAZINE,Print,Parution,26/2/2025,Mensuel,,
btp-magazine::print,BTP MAGAZINE,Print,Parution,19/3/2025,Mensuel,,
btp-magazine::print,BTP MAGAZINE,Print,Parution,23/4/2025,Mensuel,,
btp-magazine::print,BTP MAGAZINE,Print,Parution,21/5/2025,Mensuel,,
btp-magazine::print,BTP MAGAZINE,Print,Parution,18/6/2025,Mensuel,,
btp-magazine::print,BTP MAGAZINE,Print,Parution,23/9/2025,Mensuel,,
btp-magazine::print,BTP MAGAZINE,Print,Parution,22/10/2025,Mensuel,,
btp-magazine::print,BTP MAGAZINE,Print,Parution,19/11/2025,Mensuel,,
btp-magazine::print,BTP MAGAZINE,Print,Parution,22/12/2025,Mensuel,,
les-cahiers-d-ophtalmologie::print,LES CAHIERS D'OPHTALMOLOGIE,Print,Bouclage,21/2/2025,Mensuel,,
les-cahiers-d-ophtalmologie::print,LES CAHIERS D'OPHTALMOLOGIE,Print,Bouclage,2/4/2025,Mensuel,,
les-cahiers-d-ophtalmologie::print,LES CAHIERS D'OPHTALMOLOGIE,Print,Bouclage,11/5/2025,Mensuel,,
les-cahiers-d-ophtalmologie::print,LES CAHIERS D'OPHTALMOLOGIE,Print,Bouclage,20/6/2025,Mensuel,,
les-cahiers-d-ophtalmologie::print,LES CAHIERS D'OPHTALMOLOGIE,Print,Bouclage,8/9/2025,Mensuel,,
les-cahiers-d-ophtalmologie::print,LES CAHIERS D'OPHTALMOLOGIE,Print,Bouclage,7/10/2025,Mensuel,,
les-cahiers-d-ophtalmologie::print,LES CAHIERS D'OPHTALMOLOGIE,Print,Bouclage,7/11/2025,Mensuel,,
les-cahiers-d-ophtalmologie::print,LES CAHIERS D'OPHTALMOLOGIE,Print,Bouclage,31/12/2025,Mensuel,,
les-cahiers-d-ophtalmologie::print,LES CAHIERS D'OPHTALMOLOGIE,Print,Parution,14/3/2025,Mensuel,,
les-cahiers-d-ophtalmologie::print,LES CAHIERS D'OPHTALMOLOGIE,Print,Parution,28/4/2025,Mensuel,,
les-cahiers-d-ophtalmologie::print,LES CAHIERS D'OPHTALMOLOGIE,Print,Parution,31/5/2025,Mensuel,,
les-cahiers-d-ophtalmologie::print,LES CAHIERS D'OPHTALMOLOGIE,Print,Parution,11/7/2025,Mensuel,,
les-cahiers-d-ophtalmologie::print,LES CAHIERS D'OPHTALMOLOGIE,Print,Parution,29/9/2025,Mensuel,,
les-cahiers-d-ophtalmologie::print,LES CAHIERS D'OPHTALMOLOGIE,Print,Parution,28/10/2025,Mensuel,,
les-cahiers-d-ophtalmologie::print,LES CAHIERS D'OPHTALMOLOGIE,Print,Parution,1/12/2025,Mensuel,,
les-cahiers-d-ophtalmologie::print,LES CAHIERS D'OPHTALMOLOGIE,Print,Parution,23/1/2026,Mensuel,,
caps-infos::print,CAPS INFOS,Print,Bouclage,15/1/2025,Mensuel,,
caps-infos::print,CAPS INFOS,Print,Bouclage,15/3/2025,Mensuel,,
caps-infos::print,CAPS INFOS,Print,Bouclage,15/5/2025,Mensuel,,
caps-infos::print,CAPS INFOS,Print,Bouclage,15/7/2025,Mensuel,,
caps-infos::print,CAPS INFOS,Print,Bouclage,15/9/2025,Mensuel,,
caps-infos::print,CAPS INFOS,Print,Bouclage,15/12/2025,Mensuel,,
caps-infos::print,CAPS INFOS,Print,Parution,15/2/2025,Mensuel,,
caps-infos::print,CAPS INFOS,Print,Parution,15/4/2025,Mensuel,,
caps-infos::print,CAPS INFOS,Print,Parution,15/6/2025,Mensuel,,
caps-infos::print,CAPS INFOS,Print,Parution,10/8/2025,Mensuel,,
caps-infos::print,CAPS INFOS,Print,Parution,15/10/2025,Mensuel,,
caps-infos::print,CAPS INFOS,Print,Parution,15/12/2025,Mensuel,,
cardiologie-pratique::print,CARDIOLOGIE PRATIQUE,Print,Bouclage,3/1/2025,Bimensuel,,
cardiologie-pratique::print,CARDIOLOGIE PRATIQUE,Print,Bouclage,3/2/2025,Bimensuel,,
cardiologie-pratique::print,CARDIOLOGIE PRATIQUE,Print,Bouclage,3/3/2025,Bimensuel,,
cardiologie-pratique::print,CARDIOLOGIE PRATIQUE,Print,Bouclage,3/4/2025,Bimensuel,,
cardiologie-pratique::print,CARDIOLOGIE PRATIQUE,Print,Bouclage,5/5/2025,Bimensuel,,
cardiologie-pratique::print,CARDIOLOGIE PRATIQUE,Print,Bouclage,2/6/2025,Bimensuel,,
cardiologie-pratique::print,CARDIOLOGIE PRATIQUE,Print,Bouclage,4/9/2025,Bimensuel,,
cardiologie-pratique::print,CARDIOLOGIE PRATIQUE,Print,Bouclage,3/10/2025,Bimensuel,,
cardiologie-pratique::print,CARDIOLOGIE PRATIQUE,Print,Bouclage,3/11/2025,Bimensuel,,
cardiologie-pratique::print,CARDIOLOGIE PRATIQUE,Print,Bouclage,2/12/2025,Bimensuel,,
cardiologie-pratique::print,CARDIOLOGIE PRATIQUE,Print,Parution,25/1/2025,Bimensuel,,
cardiologie-pratique::print,CARDIOLOGIE PRATIQUE,Print,Parution,25/2/2025,Bimensuel,,
cardiologie-pratique::print,CARDIOLOGIE PRATIQUE,Print,Parution,25/3/2025,Bimensuel,,
cardiologie-pratique::print,CARDIOLOGIE PRATIQUE,Print,Parution,25/4/2025,Bimensuel,,
cardiologie-pratique::print,CARDIOLOGIE PRATIQUE,Print,Parution,25/5/2025,Bimensuel,,
cardiologie-pratique::print,CARDIOLOGIE PRATIQUE,Print,Parution,25/6/2025,Bimensuel,,
cardiologie-pratique::print,CARDIOLOGIE PRATIQUE,Print,Parution,25/9/2025,Bimensuel,,
cardiologie-pratique::print,CARDIOLOGIE PRATIQUE,Print,Parution,25/10/2025,Bimensuel,,
cardiologie-pratique::print,CARDIOLOGIE PRATIQUE,Print,Parution,25/11/2025,Bimensuel,,
cardiologie-pratique::print,CARDIOLOGIE PRATIQUE,Print,Parution,25/12/2025,Bimensuel,,
carrosserie::print,CARROSSERIE,Print,Bouclage,10/1/2025,Mensuel,,
carrosserie::print,CARROSSERIE,Print,Bouclage,21/2/2025,Mensuel,,
carrosserie::print,CARROSSERIE,Print,Bouclage,25/6/2025,Mensuel,,
carrosserie::print,CARROSSERIE,Print,Bouclage,22/8/2025,Mensuel,,
carrosserie::print,CARROSSERIE,Print,Bouclage,22/9/2025,Mensuel,,
carrosserie::print,CARROSSERIE,Print,Bouclage,24/10/2025,Mensuel,,
carrosserie::print,CARROSSERIE,Print,Parution,31/1/2025,Mensuel,,
carrosserie::print,CARROSSERIE,Print,Parution,15/3/2025,Mensuel,,
carrosserie::print,CARROSSERIE,Print,Parution,16/7/2025,Mensuel,,
carrosserie::print,CARROSSERIE,Print,Parution,15/9/2025,Mensuel,,
carrosserie::print,CARROSSERIE,Print,Parution,13/10/2025,Mensuel,,
carrosserie::print,CARROSSERIE,Print,Parution,15/11/2025,Mensuel,,
cb-news::print,CB NEWS,Print,Bouclage,14/3/2025,Mensuel,,
cb-news::print,CB NEWS,Print,Bouclage,16/4/2025,Mensuel,,
cb-news::print,CB NEWS,Print,Bouclage,23/5/2025,Mensuel,,
cb-news::print,CB NEWS,Print,Parution,7/4/2025,Mensuel,,
cb-news::print,CB NEWS,Print,Parution,6/5/2025,Mensuel,,
cb-news::print,CB NEWS,Print,Parution,12/6/2025,Mensuel,,
cerveau-psycho::print,CERVEAU & PSYCHO,Print,Bouclage,14/1/2025,Mensuel,,
cerveau-psycho::print,CERVEAU & PSYCHO,Print,Bouclage,18/2/2025,Mensuel,,
cerveau-psycho::print,CERVEAU & PSYCHO,Print,Bouclage,18/3/2025,Mensuel,,
cerveau-psycho::print,CERVEAU & PSYCHO,Print,Bouclage,15/4/2025,Mensuel,,
cerveau-psycho::print,CERVEAU & PSYCHO,Print,Bouclage,20/5/2025,Mensuel,,
cerveau-psycho::print,CERVEAU & PSYCHO,Print,Bouclage,24/6/2025,Mensuel,,
cerveau-psycho::print,CERVEAU & PSYCHO,Print,Bouclage,19/8/2025,Mensuel,,
cerveau-psycho::print,CERVEAU & PSYCHO,Print,Bouclage,16/9/2025,Mensuel,,
cerveau-psycho::print,CERVEAU & PSYCHO,Print,Bouclage,14/10/2025,Mensuel,,
cerveau-psycho::print,CERVEAU & PSYCHO,Print,Parution,19/2/2025,Mensuel,,
cerveau-psycho::print,CERVEAU & PSYCHO,Print,Parution,19/3/2025,Mensuel,,
cerveau-psycho::print,CERVEAU & PSYCHO,Print,Parution,16/4/2025,Mensuel,,
cerveau-psycho::print,CERVEAU & PSYCHO,Print,Parution,21/5/2025,Mensuel,,
cerveau-psycho::print,CERVEAU & PSYCHO,Print,Parution,18/6/2025,Mensuel,,
cerveau-psycho::print,CERVEAU & PSYCHO,Print,Parution,20/8/2025,Mensuel,,
cerveau-psycho::print,CERVEAU & PSYCHO,Print,Parution,17/9/2025,Mensuel,,
cerveau-psycho::print,CERVEAU & PSYCHO,Print,Parution,15/10/2025,Mensuel,,
cerveau-psycho::print,CERVEAU & PSYCHO,Print,Parution,19/11/2025,Mensuel,,
chantiers-de-france::print,CHANTIERS DE FRANCE,Print,Bouclage,21/1/2025,Mensuel,,
chantiers-de-france::print,CHANTIERS DE FRANCE,Print,Bouclage,10/2/2025,Mensuel,,
chantiers-de-france::print,CHANTIERS DE FRANCE,Print,Bouclage,14/3/2025,Mensuel,,
chantiers-de-france::print,CHANTIERS DE FRANCE,Print,Bouclage,9/5/2025,Mensuel,,
chantiers-de-france::print,CHANTIERS DE FRANCE,Print,Bouclage,12/6/2025,Mensuel,,
chantiers-de-france::print,CHANTIERS DE FRANCE,Print,Bouclage,14/8/2025,Mensuel,,
chantiers-de-france::print,CHANTIERS DE FRANCE,Print,Bouclage,12/9/2025,Mensuel,,
chantiers-de-france::print,CHANTIERS DE FRANCE,Print,Bouclage,17/10/2025,Mensuel,,
chantiers-de-france::print,CHANTIERS DE FRANCE,Print,Parution,25/2/2025,Mensuel,,
chantiers-de-france::print,CHANTIERS DE FRANCE,Print,Parution,18/3/2025,Mensuel,,
chantiers-de-france::print,CHANTIERS DE FRANCE,Print,Parution,24/4/2025,Mensuel,,
chantiers-de-france::print,CHANTIERS DE FRANCE,Print,Parution,18/6/2025,Mensuel,,
chantiers-de-france::print,CHANTIERS DE FRANCE,Print,Parution,23/7/2025,Mensuel,,
chantiers-de-france::print,CHANTIERS DE FRANCE,Print,Parution,22/9/2025,Mensuel,,
chantiers-de-france::print,CHANTIERS DE FRANCE,Print,Parution,21/10/2025,Mensuel,,
chantiers-de-france::print,CHANTIERS DE FRANCE,Print,Parution,21/11/2025,Mensuel,,
charcuterie-gastronomie::print,CHARCUTERIE & GASTRONOMIE,Print,Bouclage,11/12/2024,Mensuel,,
charcuterie-gastronomie::print,CHARCUTERIE & GASTRONOMIE,Print,Bouclage,11/1/2025,Mensuel,,
charcuterie-gastronomie::print,CHARCUTERIE & GASTRONOMIE,Print,Bouclage,8/2/2025,Mensuel,,
charcuterie-gastronomie::print,CHARCUTERIE & GASTRONOMIE,Print,Bouclage,11/3/2025,Mensuel,,
charcuterie-gastronomie::print,CHARCUTERIE & GASTRONOMIE,Print,Bouclage,10/4/2025,Mensuel,,
charcuterie-gastronomie::print,CHARCUTERIE & GASTRONOMIE,Print,Bouclage,11/5/2025,Mensuel,,
charcuterie-gastronomie::print,CHARCUTERIE & GASTRONOMIE,Print,Bouclage,10/6/2025,Mensuel,,
charcuterie-gastronomie::print,CHARCUTERIE & GASTRONOMIE,Print,Bouclage,11/7/2025,Mensuel,,
charcuterie-gastronomie::print,CHARCUTERIE & GASTRONOMIE,Print,Bouclage,11/8/2025,Mensuel,,
charcuterie-gastronomie::print,CHARCUTERIE & GASTRONOMIE,Print,Bouclage,10/9/2025,Mensuel,,
charcuterie-gastronomie::print,CHARCUTERIE & GASTRONOMIE,Print,Bouclage,11/10/2025,Mensuel,,
charcuterie-gastronomie::print,CHARCUTERIE & GASTRONOMIE,Print,Bouclage,10/11/2025,Mensuel,,
charcuterie-gastronomie::print,CHARCUTERIE & GASTRONOMIE,Print,Parution,10/1/2025,Mensuel,,
charcuterie-gastronomie::print,CHARCUTERIE & GASTRONOMIE,Print,Parution,10/2/2025,Mensuel,,
charcuterie-gastronomie::print,CHARCUTERIE & GASTRONOMIE,Print,Parution,10/3/2025,Mensuel,,
charcuterie-gastronomie::print,CHARCUTERIE & GASTRONOMIE,Print,Parution,10/4/2025,Mensuel,,
charcuterie-gastronomie::print,CHARCUTERIE & GASTRONOMIE,Print,Parution,10/5/2025,Mensuel,,
charcuterie-gastronomie::print,CHARCUTERIE & GASTRONOMIE,Print,Parution,10/6/2025,Mensuel,,
charcuterie-gastronomie::print,CHARCUTERIE & GASTRONOMIE,Print,Parution,10/7/2025,Mensuel,,
charcuterie-gastronomie::print,CHARCUTERIE & GASTRONOMIE,Print,Parution,10/8/2025,Mensuel,,
charcuterie-gastronomie::print,CHARCUTERIE & GASTRONOMIE,Print,Parution,10/9/2025,Mensuel,,
charcuterie-gastronomie::print,CHARCUTERIE & GASTRONOMIE,Print,Parution,10/10/2025,Mensuel,,
charcuterie-gastronomie::print,CHARCUTERIE & GASTRONOMIE,Print,Parution,10/11/2025,Mensuel,,
charcuterie-gastronomie::print,CHARCUTERIE & GASTRONOMIE,Print,Parution,10/12/2025,Mensuel,,
chaud-froid-performance::print,CHAUD FROID PERFORMANCE,Print,Bouclage,20/12/2024,Mensuel,,
chaud-froid-performance::print,CHAUD FROID PERFORMANCE,Print,Bouclage,27/1/2025,Mensuel,,
chaud-froid-performance::print,CHAUD FROID PERFORMANCE,Print,Bouclage,26/2/2025,Mensuel,,
chaud-froid-performance::print,CHAUD FROID PERFORMANCE,Print,Bouclage,28/4/2025,Mensuel,,
chaud-froid-performance::print,CHAUD FROID PERFORMANCE,Print,Bouclage,28/4/2025,Mensuel,,
chaud-froid-performance::print,CHAUD FROID PERFORMANCE,Print,Bouclage,28/5/2025,Mensuel,,
chaud-froid-performance::print,CHAUD FROID PERFORMANCE,Print,Bouclage,20/6/2025,Mensuel,,
chaud-froid-performance::print,CHAUD FROID PERFORMANCE,Print,Bouclage,26/8/2025,Mensuel,,
chaud-froid-performance::print,CHAUD FROID PERFORMANCE,Print,Bouclage,26/9/2025,Mensuel,,
chaud-froid-performance::print,CHAUD FROID PERFORMANCE,Print,Bouclage,27/10/2025,Mensuel,,
chaud-froid-performance::print,CHAUD FROID PERFORMANCE,Print,Bouclage,27/11/2025,Mensuel,,
chaud-froid-performance::print,CHAUD FROID PERFORMANCE,Print,Parution,10/1/2025,Mensuel,,
chaud-froid-performance::print,CHAUD FROID PERFORMANCE,Print,Parution,7/2/2025,Mensuel,,
chaud-froid-performance::print,CHAUD FROID PERFORMANCE,Print,Parution,7/3/2025,Mensuel,,
chaud-froid-performance::print,CHAUD FROID PERFORMANCE,Print,Parution,7/4/2025,Mensuel,,
chaud-froid-performance::print,CHAUD FROID PERFORMANCE,Print,Parution,7/5/2025,Mensuel,,
chaud-froid-performance::print,CHAUD FROID PERFORMANCE,Print,Parution,9/6/2025,Mensuel,,
chaud-froid-performance::print,CHAUD FROID PERFORMANCE,Print,Parution,7/7/2025,Mensuel,,
chaud-froid-performance::print,CHAUD FROID PERFORMANCE,Print,Parution,8/9/2025,Mensuel,,
chaud-froid-performance::print,CHAUD FROID PERFORMANCE,Print,Parution,8/10/2025,Mensuel,,
chaud-froid-performance::print,CHAUD FROID PERFORMANCE,Print,Parution,7/11/2025,Mensuel,,
chaud-froid-performance::print,CHAUD FROID PERFORMANCE,Print,Parution,8/12/2025,Mensuel,,
le-chef::print,LE CHEF,Print,Bouclage,3/1/2025,9 Numéros / an,,
le-chef::print,LE CHEF,Print,Bouclage,14/2/2025,9 Numéros / an,,
le-chef::print,LE CHEF,Print,Bouclage,17/3/2025,9 Numéros / an,,
le-chef::print,LE CHEF,Print,Bouclage,25/4/2025,9 Numéros / an,,
le-chef::print,LE CHEF,Print,Bouclage,5/6/2025,9 Numéros / an,,
le-chef::print,LE CHEF,Print,Bouclage,22/8/2025,9 Numéros / an,,
le-chef::print,LE CHEF,Print,Bouclage,19/9/2025,9 Numéros / an,,
le-chef::print,LE CHEF,Print,Bouclage,31/10/2025,9 Numéros / an,,
le-chef::print,LE CHEF,Print,Bouclage,27/12/2025,9 Numéros / an,,
le-chef::print,LE CHEF,Print,Parution,18/1/2025,9 Numéros / an,,
le-chef::print,LE CHEF,Print,Parution,3/3/2025,9 Numéros / an,,
le-chef::print,LE CHEF,Print,Parution,2/4/2025,9 Numéros / an,,
le-chef::print,LE CHEF,Print,Parution,12/5/2025,9 Numéros / an,,
le-chef::print,LE CHEF,Print,Parution,20/6/2025,9 Numéros / an,,
le-chef::print,LE CHEF,Print,Parution,6/9/2025,9 Numéros / an,,
le-chef::print,LE CHEF,Print,Parution,6/10/2025,9 Numéros / an,,
le-chef::print,LE CHEF,Print,Parution,16/10/2025,9 Numéros / an,,
le-chef::print,LE CHEF,Print,Parution,12/12/2025,9 Numéros / an,,
le-chirurgien-dentiste-de-france::print,LE CHIRURGIEN DENTISTE DE FRANCE,Print,Bouclage,14/2/2025,Hebdomadaire,,
le-chirurgien-dentiste-de-france::print,LE CHIRURGIEN DENTISTE DE FRANCE,Print,Bouclage,28/2/2025,Hebdomadaire,,
le-chirurgien-dentiste-de-france::print,LE CHIRURGIEN DENTISTE DE FRANCE,Print,Bouclage,14/3/2025,Hebdomadaire,,
le-chirurgien-dentiste-de-france::print,LE CHIRURGIEN DENTISTE DE FRANCE,Print,Bouclage,28/3/2025,Hebdomadaire,,
le-chirurgien-dentiste-de-france::print,LE CHIRURGIEN DENTISTE DE FRANCE,Print,Bouclage,11/4/2025,Hebdomadaire,,
le-chirurgien-dentiste-de-france::print,LE CHIRURGIEN DENTISTE DE FRANCE,Print,Bouclage,29/4/2025,Hebdomadaire,,
le-chirurgien-dentiste-de-france::print,LE CHIRURGIEN DENTISTE DE FRANCE,Print,Bouclage,16/5/2025,Hebdomadaire,,
le-chirurgien-dentiste-de-france::print,LE CHIRURGIEN DENTISTE DE FRANCE,Print,Bouclage,28/5/2025,Hebdomadaire,,
le-chirurgien-dentiste-de-france::print,LE CHIRURGIEN DENTISTE DE FRANCE,Print,Bouclage,13/6/2025,Hebdomadaire,,
le-chirurgien-dentiste-de-france::print,LE CHIRURGIEN DENTISTE DE FRANCE,Print,Bouclage,27/6/2025,Hebdomadaire,,
le-chirurgien-dentiste-de-france::print,LE CHIRURGIEN DENTISTE DE FRANCE,Print,Bouclage,11/7/2025,Hebdomadaire,,
le-chirurgien-dentiste-de-france::print,LE CHIRURGIEN DENTISTE DE FRANCE,Print,Bouclage,22/8/2025,Hebdomadaire,,
le-chirurgien-dentiste-de-france::print,LE CHIRURGIEN DENTISTE DE FRANCE,Print,Bouclage,5/9/2025,Hebdomadaire,,
le-chirurgien-dentiste-de-france::print,LE CHIRURGIEN DENTISTE DE FRANCE,Print,Bouclage,12/9/2025,Hebdomadaire,,
le-chirurgien-dentiste-de-france::print,LE CHIRURGIEN DENTISTE DE FRANCE,Print,Bouclage,26/9/2025,Hebdomadaire,,
le-chirurgien-dentiste-de-france::print,LE CHIRURGIEN DENTISTE DE FRANCE,Print,Bouclage,10/10/2025,Hebdomadaire,,
le-chirurgien-dentiste-de-france::print,LE CHIRURGIEN DENTISTE DE FRANCE,Print,Bouclage,24/10/2025,Hebdomadaire,,
le-chirurgien-dentiste-de-france::print,LE CHIRURGIEN DENTISTE DE FRANCE,Print,Bouclage,31/10/2025,Hebdomadaire,,
le-chirurgien-dentiste-de-france::print,LE CHIRURGIEN DENTISTE DE FRANCE,Print,Bouclage,7/11/2025,Hebdomadaire,,
le-chirurgien-dentiste-de-france::print,LE CHIRURGIEN DENTISTE DE FRANCE,Print,Bouclage,14/11/2025,Hebdomadaire,,
le-chirurgien-dentiste-de-france::print,LE CHIRURGIEN DENTISTE DE FRANCE,Print,Bouclage,21/11/2025,Hebdomadaire,,
le-chirurgien-dentiste-de-france::print,LE CHIRURGIEN DENTISTE DE FRANCE,Print,Bouclage,5/12/2025,Hebdomadaire,,
le-chirurgien-dentiste-de-france::print,LE CHIRURGIEN DENTISTE DE FRANCE,Print,Bouclage,16/12/2025,Hebdomadaire,,
la-classe-maternelle::print,LA CLASSE MATERNELLE,Print,Bouclage,6/12/2024,Mensuel,,
la-classe-maternelle::print,LA CLASSE MATERNELLE,Print,Parution,2/1/2025,Mensuel,,
la-classe-maternelle::print,LA CLASSE MATERNELLE,Print,Bouclage,5/2/2025,Mensuel,,
la-classe-maternelle::print,LA CLASSE MATERNELLE,Print,Parution,3/3/2025,Mensuel,,
la-classe-maternelle::print,LA CLASSE MATERNELLE,Print,Bouclage,4/4/2025,Mensuel,,
la-classe-maternelle::print,LA CLASSE MATERNELLE,Print,Parution,30/4/2025,Mensuel,,
la-classe-maternelle::print,LA CLASSE MATERNELLE,Print,Bouclage,18/7/2025,Mensuel,,
la-classe-maternelle::print,LA CLASSE MATERNELLE,Print,Parution,13/8/2025,Mensuel,,
la-classe-maternelle::print,LA CLASSE MATERNELLE,Print,Bouclage,31/7/2025,Mensuel,,
la-classe-maternelle::print,LA CLASSE MATERNELLE,Print,Parution,12/9/2025,Mensuel,,
la-classe-maternelle::print,LA CLASSE MATERNELLE,Print,Bouclage,7/10/2025,Mensuel,,
la-classe-maternelle::print,LA CLASSE MATERNELLE,Print,Parution,4/10/2025,Mensuel,,
la-classe::print,LA CLASSE,Print,Bouclage,10/12/2024,Mensuel,,
la-classe::print,LA CLASSE,Print,Parution,6/1/2025,Mensuel,,
la-classe::print,LA CLASSE,Print,Bouclage,10/2/2025,Mensuel,,
la-classe::print,LA CLASSE,Print,Parution,7/3/2025,Mensuel,,
la-classe::print,LA CLASSE,Print,Bouclage,9/4/2025,Mensuel,,
la-classe::print,LA CLASSE,Print,Parution,5/5/2025,Mensuel,,
la-classe::print,LA CLASSE,Print,Bouclage,24/7/2025,Mensuel,,
la-classe::print,LA CLASSE,Print,Parution,18/8/2025,Mensuel,,
la-classe::print,LA CLASSE,Print,Bouclage,26/8/2025,Mensuel,,
la-classe::print,LA CLASSE,Print,Parution,22/9/2025,Mensuel,,
la-classe::print,LA CLASSE,Print,Bouclage,10/10/2025,Mensuel,,
la-classe::print,LA CLASSE,Print,Parution,7/11/2025,Mensuel,,
le-concours-medical::print,LE CONCOURS MEDICAL,Print,Bouclage,13/1/2025,Mensuel,,
le-concours-medical::print,LE CONCOURS MEDICAL,Print,Parution,22/1/2025,Mensuel,,
le-concours-medical::print,LE CONCOURS MEDICAL,Print,Bouclage,12/2/2025,Mensuel,,
le-concours-medical::print,LE CONCOURS MEDICAL,Print,Parution,19/2/2025,Mensuel,,
le-concours-medical::print,LE CONCOURS MEDICAL,Print,Bouclage,3/3/2025,Mensuel,,
le-concours-medical::print,LE CONCOURS MEDICAL,Print,Parution,12/3/2025,Mensuel,,
le-concours-medical::print,LE CONCOURS MEDICAL,Print,Bouclage,7/4/2025,Mensuel,,
le-concours-medical::print,LE CONCOURS MEDICAL,Print,Parution,16/4/2025,Mensuel,,
le-concours-medical::print,LE CONCOURS MEDICAL,Print,Bouclage,12/5/2025,Mensuel,,
le-concours-medical::print,LE CONCOURS MEDICAL,Print,Parution,21/5/2025,Mensuel,,
le-concours-medical::print,LE CONCOURS MEDICAL,Print,Bouclage,7/6/2025,Mensuel,,
le-concours-medical::print,LE CONCOURS MEDICAL,Print,Parution,18/6/2025,Mensuel,,
le-concours-medical::print,LE CONCOURS MEDICAL,Print,Bouclage,8/9/2025,Mensuel,,
le-concours-medical::print,LE CONCOURS MEDICAL,Print,Parution,17/9/2025,Mensuel,,
le-concours-medical::print,LE CONCOURS MEDICAL,Print,Bouclage,13/10/2025,Mensuel,,
le-concours-medical::print,LE CONCOURS MEDICAL,Print,Parution,22/10/2025,Mensuel,,
le-concours-medical::print,LE CONCOURS MEDICAL,Print,Bouclage,10/11/2025,Mensuel,,
le-concours-medical::print,LE CONCOURS MEDICAL,Print,Parution,19/11/2025,Mensuel,,
le-concours-medical::print,LE CONCOURS MEDICAL,Print,Bouclage,8/12/2025,Mensuel,,
le-concours-medical::print,LE CONCOURS MEDICAL,Print,Parution,17/12/2025,Mensuel,,
conquerir::print,CONQUERIR,Print,Bouclage,5/3/2025,8 Numéros / an,,
conquerir::print,CONQUERIR,Print,Parution,17/3/2025,8 Numéros / an,,
conquerir::print,CONQUERIR,Print,Bouclage,4/5/2025,8 Numéros / an,,
conquerir::print,CONQUERIR,Print,Parution,13/5/2025,8 Numéros / an,,
conquerir::print,CONQUERIR,Print,Bouclage,5/6/2025,8 Numéros / an,,
conquerir::print,CONQUERIR,Print,Parution,17/6/2025,8 Numéros / an,,
conquerir::print,CONQUERIR,Print,Bouclage,12/9/2025,8 Numéros / an,,
conquerir::print,CONQUERIR,Print,Parution,23/9/2025,8 Numéros / an,,
conquerir::print,CONQUERIR,Print,Bouclage,27/10/2025,8 Numéros / an,,
conquerir::print,CONQUERIR,Print,Parution,12/11/2025,8 Numéros / an,,
conquerir::print,CONQUERIR,Print,Bouclage,21/11/2025,8 Numéros / an,,
conquerir::print,CONQUERIR,Print,Parution,9/12/2025,8 Numéros / an,,
construction-urbanisme::print,CONSTRUCTION URBANISME,Print,Parution,24/2/2025,Mensuel,,
construction-urbanisme::print,CONSTRUCTION URBANISME,Print,Parution,24/3/2025,Mensuel,,
construction-urbanisme::print,CONSTRUCTION URBANISME,Print,Parution,22/4/2025,Mensuel,,
construction-urbanisme::print,CONSTRUCTION URBANISME,Print,Parution,23/5/2025,Mensuel,,
construction-urbanisme::print,CONSTRUCTION URBANISME,Print,Parution,30/6/2025,Mensuel,,
construction-urbanisme::print,CONSTRUCTION URBANISME,Print,Parution,29/7/2025,Mensuel,,
construction-urbanisme::print,CONSTRUCTION URBANISME,Print,Parution,29/9/2025,Mensuel,,
construction-urbanisme::print,CONSTRUCTION URBANISME,Print,Parution,27/10/2025,Mensuel,,
construction-urbanisme::print,CONSTRUCTION URBANISME,Print,Parution,26/11/2025,Mensuel,,
construction-urbanisme::print,CONSTRUCTION URBANISME,Print,Parution,22/12/2025,Mensuel,,
copropriete-travaux::print,COPROPRIETE & TRAVAUX,Print,Bouclage,18/3/2025,Trimestriel,,
copropriete-travaux::print,COPROPRIETE & TRAVAUX,Print,Parution,31/3/2025,Trimestriel,,
copropriete-travaux::print,COPROPRIETE & TRAVAUX,Print,Bouclage,10/6/2025,Trimestriel,,
copropriete-travaux::print,COPROPRIETE & TRAVAUX,Print,Parution,17/6/2025,Trimestriel,,
copropriete-travaux::print,COPROPRIETE & TRAVAUX,Print,Bouclage,6/10/2025,Trimestriel,,
copropriete-travaux::print,COPROPRIETE & TRAVAUX,Print,Parution,10/10/2025,Trimestriel,,
copropriete-travaux::print,COPROPRIETE & TRAVAUX,Print,Bouclage,15/12/2025,Trimestriel,,
copropriete-travaux::print,COPROPRIETE & TRAVAUX,Print,Parution,20/12/2025,Trimestriel,,
le-courrier-du-meuble-et-de-l-habitat::print,LE COURRIER DU MEUBLE ET DE L'HABITAT,Print,Bouclage,10/1/2025,Mensuel,,
le-courrier-du-meuble-et-de-l-habitat::print,LE COURRIER DU MEUBLE ET DE L'HABITAT,Print,Parution,31/1/2025,Mensuel,,
le-courrier-du-meuble-et-de-l-habitat::print,LE COURRIER DU MEUBLE ET DE L'HABITAT,Print,Bouclage,7/2/2025,Mensuel,,
le-courrier-du-meuble-et-de-l-habitat::print,LE COURRIER DU MEUBLE ET DE L'HABITAT,Print,Parution,28/2/2025,Mensuel,,
le-courrier-du-meuble-et-de-l-habitat::print,LE COURRIER DU MEUBLE ET DE L'HABITAT,Print,Bouclage,7/3/2025,Mensuel,,
le-courrier-du-meuble-et-de-l-habitat::print,LE COURRIER DU MEUBLE ET DE L'HABITAT,Print,Parution,28/3/2025,Mensuel,,
le-courrier-du-meuble-et-de-l-habitat::print,LE COURRIER DU MEUBLE ET DE L'HABITAT,Print,Bouclage,9/4/2025,Mensuel,,
le-courrier-du-meuble-et-de-l-habitat::print,LE COURRIER DU MEUBLE ET DE L'HABITAT,Print,Parution,30/4/2025,Mensuel,,
le-courrier-du-meuble-et-de-l-habitat::print,LE COURRIER DU MEUBLE ET DE L'HABITAT,Print,Bouclage,9/5/2025,Mensuel,,
le-courrier-du-meuble-et-de-l-habitat::print,LE COURRIER DU MEUBLE ET DE L'HABITAT,Print,Parution,30/5/2025,Mensuel,,
le-courrier-du-meuble-et-de-l-habitat::print,LE COURRIER DU MEUBLE ET DE L'HABITAT,Print,Bouclage,6/6/2025,Mensuel,,
le-courrier-du-meuble-et-de-l-habitat::print,LE COURRIER DU MEUBLE ET DE L'HABITAT,Print,Parution,27/6/2025,Mensuel,,
le-courrier-du-meuble-et-de-l-habitat::print,LE COURRIER DU MEUBLE ET DE L'HABITAT,Print,Bouclage,8/8/2025,Mensuel,,
le-courrier-du-meuble-et-de-l-habitat::print,LE COURRIER DU MEUBLE ET DE L'HABITAT,Print,Parution,29/8/2025,Mensuel,,
le-courrier-du-meuble-et-de-l-habitat::print,LE COURRIER DU MEUBLE ET DE L'HABITAT,Print,Bouclage,5/9/2025,Mensuel,,
le-courrier-du-meuble-et-de-l-habitat::print,LE COURRIER DU MEUBLE ET DE L'HABITAT,Print,Parution,26/9/2025,Mensuel,,
le-courrier-du-meuble-et-de-l-habitat::print,LE COURRIER DU MEUBLE ET DE L'HABITAT,Print,Bouclage,10/10/2025,Mensuel,,
le-courrier-du-meuble-et-de-l-habitat::print,LE COURRIER DU MEUBLE ET DE L'HABITAT,Print,Parution,31/10/2025,Mensuel,,
le-courrier-du-meuble-et-de-l-habitat::print,LE COURRIER DU MEUBLE ET DE L'HABITAT,Print,Bouclage,21/11/2025,Mensuel,,
le-courrier-du-meuble-et-de-l-habitat::print,LE COURRIER DU MEUBLE ET DE L'HABITAT,Print,Parution,12/12/2025,Mensuel,,
la-cuisine-pro-la-rpf::print,LA CUISINE PRO (LA RPF),Print,Bouclage,21/2/2025,4 Numéros / an,,
la-cuisine-pro-la-rpf::print,LA CUISINE PRO (LA RPF),Print,Parution,19/3/2025,4 Numéros / an,,
la-cuisine-pro-la-rpf::print,LA CUISINE PRO (LA RPF),Print,Bouclage,30/4/2025,4 Numéros / an,,
la-cuisine-pro-la-rpf::print,LA CUISINE PRO (LA RPF),Print,Parution,28/5/2025,4 Numéros / an,,
la-cuisine-pro-la-rpf::print,LA CUISINE PRO (LA RPF),Print,Bouclage,12/9/2025,4 Numéros / an,,
la-cuisine-pro-la-rpf::print,LA CUISINE PRO (LA RPF),Print,Parution,1/10/2025,4 Numéros / an,,
la-cuisine-pro-la-rpf::print,LA CUISINE PRO (LA RPF),Print,Bouclage,14/11/2025,4 Numéros / an,,
la-cuisine-pro-la-rpf::print,LA CUISINE PRO (LA RPF),Print,Parution,9/12/2025,4 Numéros / an,,
cultures-marines::print,CULTURES MARINES,Print,Bouclage,15/4/2025,Mensuel,,
cultures-marines::print,CULTURES MARINES,Print,Parution,6/5/2025,Mensuel,,
cultures-marines::print,CULTURES MARINES,Print,Bouclage,15/6/2025,Mensuel,,
cultures-marines::print,CULTURES MARINES,Print,Parution,6/7/2025,Mensuel,,
cultures-marines::print,CULTURES MARINES,Print,Bouclage,14/8/2025,Mensuel,,
cultures-marines::print,CULTURES MARINES,Print,Parution,4/9/2025,Mensuel,,
cultures-marines::print,CULTURES MARINES,Print,Bouclage,15/10/2025,Mensuel,,
cultures-marines::print,CULTURES MARINES,Print,Parution,5/11/2025,Mensuel,,
d-architecture::print,D'ARCHITECTURE,Print,Bouclage,14/2/2025,Mensuel,,
d-architecture::print,D'ARCHITECTURE,Print,Parution,3/3/2025,Mensuel,,
d-architecture::print,D'ARCHITECTURE,Print,Bouclage,18/3/2025,Mensuel,,
d-architecture::print,D'ARCHITECTURE,Print,Parution,8/4/2025,Mensuel,,
d-architecture::print,D'ARCHITECTURE,Print,Bouclage,15/4/2025,Mensuel,,
d-architecture::print,D'ARCHITECTURE,Print,Parution,6/5/2025,Mensuel,,
d-architecture::print,D'ARCHITECTURE,Print,Bouclage,13/5/2025,Mensuel,,
d-architecture::print,D'ARCHITECTURE,Print,Parution,3/6/2025,Mensuel,,
d-architecture::print,D'ARCHITECTURE,Print,Bouclage,10/6/2025,Mensuel,,
d-architecture::print,D'ARCHITECTURE,Print,Parution,7/7/2025,Mensuel,,
d-architecture::print,D'ARCHITECTURE,Print,Bouclage,23/7/2025,Mensuel,,
d-architecture::print,D'ARCHITECTURE,Print,Parution,8/9/2025,Mensuel,,
d-architecture::print,D'ARCHITECTURE,Print,Bouclage,16/9/2025,Mensuel,,
d-architecture::print,D'ARCHITECTURE,Print,Parution,7/10/2025,Mensuel,,
d-architecture::print,D'ARCHITECTURE,Print,Bouclage,14/10/2025,Mensuel,,
d-architecture::print,D'ARCHITECTURE,Print,Parution,6/11/2025,Mensuel,,
d-architecture::print,D'ARCHITECTURE,Print,Bouclage,21/11/2025,Mensuel,,
d-architecture::print,D'ARCHITECTURE,Print,Parution,18/12/2025,Mensuel,,
d-o-actualites::print,D.O ACTUALITES,Print,Bouclage,,Hebdomadaire,,
d-o-actualites::print,D.O ACTUALITES,Print,Parution,,Hebdomadaire,,
d-o-actualites::print,D.O ACTUALITES,Print,Bouclage,,Hebdomadaire,,
d-o-actualites::print,D.O ACTUALITES,Print,Parution,,Hebdomadaire,,
d-o-actualites::print,D.O ACTUALITES,Print,Bouclage,,Hebdomadaire,,
d-o-actualites::print,D.O ACTUALITES,Print,Parution,,Hebdomadaire,,
d-o-actualites::print,D.O ACTUALITES,Print,Bouclage,,Hebdomadaire,,
d-o-actualites::print,D.O ACTUALITES,Print,Parution,,Hebdomadaire,,
d-o-actualites::print,D.O ACTUALITES,Print,Bouclage,,Hebdomadaire,,
d-o-actualites::print,D.O ACTUALITES,Print,Parution,,Hebdomadaire,,
d-o-actualites::print,D.O ACTUALITES,Print,Bouclage,,Hebdomadaire,,
d-o-actualites::print,D.O ACTUALITES,Print,Parution,,Hebdomadaire,,
d-o-actualites::print,D.O ACTUALITES,Print,Bouclage,,Hebdomadaire,,
d-o-actualites::print,D.O ACTUALITES,Print,Parution,,Hebdomadaire,,
d-o-actualites::print,D.O ACTUALITES,Print,Bouclage,,Hebdomadaire,,
d-o-actualites::print,D.O ACTUALITES,Print,Parution,,Hebdomadaire,,
d-o-actualites::print,D.O ACTUALITES,Print,Bouclage,,Hebdomadaire,,
d-o-actualites::print,D.O ACTUALITES,Print,Parution,,Hebdomadaire,,
d-o-actualites::print,D.O ACTUALITES,Print,Bouclage,,Hebdomadaire,,
d-o-actualites::print,D.O ACTUALITES,Print,Parution,,Hebdomadaire,,
d-o-actualites::print,D.O ACTUALITES,Print,Bouclage,,Hebdomadaire,,
d-o-actualites::print,D.O ACTUALITES,Print,Parution,,Hebdomadaire,,
d-o-actualites::print,D.O ACTUALITES,Print,Bouclage,,Hebdomadaire,,
d-o-actualites::print,D.O ACTUALITES,Print,Parution,,Hebdomadaire,,
daf-mag::print,DAF MAG,Print,Bouclage,26/2/2025,Trimestriel,,
daf-mag::print,DAF MAG,Print,Parution,12/3/2025,Trimestriel,,
daf-mag::print,DAF MAG,Print,Bouclage,22/5/2025,Trimestriel,,
daf-mag::print,DAF MAG,Print,Parution,11/6/2025,Trimestriel,,
daf-mag::print,DAF MAG,Print,Bouclage,3/9/2025,Trimestriel,,
daf-mag::print,DAF MAG,Print,Parution,17/9/2025,Trimestriel,,
daf-mag::print,DAF MAG,Print,Bouclage,6/11/2025,Trimestriel,,
daf-mag::print,DAF MAG,Print,Parution,21/11/2025,Trimestriel,,
decideurs-magazine::print,DECIDEURS MAGAZINE,Print,Bouclage,3/1/2025,Mensuel,,
decideurs-magazine::print,DECIDEURS MAGAZINE,Print,Parution,13/1/2025,Mensuel,,
decideurs-magazine::print,DECIDEURS MAGAZINE,Print,Bouclage,31/1/2025,Mensuel,,
decideurs-magazine::print,DECIDEURS MAGAZINE,Print,Parution,10/2/2025,Mensuel,,
decideurs-magazine::print,DECIDEURS MAGAZINE,Print,Bouclage,28/2/2025,Mensuel,,
decideurs-magazine::print,DECIDEURS MAGAZINE,Print,Parution,10/3/2025,Mensuel,,
decideurs-magazine::print,DECIDEURS MAGAZINE,Print,Bouclage,27/3/2025,Mensuel,,
decideurs-magazine::print,DECIDEURS MAGAZINE,Print,Parution,7/4/2025,Mensuel,,
decideurs-magazine::print,DECIDEURS MAGAZINE,Print,Bouclage,30/4/2025,Mensuel,,
decideurs-magazine::print,DECIDEURS MAGAZINE,Print,Parution,12/5/2025,Mensuel,,
decideurs-magazine::print,DECIDEURS MAGAZINE,Print,Bouclage,30/5/2025,Mensuel,,
decideurs-magazine::print,DECIDEURS MAGAZINE,Print,Parution,9/6/2025,Mensuel,,
decideurs-magazine::print,DECIDEURS MAGAZINE,Print,Bouclage,26/6/2025,Mensuel,,
decideurs-magazine::print,DECIDEURS MAGAZINE,Print,Parution,7/7/2025,Mensuel,,
decideurs-magazine::print,DECIDEURS MAGAZINE,Print,Bouclage,28/8/2025,Mensuel,,
decideurs-magazine::print,DECIDEURS MAGAZINE,Print,Parution,8/9/2025,Mensuel,,
decideurs-magazine::print,DECIDEURS MAGAZINE,Print,Bouclage,2/10/2025,Mensuel,,
decideurs-magazine::print,DECIDEURS MAGAZINE,Print,Parution,13/10/2025,Mensuel,,
decideurs-magazine::print,DECIDEURS MAGAZINE,Print,Bouclage,30/10/2025,Mensuel,,
decideurs-magazine::print,DECIDEURS MAGAZINE,Print,Parution,10/11/2025,Mensuel,,
decideurs-magazine::print,DECIDEURS MAGAZINE,Print,Bouclage,27/11/2025,Mensuel,,
decideurs-magazine::print,DECIDEURS MAGAZINE,Print,Parution,8/12/2025,Mensuel,,
decisions-hpa::print,DECISIONS HPA,Print,Bouclage,15/12/2024,Mensuel,,
decisions-hpa::print,DECISIONS HPA,Print,Parution,1/1/2025,Mensuel,,
decisions-hpa::print,DECISIONS HPA,Print,Bouclage,15/1/2025,Mensuel,,
decisions-hpa::print,DECISIONS HPA,Print,Parution,1/2/2025,Mensuel,,
decisions-hpa::print,DECISIONS HPA,Print,Bouclage,15/2/2025,Mensuel,,
decisions-hpa::print,DECISIONS HPA,Print,Parution,1/3/2025,Mensuel,,
decisions-hpa::print,DECISIONS HPA,Print,Bouclage,15/3/2025,Mensuel,,
decisions-hpa::print,DECISIONS HPA,Print,Parution,1/4/2025,Mensuel,,
decisions-hpa::print,DECISIONS HPA,Print,Bouclage,15/4/2025,Mensuel,,
decisions-hpa::print,DECISIONS HPA,Print,Parution,1/5/2025,Mensuel,,
decisions-hpa::print,DECISIONS HPA,Print,Bouclage,15/5/2025,Mensuel,,
decisions-hpa::print,DECISIONS HPA,Print,Parution,1/6/2025,Mensuel,,
decisions-hpa::print,DECISIONS HPA,Print,Bouclage,15/6/2025,Mensuel,,
decisions-hpa::print,DECISIONS HPA,Print,Parution,1/7/2025,Mensuel,,
decisions-hpa::print,DECISIONS HPA,Print,Bouclage,15/7/2025,Mensuel,,
decisions-hpa::print,DECISIONS HPA,Print,Parution,1/9/2025,Mensuel,,
decisions-hpa::print,DECISIONS HPA,Print,Bouclage,15/9/2025,Mensuel,,
decisions-hpa::print,DECISIONS HPA,Print,Parution,1/10/2025,Mensuel,,
decisions-hpa::print,DECISIONS HPA,Print,Bouclage,15/10/2025,Mensuel,,
decisions-hpa::print,DECISIONS HPA,Print,Parution,1/11/2025,Mensuel,,
decisions-hpa::print,DECISIONS HPA,Print,Bouclage,15/11/2025,Mensuel,,
decisions-hpa::print,DECISIONS HPA,Print,Parution,1/12/2025,Mensuel,,
decision-achats::print,DECISION ACHATS,Print,Bouclage,7/3/2025,7 Numéros / an,,
decision-achats::print,DECISION ACHATS,Print,Parution,21/3/2025,7 Numéros / an,,
decision-achats::print,DECISION ACHATS,Print,Bouclage,5/5/2025,7 Numéros / an,,
decision-achats::print,DECISION ACHATS,Print,Parution,19/5/2025,7 Numéros / an,,
decision-achats::print,DECISION ACHATS,Print,Bouclage,5/9/2025,7 Numéros / an,,
decision-achats::print,DECISION ACHATS,Print,Parution,19/9/2025,7 Numéros / an,,
decision-achats::print,DECISION ACHATS,Print,Bouclage,30/10/2025,7 Numéros / an,,
decision-achats::print,DECISION ACHATS,Print,Parution,14/11/2025,7 Numéros / an,,
defrenois::print,DEFRENOIS,Print,Parution,20/3/2025,Hebdomadaire,,
defrenois::print,DEFRENOIS,Print,Parution,3/4/2025,Hebdomadaire,,
defrenois::print,DEFRENOIS,Print,Parution,10/4/2025,Hebdomadaire,,
defrenois::print,DEFRENOIS,Print,Parution,17/4/2025,Hebdomadaire,,
defrenois::print,DEFRENOIS,Print,Parution,25/4/2025,Hebdomadaire,,
defrenois::print,DEFRENOIS,Print,Parution,2/5/2025,Hebdomadaire,,
defrenois::print,DEFRENOIS,Print,Parution,9/5/2025,Hebdomadaire,,
defrenois::print,DEFRENOIS,Print,Parution,15/5/2025,Hebdomadaire,,
defrenois::print,DEFRENOIS,Print,Parution,22/5/2025,Hebdomadaire,,
defrenois::print,DEFRENOIS,Print,Parution,5/6/2025,Hebdomadaire,,
defrenois::print,DEFRENOIS,Print,Parution,13/6/2025,Hebdomadaire,,
defrenois::print,DEFRENOIS,Print,Parution,19/6/2025,Hebdomadaire,,
defrenois::print,DEFRENOIS,Print,Parution,26/6/2025,Hebdomadaire,,
defrenois::print,DEFRENOIS,Print,Parution,3/7/2025,Hebdomadaire,,
defrenois::print,DEFRENOIS,Print,Parution,10/7/2025,Hebdomadaire,,
defrenois::print,DEFRENOIS,Print,Parution,18/7/2025,Hebdomadaire,,
defrenois::print,DEFRENOIS,Print,Parution,24/7/2025,Hebdomadaire,,
defrenois::print,DEFRENOIS,Print,Parution,21/8/2025,Hebdomadaire,,
defrenois::print,DEFRENOIS,Print,Parution,28/8/2025,Hebdomadaire,,
defrenois::print,DEFRENOIS,Print,Parution,4/9/2025,Hebdomadaire,,
defrenois::print,DEFRENOIS,Print,Parution,11/9/2025,Hebdomadaire,,
defrenois::print,DEFRENOIS,Print,Parution,18/9/2025,Hebdomadaire,,
defrenois::print,DEFRENOIS,Print,Parution,2/10/2025,Hebdomadaire,,
defrenois::print,DEFRENOIS,Print,Parution,9/10/2025,Hebdomadaire,,
defrenois::print,DEFRENOIS,Print,Parution,16/10/2025,Hebdomadaire,,
defrenois::print,DEFRENOIS,Print,Parution,23/10/2025,Hebdomadaire,,
defrenois::print,DEFRENOIS,Print,Parution,30/10/2025,Hebdomadaire,,
defrenois::print,DEFRENOIS,Print,Parution,6/11/2025,Hebdomadaire,,
defrenois::print,DEFRENOIS,Print,Parution,20/11/2025,Hebdomadaire,,
defrenois::print,DEFRENOIS,Print,Parution,27/11/2025,Hebdomadaire,,
defrenois::print,DEFRENOIS,Print,Parution,4/12/2025,Hebdomadaire,,
defrenois::print,DEFRENOIS,Print,Parution,11/12/2025,Hebdomadaire,,
defrenois::print,DEFRENOIS,Print,Parution,18/12/2025,Hebdomadaire,,
dentaire-365-orthodontie::print,DENTAIRE 365 ORTHODONTIE,Print,Parution,18/2/2025,4 Numéros / an,,
dentaire-365-orthodontie::print,DENTAIRE 365 ORTHODONTIE,Print,Parution,26/2/2025,4 Numéros / an,,
dentaire-365-orthodontie::print,DENTAIRE 365 ORTHODONTIE,Print,Parution,31/3/2025,4 Numéros / an,,
dentaire-365-orthodontie::print,DENTAIRE 365 ORTHODONTIE,Print,Parution,21/4/2025,4 Numéros / an,,
dentaire-365-orthodontie::print,DENTAIRE 365 ORTHODONTIE,Print,Parution,12/5/2025,4 Numéros / an,,
dentaire-365-orthodontie::print,DENTAIRE 365 ORTHODONTIE,Print,Parution,23/5/2025,4 Numéros / an,,
dentaire-365-orthodontie::print,DENTAIRE 365 ORTHODONTIE,Print,Parution,9/6/2025,4 Numéros / an,,
dentaire-365-orthodontie::print,DENTAIRE 365 ORTHODONTIE,Print,Parution,24/6/2025,4 Numéros / an,,
dentaire-365-orthodontie::print,DENTAIRE 365 ORTHODONTIE,Print,Parution,26/6/2025,4 Numéros / an,,
dentaire-365-orthodontie::print,DENTAIRE 365 ORTHODONTIE,Print,Parution,23/9/2025,4 Numéros / an,,
dentaire-365-orthodontie::print,DENTAIRE 365 ORTHODONTIE,Print,Parution,29/9/2025,4 Numéros / an,,
dentaire-365-orthodontie::print,DENTAIRE 365 ORTHODONTIE,Print,Parution,17/10/2025,4 Numéros / an,,
dentaire-365-orthodontie::print,DENTAIRE 365 ORTHODONTIE,Print,Parution,27/10/2025,4 Numéros / an,,
dentaire-365-orthodontie::print,DENTAIRE 365 ORTHODONTIE,Print,Parution,10/11/2025,4 Numéros / an,,
dentaire-365-orthodontie::print,DENTAIRE 365 ORTHODONTIE,Print,Parution,17/11/2025,4 Numéros / an,,
dentaire-365-orthodontie::print,DENTAIRE 365 ORTHODONTIE,Print,Parution,21/11/2025,4 Numéros / an,,
dentaire-365::print,DENTAIRE 365,Print,Parution,26/3/2025,16 Numéros / an,,
dentaire-365::print,DENTAIRE 365,Print,Parution,17/5/2025,16 Numéros / an,,
dentaire-365::print,DENTAIRE 365,Print,Parution,25/9/2025,16 Numéros / an,,
dentaire-365::print,DENTAIRE 365,Print,Parution,24/10/2025,16 Numéros / an,,
la-depeche-veterinaire::print,LA DEPECHE VETERINAIRE,Print,Parution,1/2/2025,Hebdomadaire,,
la-depeche-veterinaire::print,LA DEPECHE VETERINAIRE,Print,Parution,8/2/2025,Hebdomadaire,,
la-depeche-veterinaire::print,LA DEPECHE VETERINAIRE,Print,Parution,15/2/2025,Hebdomadaire,,
la-depeche-veterinaire::print,LA DEPECHE VETERINAIRE,Print,Parution,22/2/2025,Hebdomadaire,,
la-depeche-veterinaire::print,LA DEPECHE VETERINAIRE,Print,Parution,1/3/2025,Hebdomadaire,,
la-depeche-veterinaire::print,LA DEPECHE VETERINAIRE,Print,Parution,8/3/2025,Hebdomadaire,,
la-depeche-veterinaire::print,LA DEPECHE VETERINAIRE,Print,Parution,15/3/2025,Hebdomadaire,,
la-depeche-veterinaire::print,LA DEPECHE VETERINAIRE,Print,Parution,22/3/2025,Hebdomadaire,,
la-depeche-veterinaire::print,LA DEPECHE VETERINAIRE,Print,Parution,5/4/2025,Hebdomadaire,,
la-depeche-veterinaire::print,LA DEPECHE VETERINAIRE,Print,Parution,12/4/2025,Hebdomadaire,,
la-depeche-veterinaire::print,LA DEPECHE VETERINAIRE,Print,Parution,19/4/2025,Hebdomadaire,,
la-depeche-veterinaire::print,LA DEPECHE VETERINAIRE,Print,Parution,26/4/2025,Hebdomadaire,,
la-depeche-veterinaire::print,LA DEPECHE VETERINAIRE,Print,Parution,10/5/2025,Hebdomadaire,,
la-depeche-veterinaire::print,LA DEPECHE VETERINAIRE,Print,Parution,17/5/2025,Hebdomadaire,,
la-depeche-veterinaire::print,LA DEPECHE VETERINAIRE,Print,Parution,24/5/2025,Hebdomadaire,,
la-depeche-veterinaire::print,LA DEPECHE VETERINAIRE,Print,Parution,31/5/2025,Hebdomadaire,,
la-depeche-veterinaire::print,LA DEPECHE VETERINAIRE,Print,Parution,7/6/2025,Hebdomadaire,,
la-depeche-veterinaire::print,LA DEPECHE VETERINAIRE,Print,Parution,14/6/2025,Hebdomadaire,,
la-depeche-veterinaire::print,LA DEPECHE VETERINAIRE,Print,Parution,21/6/2025,Hebdomadaire,,
la-depeche-veterinaire::print,LA DEPECHE VETERINAIRE,Print,Parution,28/6/2025,Hebdomadaire,,
la-depeche-veterinaire::print,LA DEPECHE VETERINAIRE,Print,Parution,6/9/2025,Hebdomadaire,,
la-depeche-veterinaire::print,LA DEPECHE VETERINAIRE,Print,Parution,13/9/2025,Hebdomadaire,,
la-depeche-veterinaire::print,LA DEPECHE VETERINAIRE,Print,Parution,20/9/2025,Hebdomadaire,,
la-depeche-veterinaire::print,LA DEPECHE VETERINAIRE,Print,Parution,27/9/2025,Hebdomadaire,,
la-depeche-veterinaire::print,LA DEPECHE VETERINAIRE,Print,Parution,4/10/2025,Hebdomadaire,,
la-depeche-veterinaire::print,LA DEPECHE VETERINAIRE,Print,Parution,11/10/2025,Hebdomadaire,,
la-depeche-veterinaire::print,LA DEPECHE VETERINAIRE,Print,Parution,18/10/2025,Hebdomadaire,,
la-depeche-veterinaire::print,LA DEPECHE VETERINAIRE,Print,Parution,25/10/2025,Hebdomadaire,,
la-depeche-veterinaire::print,LA DEPECHE VETERINAIRE,Print,Parution,1/11/2025,Hebdomadaire,,
la-depeche-veterinaire::print,LA DEPECHE VETERINAIRE,Print,Parution,15/11/2025,Hebdomadaire,,
la-depeche-veterinaire::print,LA DEPECHE VETERINAIRE,Print,Parution,22/11/2025,Hebdomadaire,,
la-depeche-veterinaire::print,LA DEPECHE VETERINAIRE,Print,Parution,29/11/2025,Hebdomadaire,,
la-depeche-veterinaire::print,LA DEPECHE VETERINAIRE,Print,Parution,6/12/2025,Hebdomadaire,,
la-depeche-veterinaire::print,LA DEPECHE VETERINAIRE,Print,Parution,13/12/2025,Hebdomadaire,,
la-depeche-veterinaire::print,LA DEPECHE VETERINAIRE,Print,Parution,20/12/2025,Hebdomadaire,,
dermatologie-pratique::print,DERMATOLOGIE PRATIQUE,Print,Parution,25/1/2025,Mensuel,,
dermatologie-pratique::print,DERMATOLOGIE PRATIQUE,Print,Parution,25/2/2025,Mensuel,,
dermatologie-pratique::print,DERMATOLOGIE PRATIQUE,Print,Parution,25/3/2025,Mensuel,,
dermatologie-pratique::print,DERMATOLOGIE PRATIQUE,Print,Parution,25/4/2025,Mensuel,,
dermatologie-pratique::print,DERMATOLOGIE PRATIQUE,Print,Parution,25/5/2025,Mensuel,,
dermatologie-pratique::print,DERMATOLOGIE PRATIQUE,Print,Parution,25/6/2025,Mensuel,,
dermatologie-pratique::print,DERMATOLOGIE PRATIQUE,Print,Parution,25/9/2025,Mensuel,,
dermatologie-pratique::print,DERMATOLOGIE PRATIQUE,Print,Parution,25/10/2025,Mensuel,,
dermatologie-pratique::print,DERMATOLOGIE PRATIQUE,Print,Parution,25/11/2025,Mensuel,,
dermatologie-pratique::print,DERMATOLOGIE PRATIQUE,Print,Parution,25/12/2025,Mensuel,,
diabete-et-obesite::print,DIABETE ET OBESITE,Print,Parution,30/1/2025,Mensuel,,
diabete-et-obesite::print,DIABETE ET OBESITE,Print,Parution,,Mensuel,,
diabete-et-obesite::print,DIABETE ET OBESITE,Print,Parution,30/3/2025,Mensuel,,
diabete-et-obesite::print,DIABETE ET OBESITE,Print,Parution,30/4/2025,Mensuel,,
diabete-et-obesite::print,DIABETE ET OBESITE,Print,Parution,30/5/2025,Mensuel,,
diabete-et-obesite::print,DIABETE ET OBESITE,Print,Parution,30/6/2025,Mensuel,,
diabete-et-obesite::print,DIABETE ET OBESITE,Print,Parution,30/7/2025,Mensuel,,
diabete-et-obesite::print,DIABETE ET OBESITE,Print,Parution,30/9/2025,Mensuel,,
diabete-et-obesite::print,DIABETE ET OBESITE,Print,Parution,30/10/2025,Mensuel,,
diabete-et-obesite::print,DIABETE ET OBESITE,Print,Parution,30/11/2025,Mensuel,,
diabete-et-obesite::print,DIABETE ET OBESITE,Print,Parution,30/12/2025,Mensuel,,
diabetologie-pratique::print,DIABETOLOGIE PRATIQUE,Print,Bouclage,28/1/2025,5 Numéros / an,,
diabetologie-pratique::print,DIABETOLOGIE PRATIQUE,Print,Parution,25/2/2025,5 Numéros / an,,
diabetologie-pratique::print,DIABETOLOGIE PRATIQUE,Print,Bouclage,25/3/2025,5 Numéros / an,,
diabetologie-pratique::print,DIABETOLOGIE PRATIQUE,Print,Parution,25/4/2025,5 Numéros / an,,
diabetologie-pratique::print,DIABETOLOGIE PRATIQUE,Print,Bouclage,27/5/2025,5 Numéros / an,,
diabetologie-pratique::print,DIABETOLOGIE PRATIQUE,Print,Parution,25/6/2025,5 Numéros / an,,
diabetologie-pratique::print,DIABETOLOGIE PRATIQUE,Print,Bouclage,30/9/2025,5 Numéros / an,,
diabetologie-pratique::print,DIABETOLOGIE PRATIQUE,Print,Parution,25/10/2025,5 Numéros / an,,
diabetologie-pratique::print,DIABETOLOGIE PRATIQUE,Print,Bouclage,25/11/2025,5 Numéros / an,,
diabetologie-pratique::print,DIABETOLOGIE PRATIQUE,Print,Parution,25/12/2025,5 Numéros / an,,
direction::print,DIRECTION,Print,Bouclage,24/2/2025,Bimestriel,,
direction::print,DIRECTION,Print,Parution,15/3/2025,Bimestriel,,
direction::print,DIRECTION,Print,Bouclage,15/4/2025,Bimestriel,,
direction::print,DIRECTION,Print,Parution,15/5/2025,Bimestriel,,
direction::print,DIRECTION,Print,Bouclage,15/6/2025,Bimestriel,,
direction::print,DIRECTION,Print,Parution,12/7/2025,Bimestriel,,
direction::print,DIRECTION,Print,Bouclage,15/9/2025,Bimestriel,,
direction::print,DIRECTION,Print,Parution,6/10/2025,Bimestriel,,
direction::print,DIRECTION,Print,Bouclage,15/11/2025,Bimestriel,,
direction::print,DIRECTION,Print,Parution,10/12/2025,Bimestriel,,
direction-s::print,DIRECTION(S),Print,Bouclage,18/3/2025,Mensuel,,
direction-s::print,DIRECTION(S),Print,Parution,8/4/2025,Mensuel,,
direction-s::print,DIRECTION(S),Print,Bouclage,22/4/2025,Mensuel,,
direction-s::print,DIRECTION(S),Print,Parution,13/5/2025,Mensuel,,
direction-s::print,DIRECTION(S),Print,Bouclage,20/5/2025,Mensuel,,
direction-s::print,DIRECTION(S),Print,Parution,10/6/2025,Mensuel,,
direction-s::print,DIRECTION(S),Print,Bouclage,17/6/2025,Mensuel,,
direction-s::print,DIRECTION(S),Print,Parution,8/7/2025,Mensuel,,
direction-s::print,DIRECTION(S),Print,Bouclage,25/7/2025,Mensuel,,
direction-s::print,DIRECTION(S),Print,Parution,15/8/2025,Mensuel,,
direction-s::print,DIRECTION(S),Print,Bouclage,16/9/2025,Mensuel,,
direction-s::print,DIRECTION(S),Print,Parution,7/10/2025,Mensuel,,
direction-s::print,DIRECTION(S),Print,Bouclage,14/10/2025,Mensuel,,
direction-s::print,DIRECTION(S),Print,Parution,4/11/2025,Mensuel,,
direction-s::print,DIRECTION(S),Print,Bouclage,16/11/2025,Mensuel,,
direction-s::print,DIRECTION(S),Print,Parution,7/12/2025,Mensuel,,
droit-de-la-famille::print,DROIT DE LA FAMILLE,Print,Bouclage,27/2/2025,Mensuel,,
droit-de-la-famille::print,DROIT DE LA FAMILLE,Print,Parution,20/3/2025,Mensuel,,
droit-de-la-famille::print,DROIT DE LA FAMILLE,Print,Bouclage,19/3/2025,Mensuel,,
droit-de-la-famille::print,DROIT DE LA FAMILLE,Print,Parution,9/4/2025,Mensuel,,
droit-de-la-famille::print,DROIT DE LA FAMILLE,Print,Bouclage,30/4/2025,Mensuel,,
droit-de-la-famille::print,DROIT DE LA FAMILLE,Print,Parution,21/5/2025,Mensuel,,
droit-de-la-famille::print,DROIT DE LA FAMILLE,Print,Bouclage,3/6/2025,Mensuel,,
droit-de-la-famille::print,DROIT DE LA FAMILLE,Print,Parution,24/6/2025,Mensuel,,
droit-de-la-famille::print,DROIT DE LA FAMILLE,Print,Bouclage,18/6/2025,Mensuel,,
droit-de-la-famille::print,DROIT DE LA FAMILLE,Print,Parution,9/7/2025,Mensuel,,
droit-de-la-famille::print,DROIT DE LA FAMILLE,Print,Bouclage,21/7/2025,Mensuel,,
droit-de-la-famille::print,DROIT DE LA FAMILLE,Print,Parution,11/8/2025,Mensuel,,
droit-de-la-famille::print,DROIT DE LA FAMILLE,Print,Bouclage,17/9/2025,Mensuel,,
droit-de-la-famille::print,DROIT DE LA FAMILLE,Print,Parution,8/10/2025,Mensuel,,
droit-de-la-famille::print,DROIT DE LA FAMILLE,Print,Bouclage,17/10/2025,Mensuel,,
droit-de-la-famille::print,DROIT DE LA FAMILLE,Print,Parution,7/11/2025,Mensuel,,
droit-de-la-famille::print,DROIT DE LA FAMILLE,Print,Bouclage,19/11/2025,Mensuel,,
droit-de-la-famille::print,DROIT DE LA FAMILLE,Print,Parution,10/12/2025,Mensuel,,
droit-penal::print,DROIT PENAL,Print,Bouclage,24/2/2025,Mensuel,,
droit-penal::print,DROIT PENAL,Print,Parution,17/3/2025,Mensuel,,
droit-penal::print,DROIT PENAL,Print,Bouclage,24/3/2025,Mensuel,,
droit-penal::print,DROIT PENAL,Print,Parution,14/4/2025,Mensuel,,
droit-penal::print,DROIT PENAL,Print,Bouclage,25/4/2025,Mensuel,,
droit-penal::print,DROIT PENAL,Print,Parution,16/5/2025,Mensuel,,
droit-penal::print,DROIT PENAL,Print,Bouclage,27/5/2025,Mensuel,,
droit-penal::print,DROIT PENAL,Print,Parution,17/6/2025,Mensuel,,
droit-penal::print,DROIT PENAL,Print,Bouclage,24/6/2025,Mensuel,,
droit-penal::print,DROIT PENAL,Print,Parution,15/7/2025,Mensuel,,
droit-penal::print,DROIT PENAL,Print,Bouclage,1/9/2025,Mensuel,,
droit-penal::print,DROIT PENAL,Print,Parution,22/9/2025,Mensuel,,
droit-penal::print,DROIT PENAL,Print,Bouclage,29/9/2025,Mensuel,,
droit-penal::print,DROIT PENAL,Print,Parution,20/10/2025,Mensuel,,
droit-penal::print,DROIT PENAL,Print,Bouclage,29/10/2025,Mensuel,,
droit-penal::print,DROIT PENAL,Print,Parution,19/11/2025,Mensuel,,
droit-penal::print,DROIT PENAL,Print,Bouclage,24/11/2025,Mensuel,,
droit-penal::print,DROIT PENAL,Print,Parution,15/12/2025,Mensuel,,
dynamique-entrepreneuriale::print,DYNAMIQUE ENTREPRENEURIALE,Print,Bouclage,18/2/2025,Bimestriel,,
dynamique-entrepreneuriale::print,DYNAMIQUE ENTREPRENEURIALE,Print,Parution,25/2/2025,Bimestriel,,
dynamique-entrepreneuriale::print,DYNAMIQUE ENTREPRENEURIALE,Print,Bouclage,31/3/2025,Bimestriel,,
dynamique-entrepreneuriale::print,DYNAMIQUE ENTREPRENEURIALE,Print,Parution,7/4/2025,Bimestriel,,
dynamique-entrepreneuriale::print,DYNAMIQUE ENTREPRENEURIALE,Print,Bouclage,2/6/2025,Bimestriel,,
dynamique-entrepreneuriale::print,DYNAMIQUE ENTREPRENEURIALE,Print,Parution,9/6/2025,Bimestriel,,
dynamique-entrepreneuriale::print,DYNAMIQUE ENTREPRENEURIALE,Print,Bouclage,29/9/2025,Bimestriel,,
dynamique-entrepreneuriale::print,DYNAMIQUE ENTREPRENEURIALE,Print,Parution,6/10/2025,Bimestriel,,
dynamique-entrepreneuriale::print,DYNAMIQUE ENTREPRENEURIALE,Print,Bouclage,24/11/2025,Bimestriel,,
dynamique-entrepreneuriale::print,DYNAMIQUE ENTREPRENEURIALE,Print,Parution,1/12/2025,Bimestriel,,
l-eclaireur-des-coiffeurs::print,L'ECLAIREUR DES COIFFEURS,Print,Bouclage,2/6/2025,Bimestriel,,
l-eclaireur-des-coiffeurs::print,L'ECLAIREUR DES COIFFEURS,Print,Parution,23/6/2025,Bimestriel,,
l-eclaireur-des-coiffeurs::print,L'ECLAIREUR DES COIFFEURS,Print,Bouclage,28/7/2025,Bimestriel,,
l-eclaireur-des-coiffeurs::print,L'ECLAIREUR DES COIFFEURS,Print,Parution,13/9/2025,Bimestriel,,
l-eclaireur-des-coiffeurs::print,L'ECLAIREUR DES COIFFEURS,Print,Bouclage,27/10/2025,Bimestriel,,
l-eclaireur-des-coiffeurs::print,L'ECLAIREUR DES COIFFEURS,Print,Parution,17/11/2025,Bimestriel,,
ecommerce::print,ECOMMERCE,Print,Bouclage,14/5/2025,4 Numéros / an,,
ecommerce::print,ECOMMERCE,Print,Parution,28/5/2025,4 Numéros / an,,
ecommerce::print,ECOMMERCE,Print,Bouclage,29/8/2025,4 Numéros / an,,
ecommerce::print,ECOMMERCE,Print,Parution,12/9/2025,4 Numéros / an,,
ecommerce::print,ECOMMERCE,Print,Bouclage,2/12/2025,4 Numéros / an,,
ecommerce::print,ECOMMERCE,Print,Parution,16/12/2025,4 Numéros / an,,
egora::print,EGORA,Print,Bouclage,8/1/2025,Bimensuel,,
egora::print,EGORA,Print,Bouclage,22/1/2025,Bimensuel,,
egora::print,EGORA,Print,Bouclage,5/2/2025,Bimensuel,,
egora::print,EGORA,Print,Bouclage,19/2/2025,Bimensuel,,
egora::print,EGORA,Print,Bouclage,5/3/2025,Bimensuel,,
egora::print,EGORA,Print,Bouclage,19/3/2025,Bimensuel,,
egora::print,EGORA,Print,Bouclage,2/4/2025,Bimensuel,,
egora::print,EGORA,Print,Bouclage,16/4/2025,Bimensuel,,
egora::print,EGORA,Print,Bouclage,5/5/2025,Bimensuel,,
egora::print,EGORA,Print,Bouclage,21/5/2025,Bimensuel,,
egora::print,EGORA,Print,Bouclage,4/6/2025,Bimensuel,,
egora::print,EGORA,Print,Bouclage,19/6/2025,Bimensuel,,
egora::print,EGORA,Print,Bouclage,3/9/2025,Bimensuel,,
egora::print,EGORA,Print,Bouclage,17/9/2025,Bimensuel,,
egora::print,EGORA,Print,Bouclage,1/10/2025,Bimensuel,,
egora::print,EGORA,Print,Bouclage,15/10/2025,Bimensuel,,
egora::print,EGORA,Print,Bouclage,28/10/2025,Bimensuel,,
egora::print,EGORA,Print,Bouclage,11/11/2025,Bimensuel,,
egora::print,EGORA,Print,Bouclage,3/12/2025,Bimensuel,,
egora::print,EGORA,Print,Bouclage,12/12/2025,Bimensuel,,
egora::print,EGORA,Print,Parution,14/1/2025,Bimensuel,,
egora::print,EGORA,Print,Parution,28/1/2025,Bimensuel,,
egora::print,EGORA,Print,Parution,11/2/2025,Bimensuel,,
egora::print,EGORA,Print,Parution,25/2/2025,Bimensuel,,
egora::print,EGORA,Print,Parution,11/3/2025,Bimensuel,,
egora::print,EGORA,Print,Parution,25/3/2025,Bimensuel,,
egora::print,EGORA,Print,Parution,8/4/2025,Bimensuel,,
egora::print,EGORA,Print,Parution,22/4/2025,Bimensuel,,
egora::print,EGORA,Print,Parution,13/5/2025,Bimensuel,,
egora::print,EGORA,Print,Parution,27/5/2025,Bimensuel,,
egora::print,EGORA,Print,Parution,10/6/2025,Bimensuel,,
egora::print,EGORA,Print,Parution,30/6/2025,Bimensuel,,
egora::print,EGORA,Print,Parution,9/9/2025,Bimensuel,,
egora::print,EGORA,Print,Parution,23/9/2025,Bimensuel,,
egora::print,EGORA,Print,Parution,7/10/2025,Bimensuel,,
egora::print,EGORA,Print,Parution,21/10/2025,Bimensuel,,
egora::print,EGORA,Print,Parution,4/11/2025,Bimensuel,,
egora::print,EGORA,Print,Parution,18/11/2025,Bimensuel,,
egora::print,EGORA,Print,Parution,9/12/2025,Bimensuel,,
egora::print,EGORA,Print,Parution,20/12/2025,Bimensuel,,
electricien::print,ELECTRICIEN +,Print,Bouclage,17/2/2025,Bimestriel,,
electricien::print,ELECTRICIEN +,Print,Parution,10/3/2025,Bimestriel,,
electricien::print,ELECTRICIEN +,Print,Bouclage,19/5/2025,Bimestriel,,
electricien::print,ELECTRICIEN +,Print,Parution,9/6/2025,Bimestriel,,
electricien::print,ELECTRICIEN +,Print,Bouclage,15/9/2025,Bimestriel,,
electricien::print,ELECTRICIEN +,Print,Parution,6/10/2025,Bimestriel,,
electricien::print,ELECTRICIEN +,Print,Bouclage,24/11/2025,Bimestriel,,
electricien::print,ELECTRICIEN +,Print,Parution,15/12/2025,Bimestriel,,
emarketing::print,EMARKETING,Print,Bouclage,17/2/2025,4 Numéros / an,,
emarketing::print,EMARKETING,Print,Parution,3/3/2025,4 Numéros / an,,
emarketing::print,EMARKETING,Print,Bouclage,12/5/2025,4 Numéros / an,,
emarketing::print,EMARKETING,Print,Parution,26/5/2025,4 Numéros / an,,
emarketing::print,EMARKETING,Print,Bouclage,18/8/2025,4 Numéros / an,,
emarketing::print,EMARKETING,Print,Parution,1/9/2025,4 Numéros / an,,
emarketing::print,EMARKETING,Print,Bouclage,7/11/2025,4 Numéros / an,,
emarketing::print,EMARKETING,Print,Parution,24/11/2025,4 Numéros / an,,
l-enseignant::print,L'ENSEIGNANT,Print,Bouclage,30/1/2025,Bimestriel,,
l-enseignant::print,L'ENSEIGNANT,Print,Parution,17/2/2025,Bimestriel,,
l-enseignant::print,L'ENSEIGNANT,Print,Bouclage,3/4/2025,Bimestriel,,
l-enseignant::print,L'ENSEIGNANT,Print,Bouclage,,Bimestriel,,
l-enseignant::print,L'ENSEIGNANT,Print,Parution,22/4/2025,Bimestriel,,
l-enseignant::print,L'ENSEIGNANT,Print,Bouclage,19/6/2025,Bimestriel,,
l-enseignant::print,L'ENSEIGNANT,Print,Parution,30/6/2025,Bimestriel,,
l-enseignant::print,L'ENSEIGNANT,Print,Parution,7/7/2025,Bimestriel,,
l-enseignant::print,L'ENSEIGNANT,Print,Bouclage,25/9/2025,Bimestriel,,
l-enseignant::print,L'ENSEIGNANT,Print,Parution,13/10/2025,Bimestriel,,
l-enseignant::print,L'ENSEIGNANT,Print,Bouclage,20/11/2025,Bimestriel,,
l-enseignant::print,L'ENSEIGNANT,Print,Parution,8/12/2025,Bimestriel,,
entreprendre::print,ENTREPRENDRE,Print,Bouclage,24/1/2025,Mensuel,,
entreprendre::print,ENTREPRENDRE,Print,Parution,5/2/2025,Mensuel,,
entreprendre::print,ENTREPRENDRE,Print,Bouclage,28/2/2025,Mensuel,,
entreprendre::print,ENTREPRENDRE,Print,Parution,12/3/2025,Mensuel,,
entreprendre::print,ENTREPRENDRE,Print,Bouclage,28/3/2025,Mensuel,,
entreprendre::print,ENTREPRENDRE,Print,Parution,9/4/2025,Mensuel,,
entreprendre::print,ENTREPRENDRE,Print,Bouclage,25/4/2025,Mensuel,,
entreprendre::print,ENTREPRENDRE,Print,Parution,7/5/2025,Mensuel,,
entreprendre::print,ENTREPRENDRE,Print,Bouclage,30/5/2025,Mensuel,,
entreprendre::print,ENTREPRENDRE,Print,Parution,11/6/2025,Mensuel,,
entreprendre::print,ENTREPRENDRE,Print,Bouclage,27/6/2025,Mensuel,,
entreprendre::print,ENTREPRENDRE,Print,Parution,9/7/2025,Mensuel,,
entreprendre::print,ENTREPRENDRE,Print,Bouclage,29/8/2025,Mensuel,,
entreprendre::print,ENTREPRENDRE,Print,Parution,10/9/2025,Mensuel,,
entreprendre::print,ENTREPRENDRE,Print,Bouclage,26/9/2025,Mensuel,,
entreprendre::print,ENTREPRENDRE,Print,Parution,8/10/2025,Mensuel,,
entreprendre::print,ENTREPRENDRE,Print,Bouclage,31/10/2025,Mensuel,,
entreprendre::print,ENTREPRENDRE,Print,Parution,12/11/2025,Mensuel,,
entreprendre::print,ENTREPRENDRE,Print,Bouclage,28/11/2025,Mensuel,,
entreprendre::print,ENTREPRENDRE,Print,Parution,10/12/2025,Mensuel,,
entrepreneurs-des-territoires::print,ENTREPRENEURS DES TERRITOIRES,Print,Bouclage,5/12/2024,8 Numéros / an,,
entrepreneurs-des-territoires::print,ENTREPRENEURS DES TERRITOIRES,Print,Parution,26/12/2024,8 Numéros / an,,
entrepreneurs-des-territoires::print,ENTREPRENEURS DES TERRITOIRES,Print,Bouclage,10/2/2025,8 Numéros / an,,
entrepreneurs-des-territoires::print,ENTREPRENEURS DES TERRITOIRES,Print,Parution,3/3/2025,8 Numéros / an,,
entrepreneurs-des-territoires::print,ENTREPRENEURS DES TERRITOIRES,Print,Bouclage,10/4/2025,8 Numéros / an,,
entrepreneurs-des-territoires::print,ENTREPRENEURS DES TERRITOIRES,Print,Parution,1/5/2025,8 Numéros / an,,
entrepreneurs-des-territoires::print,ENTREPRENEURS DES TERRITOIRES,Print,Bouclage,12/6/2025,8 Numéros / an,,
entrepreneurs-des-territoires::print,ENTREPRENEURS DES TERRITOIRES,Print,Parution,3/7/2025,8 Numéros / an,,
entrepreneurs-des-territoires::print,ENTREPRENEURS DES TERRITOIRES,Print,Bouclage,12/8/2025,8 Numéros / an,,
entrepreneurs-des-territoires::print,ENTREPRENEURS DES TERRITOIRES,Print,Parution,2/9/2025,8 Numéros / an,,
entrepreneurs-des-territoires::print,ENTREPRENEURS DES TERRITOIRES,Print,Bouclage,8/10/2025,8 Numéros / an,,
entrepreneurs-des-territoires::print,ENTREPRENEURS DES TERRITOIRES,Print,Parution,29/10/2025,8 Numéros / an,,
envies-nomades::print,ENVIES NOMADES,Print,Bouclage,25/2/2025,Bi annuel,,
envies-nomades::print,ENVIES NOMADES,Print,Parution,5/3/2025,Bi annuel,,
envies-nomades::print,ENVIES NOMADES,Print,Bouclage,25/8/2025,Bi annuel,,
envies-nomades::print,ENVIES NOMADES,Print,Parution,5/9/2025,Bi annuel,,
environnement-magazine::print,ENVIRONNEMENT MAGAZINE,Print,Bouclage,9/1/2025,Mensuel,,
environnement-magazine::print,ENVIRONNEMENT MAGAZINE,Print,Parution,20/1/2025,Mensuel,,
environnement-magazine::print,ENVIRONNEMENT MAGAZINE,Print,Bouclage,7/3/2025,Mensuel,,
environnement-magazine::print,ENVIRONNEMENT MAGAZINE,Print,Parution,17/3/2025,Mensuel,,
environnement-magazine::print,ENVIRONNEMENT MAGAZINE,Print,Bouclage,5/5/2025,Mensuel,,
environnement-magazine::print,ENVIRONNEMENT MAGAZINE,Print,Parution,12/5/2025,Mensuel,,
environnement-magazine::print,ENVIRONNEMENT MAGAZINE,Print,Bouclage,7/7/2025,Mensuel,,
environnement-magazine::print,ENVIRONNEMENT MAGAZINE,Print,Parution,12/7/2025,Mensuel,,
environnement-magazine::print,ENVIRONNEMENT MAGAZINE,Print,Bouclage,5/9/2025,Mensuel,,
environnement-magazine::print,ENVIRONNEMENT MAGAZINE,Print,Bouclage,18/9/2025,Mensuel,,
environnement-magazine::print,ENVIRONNEMENT MAGAZINE,Print,Parution,15/9/2025,Mensuel,,
environnement-magazine::print,ENVIRONNEMENT MAGAZINE,Print,Parution,2/10/2025,Mensuel,,
environnement-magazine::print,ENVIRONNEMENT MAGAZINE,Print,Bouclage,4/11/2025,Mensuel,,
environnement-magazine::print,ENVIRONNEMENT MAGAZINE,Print,Parution,13/11/2025,Mensuel,,
estetica::print,ESTETICA,Print,Bouclage,14/3/2025,7 Numéros / an,,
estetica::print,ESTETICA,Print,Parution,4/4/2025,7 Numéros / an,,
estetica::print,ESTETICA,Print,Bouclage,6/5/2025,7 Numéros / an,,
estetica::print,ESTETICA,Print,Parution,27/5/2025,7 Numéros / an,,
estetica::print,ESTETICA,Print,Bouclage,10/6/2025,7 Numéros / an,,
estetica::print,ESTETICA,Print,Parution,1/7/2025,7 Numéros / an,,
estetica::print,ESTETICA,Print,Bouclage,22/7/2025,7 Numéros / an,,
estetica::print,ESTETICA,Print,Parution,12/8/2025,7 Numéros / an,,
estetica::print,ESTETICA,Print,Bouclage,17/10/2025,7 Numéros / an,,
estetica::print,ESTETICA,Print,Parution,7/11/2025,7 Numéros / an,,
estetica::print,ESTETICA,Print,Bouclage,21/11/2025,7 Numéros / an,,
estetica::print,ESTETICA,Print,Parution,12/12/2025,7 Numéros / an,,
etancheite-info::print,ETANCHEITE.INFO,Print,Bouclage,3/2/2025,Trimestriel,,
etancheite-info::print,ETANCHEITE.INFO,Print,Parution,17/3/2025,Trimestriel,,
etancheite-info::print,ETANCHEITE.INFO,Print,Bouclage,12/5/2025,Trimestriel,,
etancheite-info::print,ETANCHEITE.INFO,Print,Parution,17/6/2025,Trimestriel,,
etancheite-info::print,ETANCHEITE.INFO,Print,Bouclage,20/8/2025,Trimestriel,,
etancheite-info::print,ETANCHEITE.INFO,Print,Parution,22/9/2025,Trimestriel,,
etancheite-info::print,ETANCHEITE.INFO,Print,Bouclage,10/11/2025,Trimestriel,,
etancheite-info::print,ETANCHEITE.INFO,Print,Parution,15/12/2025,Trimestriel,,
exe::print,EXE,Print,Bouclage,3/2/2025,Trimestriel,,
exe::print,EXE,Print,Parution,24/2/2025,Trimestriel,,
exe::print,EXE,Print,Bouclage,10/4/2025,Trimestriel,,
exe::print,EXE,Print,Parution,28/4/2025,Trimestriel,,
exe::print,EXE,Print,Bouclage,4/7/2025,Trimestriel,,
exe::print,EXE,Print,Parution,21/7/2025,Trimestriel,,
exe::print,EXE,Print,Bouclage,9/10/2025,Trimestriel,,
exe::print,EXE,Print,Parution,30/10/2025,Trimestriel,,
expressions-pharma::print,EXPRESSIONS PHARMA,Print,Bouclage,31/1/2025,Mensuel,,
expressions-pharma::print,EXPRESSIONS PHARMA,Print,Parution,24/2/2025,Mensuel,,
expressions-pharma::print,EXPRESSIONS PHARMA,Print,Bouclage,28/2/2025,Mensuel,,
expressions-pharma::print,EXPRESSIONS PHARMA,Print,Parution,24/3/2025,Mensuel,,
expressions-pharma::print,EXPRESSIONS PHARMA,Print,Bouclage,4/4/2025,Mensuel,,
expressions-pharma::print,EXPRESSIONS PHARMA,Print,Parution,29/4/2025,Mensuel,,
expressions-pharma::print,EXPRESSIONS PHARMA,Print,Bouclage,2/5/2025,Mensuel,,
expressions-pharma::print,EXPRESSIONS PHARMA,Print,Parution,27/5/2025,Mensuel,,
expressions-pharma::print,EXPRESSIONS PHARMA,Print,Bouclage,6/6/2025,Mensuel,,
expressions-pharma::print,EXPRESSIONS PHARMA,Print,Parution,30/6/2025,Mensuel,,
expressions-pharma::print,EXPRESSIONS PHARMA,Print,Bouclage,2/7/2025,Mensuel,,
expressions-pharma::print,EXPRESSIONS PHARMA,Print,Parution,30/7/2025,Mensuel,,
expression-cosmetique::print,EXPRESSION COSMETIQUE,Print,Bouclage,3/3/2025,Bimestriel,,
expression-cosmetique::print,EXPRESSION COSMETIQUE,Print,Parution,24/3/2025,Bimestriel,,
expression-cosmetique::print,EXPRESSION COSMETIQUE,Print,Bouclage,8/4/2025,Bimestriel,,
expression-cosmetique::print,EXPRESSION COSMETIQUE,Print,Parution,29/4/2025,Bimestriel,,
expression-cosmetique::print,EXPRESSION COSMETIQUE,Print,Bouclage,6/5/2025,Bimestriel,,
expression-cosmetique::print,EXPRESSION COSMETIQUE,Print,Parution,27/5/2025,Bimestriel,,
expression-cosmetique::print,EXPRESSION COSMETIQUE,Print,Bouclage,9/6/2025,Bimestriel,,
expression-cosmetique::print,EXPRESSION COSMETIQUE,Print,Parution,30/6/2025,Bimestriel,,
expression-cosmetique::print,EXPRESSION COSMETIQUE,Print,Bouclage,7/7/2025,Bimestriel,,
expression-cosmetique::print,EXPRESSION COSMETIQUE,Print,Parution,28/7/2025,Bimestriel,,
flottes-automobiles::print,FLOTTES AUTOMOBILES,Print,Bouclage,2/4/2025,Mensuel,,
flottes-automobiles::print,FLOTTES AUTOMOBILES,Print,Parution,22/4/2025,Mensuel,,
flottes-automobiles::print,FLOTTES AUTOMOBILES,Print,Bouclage,5/5/2025,Mensuel,,
flottes-automobiles::print,FLOTTES AUTOMOBILES,Print,Parution,27/5/2025,Mensuel,,
flottes-automobiles::print,FLOTTES AUTOMOBILES,Print,Bouclage,4/6/2025,Mensuel,,
flottes-automobiles::print,FLOTTES AUTOMOBILES,Print,Parution,24/6/2025,Mensuel,,
flottes-automobiles::print,FLOTTES AUTOMOBILES,Print,Bouclage,9/7/2025,Mensuel,,
flottes-automobiles::print,FLOTTES AUTOMOBILES,Print,Parution,29/7/2025,Mensuel,,
flottes-automobiles::print,FLOTTES AUTOMOBILES,Print,Bouclage,10/9/2025,Mensuel,,
flottes-automobiles::print,FLOTTES AUTOMOBILES,Print,Parution,30/9/2025,Mensuel,,
flottes-automobiles::print,FLOTTES AUTOMOBILES,Print,Bouclage,10/10/2025,Mensuel,,
flottes-automobiles::print,FLOTTES AUTOMOBILES,Print,Parution,28/10/2025,Mensuel,,
flottes-automobiles::print,FLOTTES AUTOMOBILES,Print,Bouclage,5/11/2025,Mensuel,,
flottes-automobiles::print,FLOTTES AUTOMOBILES,Print,Parution,25/11/2025,Mensuel,,
flottes-automobiles::print,FLOTTES AUTOMOBILES,Print,Bouclage,3/12/2025,Mensuel,,
flottes-automobiles::print,FLOTTES AUTOMOBILES,Print,Parution,23/12/2025,Mensuel,,
gestion-de-fortune::print,GESTION DE FORTUNE,Print,Bouclage,17/2/2025,Mensuel,,
gestion-de-fortune::print,GESTION DE FORTUNE,Print,Parution,3/3/2025,Mensuel,,
gestion-de-fortune::print,GESTION DE FORTUNE,Print,Bouclage,17/3/2025,Mensuel,,
gestion-de-fortune::print,GESTION DE FORTUNE,Print,Parution,1/4/2025,Mensuel,,
gestion-de-fortune::print,GESTION DE FORTUNE,Print,Bouclage,18/4/2025,Mensuel,,
gestion-de-fortune::print,GESTION DE FORTUNE,Print,Parution,2/5/2025,Mensuel,,
gestion-de-fortune::print,GESTION DE FORTUNE,Print,Bouclage,16/5/2025,Mensuel,,
gestion-de-fortune::print,GESTION DE FORTUNE,Print,Parution,2/6/2025,Mensuel,,
gestion-de-fortune::print,GESTION DE FORTUNE,Print,Bouclage,18/6/2025,Mensuel,,
gestion-de-fortune::print,GESTION DE FORTUNE,Print,Parution,1/7/2025,Mensuel,,
gestion-de-fortune::print,GESTION DE FORTUNE,Print,Bouclage,14/8/2025,Mensuel,,
gestion-de-fortune::print,GESTION DE FORTUNE,Print,Parution,1/9/2025,Mensuel,,
gestion-de-fortune::print,GESTION DE FORTUNE,Print,Bouclage,19/9/2025,Mensuel,,
gestion-de-fortune::print,GESTION DE FORTUNE,Print,Parution,1/10/2025,Mensuel,,
gestion-de-fortune::print,GESTION DE FORTUNE,Print,Bouclage,17/10/2025,Mensuel,,
gestion-de-fortune::print,GESTION DE FORTUNE,Print,Parution,3/11/2025,Mensuel,,
gestion-de-fortune::print,GESTION DE FORTUNE,Print,Bouclage,18/11/2025,Mensuel,,
gestion-de-fortune::print,GESTION DE FORTUNE,Print,Parution,1/12/2025,Mensuel,,
la-france-agricole::print,LA FRANCE AGRICOLE,Print,Bouclage,,Hebdomadaire (chaque vendredi),,
la-france-agricole::print,LA FRANCE AGRICOLE,Print,Parution,,Hebdomadaire (chaque vendredi),,
la-france-agricole::print,LA FRANCE AGRICOLE,Print,Bouclage,,Hebdomadaire (chaque vendredi),,
la-france-agricole::print,LA FRANCE AGRICOLE,Print,Parution,,Hebdomadaire (chaque vendredi),,
la-france-agricole::print,LA FRANCE AGRICOLE,Print,Bouclage,,Hebdomadaire (chaque vendredi),,
la-france-agricole::print,LA FRANCE AGRICOLE,Print,Parution,,Hebdomadaire (chaque vendredi),,
la-france-agricole::print,LA FRANCE AGRICOLE,Print,Bouclage,,Hebdomadaire (chaque vendredi),,
la-france-agricole::print,LA FRANCE AGRICOLE,Print,Parution,,Hebdomadaire (chaque vendredi),,
la-france-agricole::print,LA FRANCE AGRICOLE,Print,Bouclage,,Hebdomadaire (chaque vendredi),,
la-france-agricole::print,LA FRANCE AGRICOLE,Print,Parution,,Hebdomadaire (chaque vendredi),,
la-france-agricole::print,LA FRANCE AGRICOLE,Print,Bouclage,,Hebdomadaire (chaque vendredi),,
la-france-agricole::print,LA FRANCE AGRICOLE,Print,Parution,,Hebdomadaire (chaque vendredi),,
la-france-agricole::print,LA FRANCE AGRICOLE,Print,Bouclage,,Hebdomadaire (chaque vendredi),,
la-france-agricole::print,LA FRANCE AGRICOLE,Print,Parution,,Hebdomadaire (chaque vendredi),,
la-france-agricole::print,LA FRANCE AGRICOLE,Print,Bouclage,,Hebdomadaire (chaque vendredi),,
la-france-agricole::print,LA FRANCE AGRICOLE,Print,Parution,,Hebdomadaire (chaque vendredi),,
la-france-agricole::print,LA FRANCE AGRICOLE,Print,Bouclage,,Hebdomadaire (chaque vendredi),,
la-france-agricole::print,LA FRANCE AGRICOLE,Print,Parution,,Hebdomadaire (chaque vendredi),,
la-france-agricole::print,LA FRANCE AGRICOLE,Print,Bouclage,,Hebdomadaire (chaque vendredi),,
la-france-agricole::print,LA FRANCE AGRICOLE,Print,Parution,,Hebdomadaire (chaque vendredi),,
la-france-agricole::print,LA FRANCE AGRICOLE,Print,Bouclage,,Hebdomadaire (chaque vendredi),,
la-france-agricole::print,LA FRANCE AGRICOLE,Print,Parution,,Hebdomadaire (chaque vendredi),,
la-france-agricole::print,LA FRANCE AGRICOLE,Print,Bouclage,,Hebdomadaire (chaque vendredi),,
la-france-agricole::print,LA FRANCE AGRICOLE,Print,Parution,,Hebdomadaire (chaque vendredi),,
france-routes::print,FRANCE ROUTES,Print,Bouclage,17/1/2025,Mensuel,,
france-routes::print,FRANCE ROUTES,Print,Parution,27/1/2025,Mensuel,,
france-routes::print,FRANCE ROUTES,Print,Bouclage,17/3/2025,Mensuel,,
france-routes::print,FRANCE ROUTES,Print,Parution,27/3/2025,Mensuel,,
france-routes::print,FRANCE ROUTES,Print,Bouclage,12/5/2025,Mensuel,,
france-routes::print,FRANCE ROUTES,Print,Parution,22/5/2025,Mensuel,,
france-routes::print,FRANCE ROUTES,Print,Bouclage,30/6/2025,Mensuel,,
france-routes::print,FRANCE ROUTES,Print,Parution,10/7/2025,Mensuel,,
france-routes::print,FRANCE ROUTES,Print,Bouclage,8/9/2025,Mensuel,,
france-routes::print,FRANCE ROUTES,Print,Parution,18/9/2025,Mensuel,,
france-routes::print,FRANCE ROUTES,Print,Bouclage,7/11/2025,Mensuel,,
france-routes::print,FRANCE ROUTES,Print,Parution,17/11/2025,Mensuel,,
froid-news::print,FROID NEWS,Print,Bouclage,1/3/2025,Bimestriel,,
froid-news::print,FROID NEWS,Print,Parution,15/3/2025,Bimestriel,,
froid-news::print,FROID NEWS,Print,Bouclage,25/4/2025,Bimestriel,,
froid-news::print,FROID NEWS,Print,Parution,15/5/2025,Bimestriel,,
froid-news::print,FROID NEWS,Print,Bouclage,14/6/2025,Bimestriel,,
froid-news::print,FROID NEWS,Print,Parution,30/6/2025,Bimestriel,,
froid-news::print,FROID NEWS,Print,Bouclage,10/9/2025,Bimestriel,,
froid-news::print,FROID NEWS,Print,Parution,25/9/2025,Bimestriel,,
froid-news::print,FROID NEWS,Print,Bouclage,15/10/2025,Bimestriel,,
froid-news::print,FROID NEWS,Print,Parution,3/11/2025,Bimestriel,,
funds-magazine::print,FUNDS MAGAZINE,Print,Bouclage,6/1/2025,Mensuel,,
funds-magazine::print,FUNDS MAGAZINE,Print,Parution,27/1/2025,Mensuel,,
funds-magazine::print,FUNDS MAGAZINE,Print,Bouclage,3/2/2025,Mensuel,,
funds-magazine::print,FUNDS MAGAZINE,Print,Parution,24/2/2025,Mensuel,,
funds-magazine::print,FUNDS MAGAZINE,Print,Bouclage,3/3/2025,Mensuel,,
funds-magazine::print,FUNDS MAGAZINE,Print,Parution,24/3/2025,Mensuel,,
funds-magazine::print,FUNDS MAGAZINE,Print,Bouclage,7/4/2025,Mensuel,,
funds-magazine::print,FUNDS MAGAZINE,Print,Parution,28/4/2025,Mensuel,,
la-gazette-du-palais::print,LA GAZETTE DU PALAIS,Print,Bouclage,,Hebdomadaire,,
la-gazette-du-palais::print,LA GAZETTE DU PALAIS,Print,Parution,,Hebdomadaire,,
la-gazette-du-palais::print,LA GAZETTE DU PALAIS,Print,Bouclage,,Hebdomadaire,,
la-gazette-du-palais::print,LA GAZETTE DU PALAIS,Print,Parution,,Hebdomadaire,,
la-gazette-du-palais::print,LA GAZETTE DU PALAIS,Print,Bouclage,,Hebdomadaire,,
la-gazette-du-palais::print,LA GAZETTE DU PALAIS,Print,Parution,,Hebdomadaire,,
la-gazette-du-palais::print,LA GAZETTE DU PALAIS,Print,Bouclage,,Hebdomadaire,,
la-gazette-du-palais::print,LA GAZETTE DU PALAIS,Print,Parution,,Hebdomadaire,,
la-gazette-du-palais::print,LA GAZETTE DU PALAIS,Print,Bouclage,,Hebdomadaire,,
la-gazette-du-palais::print,LA GAZETTE DU PALAIS,Print,Parution,,Hebdomadaire,,
la-gazette-du-palais::print,LA GAZETTE DU PALAIS,Print,Bouclage,,Hebdomadaire,,
la-gazette-du-palais::print,LA GAZETTE DU PALAIS,Print,Parution,,Hebdomadaire,,
la-gazette-du-palais::print,LA GAZETTE DU PALAIS,Print,Bouclage,,Hebdomadaire,,
la-gazette-du-palais::print,LA GAZETTE DU PALAIS,Print,Parution,,Hebdomadaire,,
la-gazette-du-palais::print,LA GAZETTE DU PALAIS,Print,Bouclage,,Hebdomadaire,,
la-gazette-du-palais::print,LA GAZETTE DU PALAIS,Print,Parution,,Hebdomadaire,,
la-gazette-du-palais::print,LA GAZETTE DU PALAIS,Print,Bouclage,,Hebdomadaire,,
la-gazette-du-palais::print,LA GAZETTE DU PALAIS,Print,Parution,,Hebdomadaire,,
la-gazette-du-palais::print,LA GAZETTE DU PALAIS,Print,Bouclage,,Hebdomadaire,,
la-gazette-du-palais::print,LA GAZETTE DU PALAIS,Print,Parution,,Hebdomadaire,,
la-gazette-du-palais::print,LA GAZETTE DU PALAIS,Print,Bouclage,,Hebdomadaire,,
la-gazette-du-palais::print,LA GAZETTE DU PALAIS,Print,Parution,,Hebdomadaire,,
la-gazette-du-palais::print,LA GAZETTE DU PALAIS,Print,Bouclage,,Hebdomadaire,,
la-gazette-du-palais::print,LA GAZETTE DU PALAIS,Print,Parution,,Hebdomadaire,,
genie-climatique::print,GENIE CLIMATIQUE,Print,Bouclage,20/12/2025,Bimestriel,,
genie-climatique::print,GENIE CLIMATIQUE,Print,Parution,10/1/2025,Bimestriel,,
genie-climatique::print,GENIE CLIMATIQUE,Print,Bouclage,27/1/2025,Bimestriel,,
genie-climatique::print,GENIE CLIMATIQUE,Print,Parution,17/2/2025,Bimestriel,,
genie-climatique::print,GENIE CLIMATIQUE,Print,Bouclage,31/3/2025,Bimestriel,,
genie-climatique::print,GENIE CLIMATIQUE,Print,Parution,21/4/2025,Bimestriel,,
genie-climatique::print,GENIE CLIMATIQUE,Print,Bouclage,23/5/2025,Bimestriel,,
genie-climatique::print,GENIE CLIMATIQUE,Print,Parution,13/6/2025,Bimestriel,,
genie-climatique::print,GENIE CLIMATIQUE,Print,Bouclage,20/6/2025,Bimestriel,,
genie-climatique::print,GENIE CLIMATIQUE,Print,Parution,11/7/2025,Bimestriel,,
genie-climatique::print,GENIE CLIMATIQUE,Print,Bouclage,29/8/2025,Bimestriel,,
genie-climatique::print,GENIE CLIMATIQUE,Print,Parution,19/9/2025,Bimestriel,,
genie-climatique::print,GENIE CLIMATIQUE,Print,Bouclage,24/10/2025,Bimestriel,,
genie-climatique::print,GENIE CLIMATIQUE,Print,Parution,14/11/2025,Bimestriel,,
genie-climatique::print,GENIE CLIMATIQUE,Print,Bouclage,21/11/2025,Bimestriel,,
genie-climatique::print,GENIE CLIMATIQUE,Print,Parution,12/12/2025,Bimestriel,,
geroscopie::print,GEROSCOPIE,Print,Bouclage,20/1/2025,Mensuel,,
geroscopie::print,GEROSCOPIE,Print,Parution,10/2/2025,Mensuel,,
geroscopie::print,GEROSCOPIE,Print,Bouclage,20/2/2025,Mensuel,,
geroscopie::print,GEROSCOPIE,Print,Parution,10/3/2025,Mensuel,,
geroscopie::print,GEROSCOPIE,Print,Bouclage,20/4/2025,Mensuel,,
geroscopie::print,GEROSCOPIE,Print,Parution,10/5/2025,Mensuel,,
geroscopie::print,GEROSCOPIE,Print,Bouclage,20/6/2025,Mensuel,,
geroscopie::print,GEROSCOPIE,Print,Parution,10/7/2025,Mensuel,,
geroscopie::print,GEROSCOPIE,Print,Bouclage,30/8/2025,Mensuel,,
geroscopie::print,GEROSCOPIE,Print,Parution,10/9/2025,Mensuel,,
geroscopie::print,GEROSCOPIE,Print,Bouclage,20/10/2025,Mensuel,,
geroscopie::print,GEROSCOPIE,Print,Parution,10/11/2025,Mensuel,,
grandes-cuisines::print,GRANDES CUISINES,Print,Bouclage,10/2/2025,Trimestriel,,
grandes-cuisines::print,GRANDES CUISINES,Print,Parution,4/2/2025,Trimestriel,,
grandes-cuisines::print,GRANDES CUISINES,Print,Bouclage,12/5/2025,Trimestriel,,
grandes-cuisines::print,GRANDES CUISINES,Print,Parution,28/5/2025,Trimestriel,,
grandes-cuisines::print,GRANDES CUISINES,Print,Bouclage,12/8/2025,Trimestriel,,
grandes-cuisines::print,GRANDES CUISINES,Print,Parution,27/8/2025,Trimestriel,,
grandes-cuisines::print,GRANDES CUISINES,Print,Bouclage,12/11/2025,Trimestriel,,
grandes-cuisines::print,GRANDES CUISINES,Print,Parution,26/11/2025,Trimestriel,,
gynecologie-obstetrique-pratique::print,GYNECOLOGIE OBSTETRIQUE PRATIQUE,Print,Bouclage,18/12/2025,Mensuel,,
gynecologie-obstetrique-pratique::print,GYNECOLOGIE OBSTETRIQUE PRATIQUE,Print,Parution,29/1/2025,Mensuel,,
gynecologie-obstetrique-pratique::print,GYNECOLOGIE OBSTETRIQUE PRATIQUE,Print,Bouclage,29/1/2025,Mensuel,,
gynecologie-obstetrique-pratique::print,GYNECOLOGIE OBSTETRIQUE PRATIQUE,Print,Parution,27/2/2025,Mensuel,,
gynecologie-obstetrique-pratique::print,GYNECOLOGIE OBSTETRIQUE PRATIQUE,Print,Bouclage,26/2/2025,Mensuel,,
gynecologie-obstetrique-pratique::print,GYNECOLOGIE OBSTETRIQUE PRATIQUE,Print,Parution,29/3/2025,Mensuel,,
gynecologie-obstetrique-pratique::print,GYNECOLOGIE OBSTETRIQUE PRATIQUE,Print,Bouclage,26/3/2025,Mensuel,,
gynecologie-obstetrique-pratique::print,GYNECOLOGIE OBSTETRIQUE PRATIQUE,Print,Parution,29/4/2025,Mensuel,,
gynecologie-obstetrique-pratique::print,GYNECOLOGIE OBSTETRIQUE PRATIQUE,Print,Bouclage,30/4/2025,Mensuel,,
gynecologie-obstetrique-pratique::print,GYNECOLOGIE OBSTETRIQUE PRATIQUE,Print,Parution,30/5/2025,Mensuel,,
gynecologie-obstetrique-pratique::print,GYNECOLOGIE OBSTETRIQUE PRATIQUE,Print,Bouclage,28/5/2025,Mensuel,,
gynecologie-obstetrique-pratique::print,GYNECOLOGIE OBSTETRIQUE PRATIQUE,Print,Parution,27/6/2025,Mensuel,,
gynecologie-obstetrique-pratique::print,GYNECOLOGIE OBSTETRIQUE PRATIQUE,Print,Bouclage,25/6/2025,Mensuel,,
gynecologie-obstetrique-pratique::print,GYNECOLOGIE OBSTETRIQUE PRATIQUE,Print,Parution,30/9/2025,Mensuel,,
gynecologie-obstetrique-pratique::print,GYNECOLOGIE OBSTETRIQUE PRATIQUE,Print,Bouclage,27/9/2025,Mensuel,,
gynecologie-obstetrique-pratique::print,GYNECOLOGIE OBSTETRIQUE PRATIQUE,Print,Parution,31/10/2025,Mensuel,,
gynecologie-obstetrique-pratique::print,GYNECOLOGIE OBSTETRIQUE PRATIQUE,Print,Bouclage,29/10/2025,Mensuel,,
gynecologie-obstetrique-pratique::print,GYNECOLOGIE OBSTETRIQUE PRATIQUE,Print,Parution,25/11/2025,Mensuel,,
gynecologie-obstetrique-pratique::print,GYNECOLOGIE OBSTETRIQUE PRATIQUE,Print,Bouclage,26/11/2025,Mensuel,,
gynecologie-obstetrique-pratique::print,GYNECOLOGIE OBSTETRIQUE PRATIQUE,Print,Parution,29/12/2025,Mensuel,,
honore-le-mag::print,HONORE LE MAG,Print,Bouclage,25/2/2025,Bimestriel,,
honore-le-mag::print,HONORE LE MAG,Print,Parution,14/3/2025,Bimestriel,,
honore-le-mag::print,HONORE LE MAG,Print,Bouclage,27/5/2025,Bimestriel,,
honore-le-mag::print,HONORE LE MAG,Print,Parution,13/6/2025,Bimestriel,,
honore-le-mag::print,HONORE LE MAG,Print,Bouclage,30/9/2025,Bimestriel,,
honore-le-mag::print,HONORE LE MAG,Print,Parution,17/10/2025,Bimestriel,,
honore-le-mag::print,HONORE LE MAG,Print,Bouclage,2/12/2025,Bimestriel,,
honore-le-mag::print,HONORE LE MAG,Print,Parution,19/12/2025,Bimestriel,,
l-hotellerie-restauration::print,L'HOTELLERIE RESTAURATION ,Print,Bouclage,20/12/2025,Mensuel,,
l-hotellerie-restauration::print,L'HOTELLERIE RESTAURATION ,Print,Parution,10/1/2025,Mensuel,,
l-hotellerie-restauration::print,L'HOTELLERIE RESTAURATION ,Print,Bouclage,9/1/2025,Mensuel,,
l-hotellerie-restauration::print,L'HOTELLERIE RESTAURATION ,Print,Parution,30/1/2025,Mensuel,,
l-hotellerie-restauration::print,L'HOTELLERIE RESTAURATION ,Print,Bouclage,23/1/2025,Mensuel,,
l-hotellerie-restauration::print,L'HOTELLERIE RESTAURATION ,Print,Parution,13/2/2025,Mensuel,,
l-hotellerie-restauration::print,L'HOTELLERIE RESTAURATION ,Print,Bouclage,20/2/2025,Mensuel,,
l-hotellerie-restauration::print,L'HOTELLERIE RESTAURATION ,Print,Parution,13/3/2025,Mensuel,,
l-hotellerie-restauration::print,L'HOTELLERIE RESTAURATION ,Print,Bouclage,20/3/2025,Mensuel,,
l-hotellerie-restauration::print,L'HOTELLERIE RESTAURATION ,Print,Parution,10/4/2025,Mensuel,,
l-hotellerie-restauration::print,L'HOTELLERIE RESTAURATION ,Print,Bouclage,25/4/2025,Mensuel,,
l-hotellerie-restauration::print,L'HOTELLERIE RESTAURATION ,Print,Parution,16/5/2025,Mensuel,,
l-hotellerie-restauration::print,L'HOTELLERIE RESTAURATION ,Print,Bouclage,23/5/2025,Mensuel,,
l-hotellerie-restauration::print,L'HOTELLERIE RESTAURATION ,Print,Parution,13/6/2025,Mensuel,,
l-hotellerie-restauration::print,L'HOTELLERIE RESTAURATION ,Print,Bouclage,19/6/2025,Mensuel,,
l-hotellerie-restauration::print,L'HOTELLERIE RESTAURATION ,Print,Parution,10/7/2025,Mensuel,,
l-hotellerie-restauration::print,L'HOTELLERIE RESTAURATION ,Print,Bouclage,28/8/2025,Mensuel,,
l-hotellerie-restauration::print,L'HOTELLERIE RESTAURATION ,Print,Parution,18/9/2025,Mensuel,,
l-hotellerie-restauration::print,L'HOTELLERIE RESTAURATION ,Print,Bouclage,25/9/2025,Mensuel,,
l-hotellerie-restauration::print,L'HOTELLERIE RESTAURATION ,Print,Parution,16/10/2025,Mensuel,,
l-hotellerie-restauration::print,L'HOTELLERIE RESTAURATION ,Print,Bouclage,24/10/2025,Mensuel,,
l-hotellerie-restauration::print,L'HOTELLERIE RESTAURATION ,Print,Parution,14/11/2025,Mensuel,,
l-hotellerie-restauration::print,L'HOTELLERIE RESTAURATION ,Print,Bouclage,20/11/2025,Mensuel,,
l-hotellerie-restauration::print,L'HOTELLERIE RESTAURATION ,Print,Parution,11/12/2025,Mensuel,,
hydroplus::print,HYDROPLUS,Print,Bouclage,13/1/2025,5 Numéros / an,,
hydroplus::print,HYDROPLUS,Print,Parution,20/1/2025,5 Numéros / an,,
hydroplus::print,HYDROPLUS,Print,Bouclage,10/3/2025,5 Numéros / an,,
hydroplus::print,HYDROPLUS,Print,Parution,17/3/2025,5 Numéros / an,,
hydroplus::print,HYDROPLUS,Print,Bouclage,7/5/2025,5 Numéros / an,,
hydroplus::print,HYDROPLUS,Print,Parution,16/5/2025,5 Numéros / an,,
hydroplus::print,HYDROPLUS,Print,Bouclage,18/9/2025,5 Numéros / an,,
hydroplus::print,HYDROPLUS,Print,Parution,30/9/2025,5 Numéros / an,,
hydroplus::print,HYDROPLUS,Print,Bouclage,7/11/2025,5 Numéros / an,,
hydroplus::print,HYDROPLUS,Print,Parution,17/11/2025,5 Numéros / an,,
industries-cosmetiques::print,INDUSTRIES COSMETIQUES,Print,Bouclage,28/2/2025,Trimestriel,,
industries-cosmetiques::print,INDUSTRIES COSMETIQUES,Print,Parution,21/3/2025,Trimestriel,,
industries-cosmetiques::print,INDUSTRIES COSMETIQUES,Print,Bouclage,31/5/2025,Trimestriel,,
industries-cosmetiques::print,INDUSTRIES COSMETIQUES,Print,Parution,21/6/2025,Trimestriel,,
industries-cosmetiques::print,INDUSTRIES COSMETIQUES,Print,Bouclage,20/8/2025,Trimestriel,,
industries-cosmetiques::print,INDUSTRIES COSMETIQUES,Print,Parution,10/9/2025,Trimestriel,,
industries-cosmetiques::print,INDUSTRIES COSMETIQUES,Print,Bouclage,30/11/2025,Trimestriel,,
industries-cosmetiques::print,INDUSTRIES COSMETIQUES,Print,Parution,21/12/2025,Trimestriel,,
l-industrie-hoteliere::print,L'INDUSTRIE HOTELIERE,Print,Bouclage,2/1/2025,9 Numéros / an,,
l-industrie-hoteliere::print,L'INDUSTRIE HOTELIERE,Print,Parution,17/1/2025,9 Numéros / an,,
l-industrie-hoteliere::print,L'INDUSTRIE HOTELIERE,Print,Bouclage,19/2/2025,9 Numéros / an,,
l-industrie-hoteliere::print,L'INDUSTRIE HOTELIERE,Print,Parution,6/3/2025,9 Numéros / an,,
l-industrie-hoteliere::print,L'INDUSTRIE HOTELIERE,Print,Bouclage,21/3/2025,9 Numéros / an,,
l-industrie-hoteliere::print,L'INDUSTRIE HOTELIERE,Print,Parution,7/4/2025,9 Numéros / an,,
l-industrie-hoteliere::print,L'INDUSTRIE HOTELIERE,Print,Bouclage,22/4/2025,9 Numéros / an,,
l-industrie-hoteliere::print,L'INDUSTRIE HOTELIERE,Print,Parution,9/5/2025,9 Numéros / an,,
l-industrie-hoteliere::print,L'INDUSTRIE HOTELIERE,Print,Bouclage,6/6/2025,9 Numéros / an,,
l-industrie-hoteliere::print,L'INDUSTRIE HOTELIERE,Print,Parution,23/6/2025,9 Numéros / an,,
l-industrie-hoteliere::print,L'INDUSTRIE HOTELIERE,Print,Bouclage,18/8/2025,9 Numéros / an,,
l-industrie-hoteliere::print,L'INDUSTRIE HOTELIERE,Print,Parution,1/9/2025,9 Numéros / an,,
l-industrie-hoteliere::print,L'INDUSTRIE HOTELIERE,Print,Bouclage,22/9/2025,9 Numéros / an,,
l-industrie-hoteliere::print,L'INDUSTRIE HOTELIERE,Print,Parution,8/10/2025,9 Numéros / an,,
l-industrie-hoteliere::print,L'INDUSTRIE HOTELIERE,Print,Bouclage,22/10/2025,9 Numéros / an,,
l-industrie-hoteliere::print,L'INDUSTRIE HOTELIERE,Print,Parution,7/11/2025,9 Numéros / an,,
l-industrie-hoteliere::print,L'INDUSTRIE HOTELIERE,Print,Bouclage,24/11/2025,9 Numéros / an,,
l-industrie-hoteliere::print,L'INDUSTRIE HOTELIERE,Print,Parution,10/12/2025,9 Numéros / an,,
l-infirmiere-magazine::print,L'INFIRMIERE MAGAZINE,Print,Bouclage,10/3/2025,Mensuel,,
l-infirmiere-magazine::print,L'INFIRMIERE MAGAZINE,Print,Parution,26/3/2025,Mensuel,,
l-infirmiere-magazine::print,L'INFIRMIERE MAGAZINE,Print,Bouclage,7/4/2025,Mensuel,,
l-infirmiere-magazine::print,L'INFIRMIERE MAGAZINE,Print,Parution,24/4/2025,Mensuel,,
l-infirmiere-magazine::print,L'INFIRMIERE MAGAZINE,Print,Bouclage,12/5/2025,Mensuel,,
l-infirmiere-magazine::print,L'INFIRMIERE MAGAZINE,Print,Parution,28/5/2025,Mensuel,,
l-infirmiere-magazine::print,L'INFIRMIERE MAGAZINE,Print,Bouclage,9/6/2025,Mensuel,,
l-infirmiere-magazine::print,L'INFIRMIERE MAGAZINE,Print,Parution,25/6/2025,Mensuel,,
l-infirmiere-magazine::print,L'INFIRMIERE MAGAZINE,Print,Bouclage,30/7/2025,Mensuel,,
l-infirmiere-magazine::print,L'INFIRMIERE MAGAZINE,Print,Parution,3/9/2025,Mensuel,,
l-infirmiere-magazine::print,L'INFIRMIERE MAGAZINE,Print,Bouclage,15/9/2025,Mensuel,,
l-infirmiere-magazine::print,L'INFIRMIERE MAGAZINE,Print,Parution,1/10/2025,Mensuel,,
l-infirmiere-magazine::print,L'INFIRMIERE MAGAZINE,Print,Bouclage,13/10/2025,Mensuel,,
l-infirmiere-magazine::print,L'INFIRMIERE MAGAZINE,Print,Parution,29/10/2025,Mensuel,,
l-infirmiere-magazine::print,L'INFIRMIERE MAGAZINE,Print,Bouclage,10/11/2025,Mensuel,,
l-infirmiere-magazine::print,L'INFIRMIERE MAGAZINE,Print,Parution,26/12/2025,Mensuel,,
l-information-dentaire::print,L'INFORMATION DENTAIRE,Print,Bouclage,19/2/2025,Hebdomadaire (chaque mercredi),,
l-information-dentaire::print,L'INFORMATION DENTAIRE,Print,Parution,5/3/2025,Hebdomadaire (chaque mercredi),,
l-information-dentaire::print,L'INFORMATION DENTAIRE,Print,Bouclage,26/2/2025,Hebdomadaire (chaque mercredi),,
l-information-dentaire::print,L'INFORMATION DENTAIRE,Print,Parution,12/3/2025,Hebdomadaire (chaque mercredi),,
l-information-dentaire::print,L'INFORMATION DENTAIRE,Print,Bouclage,5/3/2025,Hebdomadaire (chaque mercredi),,
l-information-dentaire::print,L'INFORMATION DENTAIRE,Print,Parution,19/3/2025,Hebdomadaire (chaque mercredi),,
l-information-dentaire::print,L'INFORMATION DENTAIRE,Print,Bouclage,12/3/2025,Hebdomadaire (chaque mercredi),,
l-information-dentaire::print,L'INFORMATION DENTAIRE,Print,Parution,26/3/2025,Hebdomadaire (chaque mercredi),,
l-information-dentaire::print,L'INFORMATION DENTAIRE,Print,Bouclage,26/3/2025,Hebdomadaire (chaque mercredi),,
l-information-dentaire::print,L'INFORMATION DENTAIRE,Print,Parution,9/4/2025,Hebdomadaire (chaque mercredi),,
l-information-dentaire::print,L'INFORMATION DENTAIRE,Print,Bouclage,2/4/2025,Hebdomadaire (chaque mercredi),,
l-information-dentaire::print,L'INFORMATION DENTAIRE,Print,Parution,16/4/2025,Hebdomadaire (chaque mercredi),,
l-information-dentaire::print,L'INFORMATION DENTAIRE,Print,Bouclage,16/4/2025,Hebdomadaire (chaque mercredi),,
l-information-dentaire::print,L'INFORMATION DENTAIRE,Print,Parution,30/4/2025,Hebdomadaire (chaque mercredi),,
l-information-dentaire::print,L'INFORMATION DENTAIRE,Print,Bouclage,30/4/2025,Hebdomadaire (chaque mercredi),,
l-information-dentaire::print,L'INFORMATION DENTAIRE,Print,Parution,14/5/2025,Hebdomadaire (chaque mercredi),,
l-information-dentaire::print,L'INFORMATION DENTAIRE,Print,Bouclage,7/5/2025,Hebdomadaire (chaque mercredi),,
l-information-dentaire::print,L'INFORMATION DENTAIRE,Print,Parution,21/5/2025,Hebdomadaire (chaque mercredi),,
l-information-dentaire::print,L'INFORMATION DENTAIRE,Print,Bouclage,14/5/2025,Hebdomadaire (chaque mercredi),,
l-information-dentaire::print,L'INFORMATION DENTAIRE,Print,Parution,28/5/2025,Hebdomadaire (chaque mercredi),,
l-information-dentaire::print,L'INFORMATION DENTAIRE,Print,Bouclage,28/5/2025,Hebdomadaire (chaque mercredi),,
l-information-dentaire::print,L'INFORMATION DENTAIRE,Print,Parution,11/6/2025,Hebdomadaire (chaque mercredi),,
l-information-dentaire::print,L'INFORMATION DENTAIRE,Print,Bouclage,4/6/2025,Hebdomadaire (chaque mercredi),,
l-information-dentaire::print,L'INFORMATION DENTAIRE,Print,Parution,18/6/2025,Hebdomadaire (chaque mercredi),,
l-information-dentaire::print,L'INFORMATION DENTAIRE,Print,Bouclage,11/6/2025,Hebdomadaire (chaque mercredi),,
l-information-dentaire::print,L'INFORMATION DENTAIRE,Print,Parution,25/6/2025,Hebdomadaire (chaque mercredi),,
l-information-dentaire::print,L'INFORMATION DENTAIRE,Print,Bouclage,25/6/2025,Hebdomadaire (chaque mercredi),,
l-information-dentaire::print,L'INFORMATION DENTAIRE,Print,Parution,9/7/2025,Hebdomadaire (chaque mercredi),,
l-information-dentaire::print,L'INFORMATION DENTAIRE,Print,Bouclage,2/7/2025,Hebdomadaire (chaque mercredi),,
l-information-dentaire::print,L'INFORMATION DENTAIRE,Print,Parution,16/7/2025,Hebdomadaire (chaque mercredi),,
l-information-dentaire::print,L'INFORMATION DENTAIRE,Print,Bouclage,20/8/2025,Hebdomadaire (chaque mercredi),,
l-information-dentaire::print,L'INFORMATION DENTAIRE,Print,Parution,3/9/2025,Hebdomadaire (chaque mercredi),,
l-information-dentaire::print,L'INFORMATION DENTAIRE,Print,Bouclage,27/8/2025,Hebdomadaire (chaque mercredi),,
l-information-dentaire::print,L'INFORMATION DENTAIRE,Print,Parution,10/9/2025,Hebdomadaire (chaque mercredi),,
l-information-dentaire::print,L'INFORMATION DENTAIRE,Print,Bouclage,3/9/2025,Hebdomadaire (chaque mercredi),,
l-information-dentaire::print,L'INFORMATION DENTAIRE,Print,Parution,17/9/2025,Hebdomadaire (chaque mercredi),,
l-information-dentaire::print,L'INFORMATION DENTAIRE,Print,Bouclage,10/9/2025,Hebdomadaire (chaque mercredi),,
l-information-dentaire::print,L'INFORMATION DENTAIRE,Print,Parution,24/9/2025,Hebdomadaire (chaque mercredi),,
l-information-dentaire::print,L'INFORMATION DENTAIRE,Print,Bouclage,17/9/2025,Hebdomadaire (chaque mercredi),,
l-information-dentaire::print,L'INFORMATION DENTAIRE,Print,Parution,1/10/2025,Hebdomadaire (chaque mercredi),,
l-information-dentaire::print,L'INFORMATION DENTAIRE,Print,Bouclage,24/9/2025,Hebdomadaire (chaque mercredi),,
l-information-dentaire::print,L'INFORMATION DENTAIRE,Print,Parution,8/10/2025,Hebdomadaire (chaque mercredi),,
l-information-dentaire::print,L'INFORMATION DENTAIRE,Print,Bouclage,1/10/2025,Hebdomadaire (chaque mercredi),,
l-information-dentaire::print,L'INFORMATION DENTAIRE,Print,Parution,15/10/2025,Hebdomadaire (chaque mercredi),,
l-information-dentaire::print,L'INFORMATION DENTAIRE,Print,Bouclage,15/10/2025,Hebdomadaire (chaque mercredi),,
l-information-dentaire::print,L'INFORMATION DENTAIRE,Print,Parution,29/10/2025,Hebdomadaire (chaque mercredi),,
l-information-dentaire::print,L'INFORMATION DENTAIRE,Print,Bouclage,22/10/2025,Hebdomadaire (chaque mercredi),,
l-information-dentaire::print,L'INFORMATION DENTAIRE,Print,Parution,5/11/2025,Hebdomadaire (chaque mercredi),,
l-information-dentaire::print,L'INFORMATION DENTAIRE,Print,Bouclage,29/10/2025,Hebdomadaire (chaque mercredi),,
l-information-dentaire::print,L'INFORMATION DENTAIRE,Print,Parution,12/11/2025,Hebdomadaire (chaque mercredi),,
l-information-dentaire::print,L'INFORMATION DENTAIRE,Print,Bouclage,5/11/2025,Hebdomadaire (chaque mercredi),,
l-information-dentaire::print,L'INFORMATION DENTAIRE,Print,Parution,19/11/2025,Hebdomadaire (chaque mercredi),,
l-information-dentaire::print,L'INFORMATION DENTAIRE,Print,Bouclage,12/11/2025,Hebdomadaire (chaque mercredi),,
l-information-dentaire::print,L'INFORMATION DENTAIRE,Print,Parution,26/11/2025,Hebdomadaire (chaque mercredi),,
l-information-dentaire::print,L'INFORMATION DENTAIRE,Print,Bouclage,26/11/2025,Hebdomadaire (chaque mercredi),,
l-information-dentaire::print,L'INFORMATION DENTAIRE,Print,Parution,10/12/2025,Hebdomadaire (chaque mercredi),,
l-information-dentaire::print,L'INFORMATION DENTAIRE,Print,Bouclage,3/12/2025,Hebdomadaire (chaque mercredi),,
l-information-dentaire::print,L'INFORMATION DENTAIRE,Print,Parution,17/12/2025,Hebdomadaire (chaque mercredi),,
l-informaticien::print,L'INFORMATICIEN,Print,Bouclage,10/2/2025,Mensuel,,
l-informaticien::print,L'INFORMATICIEN,Print,Parution,3/3/2025,Mensuel,,
l-informaticien::print,L'INFORMATICIEN,Print,Bouclage,12/3/2025,Mensuel,,
l-informaticien::print,L'INFORMATICIEN,Print,Parution,2/4/2025,Mensuel,,
l-informaticien::print,L'INFORMATICIEN,Print,Bouclage,12/4/2025,Mensuel,,
l-informaticien::print,L'INFORMATICIEN,Print,Parution,3/5/2025,Mensuel,,
l-informaticien::print,L'INFORMATICIEN,Print,Bouclage,13/5/2025,Mensuel,,
l-informaticien::print,L'INFORMATICIEN,Print,Parution,3/6/2025,Mensuel,,
l-informaticien::print,L'INFORMATICIEN,Print,Bouclage,11/6/2025,Mensuel,,
l-informaticien::print,L'INFORMATICIEN,Print,Parution,2/7/2025,Mensuel,,
l-informaticien::print,L'INFORMATICIEN,Print,Bouclage,12/8/2025,Mensuel,,
l-informaticien::print,L'INFORMATICIEN,Print,Parution,2/9/2025,Mensuel,,
l-informaticien::print,L'INFORMATICIEN,Print,Bouclage,11/9/2025,Mensuel,,
l-informaticien::print,L'INFORMATICIEN,Print,Parution,2/10/2025,Mensuel,,
l-informaticien::print,L'INFORMATICIEN,Print,Bouclage,13/10/2025,Mensuel,,
l-informaticien::print,L'INFORMATICIEN,Print,Parution,3/11/2025,Mensuel,,
l-informaticien::print,L'INFORMATICIEN,Print,Bouclage,15/11/2025,Mensuel,,
l-informaticien::print,L'INFORMATICIEN,Print,Parution,6/12/2025,Mensuel,,
l-installateur::print,L'INSTALLATEUR,Print,Bouclage,24/1/2025,Mensuel,,
l-installateur::print,L'INSTALLATEUR,Print,Parution,14/2/2025,Mensuel,,
l-installateur::print,L'INSTALLATEUR,Print,Bouclage,27/2/2025,Mensuel,,
l-installateur::print,L'INSTALLATEUR,Print,Parution,20/3/2025,Mensuel,,
l-installateur::print,L'INSTALLATEUR,Print,Bouclage,14/4/2025,Mensuel,,
l-installateur::print,L'INSTALLATEUR,Print,Parution,5/5/2025,Mensuel,,
l-installateur::print,L'INSTALLATEUR,Print,Bouclage,12/6/2025,Mensuel,,
l-installateur::print,L'INSTALLATEUR,Print,Parution,3/7/2025,Mensuel,,
l-installateur::print,L'INSTALLATEUR,Print,Bouclage,22/8/2025,Mensuel,,
l-installateur::print,L'INSTALLATEUR,Print,Parution,12/9/2025,Mensuel,,
l-installateur::print,L'INSTALLATEUR,Print,Bouclage,24/9/2025,Mensuel,,
l-installateur::print,L'INSTALLATEUR,Print,Parution,15/10/2025,Mensuel,,
l-installateur::print,L'INSTALLATEUR,Print,Bouclage,24/10/2025,Mensuel,,
l-installateur::print,L'INSTALLATEUR,Print,Parution,14/11/2025,Mensuel,,
l-installateur::print,L'INSTALLATEUR,Print,Bouclage,24/11/2025,Mensuel,,
l-installateur::print,L'INSTALLATEUR,Print,Parution,15/12/2025,Mensuel,,
intramuros::print,INTRAMUROS,Print,Bouclage,24/2/2025,Trimestriel,,
intramuros::print,INTRAMUROS,Print,Parution,17/3/2025,Trimestriel,,
intramuros::print,INTRAMUROS,Print,Bouclage,26/5/2025,Trimestriel,,
intramuros::print,INTRAMUROS,Print,Parution,16/6/2025,Trimestriel,,
intramuros::print,INTRAMUROS,Print,Bouclage,18/8/2025,Trimestriel,,
intramuros::print,INTRAMUROS,Print,Parution,8/9/2025,Trimestriel,,
intramuros::print,INTRAMUROS,Print,Bouclage,24/11/2025,Trimestriel,,
intramuros::print,INTRAMUROS,Print,Parution,15/12/2025,Trimestriel,,
investissement-conseils::print,INVESTISSEMENT CONSEILS,Print,Bouclage,18/1/2025,Mensuel,,
investissement-conseils::print,INVESTISSEMENT CONSEILS,Print,Parution,1/2/2025,Mensuel,,
investissement-conseils::print,INVESTISSEMENT CONSEILS,Print,Bouclage,15/2/2025,Mensuel,,
investissement-conseils::print,INVESTISSEMENT CONSEILS,Print,Parution,1/3/2025,Mensuel,,
investissement-conseils::print,INVESTISSEMENT CONSEILS,Print,Bouclage,18/3/2025,Mensuel,,
investissement-conseils::print,INVESTISSEMENT CONSEILS,Print,Parution,1/4/2025,Mensuel,,
investissement-conseils::print,INVESTISSEMENT CONSEILS,Print,Bouclage,17/4/2025,Mensuel,,
investissement-conseils::print,INVESTISSEMENT CONSEILS,Print,Parution,1/5/2025,Mensuel,,
investissement-conseils::print,INVESTISSEMENT CONSEILS,Print,Bouclage,18/5/2025,Mensuel,,
investissement-conseils::print,INVESTISSEMENT CONSEILS,Print,Parution,1/6/2025,Mensuel,,
investissement-conseils::print,INVESTISSEMENT CONSEILS,Print,Bouclage,17/6/2025,Mensuel,,
investissement-conseils::print,INVESTISSEMENT CONSEILS,Print,Parution,1/7/2025,Mensuel,,
investissement-conseils::print,INVESTISSEMENT CONSEILS,Print,Bouclage,18/8/2025,Mensuel,,
investissement-conseils::print,INVESTISSEMENT CONSEILS,Print,Parution,1/9/2025,Mensuel,,
investissement-conseils::print,INVESTISSEMENT CONSEILS,Print,Bouclage,17/9/2025,Mensuel,,
investissement-conseils::print,INVESTISSEMENT CONSEILS,Print,Parution,1/10/2025,Mensuel,,
investissement-conseils::print,INVESTISSEMENT CONSEILS,Print,Bouclage,18/10/2025,Mensuel,,
investissement-conseils::print,INVESTISSEMENT CONSEILS,Print,Parution,1/11/2025,Mensuel,,
investissement-conseils::print,INVESTISSEMENT CONSEILS,Print,Bouclage,17/11/2025,Mensuel,,
investissement-conseils::print,INVESTISSEMENT CONSEILS,Print,Parution,1/12/2025,Mensuel,,
it-for-business::print,IT FOR BUSINESS,Print,Bouclage,20/1/2025,Mensuel,,
it-for-business::print,IT FOR BUSINESS,Print,Parution,12/2/2025,Mensuel,,
it-for-business::print,IT FOR BUSINESS,Print,Bouclage,17/2/2025,Mensuel,,
it-for-business::print,IT FOR BUSINESS,Print,Parution,13/3/2025,Mensuel,,
it-for-business::print,IT FOR BUSINESS,Print,Bouclage,21/3/2025,Mensuel,,
it-for-business::print,IT FOR BUSINESS,Print,Parution,9/4/2025,Mensuel,,
it-for-business::print,IT FOR BUSINESS,Print,Bouclage,24/4/2025,Mensuel,,
it-for-business::print,IT FOR BUSINESS,Print,Parution,15/5/2025,Mensuel,,
it-for-business::print,IT FOR BUSINESS,Print,Bouclage,23/5/2025,Mensuel,,
it-for-business::print,IT FOR BUSINESS,Print,Parution,10/6/2025,Mensuel,,
it-for-business::print,IT FOR BUSINESS,Print,Bouclage,20/6/2025,Mensuel,,
it-for-business::print,IT FOR BUSINESS,Print,Parution,9/7/2025,Mensuel,,
it-for-business::print,IT FOR BUSINESS,Print,Bouclage,18/8/2025,Mensuel,,
it-for-business::print,IT FOR BUSINESS,Print,Parution,8/9/2025,Mensuel,,
it-for-business::print,IT FOR BUSINESS,Print,Bouclage,12/9/2025,Mensuel,,
it-for-business::print,IT FOR BUSINESS,Print,Parution,6/10/2025,Mensuel,,
it-for-business::print,IT FOR BUSINESS,Print,Bouclage,13/10/2025,Mensuel,,
it-for-business::print,IT FOR BUSINESS,Print,Parution,12/11/2025,Mensuel,,
it-for-business::print,IT FOR BUSINESS,Print,Bouclage,19/11/2025,Mensuel,,
it-for-business::print,IT FOR BUSINESS,Print,Parution,10/12/2025,Mensuel,,
j2r::print,J2R,Print,Bouclage,8/1/2025,Mensuel,,
j2r::print,J2R,Print,Parution,29/1/2025,Mensuel,,
j2r::print,J2R,Print,Bouclage,16/2/2025,Mensuel,,
j2r::print,J2R,Print,Parution,8/3/2025,Mensuel,,
j2r::print,J2R,Print,Bouclage,18/3/2025,Mensuel,,
j2r::print,J2R,Print,Parution,8/4/2025,Mensuel,,
j2r::print,J2R,Print,Bouclage,18/4/2025,Mensuel,,
j2r::print,J2R,Print,Parution,10/5/2025,Mensuel,,
j2r::print,J2R,Print,Bouclage,17/5/2025,Mensuel,,
j2r::print,J2R,Print,Parution,7/6/2025,Mensuel,,
j2r::print,J2R,Print,Bouclage,18/6/2025,Mensuel,,
j2r::print,J2R,Print,Parution,9/7/2025,Mensuel,,
j2r::print,J2R,Print,Bouclage,16/8/2025,Mensuel,,
j2r::print,J2R,Print,Parution,9/9/2025,Mensuel,,
j2r::print,J2R,Print,Bouclage,18/9/2025,Mensuel,,
j2r::print,J2R,Print,Parution,9/10/2025,Mensuel,,
j2r::print,J2R,Print,Bouclage,18/10/2025,Mensuel,,
j2r::print,J2R,Print,Parution,8/11/2025,Mensuel,,
j2r::print,J2R,Print,Bouclage,18/11/2025,Mensuel,,
j2r::print,J2R,Print,Parution,9/12/2025,Mensuel,,
j3e::print,J3E,Print,Bouclage,6/2/2025,Mensuel,,
j3e::print,J3E,Print,Parution,20/2/2025,Mensuel,,
j3e::print,J3E,Print,Bouclage,6/3/2025,Mensuel,,
j3e::print,J3E,Print,Parution,20/3/2025,Mensuel,,
j3e::print,J3E,Print,Bouclage,3/4/2025,Mensuel,,
j3e::print,J3E,Print,Parution,17/4/2025,Mensuel,,
j3e::print,J3E,Print,Bouclage,8/5/2025,Mensuel,,
j3e::print,J3E,Print,Parution,22/5/2025,Mensuel,,
j3e::print,J3E,Print,Bouclage,5/6/2025,Mensuel,,
j3e::print,J3E,Print,Parution,19/6/2025,Mensuel,,
j3e::print,J3E,Print,Bouclage,4/9/2025,Mensuel,,
j3e::print,J3E,Print,Parution,18/9/2025,Mensuel,,
j3e::print,J3E,Print,Bouclage,2/10/2025,Mensuel,,
j3e::print,J3E,Print,Parution,16/10/2025,Mensuel,,
j3e::print,J3E,Print,Bouclage,6/11/2025,Mensuel,,
j3e::print,J3E,Print,Parution,20/11/2025,Mensuel,,
le-journal-de-l-automobile::print,LE JOURNAL DE L'AUTOMOBILE,Print,Bouclage,2/1/2025,Mensuel,,
le-journal-de-l-automobile::print,LE JOURNAL DE L'AUTOMOBILE,Print,Parution,23/1/2025,Mensuel,,
le-journal-de-l-automobile::print,LE JOURNAL DE L'AUTOMOBILE,Print,Bouclage,29/1/2025,Mensuel,,
le-journal-de-l-automobile::print,LE JOURNAL DE L'AUTOMOBILE,Print,Parution,19/2/2025,Mensuel,,
le-journal-de-l-automobile::print,LE JOURNAL DE L'AUTOMOBILE,Print,Bouclage,27/2/2025,Mensuel,,
le-journal-de-l-automobile::print,LE JOURNAL DE L'AUTOMOBILE,Print,Parution,19/3/2025,Mensuel,,
le-journal-de-l-automobile::print,LE JOURNAL DE L'AUTOMOBILE,Print,Bouclage,28/3/2025,Mensuel,,
le-journal-de-l-automobile::print,LE JOURNAL DE L'AUTOMOBILE,Print,Parution,18/4/2025,Mensuel,,
le-journal-de-l-automobile::print,LE JOURNAL DE L'AUTOMOBILE,Print,Bouclage,26/4/2025,Mensuel,,
le-journal-de-l-automobile::print,LE JOURNAL DE L'AUTOMOBILE,Print,Parution,15/5/2025,Mensuel,,
le-journal-de-l-automobile::print,LE JOURNAL DE L'AUTOMOBILE,Print,Bouclage,29/5/2025,Mensuel,,
le-journal-de-l-automobile::print,LE JOURNAL DE L'AUTOMOBILE,Print,Parution,19/6/2025,Mensuel,,
le-journal-de-l-automobile::print,LE JOURNAL DE L'AUTOMOBILE,Print,Bouclage,28/6/2025,Mensuel,,
le-journal-de-l-automobile::print,LE JOURNAL DE L'AUTOMOBILE,Print,Parution,19/7/2025,Mensuel,,
le-journal-de-l-automobile::print,LE JOURNAL DE L'AUTOMOBILE,Print,Bouclage,28/8/2025,Mensuel,,
le-journal-de-l-automobile::print,LE JOURNAL DE L'AUTOMOBILE,Print,Parution,18/9/2025,Mensuel,,
le-journal-de-l-automobile::print,LE JOURNAL DE L'AUTOMOBILE,Print,Bouclage,26/9/2025,Mensuel,,
le-journal-de-l-automobile::print,LE JOURNAL DE L'AUTOMOBILE,Print,Parution,17/10/2025,Mensuel,,
le-journal-de-l-automobile::print,LE JOURNAL DE L'AUTOMOBILE,Print,Bouclage,29/10/2025,Mensuel,,
le-journal-de-l-automobile::print,LE JOURNAL DE L'AUTOMOBILE,Print,Parution,20/11/2025,Mensuel,,
le-journal-de-l-automobile::print,LE JOURNAL DE L'AUTOMOBILE,Print,Bouclage,27/11/2025,Mensuel,,
le-journal-de-l-automobile::print,LE JOURNAL DE L'AUTOMOBILE,Print,Parution,18/12/2025,Mensuel,,
journal-des-communes::print,JOURNAL DES COMMUNES,Print,Bouclage,3/4/2025,Bimestriel,,
journal-des-communes::print,JOURNAL DES COMMUNES,Print,Parution,30/4/2025,Bimestriel,,
journal-des-communes::print,JOURNAL DES COMMUNES,Print,Bouclage,3/7/2025,Bimestriel,,
journal-des-communes::print,JOURNAL DES COMMUNES,Print,Parution,31/7/2025,Bimestriel,,
journal-des-communes::print,JOURNAL DES COMMUNES,Print,Bouclage,2/10/2025,Bimestriel,,
journal-des-communes::print,JOURNAL DES COMMUNES,Print,Parution,31/10/2025,Bimestriel,,
journal-des-entreprises::print,JOURNAL DES ENTREPRISES,Print,Bouclage,14/1/2025,Mensuel,,
journal-des-entreprises::print,JOURNAL DES ENTREPRISES,Print,Parution,6/2/2025,Mensuel,,
journal-des-entreprises::print,JOURNAL DES ENTREPRISES,Print,Bouclage,11/2/2025,Mensuel,,
journal-des-entreprises::print,JOURNAL DES ENTREPRISES,Print,Parution,6/3/2025,Mensuel,,
journal-des-entreprises::print,JOURNAL DES ENTREPRISES,Print,Bouclage,12/3/2025,Mensuel,,
journal-des-entreprises::print,JOURNAL DES ENTREPRISES,Print,Parution,7/4/2025,Mensuel,,
journal-des-entreprises::print,JOURNAL DES ENTREPRISES,Print,Bouclage,8/4/2025,Mensuel,,
journal-des-entreprises::print,JOURNAL DES ENTREPRISES,Print,Parution,5/5/2025,Mensuel,,
journal-des-entreprises::print,JOURNAL DES ENTREPRISES,Print,Bouclage,13/5/2025,Mensuel,,
journal-des-entreprises::print,JOURNAL DES ENTREPRISES,Print,Parution,6/6/2025,Mensuel,,
journal-des-entreprises::print,JOURNAL DES ENTREPRISES,Print,Bouclage,11/6/2025,Mensuel,,
journal-des-entreprises::print,JOURNAL DES ENTREPRISES,Print,Parution,7/7/2025,Mensuel,,
journal-des-entreprises::print,JOURNAL DES ENTREPRISES,Print,Bouclage,21/8/2025,Mensuel,,
journal-des-entreprises::print,JOURNAL DES ENTREPRISES,Print,Parution,12/9/2025,Mensuel,,
journal-des-entreprises::print,JOURNAL DES ENTREPRISES,Print,Bouclage,16/9/2025,Mensuel,,
journal-des-entreprises::print,JOURNAL DES ENTREPRISES,Print,Parution,7/10/2025,Mensuel,,
journal-des-entreprises::print,JOURNAL DES ENTREPRISES,Print,Bouclage,14/10/2025,Mensuel,,
journal-des-entreprises::print,JOURNAL DES ENTREPRISES,Print,Parution,6/11/2025,Mensuel,,
journal-des-entreprises::print,JOURNAL DES ENTREPRISES,Print,Bouclage,19/11/2025,Mensuel,,
journal-des-entreprises::print,JOURNAL DES ENTREPRISES,Print,Parution,11/12/2025,Mensuel,,
le-journal-des-flottes::print,LE JOURNAL DES FLOTTES,Print,Bouclage,22/1/2025,Trimestriel,,
le-journal-des-flottes::print,LE JOURNAL DES FLOTTES,Print,Parution,12/2/2025,Trimestriel,,
le-journal-des-flottes::print,LE JOURNAL DES FLOTTES,Print,Bouclage,5/3/2025,Trimestriel,,
le-journal-des-flottes::print,LE JOURNAL DES FLOTTES,Print,Parution,26/3/2025,Trimestriel,,
le-journal-des-flottes::print,LE JOURNAL DES FLOTTES,Print,Bouclage,7/5/2025,Trimestriel,,
le-journal-des-flottes::print,LE JOURNAL DES FLOTTES,Print,Parution,29/5/2025,Trimestriel,,
le-journal-des-flottes::print,LE JOURNAL DES FLOTTES,Print,Bouclage,30/8/2025,Trimestriel,,
le-journal-des-flottes::print,LE JOURNAL DES FLOTTES,Print,Parution,20/9/2025,Trimestriel,,
le-journal-des-flottes::print,LE JOURNAL DES FLOTTES,Print,Bouclage,14/10/2025,Trimestriel,,
le-journal-des-flottes::print,LE JOURNAL DES FLOTTES,Print,Parution,4/11/2025,Trimestriel,,
le-journal-des-flottes::print,LE JOURNAL DES FLOTTES,Print,Bouclage,19/11/2025,Trimestriel,,
le-journal-des-flottes::print,LE JOURNAL DES FLOTTES,Print,Parution,10/12/2025,Trimestriel,,
journal-des-maires::print,JOURNAL DES MAIRES,Print,Bouclage,20/1/2025,Mensuel,,
journal-des-maires::print,JOURNAL DES MAIRES,Print,Parution,4/2/2025,Mensuel,,
journal-des-maires::print,JOURNAL DES MAIRES,Print,Bouclage,17/2/2025,Mensuel,,
journal-des-maires::print,JOURNAL DES MAIRES,Print,Parution,4/3/2025,Mensuel,,
journal-des-maires::print,JOURNAL DES MAIRES,Print,Bouclage,19/3/2025,Mensuel,,
journal-des-maires::print,JOURNAL DES MAIRES,Print,Parution,3/4/2025,Mensuel,,
journal-des-maires::print,JOURNAL DES MAIRES,Print,Bouclage,17/4/2025,Mensuel,,
journal-des-maires::print,JOURNAL DES MAIRES,Print,Parution,6/5/2025,Mensuel,,
journal-des-maires::print,JOURNAL DES MAIRES,Print,Bouclage,19/5/2025,Mensuel,,
journal-des-maires::print,JOURNAL DES MAIRES,Print,Parution,3/6/2025,Mensuel,,
journal-des-maires::print,JOURNAL DES MAIRES,Print,Bouclage,17/6/2025,Mensuel,,
journal-des-maires::print,JOURNAL DES MAIRES,Print,Parution,3/7/2025,Mensuel,,
journal-des-maires::print,JOURNAL DES MAIRES,Print,Bouclage,17/8/2025,Mensuel,,
journal-des-maires::print,JOURNAL DES MAIRES,Print,Parution,3/9/2025,Mensuel,,
journal-des-maires::print,JOURNAL DES MAIRES,Print,Bouclage,17/9/2025,Mensuel,,
journal-des-maires::print,JOURNAL DES MAIRES,Print,Parution,3/10/2025,Mensuel,,
journal-des-maires::print,JOURNAL DES MAIRES,Print,Bouclage,17/10/2025,Mensuel,,
journal-des-maires::print,JOURNAL DES MAIRES,Print,Parution,3/11/2025,Mensuel,,
journal-des-maires::print,JOURNAL DES MAIRES,Print,Bouclage,17/11/2025,Mensuel,,
journal-des-maires::print,JOURNAL DES MAIRES,Print,Parution,3/12/2025,Mensuel,,
le-journal-du-village-de-la-justice::print,LE JOURNAL DU VILLAGE DE LA JUSTICE,Print,Bouclage,10/1/2025,Trimestriel,,
le-journal-du-village-de-la-justice::print,LE JOURNAL DU VILLAGE DE LA JUSTICE,Print,Parution,31/1/2025,Trimestriel,,
le-journal-du-village-de-la-justice::print,LE JOURNAL DU VILLAGE DE LA JUSTICE,Print,Bouclage,14/3/2025,Trimestriel,,
le-journal-du-village-de-la-justice::print,LE JOURNAL DU VILLAGE DE LA JUSTICE,Print,Parution,4/4/2025,Trimestriel,,
le-journal-du-village-de-la-justice::print,LE JOURNAL DU VILLAGE DE LA JUSTICE,Print,Bouclage,13/6/2025,Trimestriel,,
le-journal-du-village-de-la-justice::print,LE JOURNAL DU VILLAGE DE LA JUSTICE,Print,Parution,4/7/2025,Trimestriel,,
le-journal-du-village-de-la-justice::print,LE JOURNAL DU VILLAGE DE LA JUSTICE,Print,Bouclage,17/10/2025,Trimestriel,,
le-journal-du-village-de-la-justice::print,LE JOURNAL DU VILLAGE DE LA JUSTICE,Print,Parution,7/11/2025,Trimestriel,,
le-journal-du-village-des-notaires::print,LE JOURNAL DU VILLAGE DES NOTAIRES,Print,Bouclage,15/1/2025,6 Numéros / an,,
le-journal-du-village-des-notaires::print,LE JOURNAL DU VILLAGE DES NOTAIRES,Print,Parution,5/2/2025,6 Numéros / an,,
le-journal-du-village-des-notaires::print,LE JOURNAL DU VILLAGE DES NOTAIRES,Print,Bouclage,15/3/2025,6 Numéros / an,,
le-journal-du-village-des-notaires::print,LE JOURNAL DU VILLAGE DES NOTAIRES,Print,Parution,5/4/2025,6 Numéros / an,,
le-journal-du-village-des-notaires::print,LE JOURNAL DU VILLAGE DES NOTAIRES,Print,Bouclage,15/6/2025,6 Numéros / an,,
le-journal-du-village-des-notaires::print,LE JOURNAL DU VILLAGE DES NOTAIRES,Print,Parution,6/7/2025,6 Numéros / an,,
le-journal-du-village-des-notaires::print,LE JOURNAL DU VILLAGE DES NOTAIRES,Print,Bouclage,15/11/2025,6 Numéros / an,,
le-journal-du-village-des-notaires::print,LE JOURNAL DU VILLAGE DES NOTAIRES,Print,Parution,6/12/2025,6 Numéros / an,,
le-journal-des-patissiers::print,LE JOURNAL DES PATISSIERS,Print,Bouclage,20/12/2025,Mensuel,,
le-journal-des-patissiers::print,LE JOURNAL DES PATISSIERS,Print,Parution,20/1/2025,Mensuel,,
le-journal-des-patissiers::print,LE JOURNAL DES PATISSIERS,Print,Bouclage,20/1/2025,Mensuel,,
le-journal-des-patissiers::print,LE JOURNAL DES PATISSIERS,Print,Parution,20/2/2025,Mensuel,,
le-journal-des-patissiers::print,LE JOURNAL DES PATISSIERS,Print,Bouclage,20/2/2025,Mensuel,,
le-journal-des-patissiers::print,LE JOURNAL DES PATISSIERS,Print,Parution,20/3/2025,Mensuel,,
le-journal-des-patissiers::print,LE JOURNAL DES PATISSIERS,Print,Bouclage,20/3/2025,Mensuel,,
le-journal-des-patissiers::print,LE JOURNAL DES PATISSIERS,Print,Parution,20/4/2025,Mensuel,,
le-journal-des-patissiers::print,LE JOURNAL DES PATISSIERS,Print,Bouclage,20/4/2025,Mensuel,,
le-journal-des-patissiers::print,LE JOURNAL DES PATISSIERS,Print,Parution,20/5/2025,Mensuel,,
le-journal-des-patissiers::print,LE JOURNAL DES PATISSIERS,Print,Bouclage,20/5/2025,Mensuel,,
le-journal-des-patissiers::print,LE JOURNAL DES PATISSIERS,Print,Parution,20/6/2025,Mensuel,,
le-journal-des-patissiers::print,LE JOURNAL DES PATISSIERS,Print,Bouclage,20/6/2025,Mensuel,,
le-journal-des-patissiers::print,LE JOURNAL DES PATISSIERS,Print,Parution,20/6/2025,Mensuel,,
le-journal-des-patissiers::print,LE JOURNAL DES PATISSIERS,Print,Bouclage,20/8/2025,Mensuel,,
le-journal-des-patissiers::print,LE JOURNAL DES PATISSIERS,Print,Parution,20/9/2025,Mensuel,,
le-journal-des-patissiers::print,LE JOURNAL DES PATISSIERS,Print,Bouclage,20/9/2025,Mensuel,,
le-journal-des-patissiers::print,LE JOURNAL DES PATISSIERS,Print,Parution,20/10/2025,Mensuel,,
le-journal-des-patissiers::print,LE JOURNAL DES PATISSIERS,Print,Bouclage,20/10/2025,Mensuel,,
le-journal-des-patissiers::print,LE JOURNAL DES PATISSIERS,Print,Parution,20/11/2025,Mensuel,,
le-journal-des-patissiers::print,LE JOURNAL DES PATISSIERS,Print,Bouclage,20/11/2025,Mensuel,,
le-journal-des-patissiers::print,LE JOURNAL DES PATISSIERS,Print,Parution,20/12/2025,Mensuel,,
journal-du-pneumatique::print,JOURNAL DU PNEUMATIQUE,Print,Bouclage,15/1/2025,Bimestriel,,
journal-du-pneumatique::print,JOURNAL DU PNEUMATIQUE,Print,Parution,2/2/2025,Bimestriel,,
journal-du-pneumatique::print,JOURNAL DU PNEUMATIQUE,Print,Bouclage,15/3/2025,Bimestriel,,
journal-du-pneumatique::print,JOURNAL DU PNEUMATIQUE,Print,Parution,2/4/2025,Bimestriel,,
journal-du-pneumatique::print,JOURNAL DU PNEUMATIQUE,Print,Bouclage,10/5/2025,Bimestriel,,
journal-du-pneumatique::print,JOURNAL DU PNEUMATIQUE,Print,Parution,28/5/2025,Bimestriel,,
journal-du-pneumatique::print,JOURNAL DU PNEUMATIQUE,Print,Bouclage,9/9/2025,Bimestriel,,
journal-du-pneumatique::print,JOURNAL DU PNEUMATIQUE,Print,Parution,27/9/2025,Bimestriel,,
journal-du-pneumatique::print,JOURNAL DU PNEUMATIQUE,Print,Bouclage,5/11/2025,Bimestriel,,
journal-du-pneumatique::print,JOURNAL DU PNEUMATIQUE,Print,Parution,25/11/2025,Bimestriel,,
le-journal-du-poids-lourd::print,LE JOURNAL DU POIDS LOURD,Print,Bouclage,1/3/2025,4 Numéros / an,,
le-journal-du-poids-lourd::print,LE JOURNAL DU POIDS LOURD,Print,Parution,22/3/2025,4 Numéros / an,,
le-journal-du-poids-lourd::print,LE JOURNAL DU POIDS LOURD,Print,Bouclage,3/6/2025,4 Numéros / an,,
le-journal-du-poids-lourd::print,LE JOURNAL DU POIDS LOURD,Print,Parution,24/6/2025,4 Numéros / an,,
le-journal-du-poids-lourd::print,LE JOURNAL DU POIDS LOURD,Print,Bouclage,27/8/2025,4 Numéros / an,,
le-journal-du-poids-lourd::print,LE JOURNAL DU POIDS LOURD,Print,Parution,23/9/2025,4 Numéros / an,,
le-journal-du-poids-lourd::print,LE JOURNAL DU POIDS LOURD,Print,Bouclage,29/10/2025,4 Numéros / an,,
le-journal-du-poids-lourd::print,LE JOURNAL DU POIDS LOURD,Print,Parution,25/11/2025,4 Numéros / an,,
kine-actualite::print,KINE ACTUALITE,Print,Bouclage,27/2/2025,Bimensuel,,
kine-actualite::print,KINE ACTUALITE,Print,Parution,13/3/2025,Bimensuel,,
kine-actualite::print,KINE ACTUALITE,Print,Bouclage,13/3/2025,Bimensuel,,
kine-actualite::print,KINE ACTUALITE,Print,Parution,27/3/2025,Bimensuel,,
kine-actualite::print,KINE ACTUALITE,Print,Bouclage,27/3/2025,Bimensuel,,
kine-actualite::print,KINE ACTUALITE,Print,Parution,10/4/2025,Bimensuel,,
kine-actualite::print,KINE ACTUALITE,Print,Bouclage,10/4/2025,Bimensuel,,
kine-actualite::print,KINE ACTUALITE,Print,Parution,24/4/2025,Bimensuel,,
kine-actualite::print,KINE ACTUALITE,Print,Bouclage,24/4/2025,Bimensuel,,
kine-actualite::print,KINE ACTUALITE,Print,Parution,8/5/2025,Bimensuel,,
kine-actualite::print,KINE ACTUALITE,Print,Bouclage,8/5/2025,Bimensuel,,
kine-actualite::print,KINE ACTUALITE,Print,Parution,22/5/2025,Bimensuel,,
kine-actualite::print,KINE ACTUALITE,Print,Bouclage,22/5/2025,Bimensuel,,
kine-actualite::print,KINE ACTUALITE,Print,Parution,5/6/2025,Bimensuel,,
kine-actualite::print,KINE ACTUALITE,Print,Bouclage,5/6/2025,Bimensuel,,
kine-actualite::print,KINE ACTUALITE,Print,Parution,19/6/2025,Bimensuel,,
kine-actualite::print,KINE ACTUALITE,Print,Bouclage,19/6/2025,Bimensuel,,
kine-actualite::print,KINE ACTUALITE,Print,Parution,3/7/2025,Bimensuel,,
kine-actualite::print,KINE ACTUALITE,Print,Bouclage,3/7/2025,Bimensuel,,
kine-actualite::print,KINE ACTUALITE,Print,Parution,17/7/2025,Bimensuel,,
kine-actualite::print,KINE ACTUALITE,Print,Bouclage,28/8/2025,Bimensuel,,
kine-actualite::print,KINE ACTUALITE,Print,Parution,11/9/2025,Bimensuel,,
kine-actualite::print,KINE ACTUALITE,Print,Bouclage,11/9/2025,Bimensuel,,
kine-actualite::print,KINE ACTUALITE,Print,Parution,25/9/2025,Bimensuel,,
kine-actualite::print,KINE ACTUALITE,Print,Bouclage,25/9/2025,Bimensuel,,
kine-actualite::print,KINE ACTUALITE,Print,Parution,9/10/2025,Bimensuel,,
kine-actualite::print,KINE ACTUALITE,Print,Bouclage,9/10/2025,Bimensuel,,
kine-actualite::print,KINE ACTUALITE,Print,Parution,23/10/2025,Bimensuel,,
kine-actualite::print,KINE ACTUALITE,Print,Bouclage,23/10/2025,Bimensuel,,
kine-actualite::print,KINE ACTUALITE,Print,Parution,6/11/2025,Bimensuel,,
kine-actualite::print,KINE ACTUALITE,Print,Bouclage,6/11/2025,Bimensuel,,
kine-actualite::print,KINE ACTUALITE,Print,Parution,20/11/2025,Bimensuel,,
kine-actualite::print,KINE ACTUALITE,Print,Bouclage,20/11/2025,Bimensuel,,
kine-actualite::print,KINE ACTUALITE,Print,Parution,4/12/2025,Bimensuel,,
kine-actualite::print,KINE ACTUALITE,Print,Bouclage,4/12/2025,Bimensuel,,
kine-actualite::print,KINE ACTUALITE,Print,Parution,18/12/2025,Bimensuel,,
lineaires::print,LINEAIRES,Print,Bouclage,20/12/2025,Mensuel,,
lineaires::print,LINEAIRES,Print,Parution,6/1/2025,Mensuel,,
lineaires::print,LINEAIRES,Print,Bouclage,20/1/2025,Mensuel,,
lineaires::print,LINEAIRES,Print,Parution,6/2/2025,Mensuel,,
lineaires::print,LINEAIRES,Print,Bouclage,20/2/2025,Mensuel,,
lineaires::print,LINEAIRES,Print,Parution,6/3/2025,Mensuel,,
lineaires::print,LINEAIRES,Print,Bouclage,20/3/2025,Mensuel,,
lineaires::print,LINEAIRES,Print,Parution,6/4/2025,Mensuel,,
lineaires::print,LINEAIRES,Print,Bouclage,20/4/2025,Mensuel,,
lineaires::print,LINEAIRES,Print,Parution,6/5/2025,Mensuel,,
lineaires::print,LINEAIRES,Print,Bouclage,20/5/2025,Mensuel,,
lineaires::print,LINEAIRES,Print,Parution,6/6/2025,Mensuel,,
lineaires::print,LINEAIRES,Print,Bouclage,20/6/2025,Mensuel,,
lineaires::print,LINEAIRES,Print,Parution,6/7/2025,Mensuel,,
lineaires::print,LINEAIRES,Print,Bouclage,20/8/2025,Mensuel,,
lineaires::print,LINEAIRES,Print,Parution,6/9/2025,Mensuel,,
lineaires::print,LINEAIRES,Print,Bouclage,20/9/2025,Mensuel,,
lineaires::print,LINEAIRES,Print,Parution,6/10/2025,Mensuel,,
lineaires::print,LINEAIRES,Print,Bouclage,20/10/2025,Mensuel,,
lineaires::print,LINEAIRES,Print,Parution,6/11/2025,Mensuel,,
lineaires::print,LINEAIRES,Print,Bouclage,20/11/2025,Mensuel,,
lineaires::print,LINEAIRES,Print,Parution,6/12/2025,Mensuel,,
le-lien-horticole::print,LE LIEN HORTICOLE,Print,Bouclage,8/2/2025,Mensuel,,
le-lien-horticole::print,LE LIEN HORTICOLE,Print,Parution,25/2/2025,Mensuel,,
le-lien-horticole::print,LE LIEN HORTICOLE,Print,Bouclage,13/3/2025,Mensuel,,
le-lien-horticole::print,LE LIEN HORTICOLE,Print,Parution,25/3/2025,Mensuel,,
le-lien-horticole::print,LE LIEN HORTICOLE,Print,Bouclage,17/4/2025,Mensuel,,
le-lien-horticole::print,LE LIEN HORTICOLE,Print,Parution,29/4/2025,Mensuel,,
le-lien-horticole::print,LE LIEN HORTICOLE,Print,Bouclage,15/5/2025,Mensuel,,
le-lien-horticole::print,LE LIEN HORTICOLE,Print,Parution,27/5/2025,Mensuel,,
le-lien-horticole::print,LE LIEN HORTICOLE,Print,Bouclage,19/6/2025,Mensuel,,
le-lien-horticole::print,LE LIEN HORTICOLE,Print,Parution,1/7/2025,Mensuel,,
le-lien-horticole::print,LE LIEN HORTICOLE,Print,Bouclage,14/8/2025,Mensuel,,
le-lien-horticole::print,LE LIEN HORTICOLE,Print,Parution,29/8/2025,Mensuel,,
le-lien-horticole::print,LE LIEN HORTICOLE,Print,Bouclage,18/9/2025,Mensuel,,
le-lien-horticole::print,LE LIEN HORTICOLE,Print,Parution,2/10/2025,Mensuel,,
le-lien-horticole::print,LE LIEN HORTICOLE,Print,Bouclage,16/10/2025,Mensuel,,
le-lien-horticole::print,LE LIEN HORTICOLE,Print,Parution,30/10/2025,Mensuel,,
le-lien-horticole::print,LE LIEN HORTICOLE,Print,Bouclage,13/11/2025,Mensuel,,
le-lien-horticole::print,LE LIEN HORTICOLE,Print,Parution,27/11/2025,Mensuel,,
livres-hebdo::print,LIVRES HEBDO,Print,Bouclage,20/1/2025,Mensuel,,
livres-hebdo::print,LIVRES HEBDO,Print,Parution,30/1/2025,Mensuel,,
livres-hebdo::print,LIVRES HEBDO,Print,Bouclage,17/2/2025,Mensuel,,
livres-hebdo::print,LIVRES HEBDO,Print,Parution,27/2/2025,Mensuel,,
livres-hebdo::print,LIVRES HEBDO,Print,Bouclage,17/3/2025,Mensuel,,
livres-hebdo::print,LIVRES HEBDO,Print,Parution,27/3/2025,Mensuel,,
livres-hebdo::print,LIVRES HEBDO,Print,Bouclage,14/4/2025,Mensuel,,
livres-hebdo::print,LIVRES HEBDO,Print,Parution,24/4/2025,Mensuel,,
livres-hebdo::print,LIVRES HEBDO,Print,Bouclage,19/5/2025,Mensuel,,
livres-hebdo::print,LIVRES HEBDO,Print,Parution,29/5/2025,Mensuel,,
livres-hebdo::print,LIVRES HEBDO,Print,Bouclage,16/6/2025,Mensuel,,
livres-hebdo::print,LIVRES HEBDO,Print,Parution,26/6/2025,Mensuel,,
livres-hebdo::print,LIVRES HEBDO,Print,Bouclage,15/9/2025,Mensuel,,
livres-hebdo::print,LIVRES HEBDO,Print,Parution,25/9/2025,Mensuel,,
livres-hebdo::print,LIVRES HEBDO,Print,Bouclage,20/10/2025,Mensuel,,
livres-hebdo::print,LIVRES HEBDO,Print,Parution,30/10/2025,Mensuel,,
livres-hebdo::print,LIVRES HEBDO,Print,Bouclage,17/11/2025,Mensuel,,
livres-hebdo::print,LIVRES HEBDO,Print,Parution,27/11/2025,Mensuel,,
lumieres::print,LUMIERES,Print,Bouclage,27/2/2025,4 Numéros / an,,
lumieres::print,LUMIERES,Print,Parution,15/3/2025,4 Numéros / an,,
lumieres::print,LUMIERES,Print,Bouclage,30/5/2025,4 Numéros / an,,
lumieres::print,LUMIERES,Print,Parution,16/6/2025,4 Numéros / an,,
lumieres::print,LUMIERES,Print,Bouclage,30/9/2025,4 Numéros / an,,
lumieres::print,LUMIERES,Print,Parution,15/10/2025,4 Numéros / an,,
lumieres::print,LUMIERES,Print,Bouclage,2/12/2025,4 Numéros / an,,
lumieres::print,LUMIERES,Print,Parution,15/12/2025,4 Numéros / an,,
loyers-et-copropriete::print,LOYERS ET COPROPRIETE,Print,Bouclage,28/2/2025,Mensuel,,
loyers-et-copropriete::print,LOYERS ET COPROPRIETE,Print,Parution,21/3/2025,Mensuel,,
loyers-et-copropriete::print,LOYERS ET COPROPRIETE,Print,Bouclage,28/3/2025,Mensuel,,
loyers-et-copropriete::print,LOYERS ET COPROPRIETE,Print,Parution,18/4/2025,Mensuel,,
loyers-et-copropriete::print,LOYERS ET COPROPRIETE,Print,Bouclage,30/4/2025,Mensuel,,
loyers-et-copropriete::print,LOYERS ET COPROPRIETE,Print,Parution,21/5/2025,Mensuel,,
loyers-et-copropriete::print,LOYERS ET COPROPRIETE,Print,Bouclage,29/5/2025,Mensuel,,
loyers-et-copropriete::print,LOYERS ET COPROPRIETE,Print,Parution,19/6/2025,Mensuel,,
loyers-et-copropriete::print,LOYERS ET COPROPRIETE,Print,Bouclage,20/6/2025,Mensuel,,
loyers-et-copropriete::print,LOYERS ET COPROPRIETE,Print,Parution,11/7/2025,Mensuel,,
loyers-et-copropriete::print,LOYERS ET COPROPRIETE,Print,Bouclage,29/8/2025,Mensuel,,
loyers-et-copropriete::print,LOYERS ET COPROPRIETE,Print,Parution,19/9/2025,Mensuel,,
loyers-et-copropriete::print,LOYERS ET COPROPRIETE,Print,Bouclage,19/9/2025,Mensuel,,
loyers-et-copropriete::print,LOYERS ET COPROPRIETE,Print,Parution,10/10/2025,Mensuel,,
loyers-et-copropriete::print,LOYERS ET COPROPRIETE,Print,Bouclage,28/10/2025,Mensuel,,
loyers-et-copropriete::print,LOYERS ET COPROPRIETE,Print,Parution,18/11/2025,Mensuel,,
loyers-et-copropriete::print,LOYERS ET COPROPRIETE,Print,Bouclage,14/11/2025,Mensuel,,
loyers-et-copropriete::print,LOYERS ET COPROPRIETE,Print,Parution,5/12/2025,Mensuel,,
machines-production::print,MACHINES PRODUCTION,Print,Bouclage,20/1/2025,Mensuel,,
machines-production::print,MACHINES PRODUCTION,Print,Parution,27/1/2025,Mensuel,,
machines-production::print,MACHINES PRODUCTION,Print,Bouclage,4/2/2025,Mensuel,,
machines-production::print,MACHINES PRODUCTION,Print,Parution,11/2/2025,Mensuel,,
machines-production::print,MACHINES PRODUCTION,Print,Bouclage,18/3/2025,Mensuel,,
machines-production::print,MACHINES PRODUCTION,Print,Parution,25/3/2025,Mensuel,,
machines-production::print,MACHINES PRODUCTION,Print,Bouclage,7/4/2025,Mensuel,,
machines-production::print,MACHINES PRODUCTION,Print,Parution,14/4/2025,Mensuel,,
machines-production::print,MACHINES PRODUCTION,Print,Bouclage,15/5/2025,Mensuel,,
machines-production::print,MACHINES PRODUCTION,Print,Parution,22/5/2025,Mensuel,,
machines-production::print,MACHINES PRODUCTION,Print,Bouclage,19/6/2025,Mensuel,,
machines-production::print,MACHINES PRODUCTION,Print,Parution,26/6/2025,Mensuel,,
machines-production::print,MACHINES PRODUCTION,Print,Bouclage,15/7/2025,Mensuel,,
machines-production::print,MACHINES PRODUCTION,Print,Parution,22/7/2025,Mensuel,,
machines-production::print,MACHINES PRODUCTION,Print,Bouclage,17/9/2025,Mensuel,,
machines-production::print,MACHINES PRODUCTION,Print,Parution,24/9/2025,Mensuel,,
machines-production::print,MACHINES PRODUCTION,Print,Bouclage,17/10/2025,Mensuel,,
machines-production::print,MACHINES PRODUCTION,Print,Parution,24/10/2025,Mensuel,,
machines-production::print,MACHINES PRODUCTION,Print,Bouclage,13/11/2025,Mensuel,,
machines-production::print,MACHINES PRODUCTION,Print,Parution,20/11/2025,Mensuel,,
machines-production::print,MACHINES PRODUCTION,Print,Bouclage,17/12/2025,Mensuel,,
machines-production::print,MACHINES PRODUCTION,Print,Parution,24/12/2025,Mensuel,,
maires-de-france::print,MAIRES DE FRANCE,Print,Bouclage,26/12/2025,Mensuel,,
maires-de-france::print,MAIRES DE FRANCE,Print,Parution,10/1/2025,Mensuel,,
maires-de-france::print,MAIRES DE FRANCE,Print,Bouclage,26/1/2025,Mensuel,,
maires-de-france::print,MAIRES DE FRANCE,Print,Parution,10/2/2025,Mensuel,,
maires-de-france::print,MAIRES DE FRANCE,Print,Bouclage,23/2/2025,Mensuel,,
maires-de-france::print,MAIRES DE FRANCE,Print,Parution,10/3/2025,Mensuel,,
maires-de-france::print,MAIRES DE FRANCE,Print,Bouclage,26/3/2025,Mensuel,,
maires-de-france::print,MAIRES DE FRANCE,Print,Parution,10/4/2025,Mensuel,,
maires-de-france::print,MAIRES DE FRANCE,Print,Bouclage,25/4/2025,Mensuel,,
maires-de-france::print,MAIRES DE FRANCE,Print,Parution,10/5/2025,Mensuel,,
maires-de-france::print,MAIRES DE FRANCE,Print,Bouclage,26/5/2025,Mensuel,,
maires-de-france::print,MAIRES DE FRANCE,Print,Parution,10/6/2025,Mensuel,,
maires-de-france::print,MAIRES DE FRANCE,Print,Bouclage,25/6/2025,Mensuel,,
maires-de-france::print,MAIRES DE FRANCE,Print,Parution,10/7/2025,Mensuel,,
maires-de-france::print,MAIRES DE FRANCE,Print,Bouclage,26/8/2025,Mensuel,,
maires-de-france::print,MAIRES DE FRANCE,Print,Parution,10/9/2025,Mensuel,,
maires-de-france::print,MAIRES DE FRANCE,Print,Bouclage,25/9/2025,Mensuel,,
maires-de-france::print,MAIRES DE FRANCE,Print,Parution,10/10/2025,Mensuel,,
maires-de-france::print,MAIRES DE FRANCE,Print,Bouclage,25/10/2025,Mensuel,,
maires-de-france::print,MAIRES DE FRANCE,Print,Parution,10/11/2025,Mensuel,,
maires-de-france::print,MAIRES DE FRANCE,Print,Bouclage,25/11/2025,Mensuel,,
maires-de-france::print,MAIRES DE FRANCE,Print,Parution,10/12/2025,Mensuel,,
materiel-paysage::print,MATERIEL & PAYSAGE,Print,Bouclage,16/1/2025,Mensuel,,
materiel-paysage::print,MATERIEL & PAYSAGE,Print,Parution,29/1/2025,Mensuel,,
materiel-paysage::print,MATERIEL & PAYSAGE,Print,Bouclage,19/2/2025,Mensuel,,
materiel-paysage::print,MATERIEL & PAYSAGE,Print,Parution,5/3/2025,Mensuel,,
materiel-paysage::print,MATERIEL & PAYSAGE,Print,Bouclage,27/3/2025,Mensuel,,
materiel-paysage::print,MATERIEL & PAYSAGE,Print,Parution,9/4/2025,Mensuel,,
materiel-paysage::print,MATERIEL & PAYSAGE,Print,Bouclage,30/4/2025,Mensuel,,
materiel-paysage::print,MATERIEL & PAYSAGE,Print,Parution,14/5/2025,Mensuel,,
materiel-paysage::print,MATERIEL & PAYSAGE,Print,Bouclage,5/6/2025,Mensuel,,
materiel-paysage::print,MATERIEL & PAYSAGE,Print,Parution,18/6/2025,Mensuel,,
materiel-agricole::print,MATERIEL AGRICOLE,Print,Bouclage,6/3/2025,Mensuel,,
materiel-agricole::print,MATERIEL AGRICOLE,Print,Parution,20/3/2025,Mensuel,,
materiel-agricole::print,MATERIEL AGRICOLE,Print,Bouclage,10/4/2025,Mensuel,,
materiel-agricole::print,MATERIEL AGRICOLE,Print,Parution,25/4/2025,Mensuel,,
materiel-agricole::print,MATERIEL AGRICOLE,Print,Bouclage,7/5/2025,Mensuel,,
materiel-agricole::print,MATERIEL AGRICOLE,Print,Parution,22/5/2025,Mensuel,,
materiel-agricole::print,MATERIEL AGRICOLE,Print,Bouclage,28/5/2025,Mensuel,,
materiel-agricole::print,MATERIEL AGRICOLE,Print,Parution,10/7/2025,Mensuel,,
media-cse::print,MEDIA CSE,Print,Bouclage,25/1/2025,Mensuel,,
media-cse::print,MEDIA CSE,Print,Parution,15/2/2025,Mensuel,,
media-cse::print,MEDIA CSE,Print,Bouclage,25/3/2025,Mensuel,,
media-cse::print,MEDIA CSE,Print,Parution,15/4/2025,Mensuel,,
media-cse::print,MEDIA CSE,Print,Bouclage,25/5/2025,Mensuel,,
media-cse::print,MEDIA CSE,Print,Parution,16/6/2025,Mensuel,,
media-cse::print,MEDIA CSE,Print,Bouclage,25/8/2025,Mensuel,,
media-cse::print,MEDIA CSE,Print,Parution,15/9/2025,Mensuel,,
metal-flash::print,METAL FLASH,Print,Bouclage,20/1/2025,5 Numéros / an,,
metal-flash::print,METAL FLASH,Print,Parution,24/2/2025,5 Numéros / an,,
metal-flash::print,METAL FLASH,Print,Bouclage,1/4/2025,5 Numéros / an,,
metal-flash::print,METAL FLASH,Print,Parution,16/5/2025,5 Numéros / an,,
metal-flash::print,METAL FLASH,Print,Bouclage,9/6/2025,5 Numéros / an,,
metal-flash::print,METAL FLASH,Print,Parution,15/7/2025,5 Numéros / an,,
metal-flash::print,METAL FLASH,Print,Bouclage,30/7/2025,5 Numéros / an,,
metal-flash::print,METAL FLASH,Print,Parution,16/9/2025,5 Numéros / an,,
metal-flash::print,METAL FLASH,Print,Bouclage,5/11/2025,5 Numéros / an,,
metal-flash::print,METAL FLASH,Print,Parution,16/12/2025,5 Numéros / an,,
monde-de-l-epicerie-fine::print,MONDE DE L'EPICERIE FINE,Print,Bouclage,13/12/2025,Bimestriel,,
monde-de-l-epicerie-fine::print,MONDE DE L'EPICERIE FINE,Print,Parution,20/1/2025,Bimestriel,,
monde-de-l-epicerie-fine::print,MONDE DE L'EPICERIE FINE,Print,Bouclage,20/2/2025,Bimestriel,,
monde-de-l-epicerie-fine::print,MONDE DE L'EPICERIE FINE,Print,Parution,25/3/2025,Bimestriel,,
monde-de-l-epicerie-fine::print,MONDE DE L'EPICERIE FINE,Print,Bouclage,15/4/2025,Bimestriel,,
monde-de-l-epicerie-fine::print,MONDE DE L'EPICERIE FINE,Print,Parution,5/6/2025,Bimestriel,,
monde-de-l-epicerie-fine::print,MONDE DE L'EPICERIE FINE,Print,Bouclage,10/7/2025,Bimestriel,,
monde-de-l-epicerie-fine::print,MONDE DE L'EPICERIE FINE,Print,Parution,28/8/2025,Bimestriel,,
monde-de-l-epicerie-fine::print,MONDE DE L'EPICERIE FINE,Print,Bouclage,16/9/2025,Bimestriel,,
monde-de-l-epicerie-fine::print,MONDE DE L'EPICERIE FINE,Print,Parution,15/10/2025,Bimestriel,,
monde-de-l-epicerie-fine::print,MONDE DE L'EPICERIE FINE,Print,Bouclage,20/10/2025,Bimestriel,,
monde-de-l-epicerie-fine::print,MONDE DE L'EPICERIE FINE,Print,Parution,28/11/2025,Bimestriel,,
le-moniteur-des-pharmacies::print,LE MONITEUR DES PHARMACIES,Print,Bouclage,4/1/2025,Hebdomadaire (chaque samedi),,
le-moniteur-des-pharmacies::print,LE MONITEUR DES PHARMACIES,Print,Parution,11/1/2025,Hebdomadaire (chaque samedi),,
le-moniteur-des-pharmacies::print,LE MONITEUR DES PHARMACIES,Print,Bouclage,11/1/2025,Hebdomadaire (chaque samedi),,
le-moniteur-des-pharmacies::print,LE MONITEUR DES PHARMACIES,Print,Parution,18/1/2025,Hebdomadaire (chaque samedi),,
le-moniteur-des-pharmacies::print,LE MONITEUR DES PHARMACIES,Print,Bouclage,18/1/2025,Hebdomadaire (chaque samedi),,
le-moniteur-des-pharmacies::print,LE MONITEUR DES PHARMACIES,Print,Parution,25/1/2025,Hebdomadaire (chaque samedi),,
le-moniteur-des-pharmacies::print,LE MONITEUR DES PHARMACIES,Print,Bouclage,25/1/2025,Hebdomadaire (chaque samedi),,
le-moniteur-des-pharmacies::print,LE MONITEUR DES PHARMACIES,Print,Parution,1/2/2025,Hebdomadaire (chaque samedi),,
le-moniteur-des-pharmacies::print,LE MONITEUR DES PHARMACIES,Print,Bouclage,1/2/2025,Hebdomadaire (chaque samedi),,
le-moniteur-des-pharmacies::print,LE MONITEUR DES PHARMACIES,Print,Parution,8/2/2025,Hebdomadaire (chaque samedi),,
le-moniteur-des-pharmacies::print,LE MONITEUR DES PHARMACIES,Print,Bouclage,8/2/2025,Hebdomadaire (chaque samedi),,
le-moniteur-des-pharmacies::print,LE MONITEUR DES PHARMACIES,Print,Parution,15/2/2025,Hebdomadaire (chaque samedi),,
le-moniteur-des-pharmacies::print,LE MONITEUR DES PHARMACIES,Print,Bouclage,15/2/2025,Hebdomadaire (chaque samedi),,
le-moniteur-des-pharmacies::print,LE MONITEUR DES PHARMACIES,Print,Parution,22/2/2025,Hebdomadaire (chaque samedi),,
le-moniteur-des-pharmacies::print,LE MONITEUR DES PHARMACIES,Print,Bouclage,22/2/2025,Hebdomadaire (chaque samedi),,
le-moniteur-des-pharmacies::print,LE MONITEUR DES PHARMACIES,Print,Parution,1/3/2025,Hebdomadaire (chaque samedi),,
le-moniteur-des-pharmacies::print,LE MONITEUR DES PHARMACIES,Print,Bouclage,1/3/2025,Hebdomadaire (chaque samedi),,
le-moniteur-des-pharmacies::print,LE MONITEUR DES PHARMACIES,Print,Parution,8/3/2025,Hebdomadaire (chaque samedi),,
le-moniteur-des-pharmacies::print,LE MONITEUR DES PHARMACIES,Print,Bouclage,8/3/2025,Hebdomadaire (chaque samedi),,
le-moniteur-des-pharmacies::print,LE MONITEUR DES PHARMACIES,Print,Parution,15/3/2025,Hebdomadaire (chaque samedi),,
le-moniteur-des-pharmacies::print,LE MONITEUR DES PHARMACIES,Print,Bouclage,15/3/2025,Hebdomadaire (chaque samedi),,
le-moniteur-des-pharmacies::print,LE MONITEUR DES PHARMACIES,Print,Parution,22/3/2025,Hebdomadaire (chaque samedi),,
le-moniteur-des-pharmacies::print,LE MONITEUR DES PHARMACIES,Print,Bouclage,22/3/2025,Hebdomadaire (chaque samedi),,
le-moniteur-des-pharmacies::print,LE MONITEUR DES PHARMACIES,Print,Parution,29/3/2025,Hebdomadaire (chaque samedi),,
le-moniteur-des-pharmacies::print,LE MONITEUR DES PHARMACIES,Print,Bouclage,29/3/2025,Hebdomadaire (chaque samedi),,
le-moniteur-des-pharmacies::print,LE MONITEUR DES PHARMACIES,Print,Parution,5/4/2025,Hebdomadaire (chaque samedi),,
le-moniteur-des-pharmacies::print,LE MONITEUR DES PHARMACIES,Print,Bouclage,5/4/2025,Hebdomadaire (chaque samedi),,
le-moniteur-des-pharmacies::print,LE MONITEUR DES PHARMACIES,Print,Parution,12/4/2025,Hebdomadaire (chaque samedi),,
le-moniteur-des-pharmacies::print,LE MONITEUR DES PHARMACIES,Print,Bouclage,12/4/2025,Hebdomadaire (chaque samedi),,
le-moniteur-des-pharmacies::print,LE MONITEUR DES PHARMACIES,Print,Parution,19/4/2025,Hebdomadaire (chaque samedi),,
le-moniteur-des-pharmacies::print,LE MONITEUR DES PHARMACIES,Print,Bouclage,19/4/2025,Hebdomadaire (chaque samedi),,
le-moniteur-des-pharmacies::print,LE MONITEUR DES PHARMACIES,Print,Parution,26/4/2025,Hebdomadaire (chaque samedi),,
le-moniteur-des-pharmacies::print,LE MONITEUR DES PHARMACIES,Print,Bouclage,26/4/2025,Hebdomadaire (chaque samedi),,
le-moniteur-des-pharmacies::print,LE MONITEUR DES PHARMACIES,Print,Parution,3/5/2025,Hebdomadaire (chaque samedi),,
le-moniteur-des-pharmacies::print,LE MONITEUR DES PHARMACIES,Print,Bouclage,3/5/2025,Hebdomadaire (chaque samedi),,
le-moniteur-des-pharmacies::print,LE MONITEUR DES PHARMACIES,Print,Parution,10/5/2025,Hebdomadaire (chaque samedi),,
le-moniteur-des-pharmacies::print,LE MONITEUR DES PHARMACIES,Print,Bouclage,10/5/2025,Hebdomadaire (chaque samedi),,
le-moniteur-des-pharmacies::print,LE MONITEUR DES PHARMACIES,Print,Parution,17/5/2025,Hebdomadaire (chaque samedi),,
le-moniteur-des-pharmacies::print,LE MONITEUR DES PHARMACIES,Print,Bouclage,17/5/2025,Hebdomadaire (chaque samedi),,
le-moniteur-des-pharmacies::print,LE MONITEUR DES PHARMACIES,Print,Parution,24/5/2025,Hebdomadaire (chaque samedi),,
le-moniteur-des-pharmacies::print,LE MONITEUR DES PHARMACIES,Print,Bouclage,24/5/2025,Hebdomadaire (chaque samedi),,
le-moniteur-des-pharmacies::print,LE MONITEUR DES PHARMACIES,Print,Parution,31/5/2025,Hebdomadaire (chaque samedi),,
le-moniteur-des-pharmacies::print,LE MONITEUR DES PHARMACIES,Print,Bouclage,31/5/2025,Hebdomadaire (chaque samedi),,
le-moniteur-des-pharmacies::print,LE MONITEUR DES PHARMACIES,Print,Parution,7/6/2025,Hebdomadaire (chaque samedi),,
le-moniteur-des-pharmacies::print,LE MONITEUR DES PHARMACIES,Print,Bouclage,7/6/2025,Hebdomadaire (chaque samedi),,
le-moniteur-des-pharmacies::print,LE MONITEUR DES PHARMACIES,Print,Parution,14/6/2025,Hebdomadaire (chaque samedi),,
le-moniteur-des-pharmacies::print,LE MONITEUR DES PHARMACIES,Print,Bouclage,14/6/2025,Hebdomadaire (chaque samedi),,
le-moniteur-des-pharmacies::print,LE MONITEUR DES PHARMACIES,Print,Parution,21/6/2025,Hebdomadaire (chaque samedi),,
le-moniteur-des-pharmacies::print,LE MONITEUR DES PHARMACIES,Print,Bouclage,21/6/2025,Hebdomadaire (chaque samedi),,
le-moniteur-des-pharmacies::print,LE MONITEUR DES PHARMACIES,Print,Parution,28/6/2025,Hebdomadaire (chaque samedi),,
le-moniteur-des-pharmacies::print,LE MONITEUR DES PHARMACIES,Print,Bouclage,28/6/2025,Hebdomadaire (chaque samedi),,
le-moniteur-des-pharmacies::print,LE MONITEUR DES PHARMACIES,Print,Parution,5/7/2025,Hebdomadaire (chaque samedi),,
le-moniteur-des-pharmacies::print,LE MONITEUR DES PHARMACIES,Print,Bouclage,5/7/2025,Hebdomadaire (chaque samedi),,
le-moniteur-des-pharmacies::print,LE MONITEUR DES PHARMACIES,Print,Parution,12/7/2025,Hebdomadaire (chaque samedi),,
le-moniteur-des-pharmacies::print,LE MONITEUR DES PHARMACIES,Print,Bouclage,30/8/2025,Hebdomadaire (chaque samedi),,
le-moniteur-des-pharmacies::print,LE MONITEUR DES PHARMACIES,Print,Parution,6/9/2025,Hebdomadaire (chaque samedi),,
le-moniteur-des-pharmacies::print,LE MONITEUR DES PHARMACIES,Print,Bouclage,6/9/2025,Hebdomadaire (chaque samedi),,
le-moniteur-des-pharmacies::print,LE MONITEUR DES PHARMACIES,Print,Parution,13/9/2025,Hebdomadaire (chaque samedi),,
le-moniteur-des-pharmacies::print,LE MONITEUR DES PHARMACIES,Print,Bouclage,13/9/2025,Hebdomadaire (chaque samedi),,
le-moniteur-des-pharmacies::print,LE MONITEUR DES PHARMACIES,Print,Parution,20/9/2025,Hebdomadaire (chaque samedi),,
le-moniteur-des-pharmacies::print,LE MONITEUR DES PHARMACIES,Print,Bouclage,20/9/2025,Hebdomadaire (chaque samedi),,
le-moniteur-des-pharmacies::print,LE MONITEUR DES PHARMACIES,Print,Parution,27/9/2025,Hebdomadaire (chaque samedi),,
le-moniteur-des-pharmacies::print,LE MONITEUR DES PHARMACIES,Print,Bouclage,27/9/2025,Hebdomadaire (chaque samedi),,
le-moniteur-des-pharmacies::print,LE MONITEUR DES PHARMACIES,Print,Parution,4/10/2025,Hebdomadaire (chaque samedi),,
le-moniteur-des-pharmacies::print,LE MONITEUR DES PHARMACIES,Print,Bouclage,4/10/2025,Hebdomadaire (chaque samedi),,
le-moniteur-des-pharmacies::print,LE MONITEUR DES PHARMACIES,Print,Parution,11/10/2025,Hebdomadaire (chaque samedi),,
le-moniteur-des-pharmacies::print,LE MONITEUR DES PHARMACIES,Print,Bouclage,11/10/2025,Hebdomadaire (chaque samedi),,
le-moniteur-des-pharmacies::print,LE MONITEUR DES PHARMACIES,Print,Parution,18/10/2025,Hebdomadaire (chaque samedi),,
le-moniteur-des-pharmacies::print,LE MONITEUR DES PHARMACIES,Print,Bouclage,18/10/2025,Hebdomadaire (chaque samedi),,
le-moniteur-des-pharmacies::print,LE MONITEUR DES PHARMACIES,Print,Parution,25/10/2025,Hebdomadaire (chaque samedi),,
le-moniteur-des-pharmacies::print,LE MONITEUR DES PHARMACIES,Print,Bouclage,25/10/2025,Hebdomadaire (chaque samedi),,
le-moniteur-des-pharmacies::print,LE MONITEUR DES PHARMACIES,Print,Parution,1/11/2025,Hebdomadaire (chaque samedi),,
le-moniteur-des-pharmacies::print,LE MONITEUR DES PHARMACIES,Print,Bouclage,1/11/2025,Hebdomadaire (chaque samedi),,
le-moniteur-des-pharmacies::print,LE MONITEUR DES PHARMACIES,Print,Parution,8/11/2025,Hebdomadaire (chaque samedi),,
le-moniteur-des-pharmacies::print,LE MONITEUR DES PHARMACIES,Print,Bouclage,8/11/2025,Hebdomadaire (chaque samedi),,
le-moniteur-des-pharmacies::print,LE MONITEUR DES PHARMACIES,Print,Parution,15/11/2025,Hebdomadaire (chaque samedi),,
le-moniteur-des-pharmacies::print,LE MONITEUR DES PHARMACIES,Print,Bouclage,15/11/2025,Hebdomadaire (chaque samedi),,
le-moniteur-des-pharmacies::print,LE MONITEUR DES PHARMACIES,Print,Parution,22/11/2025,Hebdomadaire (chaque samedi),,
le-moniteur-des-pharmacies::print,LE MONITEUR DES PHARMACIES,Print,Bouclage,22/11/2025,Hebdomadaire (chaque samedi),,
le-moniteur-des-pharmacies::print,LE MONITEUR DES PHARMACIES,Print,Parution,29/11/2025,Hebdomadaire (chaque samedi),,
le-moniteur-des-pharmacies::print,LE MONITEUR DES PHARMACIES,Print,Bouclage,29/11/2025,Hebdomadaire (chaque samedi),,
le-moniteur-des-pharmacies::print,LE MONITEUR DES PHARMACIES,Print,Parution,6/12/2025,Hebdomadaire (chaque samedi),,
le-moniteur-des-pharmacies::print,LE MONITEUR DES PHARMACIES,Print,Bouclage,6/12/2025,Hebdomadaire (chaque samedi),,
le-moniteur-des-pharmacies::print,LE MONITEUR DES PHARMACIES,Print,Parution,13/12/2025,Hebdomadaire (chaque samedi),,
le-moniteur-des-pharmacies::print,LE MONITEUR DES PHARMACIES,Print,Bouclage,13/12/2025,Hebdomadaire (chaque samedi),,
le-moniteur-des-pharmacies::print,LE MONITEUR DES PHARMACIES,Print,Parution,20/12/2025,Hebdomadaire (chaque samedi),,
le-monde-du-surgele::print,LE MONDE DU SURGELE,Print,Bouclage,20/1/2025,Mensuel,,
le-monde-du-surgele::print,LE MONDE DU SURGELE,Print,Parution,27/2/2025,Mensuel,,
le-monde-du-surgele::print,LE MONDE DU SURGELE,Print,Bouclage,14/3/2025,Mensuel,,
le-monde-du-surgele::print,LE MONDE DU SURGELE,Print,Parution,18/4/2025,Mensuel,,
le-monde-du-surgele::print,LE MONDE DU SURGELE,Print,Bouclage,22/5/2025,Mensuel,,
le-monde-du-surgele::print,LE MONDE DU SURGELE,Print,Parution,23/6/2025,Mensuel,,
le-monde-du-surgele::print,LE MONDE DU SURGELE,Print,Bouclage,20/8/2025,Mensuel,,
le-monde-du-surgele::print,LE MONDE DU SURGELE,Print,Parution,26/9/2025,Mensuel,,
le-monde-du-surgele::print,LE MONDE DU SURGELE,Print,Bouclage,13/10/2025,Mensuel,,
le-monde-du-surgele::print,LE MONDE DU SURGELE,Print,Parution,14/11/2025,Mensuel,,
le-monde-du-surgele::print,LE MONDE DU SURGELE,Print,Bouclage,10/11/2025,Mensuel,,
le-monde-du-surgele::print,LE MONDE DU SURGELE,Print,Parution,22/12/2025,Mensuel,,
neurologies::print,NEUROLOGIES,Print,Bouclage,15/1/2025,Mensuel,,
neurologies::print,NEUROLOGIES,Print,Parution,30/1/2025,Mensuel,,
neurologies::print,NEUROLOGIES,Print,Bouclage,15/2/2025,Mensuel,,
neurologies::print,NEUROLOGIES,Print,Parution,28/2/2025,Mensuel,,
neurologies::print,NEUROLOGIES,Print,Bouclage,15/3/2025,Mensuel,,
neurologies::print,NEUROLOGIES,Print,Parution,30/3/2025,Mensuel,,
neurologies::print,NEUROLOGIES,Print,Bouclage,15/4/2025,Mensuel,,
neurologies::print,NEUROLOGIES,Print,Parution,30/4/2025,Mensuel,,
neurologies::print,NEUROLOGIES,Print,Bouclage,15/5/2025,Mensuel,,
neurologies::print,NEUROLOGIES,Print,Parution,30/5/2025,Mensuel,,
neurologies::print,NEUROLOGIES,Print,Bouclage,15/6/2025,Mensuel,,
neurologies::print,NEUROLOGIES,Print,Parution,30/6/2025,Mensuel,,
neurologies::print,NEUROLOGIES,Print,Bouclage,15/9/2025,Mensuel,,
neurologies::print,NEUROLOGIES,Print,Parution,30/9/2025,Mensuel,,
neurologies::print,NEUROLOGIES,Print,Bouclage,15/10/2025,Mensuel,,
neurologies::print,NEUROLOGIES,Print,Parution,30/10/2025,Mensuel,,
neurologies::print,NEUROLOGIES,Print,Bouclage,15/11/2025,Mensuel,,
neurologies::print,NEUROLOGIES,Print,Parution,30/11/2025,Mensuel,,
neurologies::print,NEUROLOGIES,Print,Bouclage,15/12/2025,Mensuel,,
neurologies::print,NEUROLOGIES,Print,Parution,30/12/2025,Mensuel,,
les-nouvelles-de-la-boulangerie-patisserie::print,LES NOUVELLES DE LA BOULANGERIE-PATISSERIE,Print,Bouclage,13/1/2025,Bimensuel,,
les-nouvelles-de-la-boulangerie-patisserie::print,LES NOUVELLES DE LA BOULANGERIE-PATISSERIE,Print,Parution,28/1/2025,Bimensuel,,
les-nouvelles-de-la-boulangerie-patisserie::print,LES NOUVELLES DE LA BOULANGERIE-PATISSERIE,Print,Bouclage,29/1/2025,Bimensuel,,
les-nouvelles-de-la-boulangerie-patisserie::print,LES NOUVELLES DE LA BOULANGERIE-PATISSERIE,Print,Parution,11/2/2025,Bimensuel,,
les-nouvelles-de-la-boulangerie-patisserie::print,LES NOUVELLES DE LA BOULANGERIE-PATISSERIE,Print,Bouclage,12/2/2025,Bimensuel,,
les-nouvelles-de-la-boulangerie-patisserie::print,LES NOUVELLES DE LA BOULANGERIE-PATISSERIE,Print,Parution,26/2/2025,Bimensuel,,
les-nouvelles-de-la-boulangerie-patisserie::print,LES NOUVELLES DE LA BOULANGERIE-PATISSERIE,Print,Bouclage,26/2/2025,Bimensuel,,
les-nouvelles-de-la-boulangerie-patisserie::print,LES NOUVELLES DE LA BOULANGERIE-PATISSERIE,Print,Parution,11/3/2025,Bimensuel,,
les-nouvelles-de-la-boulangerie-patisserie::print,LES NOUVELLES DE LA BOULANGERIE-PATISSERIE,Print,Bouclage,17/3/2025,Bimensuel,,
les-nouvelles-de-la-boulangerie-patisserie::print,LES NOUVELLES DE LA BOULANGERIE-PATISSERIE,Print,Parution,25/3/2025,Bimensuel,,
les-nouvelles-de-la-boulangerie-patisserie::print,LES NOUVELLES DE LA BOULANGERIE-PATISSERIE,Print,Bouclage,31/3/2025,Bimensuel,,
les-nouvelles-de-la-boulangerie-patisserie::print,LES NOUVELLES DE LA BOULANGERIE-PATISSERIE,Print,Parution,11/4/2025,Bimensuel,,
les-nouvelles-de-la-boulangerie-patisserie::print,LES NOUVELLES DE LA BOULANGERIE-PATISSERIE,Print,Bouclage,14/4/2025,Bimensuel,,
les-nouvelles-de-la-boulangerie-patisserie::print,LES NOUVELLES DE LA BOULANGERIE-PATISSERIE,Print,Parution,29/4/2025,Bimensuel,,
les-nouvelles-de-la-boulangerie-patisserie::print,LES NOUVELLES DE LA BOULANGERIE-PATISSERIE,Print,Bouclage,28/4/2025,Bimensuel,,
les-nouvelles-de-la-boulangerie-patisserie::print,LES NOUVELLES DE LA BOULANGERIE-PATISSERIE,Print,Parution,9/5/2025,Bimensuel,,
les-nouvelles-de-la-boulangerie-patisserie::print,LES NOUVELLES DE LA BOULANGERIE-PATISSERIE,Print,Bouclage,12/5/2025,Bimensuel,,
les-nouvelles-de-la-boulangerie-patisserie::print,LES NOUVELLES DE LA BOULANGERIE-PATISSERIE,Print,Parution,27/5/2025,Bimensuel,,
les-nouvelles-de-la-boulangerie-patisserie::print,LES NOUVELLES DE LA BOULANGERIE-PATISSERIE,Print,Bouclage,26/5/2025,Bimensuel,,
les-nouvelles-de-la-boulangerie-patisserie::print,LES NOUVELLES DE LA BOULANGERIE-PATISSERIE,Print,Parution,10/6/2025,Bimensuel,,
les-nouvelles-de-la-boulangerie-patisserie::print,LES NOUVELLES DE LA BOULANGERIE-PATISSERIE,Print,Bouclage,6/6/2025,Bimensuel,,
les-nouvelles-de-la-boulangerie-patisserie::print,LES NOUVELLES DE LA BOULANGERIE-PATISSERIE,Print,Parution,24/6/2025,Bimensuel,,
les-nouvelles-de-la-boulangerie-patisserie::print,LES NOUVELLES DE LA BOULANGERIE-PATISSERIE,Print,Bouclage,20/6/2025,Bimensuel,,
les-nouvelles-de-la-boulangerie-patisserie::print,LES NOUVELLES DE LA BOULANGERIE-PATISSERIE,Print,Parution,8/7/2025,Bimensuel,,
les-nouvelles-de-la-boulangerie-patisserie::print,LES NOUVELLES DE LA BOULANGERIE-PATISSERIE,Print,Bouclage,11/8/2025,Bimensuel,,
les-nouvelles-de-la-boulangerie-patisserie::print,LES NOUVELLES DE LA BOULANGERIE-PATISSERIE,Print,Parution,29/8/2025,Bimensuel,,
les-nouvelles-de-la-boulangerie-patisserie::print,LES NOUVELLES DE LA BOULANGERIE-PATISSERIE,Print,Bouclage,25/8/2025,Bimensuel,,
les-nouvelles-de-la-boulangerie-patisserie::print,LES NOUVELLES DE LA BOULANGERIE-PATISSERIE,Print,Parution,12/9/2025,Bimensuel,,
les-nouvelles-de-la-boulangerie-patisserie::print,LES NOUVELLES DE LA BOULANGERIE-PATISSERIE,Print,Bouclage,8/9/2025,Bimensuel,,
les-nouvelles-de-la-boulangerie-patisserie::print,LES NOUVELLES DE LA BOULANGERIE-PATISSERIE,Print,Parution,26/9/2025,Bimensuel,,
les-nouvelles-de-la-boulangerie-patisserie::print,LES NOUVELLES DE LA BOULANGERIE-PATISSERIE,Print,Bouclage,22/9/2025,Bimensuel,,
les-nouvelles-de-la-boulangerie-patisserie::print,LES NOUVELLES DE LA BOULANGERIE-PATISSERIE,Print,Parution,10/10/2025,Bimensuel,,
les-nouvelles-de-la-boulangerie-patisserie::print,LES NOUVELLES DE LA BOULANGERIE-PATISSERIE,Print,Bouclage,6/10/2025,Bimensuel,,
les-nouvelles-de-la-boulangerie-patisserie::print,LES NOUVELLES DE LA BOULANGERIE-PATISSERIE,Print,Parution,28/10/2025,Bimensuel,,
les-nouvelles-de-la-boulangerie-patisserie::print,LES NOUVELLES DE LA BOULANGERIE-PATISSERIE,Print,Bouclage,20/10/2025,Bimensuel,,
les-nouvelles-de-la-boulangerie-patisserie::print,LES NOUVELLES DE LA BOULANGERIE-PATISSERIE,Print,Parution,12/11/2025,Bimensuel,,
les-nouvelles-de-la-boulangerie-patisserie::print,LES NOUVELLES DE LA BOULANGERIE-PATISSERIE,Print,Bouclage,3/11/2025,Bimensuel,,
les-nouvelles-de-la-boulangerie-patisserie::print,LES NOUVELLES DE LA BOULANGERIE-PATISSERIE,Print,Parution,25/11/2025,Bimensuel,,
les-nouvelles-de-la-boulangerie-patisserie::print,LES NOUVELLES DE LA BOULANGERIE-PATISSERIE,Print,Bouclage,20/11/2025,Bimensuel,,
les-nouvelles-de-la-boulangerie-patisserie::print,LES NOUVELLES DE LA BOULANGERIE-PATISSERIE,Print,Parution,19/12/2025,Bimensuel,,
notaires-vie-professionnelle::print,NOTAIRES VIE PROFESSIONNELLE,Print,Bouclage,10/12/2025,Bimestriel,,
notaires-vie-professionnelle::print,NOTAIRES VIE PROFESSIONNELLE,Print,Parution,16/1/2025,Bimestriel,,
notaires-vie-professionnelle::print,NOTAIRES VIE PROFESSIONNELLE,Print,Bouclage,28/1/2025,Bimestriel,,
notaires-vie-professionnelle::print,NOTAIRES VIE PROFESSIONNELLE,Print,Parution,3/3/2025,Bimestriel,,
notaires-vie-professionnelle::print,NOTAIRES VIE PROFESSIONNELLE,Print,Bouclage,5/4/2025,Bimestriel,,
notaires-vie-professionnelle::print,NOTAIRES VIE PROFESSIONNELLE,Print,Parution,7/5/2025,Bimestriel,,
notaires-vie-professionnelle::print,NOTAIRES VIE PROFESSIONNELLE,Print,Bouclage,23/5/2025,Bimestriel,,
notaires-vie-professionnelle::print,NOTAIRES VIE PROFESSIONNELLE,Print,Parution,3/7/2025,Bimestriel,,
notaires-vie-professionnelle::print,NOTAIRES VIE PROFESSIONNELLE,Print,Bouclage,15/7/2025,Bimestriel,,
notaires-vie-professionnelle::print,NOTAIRES VIE PROFESSIONNELLE,Print,Parution,2/9/2025,Bimestriel,,
notaires-vie-professionnelle::print,NOTAIRES VIE PROFESSIONNELLE,Print,Bouclage,13/10/2025,Bimestriel,,
notaires-vie-professionnelle::print,NOTAIRES VIE PROFESSIONNELLE,Print,Parution,19/11/2025,Bimestriel,,
nutrition-infos::print,NUTRITION INFOS,Print,Bouclage,7/2/2025,Bimestriel,,
nutrition-infos::print,NUTRITION INFOS,Print,Parution,13/3/2025,Bimestriel,,
nutrition-infos::print,NUTRITION INFOS,Print,Bouclage,29/4/2025,Bimestriel,,
nutrition-infos::print,NUTRITION INFOS,Print,Parution,31/5/2025,Bimestriel,,
nutrition-infos::print,NUTRITION INFOS,Print,Bouclage,28/8/2025,Bimestriel,,
nutrition-infos::print,NUTRITION INFOS,Print,Parution,1/10/2025,Bimestriel,,
nutrition-infos::print,NUTRITION INFOS,Print,Bouclage,31/10/2025,Bimestriel,,
nutrition-infos::print,NUTRITION INFOS,Print,Parution,4/12/2025,Bimestriel,,
l-officiel-des-terrains-de-camping::print,L'OFFICIEL DES TERRAINS DE CAMPING,Print,Bouclage,14/3/2025,Mensuel,,
l-officiel-des-terrains-de-camping::print,L'OFFICIEL DES TERRAINS DE CAMPING,Print,Parution,4/4/2025,Mensuel,,
l-officiel-des-terrains-de-camping::print,L'OFFICIEL DES TERRAINS DE CAMPING,Print,Bouclage,14/4/2025,Mensuel,,
l-officiel-des-terrains-de-camping::print,L'OFFICIEL DES TERRAINS DE CAMPING,Print,Parution,5/5/2025,Mensuel,,
l-officiel-des-terrains-de-camping::print,L'OFFICIEL DES TERRAINS DE CAMPING,Print,Bouclage,21/5/2025,Mensuel,,
l-officiel-des-terrains-de-camping::print,L'OFFICIEL DES TERRAINS DE CAMPING,Print,Parution,11/6/2025,Mensuel,,
l-officiel-des-terrains-de-camping::print,L'OFFICIEL DES TERRAINS DE CAMPING,Print,Bouclage,14/8/2025,Mensuel,,
l-officiel-des-terrains-de-camping::print,L'OFFICIEL DES TERRAINS DE CAMPING,Print,Parution,4/9/2025,Mensuel,,
l-officiel-des-terrains-de-camping::print,L'OFFICIEL DES TERRAINS DE CAMPING,Print,Bouclage,12/9/2025,Mensuel,,
l-officiel-des-terrains-de-camping::print,L'OFFICIEL DES TERRAINS DE CAMPING,Print,Parution,3/10/2025,Mensuel,,
l-officiel-des-terrains-de-camping::print,L'OFFICIEL DES TERRAINS DE CAMPING,Print,Bouclage,13/10/2025,Mensuel,,
l-officiel-des-terrains-de-camping::print,L'OFFICIEL DES TERRAINS DE CAMPING,Print,Parution,3/11/2025,Mensuel,,
l-officiel-des-terrains-de-camping::print,L'OFFICIEL DES TERRAINS DE CAMPING,Print,Bouclage,12/11/2025,Mensuel,,
l-officiel-des-terrains-de-camping::print,L'OFFICIEL DES TERRAINS DE CAMPING,Print,Parution,3/12/2025,Mensuel,,
l-officiel-des-cuisinistes::print,L'OFFICIEL DES CUISINISTES,Print,Bouclage,24/1/2025,Mensuel,,
l-officiel-des-cuisinistes::print,L'OFFICIEL DES CUISINISTES,Print,Parution,14/2/2025,Mensuel,,
l-officiel-des-cuisinistes::print,L'OFFICIEL DES CUISINISTES,Print,Bouclage,21/2/2025,Mensuel,,
l-officiel-des-cuisinistes::print,L'OFFICIEL DES CUISINISTES,Print,Parution,14/3/2025,Mensuel,,
l-officiel-des-cuisinistes::print,L'OFFICIEL DES CUISINISTES,Print,Bouclage,21/3/2025,Mensuel,,
l-officiel-des-cuisinistes::print,L'OFFICIEL DES CUISINISTES,Print,Parution,11/4/2025,Mensuel,,
l-officiel-des-cuisinistes::print,L'OFFICIEL DES CUISINISTES,Print,Bouclage,18/4/2025,Mensuel,,
l-officiel-des-cuisinistes::print,L'OFFICIEL DES CUISINISTES,Print,Parution,9/5/2025,Mensuel,,
l-officiel-des-cuisinistes::print,L'OFFICIEL DES CUISINISTES,Print,Bouclage,23/5/2025,Mensuel,,
l-officiel-des-cuisinistes::print,L'OFFICIEL DES CUISINISTES,Print,Parution,13/6/2025,Mensuel,,
l-officiel-des-cuisinistes::print,L'OFFICIEL DES CUISINISTES,Print,Bouclage,20/6/2025,Mensuel,,
l-officiel-des-cuisinistes::print,L'OFFICIEL DES CUISINISTES,Print,Parution,11/7/2025,Mensuel,,
l-officiel-des-cuisinistes::print,L'OFFICIEL DES CUISINISTES,Print,Bouclage,22/8/2025,Mensuel,,
l-officiel-des-cuisinistes::print,L'OFFICIEL DES CUISINISTES,Print,Parution,12/9/2025,Mensuel,,
l-officiel-des-cuisinistes::print,L'OFFICIEL DES CUISINISTES,Print,Bouclage,19/9/2025,Mensuel,,
l-officiel-des-cuisinistes::print,L'OFFICIEL DES CUISINISTES,Print,Parution,10/10/2025,Mensuel,,
l-officiel-des-cuisinistes::print,L'OFFICIEL DES CUISINISTES,Print,Bouclage,24/10/2025,Mensuel,,
l-officiel-des-cuisinistes::print,L'OFFICIEL DES CUISINISTES,Print,Parution,14/11/2025,Mensuel,,
l-officiel-des-cuisinistes::print,L'OFFICIEL DES CUISINISTES,Print,Bouclage,21/11/2025,Mensuel,,
l-officiel-des-cuisinistes::print,L'OFFICIEL DES CUISINISTES,Print,Parution,12/12/2025,Mensuel,,
l-officiel-des-transporteurs::print,L'OFFICIEL DES TRANSPORTEURS,Print,Bouclage,27/1/2025,Mensuel,,
l-officiel-des-transporteurs::print,L'OFFICIEL DES TRANSPORTEURS,Print,Parution,7/2/2025,Mensuel,,
l-officiel-des-transporteurs::print,L'OFFICIEL DES TRANSPORTEURS,Print,Bouclage,24/2/2025,Mensuel,,
l-officiel-des-transporteurs::print,L'OFFICIEL DES TRANSPORTEURS,Print,Parution,7/3/2025,Mensuel,,
l-officiel-des-transporteurs::print,L'OFFICIEL DES TRANSPORTEURS,Print,Bouclage,20/3/2025,Mensuel,,
l-officiel-des-transporteurs::print,L'OFFICIEL DES TRANSPORTEURS,Print,Parution,2/4/2025,Mensuel,,
l-officiel-des-transporteurs::print,L'OFFICIEL DES TRANSPORTEURS,Print,Bouclage,24/4/2025,Mensuel,,
l-officiel-des-transporteurs::print,L'OFFICIEL DES TRANSPORTEURS,Print,Parution,9/5/2025,Mensuel,,
l-officiel-des-transporteurs::print,L'OFFICIEL DES TRANSPORTEURS,Print,Bouclage,23/5/2025,Mensuel,,
l-officiel-des-transporteurs::print,L'OFFICIEL DES TRANSPORTEURS,Print,Parution,6/6/2025,Mensuel,,
l-officiel-des-transporteurs::print,L'OFFICIEL DES TRANSPORTEURS,Print,Bouclage,23/6/2025,Mensuel,,
l-officiel-des-transporteurs::print,L'OFFICIEL DES TRANSPORTEURS,Print,Parution,4/7/2025,Mensuel,,
l-officiel-des-transporteurs::print,L'OFFICIEL DES TRANSPORTEURS,Print,Bouclage,25/8/2025,Mensuel,,
l-officiel-des-transporteurs::print,L'OFFICIEL DES TRANSPORTEURS,Print,Parution,5/9/2025,Mensuel,,
l-officiel-des-transporteurs::print,L'OFFICIEL DES TRANSPORTEURS,Print,Bouclage,22/9/2025,Mensuel,,
l-officiel-des-transporteurs::print,L'OFFICIEL DES TRANSPORTEURS,Print,Parution,3/10/2025,Mensuel,,
l-officiel-des-transporteurs::print,L'OFFICIEL DES TRANSPORTEURS,Print,Bouclage,27/10/2025,Mensuel,,
l-officiel-des-transporteurs::print,L'OFFICIEL DES TRANSPORTEURS,Print,Parution,7/11/2025,Mensuel,,
l-officiel-des-transporteurs::print,L'OFFICIEL DES TRANSPORTEURS,Print,Bouclage,24/11/2025,Mensuel,,
l-officiel-des-transporteurs::print,L'OFFICIEL DES TRANSPORTEURS,Print,Parution,5/12/2025,Mensuel,,
onko::print,ONKO +,Print,Bouclage,15/1/2025,Mensuel,,
onko::print,ONKO +,Print,Parution,30/1/2025,Mensuel,,
onko::print,ONKO +,Print,Bouclage,14/2/2025,Mensuel,,
onko::print,ONKO +,Print,Parution,1/3/2025,Mensuel,,
onko::print,ONKO +,Print,Bouclage,16/3/2025,Mensuel,,
onko::print,ONKO +,Print,Parution,31/3/2025,Mensuel,,
onko::print,ONKO +,Print,Bouclage,15/4/2025,Mensuel,,
onko::print,ONKO +,Print,Parution,30/4/2025,Mensuel,,
onko::print,ONKO +,Print,Bouclage,15/5/2025,Mensuel,,
onko::print,ONKO +,Print,Parution,30/5/2025,Mensuel,,
onko::print,ONKO +,Print,Bouclage,14/6/2025,Mensuel,,
onko::print,ONKO +,Print,Parution,29/6/2025,Mensuel,,
onko::print,ONKO +,Print,Bouclage,14/7/2025,Mensuel,,
onko::print,ONKO +,Print,Parution,29/7/2025,Mensuel,,
onko::print,ONKO +,Print,Bouclage,12/9/2025,Mensuel,,
onko::print,ONKO +,Print,Parution,27/9/2025,Mensuel,,
onko::print,ONKO +,Print,Bouclage,12/10/2025,Mensuel,,
onko::print,ONKO +,Print,Parution,27/10/2025,Mensuel,,
onko::print,ONKO +,Print,Bouclage,11/11/2025,Mensuel,,
onko::print,ONKO +,Print,Parution,26/11/2025,Mensuel,,
onko::print,ONKO +,Print,Bouclage,11/12/2025,Mensuel,,
onko::print,ONKO +,Print,Parution,26/12/2025,Mensuel,,
l-opticien-lunetier::print,L'OPTICIEN LUNETIER,Print,Bouclage,16/1/2025,Mensuel,,
l-opticien-lunetier::print,L'OPTICIEN LUNETIER,Print,Parution,6/2/2025,Mensuel,,
l-opticien-lunetier::print,L'OPTICIEN LUNETIER,Print,Bouclage,19/2/2025,Mensuel,,
l-opticien-lunetier::print,L'OPTICIEN LUNETIER,Print,Parution,2/3/2025,Mensuel,,
l-opticien-lunetier::print,L'OPTICIEN LUNETIER,Print,Bouclage,8/4/2025,Mensuel,,
l-opticien-lunetier::print,L'OPTICIEN LUNETIER,Print,Parution,29/4/2025,Mensuel,,
l-opticien-lunetier::print,L'OPTICIEN LUNETIER,Print,Bouclage,6/5/2025,Mensuel,,
l-opticien-lunetier::print,L'OPTICIEN LUNETIER,Print,Parution,27/5/2025,Mensuel,,
l-opticien-lunetier::print,L'OPTICIEN LUNETIER,Print,Bouclage,26/5/2025,Mensuel,,
l-opticien-lunetier::print,L'OPTICIEN LUNETIER,Print,Parution,17/6/2025,Mensuel,,
l-opticien-lunetier::print,L'OPTICIEN LUNETIER,Print,Bouclage,9/9/2025,Mensuel,,
l-opticien-lunetier::print,L'OPTICIEN LUNETIER,Print,Parution,30/9/2025,Mensuel,,
l-opticien-lunetier::print,L'OPTICIEN LUNETIER,Print,Bouclage,2/10/2025,Mensuel,,
l-opticien-lunetier::print,L'OPTICIEN LUNETIER,Print,Parution,27/10/2025,Mensuel,,
l-opticien-lunetier::print,L'OPTICIEN LUNETIER,Print,Bouclage,4/11/2025,Mensuel,,
l-opticien-lunetier::print,L'OPTICIEN LUNETIER,Print,Parution,25/11/2025,Mensuel,,
l-opticien-lunetier::print,L'OPTICIEN LUNETIER,Print,Bouclage,25/11/2025,Mensuel,,
l-opticien-lunetier::print,L'OPTICIEN LUNETIER,Print,Parution,22/12/2025,Mensuel,,
opa-pratique::print,OPA PRATIQUE,Print,Bouclage,6/1/2025,Mensuel,,
opa-pratique::print,OPA PRATIQUE,Print,Parution,27/1/2025,Mensuel,,
opa-pratique::print,OPA PRATIQUE,Print,Bouclage,3/2/2025,Mensuel,,
opa-pratique::print,OPA PRATIQUE,Print,Parution,25/2/2025,Mensuel,,
opa-pratique::print,OPA PRATIQUE,Print,Bouclage,4/3/2025,Mensuel,,
opa-pratique::print,OPA PRATIQUE,Print,Parution,25/3/2025,Mensuel,,
opa-pratique::print,OPA PRATIQUE,Print,Bouclage,2/4/2025,Mensuel,,
opa-pratique::print,OPA PRATIQUE,Print,Parution,25/4/2025,Mensuel,,
opa-pratique::print,OPA PRATIQUE,Print,Bouclage,5/5/2025,Mensuel,,
opa-pratique::print,OPA PRATIQUE,Print,Parution,26/5/2025,Mensuel,,
opa-pratique::print,OPA PRATIQUE,Print,Bouclage,4/6/2025,Mensuel,,
opa-pratique::print,OPA PRATIQUE,Print,Parution,24/6/2025,Mensuel,,
opa-pratique::print,OPA PRATIQUE,Print,Bouclage,3/9/2025,Mensuel,,
opa-pratique::print,OPA PRATIQUE,Print,Parution,25/9/2025,Mensuel,,
opa-pratique::print,OPA PRATIQUE,Print,Bouclage,2/10/2025,Mensuel,,
opa-pratique::print,OPA PRATIQUE,Print,Parution,27/10/2025,Mensuel,,
opa-pratique::print,OPA PRATIQUE,Print,Bouclage,4/11/2025,Mensuel,,
opa-pratique::print,OPA PRATIQUE,Print,Parution,25/11/2025,Mensuel,,
opa-pratique::print,OPA PRATIQUE,Print,Bouclage,25/11/2025,Mensuel,,
opa-pratique::print,OPA PRATIQUE,Print,Parution,22/12/2025,Mensuel,,
option-finance::print,OPTION FINANCE,Print,Bouclage,6/1/2025,Hebdomadaire (chaque lundi),,
option-finance::print,OPTION FINANCE,Print,Parution,27/1/2025,Hebdomadaire (chaque lundi),,
option-finance::print,OPTION FINANCE,Print,Bouclage,3/2/2025,Hebdomadaire (chaque lundi),,
option-finance::print,OPTION FINANCE,Print,Parution,24/2/2025,Hebdomadaire (chaque lundi),,
option-finance::print,OPTION FINANCE,Print,Bouclage,10/3/2025,Hebdomadaire (chaque lundi),,
option-finance::print,OPTION FINANCE,Print,Parution,31/3/2025,Hebdomadaire (chaque lundi),,
option-finance::print,OPTION FINANCE,Print,Bouclage,7/4/2025,Hebdomadaire (chaque lundi),,
option-finance::print,OPTION FINANCE,Print,Parution,28/4/2025,Hebdomadaire (chaque lundi),,
option-finance::print,OPTION FINANCE,Print,Bouclage,5/5/2025,Hebdomadaire (chaque lundi),,
option-finance::print,OPTION FINANCE,Print,Parution,26/5/2025,Hebdomadaire (chaque lundi),,
option-finance::print,OPTION FINANCE,Print,Bouclage,9/6/2025,Hebdomadaire (chaque lundi),,
option-finance::print,OPTION FINANCE,Print,Parution,30/6/2025,Hebdomadaire (chaque lundi),,
option-finance::print,OPTION FINANCE,Print,Bouclage,8/9/2025,Hebdomadaire (chaque lundi),,
option-finance::print,OPTION FINANCE,Print,Parution,29/9/2025,Hebdomadaire (chaque lundi),,
option-finance::print,OPTION FINANCE,Print,Bouclage,6/10/2025,Hebdomadaire (chaque lundi),,
option-finance::print,OPTION FINANCE,Print,Parution,27/10/2025,Hebdomadaire (chaque lundi),,
option-finance::print,OPTION FINANCE,Print,Bouclage,3/11/2025,Hebdomadaire (chaque lundi),,
option-finance::print,OPTION FINANCE,Print,Parution,24/11/2025,Hebdomadaire (chaque lundi),,
option-finance::print,OPTION FINANCE,Print,Bouclage,1/12/2025,Hebdomadaire (chaque lundi),,
option-finance::print,OPTION FINANCE,Print,Parution,22/12/2025,Hebdomadaire (chaque lundi),,
objectif-soins-et-management::print,OBJECTIF SOINS ET MANAGEMENT,Print,Bouclage,14/1/2025,Trimestriel,,
objectif-soins-et-management::print,OBJECTIF SOINS ET MANAGEMENT,Print,Parution,30/1/2025,Trimestriel,,
objectif-soins-et-management::print,OBJECTIF SOINS ET MANAGEMENT,Print,Bouclage,25/3/2025,Trimestriel,,
objectif-soins-et-management::print,OBJECTIF SOINS ET MANAGEMENT,Print,Parution,3/4/2025,Trimestriel,,
objectif-soins-et-management::print,OBJECTIF SOINS ET MANAGEMENT,Print,Bouclage,23/9/2025,Trimestriel,,
objectif-soins-et-management::print,OBJECTIF SOINS ET MANAGEMENT,Print,Parution,2/10/2025,Trimestriel,,
objectif-soins-et-management::print,OBJECTIF SOINS ET MANAGEMENT,Print,Bouclage,25/11/2025,Trimestriel,,
objectif-soins-et-management::print,OBJECTIF SOINS ET MANAGEMENT,Print,Parution,4/12/2025,Trimestriel,,
l-ouie-magazine::print,L'OUIE MAGAZINE,Print,Bouclage,4/2/2025,Bimestriel,,
l-ouie-magazine::print,L'OUIE MAGAZINE,Print,Parution,25/2/2025,Bimestriel,,
l-ouie-magazine::print,L'OUIE MAGAZINE,Print,Bouclage,27/2/2025,Bimestriel,,
l-ouie-magazine::print,L'OUIE MAGAZINE,Print,Parution,20/3/2025,Bimestriel,,
l-ouie-magazine::print,L'OUIE MAGAZINE,Print,Bouclage,11/4/2025,Bimestriel,,
l-ouie-magazine::print,L'OUIE MAGAZINE,Print,Parution,2/5/2025,Bimestriel,,
l-ouie-magazine::print,L'OUIE MAGAZINE,Print,Bouclage,22/5/2025,Bimestriel,,
l-ouie-magazine::print,L'OUIE MAGAZINE,Print,Parution,12/6/2025,Bimestriel,,
l-ouie-magazine::print,L'OUIE MAGAZINE,Print,Bouclage,22/8/2025,Bimestriel,,
l-ouie-magazine::print,L'OUIE MAGAZINE,Print,Parution,12/9/2025,Bimestriel,,
l-ouie-magazine::print,L'OUIE MAGAZINE,Print,Bouclage,11/9/2025,Bimestriel,,
l-ouie-magazine::print,L'OUIE MAGAZINE,Print,Parution,2/10/2025,Bimestriel,,
l-ouie-magazine::print,L'OUIE MAGAZINE,Print,Bouclage,16/10/2025,Bimestriel,,
l-ouie-magazine::print,L'OUIE MAGAZINE,Print,Parution,6/11/2025,Bimestriel,,
l-ouie-magazine::print,L'OUIE MAGAZINE,Print,Bouclage,12/12/2025,Bimestriel,,
l-ouie-magazine::print,L'OUIE MAGAZINE,Print,Parution,30/12/2025,Bimestriel,,
pediatrie-pratique::print,PEDIATRIE PRATIQUE,Print,Bouclage,6/1/2025,Mensuel,,
pediatrie-pratique::print,PEDIATRIE PRATIQUE,Print,Parution,30/1/2025,Mensuel,,
pediatrie-pratique::print,PEDIATRIE PRATIQUE,Print,Bouclage,3/2/2025,Mensuel,,
pediatrie-pratique::print,PEDIATRIE PRATIQUE,Print,Parution,28/2/2025,Mensuel,,
pediatrie-pratique::print,PEDIATRIE PRATIQUE,Print,Bouclage,4/3/2025,Mensuel,,
pediatrie-pratique::print,PEDIATRIE PRATIQUE,Print,Parution,28/3/2025,Mensuel,,
pediatrie-pratique::print,PEDIATRIE PRATIQUE,Print,Bouclage,3/4/2025,Mensuel,,
pediatrie-pratique::print,PEDIATRIE PRATIQUE,Print,Parution,30/4/2025,Mensuel,,
pediatrie-pratique::print,PEDIATRIE PRATIQUE,Print,Bouclage,5/5/2025,Mensuel,,
pediatrie-pratique::print,PEDIATRIE PRATIQUE,Print,Parution,30/5/2025,Mensuel,,
pediatrie-pratique::print,PEDIATRIE PRATIQUE,Print,Bouclage,2/6/2025,Mensuel,,
pediatrie-pratique::print,PEDIATRIE PRATIQUE,Print,Parution,27/6/2025,Mensuel,,
pediatrie-pratique::print,PEDIATRIE PRATIQUE,Print,Bouclage,2/9/2025,Mensuel,,
pediatrie-pratique::print,PEDIATRIE PRATIQUE,Print,Parution,30/9/2025,Mensuel,,
pediatrie-pratique::print,PEDIATRIE PRATIQUE,Print,Bouclage,2/10/2025,Mensuel,,
pediatrie-pratique::print,PEDIATRIE PRATIQUE,Print,Parution,31/10/2025,Mensuel,,
pediatrie-pratique::print,PEDIATRIE PRATIQUE,Print,Bouclage,3/11/2025,Mensuel,,
pediatrie-pratique::print,PEDIATRIE PRATIQUE,Print,Parution,28/11/2025,Mensuel,,
pediatrie-pratique::print,PEDIATRIE PRATIQUE,Print,Bouclage,2/12/2025,Mensuel,,
pediatrie-pratique::print,PEDIATRIE PRATIQUE,Print,Parution,22/12/2025,Mensuel,,
pharma-365::print,PHARMA 365,Print,Bouclage,2/1/2025,Mensuel,,
pharma-365::print,PHARMA 365,Print,Parution,5/2/2025,Mensuel,,
pharma-365::print,PHARMA 365,Print,Bouclage,30/1/2025,Mensuel,,
pharma-365::print,PHARMA 365,Print,Parution,5/3/2025,Mensuel,,
pharma-365::print,PHARMA 365,Print,Bouclage,7/3/2025,Mensuel,,
pharma-365::print,PHARMA 365,Print,Parution,12/4/2025,Mensuel,,
pharma-365::print,PHARMA 365,Print,Bouclage,2/4/2025,Mensuel,,
pharma-365::print,PHARMA 365,Print,Parution,6/5/2025,Mensuel,,
pharma-365::print,PHARMA 365,Print,Bouclage,1/5/2025,Mensuel,,
pharma-365::print,PHARMA 365,Print,Parution,5/6/2025,Mensuel,,
pharma-365::print,PHARMA 365,Print,Bouclage,12/8/2025,Mensuel,,
pharma-365::print,PHARMA 365,Print,Parution,13/9/2025,Mensuel,,
pharma-365::print,PHARMA 365,Print,Bouclage,4/9/2025,Mensuel,,
pharma-365::print,PHARMA 365,Print,Parution,8/10/2025,Mensuel,,
pharma-365::print,PHARMA 365,Print,Bouclage,2/10/2025,Mensuel,,
pharma-365::print,PHARMA 365,Print,Parution,6/11/2025,Mensuel,,
pharma-365::print,PHARMA 365,Print,Bouclage,30/10/2025,Mensuel,,
pharma-365::print,PHARMA 365,Print,Parution,2/12/2025,Mensuel,,
le-pharmacien-de-france::print,LE PHARMACIEN DE FRANCE,Print,Bouclage,17/1/2025,Mensuel,,
le-pharmacien-de-france::print,LE PHARMACIEN DE FRANCE,Print,Parution,7/2/2025,Mensuel,,
le-pharmacien-de-france::print,LE PHARMACIEN DE FRANCE,Print,Bouclage,12/2/2025,Mensuel,,
le-pharmacien-de-france::print,LE PHARMACIEN DE FRANCE,Print,Parution,5/3/2025,Mensuel,,
le-pharmacien-de-france::print,LE PHARMACIEN DE FRANCE,Print,Bouclage,14/3/2025,Mensuel,,
le-pharmacien-de-france::print,LE PHARMACIEN DE FRANCE,Print,Parution,4/4/2025,Mensuel,,
le-pharmacien-de-france::print,LE PHARMACIEN DE FRANCE,Print,Bouclage,14/4/2025,Mensuel,,
le-pharmacien-de-france::print,LE PHARMACIEN DE FRANCE,Print,Parution,5/5/2025,Mensuel,,
le-pharmacien-de-france::print,LE PHARMACIEN DE FRANCE,Print,Bouclage,16/5/2025,Mensuel,,
le-pharmacien-de-france::print,LE PHARMACIEN DE FRANCE,Print,Parution,6/6/2025,Mensuel,,
le-pharmacien-de-france::print,LE PHARMACIEN DE FRANCE,Print,Bouclage,17/6/2025,Mensuel,,
le-pharmacien-de-france::print,LE PHARMACIEN DE FRANCE,Print,Parution,8/7/2025,Mensuel,,
le-pharmacien-de-france::print,LE PHARMACIEN DE FRANCE,Print,Bouclage,5/9/2025,Mensuel,,
le-pharmacien-de-france::print,LE PHARMACIEN DE FRANCE,Print,Parution,26/9/2025,Mensuel,,
le-pharmacien-de-france::print,LE PHARMACIEN DE FRANCE,Print,Bouclage,14/10/2025,Mensuel,,
le-pharmacien-de-france::print,LE PHARMACIEN DE FRANCE,Print,Parution,4/11/2025,Mensuel,,
le-pharmacien-de-france::print,LE PHARMACIEN DE FRANCE,Print,Bouclage,11/11/2025,Mensuel,,
le-pharmacien-de-france::print,LE PHARMACIEN DE FRANCE,Print,Parution,2/12/2025,Mensuel,,
phytoma::print,PHYTOMA,Print,Bouclage,9/4/2025,Mensuel,,
phytoma::print,PHYTOMA,Print,Parution,22/4/2025,Mensuel,,
phytoma::print,PHYTOMA,Print,Bouclage,21/5/2025,Mensuel,,
phytoma::print,PHYTOMA,Print,Parution,3/6/2025,Mensuel,,
phytoma::print,PHYTOMA,Print,Bouclage,25/6/2025,Mensuel,,
phytoma::print,PHYTOMA,Print,Parution,7/7/2025,Mensuel,,
pic::print,PIC,Print,Bouclage,12/2/2025,Bimestriel,,
pic::print,PIC,Print,Parution,5/3/2025,Bimestriel,,
pic::print,PIC,Print,Bouclage,9/4/2025,Bimestriel,,
pic::print,PIC,Print,Parution,30/4/2025,Bimestriel,,
pic::print,PIC,Print,Bouclage,11/6/2025,Bimestriel,,
pic::print,PIC,Print,Parution,2/7/2025,Bimestriel,,
pic::print,PIC,Print,Bouclage,13/8/2025,Bimestriel,,
pic::print,PIC,Print,Parution,3/9/2025,Bimestriel,,
pic::print,PIC,Print,Bouclage,15/10/2025,Bimestriel,,
pic::print,PIC,Print,Parution,5/12/2025,Bimestriel,,
pierre-actual::print,PIERRE ACTUAL,Print,Bouclage,21/3/2025,Mensuel,,
pierre-actual::print,PIERRE ACTUAL,Print,Parution,11/4/2025,Mensuel,,
pierre-actual::print,PIERRE ACTUAL,Print,Bouclage,20/4/2025,Mensuel,,
pierre-actual::print,PIERRE ACTUAL,Print,Parution,11/5/2025,Mensuel,,
pierre-actual::print,PIERRE ACTUAL,Print,Bouclage,20/5/2025,Mensuel,,
pierre-actual::print,PIERRE ACTUAL,Print,Parution,10/6/2025,Mensuel,,
pierre-actual::print,PIERRE ACTUAL,Print,Bouclage,20/6/2025,Mensuel,,
pierre-actual::print,PIERRE ACTUAL,Print,Parution,11/7/2025,Mensuel,,
pierre-actual::print,PIERRE ACTUAL,Print,Bouclage,19/8/2025,Mensuel,,
pierre-actual::print,PIERRE ACTUAL,Print,Parution,9/9/2025,Mensuel,,
pierre-actual::print,PIERRE ACTUAL,Print,Bouclage,15/9/2025,Mensuel,,
pierre-actual::print,PIERRE ACTUAL,Print,Parution,6/10/2025,Mensuel,,
pierre-actual::print,PIERRE ACTUAL,Print,Bouclage,15/10/2025,Mensuel,,
pierre-actual::print,PIERRE ACTUAL,Print,Parution,5/11/2025,Mensuel,,
pierre-actual::print,PIERRE ACTUAL,Print,Bouclage,21/11/2025,Mensuel,,
pierre-actual::print,PIERRE ACTUAL,Print,Parution,12/12/2025,Mensuel,,
le-podologue::print,LE PODOLOGUE,Print,Bouclage,20/1/2025,Trimestriel,,
le-podologue::print,LE PODOLOGUE,Print,Parution,20/2/2025,Trimestriel,,
le-podologue::print,LE PODOLOGUE,Print,Bouclage,15/4/2025,Trimestriel,,
le-podologue::print,LE PODOLOGUE,Print,Parution,25/5/2025,Trimestriel,,
le-podologue::print,LE PODOLOGUE,Print,Bouclage,15/7/2025,Trimestriel,,
le-podologue::print,LE PODOLOGUE,Print,Parution,5/9/2025,Trimestriel,,
le-podologue::print,LE PODOLOGUE,Print,Bouclage,21/10/2025,Trimestriel,,
le-podologue::print,LE PODOLOGUE,Print,Parution,25/11/2025,Trimestriel,,
points-de-vente::print,POINTS DE VENTE,Print,Bouclage,13/1/2025,Mensuel,,
points-de-vente::print,POINTS DE VENTE,Print,Parution,3/2/2025,Mensuel,,
points-de-vente::print,POINTS DE VENTE,Print,Bouclage,10/2/2025,Mensuel,,
points-de-vente::print,POINTS DE VENTE,Print,Parution,3/3/2025,Mensuel,,
points-de-vente::print,POINTS DE VENTE,Print,Bouclage,17/3/2025,Mensuel,,
points-de-vente::print,POINTS DE VENTE,Print,Parution,7/4/2025,Mensuel,,
points-de-vente::print,POINTS DE VENTE,Print,Bouclage,14/4/2025,Mensuel,,
points-de-vente::print,POINTS DE VENTE,Print,Parution,5/5/2025,Mensuel,,
points-de-vente::print,POINTS DE VENTE,Print,Bouclage,12/5/2025,Mensuel,,
points-de-vente::print,POINTS DE VENTE,Print,Parution,2/6/2025,Mensuel,,
points-de-vente::print,POINTS DE VENTE,Print,Bouclage,25/8/2025,Mensuel,,
points-de-vente::print,POINTS DE VENTE,Print,Parution,15/9/2025,Mensuel,,
points-de-vente::print,POINTS DE VENTE,Print,Bouclage,22/9/2025,Mensuel,,
points-de-vente::print,POINTS DE VENTE,Print,Parution,13/10/2025,Mensuel,,
points-de-vente::print,POINTS DE VENTE,Print,Bouclage,20/10/2025,Mensuel,,
points-de-vente::print,POINTS DE VENTE,Print,Parution,10/11/2025,Mensuel,,
points-de-vente::print,POINTS DE VENTE,Print,Bouclage,17/11/2025,Mensuel,,
points-de-vente::print,POINTS DE VENTE,Print,Parution,8/12/2025,Mensuel,,
porphyre::print,PORPHYRE,Print,Bouclage,,Mensuel,,
porphyre::print,PORPHYRE,Print,Parution,,Mensuel,,
porphyre::print,PORPHYRE,Print,Bouclage,,Mensuel,,
porphyre::print,PORPHYRE,Print,Parution,,Mensuel,,
porphyre::print,PORPHYRE,Print,Bouclage,,Mensuel,,
porphyre::print,PORPHYRE,Print,Parution,,Mensuel,,
porphyre::print,PORPHYRE,Print,Bouclage,,Mensuel,,
porphyre::print,PORPHYRE,Print,Parution,,Mensuel,,
porphyre::print,PORPHYRE,Print,Bouclage,,Mensuel,,
porphyre::print,PORPHYRE,Print,Parution,,Mensuel,,
porphyre::print,PORPHYRE,Print,Bouclage,,Mensuel,,
porphyre::print,PORPHYRE,Print,Parution,,Mensuel,,
porphyre::print,PORPHYRE,Print,Bouclage,,Mensuel,,
porphyre::print,PORPHYRE,Print,Parution,,Mensuel,,
porphyre::print,PORPHYRE,Print,Bouclage,,Mensuel,,
porphyre::print,PORPHYRE,Print,Parution,,Mensuel,,
porphyre::print,PORPHYRE,Print,Bouclage,,Mensuel,,
porphyre::print,PORPHYRE,Print,Parution,,Mensuel,,
porphyre::print,PORPHYRE,Print,Bouclage,,Mensuel,,
porphyre::print,PORPHYRE,Print,Parution,,Mensuel,,
porphyre::print,PORPHYRE,Print,Bouclage,,Mensuel,,
porphyre::print,PORPHYRE,Print,Parution,,Mensuel,,
prescription-beton::print,PRESCRIPTION BETON,Print,Bouclage,14/3/2025,5 Numéros / an,,
prescription-beton::print,PRESCRIPTION BETON,Print,Parution,26/3/2025,5 Numéros / an,,
prescription-beton::print,PRESCRIPTION BETON,Print,Bouclage,16/5/2025,5 Numéros / an,,
prescription-beton::print,PRESCRIPTION BETON,Print,Parution,28/5/2025,5 Numéros / an,,
prescription-beton::print,PRESCRIPTION BETON,Print,Bouclage,1/9/2025,5 Numéros / an,,
prescription-beton::print,PRESCRIPTION BETON,Print,Parution,15/9/2025,5 Numéros / an,,
prescription-beton::print,PRESCRIPTION BETON,Print,Bouclage,17/10/2025,5 Numéros / an,,
prescription-beton::print,PRESCRIPTION BETON,Print,Parution,29/10/2025,5 Numéros / an,,
prescription-beton::print,PRESCRIPTION BETON,Print,Bouclage,10/12/2025,5 Numéros / an,,
prescription-beton::print,PRESCRIPTION BETON,Print,Parution,17/12/2025,5 Numéros / an,,
procedures::print,PROCEDURES,Print,Bouclage,18/3/2025,Mensuel,,
procedures::print,PROCEDURES,Print,Parution,8/4/2025,Mensuel,,
procedures::print,PROCEDURES,Print,Bouclage,29/4/2025,Mensuel,,
procedures::print,PROCEDURES,Print,Parution,20/5/2025,Mensuel,,
procedures::print,PROCEDURES,Print,Bouclage,2/6/2025,Mensuel,,
procedures::print,PROCEDURES,Print,Parution,23/6/2025,Mensuel,,
procedures::print,PROCEDURES,Print,Bouclage,17/6/2025,Mensuel,,
procedures::print,PROCEDURES,Print,Parution,8/7/2025,Mensuel,,
procedures::print,PROCEDURES,Print,Bouclage,10/10/2025,Mensuel,,
procedures::print,PROCEDURES,Print,Parution,31/10/2025,Mensuel,,
procedures::print,PROCEDURES,Print,Bouclage,4/11/2025,Mensuel,,
procedures::print,PROCEDURES,Print,Parution,25/11/2025,Mensuel,,
procedures::print,PROCEDURES,Print,Bouclage,28/11/2025,Mensuel,,
procedures::print,PROCEDURES,Print,Parution,19/12/2025,Mensuel,,
process-alimentaire::print,PROCESS ALIMENTAIRE,Print,Bouclage,20/1/2025,Mensuel,,
process-alimentaire::print,PROCESS ALIMENTAIRE,Print,Parution,5/2/2025,Mensuel,,
process-alimentaire::print,PROCESS ALIMENTAIRE,Print,Bouclage,20/2/2025,Mensuel,,
process-alimentaire::print,PROCESS ALIMENTAIRE,Print,Parution,5/3/2025,Mensuel,,
process-alimentaire::print,PROCESS ALIMENTAIRE,Print,Bouclage,20/3/2025,Mensuel,,
process-alimentaire::print,PROCESS ALIMENTAIRE,Print,Parution,5/4/2025,Mensuel,,
process-alimentaire::print,PROCESS ALIMENTAIRE,Print,Bouclage,20/4/2025,Mensuel,,
process-alimentaire::print,PROCESS ALIMENTAIRE,Print,Parution,5/5/2025,Mensuel,,
process-alimentaire::print,PROCESS ALIMENTAIRE,Print,Bouclage,20/5/2025,Mensuel,,
process-alimentaire::print,PROCESS ALIMENTAIRE,Print,Parution,5/6/2025,Mensuel,,
process-alimentaire::print,PROCESS ALIMENTAIRE,Print,Bouclage,20/6/2025,Mensuel,,
process-alimentaire::print,PROCESS ALIMENTAIRE,Print,Parution,5/7/2025,Mensuel,,
process-alimentaire::print,PROCESS ALIMENTAIRE,Print,Bouclage,20/8/2025,Mensuel,,
process-alimentaire::print,PROCESS ALIMENTAIRE,Print,Parution,5/9/2025,Mensuel,,
process-alimentaire::print,PROCESS ALIMENTAIRE,Print,Bouclage,20/9/2025,Mensuel,,
process-alimentaire::print,PROCESS ALIMENTAIRE,Print,Parution,5/10/2025,Mensuel,,
process-alimentaire::print,PROCESS ALIMENTAIRE,Print,Bouclage,20/10/2025,Mensuel,,
process-alimentaire::print,PROCESS ALIMENTAIRE,Print,Parution,5/11/2025,Mensuel,,
process-alimentaire::print,PROCESS ALIMENTAIRE,Print,Bouclage,20/11/2025,Mensuel,,
process-alimentaire::print,PROCESS ALIMENTAIRE,Print,Parution,5/12/2025,Mensuel,,
produits-de-la-mer::print,PRODUITS DE LA MER,Print,Bouclage,20/1/2025,Mensuel,,
produits-de-la-mer::print,PRODUITS DE LA MER,Print,Parution,10/2/2025,Mensuel,,
produits-de-la-mer::print,PRODUITS DE LA MER,Print,Bouclage,20/3/2025,Mensuel,,
produits-de-la-mer::print,PRODUITS DE LA MER,Print,Parution,20/4/2025,Mensuel,,
produits-de-la-mer::print,PRODUITS DE LA MER,Print,Bouclage,20/5/2025,Mensuel,,
produits-de-la-mer::print,PRODUITS DE LA MER,Print,Parution,10/6/2025,Mensuel,,
produits-de-la-mer::print,PRODUITS DE LA MER,Print,Bouclage,20/9/2025,Mensuel,,
produits-de-la-mer::print,PRODUITS DE LA MER,Print,Parution,10/10/2025,Mensuel,,
produits-de-la-mer::print,PRODUITS DE LA MER,Print,Bouclage,20/11/2025,Mensuel,,
produits-de-la-mer::print,PRODUITS DE LA MER,Print,Parution,15/12/2025,Mensuel,,
produits-equipements-industriels::print,PRODUITS EQUIPEMENTS INDUSTRIELS,Print,Bouclage,17/1/2025,Mensuel,,
produits-equipements-industriels::print,PRODUITS EQUIPEMENTS INDUSTRIELS,Print,Parution,13/2/2025,Mensuel,,
produits-equipements-industriels::print,PRODUITS EQUIPEMENTS INDUSTRIELS,Print,Bouclage,7/2/2025,Mensuel,,
produits-equipements-industriels::print,PRODUITS EQUIPEMENTS INDUSTRIELS,Print,Parution,7/3/2025,Mensuel,,
produits-equipements-industriels::print,PRODUITS EQUIPEMENTS INDUSTRIELS,Print,Bouclage,24/3/2025,Mensuel,,
produits-equipements-industriels::print,PRODUITS EQUIPEMENTS INDUSTRIELS,Print,Parution,4/4/2025,Mensuel,,
produits-equipements-industriels::print,PRODUITS EQUIPEMENTS INDUSTRIELS,Print,Bouclage,4/4/2025,Mensuel,,
produits-equipements-industriels::print,PRODUITS EQUIPEMENTS INDUSTRIELS,Print,Parution,2/5/2025,Mensuel,,
produits-equipements-industriels::print,PRODUITS EQUIPEMENTS INDUSTRIELS,Print,Bouclage,9/5/2025,Mensuel,,
produits-equipements-industriels::print,PRODUITS EQUIPEMENTS INDUSTRIELS,Print,Parution,3/6/2025,Mensuel,,
produits-equipements-industriels::print,PRODUITS EQUIPEMENTS INDUSTRIELS,Print,Bouclage,22/7/2025,Mensuel,,
produits-equipements-industriels::print,PRODUITS EQUIPEMENTS INDUSTRIELS,Print,Parution,5/9/2025,Mensuel,,
produits-equipements-industriels::print,PRODUITS EQUIPEMENTS INDUSTRIELS,Print,Bouclage,5/9/2025,Mensuel,,
produits-equipements-industriels::print,PRODUITS EQUIPEMENTS INDUSTRIELS,Print,Parution,3/10/2025,Mensuel,,
produits-equipements-industriels::print,PRODUITS EQUIPEMENTS INDUSTRIELS,Print,Bouclage,17/10/2025,Mensuel,,
produits-equipements-industriels::print,PRODUITS EQUIPEMENTS INDUSTRIELS,Print,Parution,13/11/2025,Mensuel,,
produits-equipements-industriels::print,PRODUITS EQUIPEMENTS INDUSTRIELS,Print,Bouclage,28/11/2025,Mensuel,,
produits-equipements-industriels::print,PRODUITS EQUIPEMENTS INDUSTRIELS,Print,Parution,9/12/2025,Mensuel,,
protection-securite-magazine::print,PROTECTION SECURITE MAGAZINE,Print,Bouclage,12/2/2025,Bimestriel,,
protection-securite-magazine::print,PROTECTION SECURITE MAGAZINE,Print,Parution,5/3/2025,Bimestriel,,
protection-securite-magazine::print,PROTECTION SECURITE MAGAZINE,Print,Bouclage,17/4/2025,Bimestriel,,
protection-securite-magazine::print,PROTECTION SECURITE MAGAZINE,Print,Parution,8/5/2025,Bimestriel,,
protection-securite-magazine::print,PROTECTION SECURITE MAGAZINE,Print,Bouclage,20/6/2025,Bimestriel,,
protection-securite-magazine::print,PROTECTION SECURITE MAGAZINE,Print,Parution,11/7/2025,Bimestriel,,
protection-securite-magazine::print,PROTECTION SECURITE MAGAZINE,Print,Bouclage,13/8/2025,Bimestriel,,
protection-securite-magazine::print,PROTECTION SECURITE MAGAZINE,Print,Parution,3/9/2025,Bimestriel,,
protection-securite-magazine::print,PROTECTION SECURITE MAGAZINE,Print,Bouclage,3/10/2025,Bimestriel,,
protection-securite-magazine::print,PROTECTION SECURITE MAGAZINE,Print,Parution,24/10/2025,Bimestriel,,
la-profession-comptable::print,LA PROFESSION COMPTABLE,Print,Bouclage,,Mensuel,,
la-profession-comptable::print,LA PROFESSION COMPTABLE,Print,Parution,,Mensuel,,
la-profession-comptable::print,LA PROFESSION COMPTABLE,Print,Bouclage,,Mensuel,,
la-profession-comptable::print,LA PROFESSION COMPTABLE,Print,Parution,,Mensuel,,
la-profession-comptable::print,LA PROFESSION COMPTABLE,Print,Bouclage,,Mensuel,,
la-profession-comptable::print,LA PROFESSION COMPTABLE,Print,Parution,,Mensuel,,
la-profession-comptable::print,LA PROFESSION COMPTABLE,Print,Bouclage,,Mensuel,,
la-profession-comptable::print,LA PROFESSION COMPTABLE,Print,Parution,,Mensuel,,
la-profession-comptable::print,LA PROFESSION COMPTABLE,Print,Bouclage,,Mensuel,,
la-profession-comptable::print,LA PROFESSION COMPTABLE,Print,Parution,,Mensuel,,
la-profession-comptable::print,LA PROFESSION COMPTABLE,Print,Bouclage,,Mensuel,,
la-profession-comptable::print,LA PROFESSION COMPTABLE,Print,Parution,,Mensuel,,
la-profession-comptable::print,LA PROFESSION COMPTABLE,Print,Bouclage,,Mensuel,,
la-profession-comptable::print,LA PROFESSION COMPTABLE,Print,Parution,,Mensuel,,
la-profession-comptable::print,LA PROFESSION COMPTABLE,Print,Bouclage,,Mensuel,,
la-profession-comptable::print,LA PROFESSION COMPTABLE,Print,Parution,,Mensuel,,
la-profession-comptable::print,LA PROFESSION COMPTABLE,Print,Bouclage,,Mensuel,,
la-profession-comptable::print,LA PROFESSION COMPTABLE,Print,Parution,,Mensuel,,
la-profession-comptable::print,LA PROFESSION COMPTABLE,Print,Bouclage,,Mensuel,,
la-profession-comptable::print,LA PROFESSION COMPTABLE,Print,Parution,,Mensuel,,
la-profession-comptable::print,LA PROFESSION COMPTABLE,Print,Bouclage,,Mensuel,,
la-profession-comptable::print,LA PROFESSION COMPTABLE,Print,Parution,,Mensuel,,
profession-sage-femme::print,PROFESSION SAGE-FEMME,Print,Bouclage,15/1/2025,10 Numéros / an,,
profession-sage-femme::print,PROFESSION SAGE-FEMME,Print,Parution,5/2/2025,10 Numéros / an,,
profession-sage-femme::print,PROFESSION SAGE-FEMME,Print,Bouclage,15/2/2025,10 Numéros / an,,
profession-sage-femme::print,PROFESSION SAGE-FEMME,Print,Parution,5/3/2025,10 Numéros / an,,
profession-sage-femme::print,PROFESSION SAGE-FEMME,Print,Bouclage,15/3/2025,10 Numéros / an,,
profession-sage-femme::print,PROFESSION SAGE-FEMME,Print,Parution,5/4/2025,10 Numéros / an,,
profession-sage-femme::print,PROFESSION SAGE-FEMME,Print,Bouclage,15/4/2025,10 Numéros / an,,
profession-sage-femme::print,PROFESSION SAGE-FEMME,Print,Parution,5/5/2025,10 Numéros / an,,
profession-sage-femme::print,PROFESSION SAGE-FEMME,Print,Bouclage,15/5/2025,10 Numéros / an,,
profession-sage-femme::print,PROFESSION SAGE-FEMME,Print,Parution,5/6/2025,10 Numéros / an,,
profession-sage-femme::print,PROFESSION SAGE-FEMME,Print,Bouclage,15/6/2025,10 Numéros / an,,
profession-sage-femme::print,PROFESSION SAGE-FEMME,Print,Parution,5/7/2025,10 Numéros / an,,
profession-sage-femme::print,PROFESSION SAGE-FEMME,Print,Bouclage,15/8/2025,10 Numéros / an,,
profession-sage-femme::print,PROFESSION SAGE-FEMME,Print,Parution,5/9/2025,10 Numéros / an,,
profession-sage-femme::print,PROFESSION SAGE-FEMME,Print,Bouclage,15/9/2025,10 Numéros / an,,
profession-sage-femme::print,PROFESSION SAGE-FEMME,Print,Parution,5/10/2025,10 Numéros / an,,
profession-sage-femme::print,PROFESSION SAGE-FEMME,Print,Bouclage,15/10/2025,10 Numéros / an,,
profession-sage-femme::print,PROFESSION SAGE-FEMME,Print,Parution,5/11/2025,10 Numéros / an,,
profession-sage-femme::print,PROFESSION SAGE-FEMME,Print,Bouclage,15/11/2025,10 Numéros / an,,
profession-sage-femme::print,PROFESSION SAGE-FEMME,Print,Parution,5/12/2025,10 Numéros / an,,
le-quotidien-du-medecin::print,LE QUOTIDIEN DU MEDECIN,Print,Bouclage,,Hebdomadaire (chaque vendredi),,
le-quotidien-du-medecin::print,LE QUOTIDIEN DU MEDECIN,Print,Parution,,Hebdomadaire (chaque vendredi),,
le-quotidien-du-medecin::print,LE QUOTIDIEN DU MEDECIN,Print,Bouclage,,Hebdomadaire (chaque vendredi),,
le-quotidien-du-medecin::print,LE QUOTIDIEN DU MEDECIN,Print,Parution,,Hebdomadaire (chaque vendredi),,
le-quotidien-du-medecin::print,LE QUOTIDIEN DU MEDECIN,Print,Bouclage,,Hebdomadaire (chaque vendredi),,
le-quotidien-du-medecin::print,LE QUOTIDIEN DU MEDECIN,Print,Parution,,Hebdomadaire (chaque vendredi),,
le-quotidien-du-medecin::print,LE QUOTIDIEN DU MEDECIN,Print,Bouclage,,Hebdomadaire (chaque vendredi),,
le-quotidien-du-medecin::print,LE QUOTIDIEN DU MEDECIN,Print,Parution,,Hebdomadaire (chaque vendredi),,
le-quotidien-du-medecin::print,LE QUOTIDIEN DU MEDECIN,Print,Bouclage,,Hebdomadaire (chaque vendredi),,
le-quotidien-du-medecin::print,LE QUOTIDIEN DU MEDECIN,Print,Parution,,Hebdomadaire (chaque vendredi),,
le-quotidien-du-medecin::print,LE QUOTIDIEN DU MEDECIN,Print,Bouclage,,Hebdomadaire (chaque vendredi),,
le-quotidien-du-medecin::print,LE QUOTIDIEN DU MEDECIN,Print,Parution,,Hebdomadaire (chaque vendredi),,
le-quotidien-du-medecin::print,LE QUOTIDIEN DU MEDECIN,Print,Bouclage,,Hebdomadaire (chaque vendredi),,
le-quotidien-du-medecin::print,LE QUOTIDIEN DU MEDECIN,Print,Parution,,Hebdomadaire (chaque vendredi),,
le-quotidien-du-medecin::print,LE QUOTIDIEN DU MEDECIN,Print,Bouclage,,Hebdomadaire (chaque vendredi),,
le-quotidien-du-medecin::print,LE QUOTIDIEN DU MEDECIN,Print,Parution,,Hebdomadaire (chaque vendredi),,
le-quotidien-du-medecin::print,LE QUOTIDIEN DU MEDECIN,Print,Bouclage,,Hebdomadaire (chaque vendredi),,
le-quotidien-du-medecin::print,LE QUOTIDIEN DU MEDECIN,Print,Parution,,Hebdomadaire (chaque vendredi),,
le-quotidien-du-medecin::print,LE QUOTIDIEN DU MEDECIN,Print,Bouclage,,Hebdomadaire (chaque vendredi),,
le-quotidien-du-medecin::print,LE QUOTIDIEN DU MEDECIN,Print,Parution,,Hebdomadaire (chaque vendredi),,
le-quotidien-du-medecin::print,LE QUOTIDIEN DU MEDECIN,Print,Bouclage,,Hebdomadaire (chaque vendredi),,
le-quotidien-du-medecin::print,LE QUOTIDIEN DU MEDECIN,Print,Parution,,Hebdomadaire (chaque vendredi),,
le-quotidien-du-pharmacien::print,LE QUOTIDIEN DU PHARMACIEN,Print,Bouclage,,Hebdomadaire (chaque jeudi),,
le-quotidien-du-pharmacien::print,LE QUOTIDIEN DU PHARMACIEN,Print,Parution,,Hebdomadaire (chaque jeudi),,
le-quotidien-du-pharmacien::print,LE QUOTIDIEN DU PHARMACIEN,Print,Bouclage,,Hebdomadaire (chaque jeudi),,
le-quotidien-du-pharmacien::print,LE QUOTIDIEN DU PHARMACIEN,Print,Parution,,Hebdomadaire (chaque jeudi),,
le-quotidien-du-pharmacien::print,LE QUOTIDIEN DU PHARMACIEN,Print,Bouclage,,Hebdomadaire (chaque jeudi),,
le-quotidien-du-pharmacien::print,LE QUOTIDIEN DU PHARMACIEN,Print,Parution,,Hebdomadaire (chaque jeudi),,
le-quotidien-du-pharmacien::print,LE QUOTIDIEN DU PHARMACIEN,Print,Bouclage,,Hebdomadaire (chaque jeudi),,
le-quotidien-du-pharmacien::print,LE QUOTIDIEN DU PHARMACIEN,Print,Parution,,Hebdomadaire (chaque jeudi),,
le-quotidien-du-pharmacien::print,LE QUOTIDIEN DU PHARMACIEN,Print,Bouclage,,Hebdomadaire (chaque jeudi),,
le-quotidien-du-pharmacien::print,LE QUOTIDIEN DU PHARMACIEN,Print,Parution,,Hebdomadaire (chaque jeudi),,
le-quotidien-du-pharmacien::print,LE QUOTIDIEN DU PHARMACIEN,Print,Bouclage,,Hebdomadaire (chaque jeudi),,
le-quotidien-du-pharmacien::print,LE QUOTIDIEN DU PHARMACIEN,Print,Parution,,Hebdomadaire (chaque jeudi),,
le-quotidien-du-pharmacien::print,LE QUOTIDIEN DU PHARMACIEN,Print,Bouclage,,Hebdomadaire (chaque jeudi),,
le-quotidien-du-pharmacien::print,LE QUOTIDIEN DU PHARMACIEN,Print,Parution,,Hebdomadaire (chaque jeudi),,
le-quotidien-du-pharmacien::print,LE QUOTIDIEN DU PHARMACIEN,Print,Bouclage,,Hebdomadaire (chaque jeudi),,
le-quotidien-du-pharmacien::print,LE QUOTIDIEN DU PHARMACIEN,Print,Parution,,Hebdomadaire (chaque jeudi),,
le-quotidien-du-pharmacien::print,LE QUOTIDIEN DU PHARMACIEN,Print,Bouclage,,Hebdomadaire (chaque jeudi),,
le-quotidien-du-pharmacien::print,LE QUOTIDIEN DU PHARMACIEN,Print,Parution,,Hebdomadaire (chaque jeudi),,
le-quotidien-du-pharmacien::print,LE QUOTIDIEN DU PHARMACIEN,Print,Bouclage,,Hebdomadaire (chaque jeudi),,
le-quotidien-du-pharmacien::print,LE QUOTIDIEN DU PHARMACIEN,Print,Parution,,Hebdomadaire (chaque jeudi),,
le-quotidien-du-pharmacien::print,LE QUOTIDIEN DU PHARMACIEN,Print,Bouclage,,Hebdomadaire (chaque jeudi),,
le-quotidien-du-pharmacien::print,LE QUOTIDIEN DU PHARMACIEN,Print,Parution,,Hebdomadaire (chaque jeudi),,
rayon-boissons::print,RAYON BOISSONS,Print,Bouclage,20/1/2025,Mensuel,,
rayon-boissons::print,RAYON BOISSONS,Print,Parution,10/2/2025,Mensuel,,
rayon-boissons::print,RAYON BOISSONS,Print,Bouclage,20/2/2025,Mensuel,,
rayon-boissons::print,RAYON BOISSONS,Print,Parution,10/3/2025,Mensuel,,
rayon-boissons::print,RAYON BOISSONS,Print,Bouclage,20/3/2025,Mensuel,,
rayon-boissons::print,RAYON BOISSONS,Print,Parution,10/4/2025,Mensuel,,
rayon-boissons::print,RAYON BOISSONS,Print,Bouclage,20/4/2025,Mensuel,,
rayon-boissons::print,RAYON BOISSONS,Print,Parution,10/5/2025,Mensuel,,
rayon-boissons::print,RAYON BOISSONS,Print,Bouclage,20/5/2025,Mensuel,,
rayon-boissons::print,RAYON BOISSONS,Print,Parution,10/6/2025,Mensuel,,
rayon-boissons::print,RAYON BOISSONS,Print,Bouclage,20/6/2025,Mensuel,,
rayon-boissons::print,RAYON BOISSONS,Print,Parution,10/7/2025,Mensuel,,
rayon-boissons::print,RAYON BOISSONS,Print,Bouclage,20/8/2025,Mensuel,,
rayon-boissons::print,RAYON BOISSONS,Print,Parution,10/9/2025,Mensuel,,
rayon-boissons::print,RAYON BOISSONS,Print,Bouclage,20/9/2025,Mensuel,,
rayon-boissons::print,RAYON BOISSONS,Print,Parution,10/10/2025,Mensuel,,
rayon-boissons::print,RAYON BOISSONS,Print,Bouclage,20/10/2025,Mensuel,,
rayon-boissons::print,RAYON BOISSONS,Print,Parution,10/11/2025,Mensuel,,
rayon-boissons::print,RAYON BOISSONS,Print,Bouclage,20/11/2025,Mensuel,,
rayon-boissons::print,RAYON BOISSONS,Print,Parution,10/12/2025,Mensuel,,
recueil-dalloz::print,RECUEIL DALLOZ,Print,Bouclage,,Hebdomadaire,,
recueil-dalloz::print,RECUEIL DALLOZ,Print,Parution,,Hebdomadaire,,
recueil-dalloz::print,RECUEIL DALLOZ,Print,Bouclage,,Hebdomadaire,,
recueil-dalloz::print,RECUEIL DALLOZ,Print,Parution,,Hebdomadaire,,
recueil-dalloz::print,RECUEIL DALLOZ,Print,Bouclage,,Hebdomadaire,,
recueil-dalloz::print,RECUEIL DALLOZ,Print,Parution,,Hebdomadaire,,
recueil-dalloz::print,RECUEIL DALLOZ,Print,Bouclage,,Hebdomadaire,,
recueil-dalloz::print,RECUEIL DALLOZ,Print,Parution,,Hebdomadaire,,
recueil-dalloz::print,RECUEIL DALLOZ,Print,Bouclage,,Hebdomadaire,,
recueil-dalloz::print,RECUEIL DALLOZ,Print,Parution,,Hebdomadaire,,
recueil-dalloz::print,RECUEIL DALLOZ,Print,Bouclage,,Hebdomadaire,,
recueil-dalloz::print,RECUEIL DALLOZ,Print,Parution,,Hebdomadaire,,
recueil-dalloz::print,RECUEIL DALLOZ,Print,Bouclage,,Hebdomadaire,,
recueil-dalloz::print,RECUEIL DALLOZ,Print,Parution,,Hebdomadaire,,
recueil-dalloz::print,RECUEIL DALLOZ,Print,Bouclage,,Hebdomadaire,,
recueil-dalloz::print,RECUEIL DALLOZ,Print,Parution,,Hebdomadaire,,
recueil-dalloz::print,RECUEIL DALLOZ,Print,Bouclage,,Hebdomadaire,,
recueil-dalloz::print,RECUEIL DALLOZ,Print,Parution,,Hebdomadaire,,
recueil-dalloz::print,RECUEIL DALLOZ,Print,Bouclage,,Hebdomadaire,,
recueil-dalloz::print,RECUEIL DALLOZ,Print,Parution,,Hebdomadaire,,
recueil-dalloz::print,RECUEIL DALLOZ,Print,Bouclage,,Hebdomadaire,,
recueil-dalloz::print,RECUEIL DALLOZ,Print,Parution,,Hebdomadaire,,
recyclage::print,RECYCLAGE,Print,Bouclage,4/4/2025,Bimestriel,,
recyclage::print,RECYCLAGE,Print,Parution,22/4/2025,Bimestriel,,
recyclage::print,RECYCLAGE,Print,Bouclage,2/5/2025,Bimestriel,,
recyclage::print,RECYCLAGE,Print,Parution,21/5/2025,Bimestriel,,
recyclage::print,RECYCLAGE,Print,Bouclage,27/6/2025,Bimestriel,,
recyclage::print,RECYCLAGE,Print,Parution,15/7/2025,Bimestriel,,
recyclage::print,RECYCLAGE,Print,Bouclage,15/9/2025,Bimestriel,,
recyclage::print,RECYCLAGE,Print,Parution,1/10/2025,Bimestriel,,
recyclage::print,RECYCLAGE,Print,Bouclage,28/11/2025,Bimestriel,,
recyclage::print,RECYCLAGE,Print,Parution,15/12/2025,Bimestriel,,
regions-magazine-dirigeants-de-tpe-pme::print,REGIONS MAGAZINE (DIRIGEANTS DE TPE/PME),Print,Bouclage,28/2/2025,Trimestriel,,
regions-magazine-dirigeants-de-tpe-pme::print,REGIONS MAGAZINE (DIRIGEANTS DE TPE/PME),Print,Parution,21/3/2025,Trimestriel,,
regions-magazine-dirigeants-de-tpe-pme::print,REGIONS MAGAZINE (DIRIGEANTS DE TPE/PME),Print,Bouclage,30/5/2025,Trimestriel,,
regions-magazine-dirigeants-de-tpe-pme::print,REGIONS MAGAZINE (DIRIGEANTS DE TPE/PME),Print,Parution,20/6/2025,Trimestriel,,
regions-magazine-dirigeants-de-tpe-pme::print,REGIONS MAGAZINE (DIRIGEANTS DE TPE/PME),Print,Bouclage,5/9/2025,Trimestriel,,
regions-magazine-dirigeants-de-tpe-pme::print,REGIONS MAGAZINE (DIRIGEANTS DE TPE/PME),Print,Parution,26/9/2025,Trimestriel,,
regions-magazine-dirigeants-de-tpe-pme::print,REGIONS MAGAZINE (DIRIGEANTS DE TPE/PME),Print,Bouclage,28/11/2025,Trimestriel,,
regions-magazine-dirigeants-de-tpe-pme::print,REGIONS MAGAZINE (DIRIGEANTS DE TPE/PME),Print,Parution,19/12/2025,Trimestriel,,
relation-client::print,RELATION CLIENT,Print,Bouclage,27/2/2025,4 Numéros / an,,
relation-client::print,RELATION CLIENT,Print,Parution,13/3/2025,4 Numéros / an,,
relation-client::print,RELATION CLIENT,Print,Bouclage,23/5/2025,4 Numéros / an,,
relation-client::print,RELATION CLIENT,Print,Parution,16/6/2025,4 Numéros / an,,
relation-client::print,RELATION CLIENT,Print,Bouclage,29/8/2025,4 Numéros / an,,
relation-client::print,RELATION CLIENT,Print,Parution,12/9/2025,4 Numéros / an,,
relation-client::print,RELATION CLIENT,Print,Bouclage,17/11/2025,4 Numéros / an,,
relation-client::print,RELATION CLIENT,Print,Parution,1/12/2025,4 Numéros / an,,
reseaux-vrd-lignes-canalisations::print,RESEAUX VRD LIGNES & CANALISATIONS,Print,Bouclage,7/1/2025,Mensuel,,
reseaux-vrd-lignes-canalisations::print,RESEAUX VRD LIGNES & CANALISATIONS,Print,Parution,20/1/2025,Mensuel,,
reseaux-vrd-lignes-canalisations::print,RESEAUX VRD LIGNES & CANALISATIONS,Print,Bouclage,5/3/2025,Mensuel,,
reseaux-vrd-lignes-canalisations::print,RESEAUX VRD LIGNES & CANALISATIONS,Print,Parution,12/3/2025,Mensuel,,
reseaux-vrd-lignes-canalisations::print,RESEAUX VRD LIGNES & CANALISATIONS,Print,Bouclage,29/4/2025,Mensuel,,
reseaux-vrd-lignes-canalisations::print,RESEAUX VRD LIGNES & CANALISATIONS,Print,Parution,6/5/2025,Mensuel,,
reseaux-vrd-lignes-canalisations::print,RESEAUX VRD LIGNES & CANALISATIONS,Print,Bouclage,6/6/2025,Mensuel,,
reseaux-vrd-lignes-canalisations::print,RESEAUX VRD LIGNES & CANALISATIONS,Print,Parution,18/6/2025,Mensuel,,
reseaux-vrd-lignes-canalisations::print,RESEAUX VRD LIGNES & CANALISATIONS,Print,Bouclage,12/9/2025,Mensuel,,
reseaux-vrd-lignes-canalisations::print,RESEAUX VRD LIGNES & CANALISATIONS,Print,Parution,24/9/2025,Mensuel,,
reseaux-vrd-lignes-canalisations::print,RESEAUX VRD LIGNES & CANALISATIONS,Print,Bouclage,21/11/2025,Mensuel,,
reseaux-vrd-lignes-canalisations::print,RESEAUX VRD LIGNES & CANALISATIONS,Print,Parution,26/11/2025,Mensuel,,
reseaux-vrd-lignes-canalisations::print,RESEAUX VRD LIGNES & CANALISATIONS,Print,Bouclage,10/12/2025,Mensuel,,
reseaux-vrd-lignes-canalisations::print,RESEAUX VRD LIGNES & CANALISATIONS,Print,Parution,17/12/2025,Mensuel,,
restauration-collective::print,RESTAURATION COLLECTIVE,Print,Bouclage,13/2/2025,Mensuel,,
restauration-collective::print,RESTAURATION COLLECTIVE,Print,Parution,28/2/2025,Mensuel,,
restauration-collective::print,RESTAURATION COLLECTIVE,Print,Bouclage,12/3/2025,Mensuel,,
restauration-collective::print,RESTAURATION COLLECTIVE,Print,Parution,27/3/2025,Mensuel,,
restauration-collective::print,RESTAURATION COLLECTIVE,Print,Bouclage,11/4/2025,Mensuel,,
restauration-collective::print,RESTAURATION COLLECTIVE,Print,Parution,29/4/2025,Mensuel,,
restauration-collective::print,RESTAURATION COLLECTIVE,Print,Bouclage,20/5/2025,Mensuel,,
restauration-collective::print,RESTAURATION COLLECTIVE,Print,Parution,5/6/2025,Mensuel,,
restauration-collective::print,RESTAURATION COLLECTIVE,Print,Bouclage,12/9/2025,Mensuel,,
restauration-collective::print,RESTAURATION COLLECTIVE,Print,Parution,28/9/2025,Mensuel,,
restauration-collective::print,RESTAURATION COLLECTIVE,Print,Bouclage,13/10/2025,Mensuel,,
restauration-collective::print,RESTAURATION COLLECTIVE,Print,Parution,27/10/2025,Mensuel,,
restauration-collective::print,RESTAURATION COLLECTIVE,Print,Bouclage,17/11/2025,Mensuel,,
restauration-collective::print,RESTAURATION COLLECTIVE,Print,Parution,3/12/2025,Mensuel,,
reussir-fruits-legumes::print,REUSSIR FRUITS & LEGUMES,Print,Bouclage,24/2/2025,Mensuel,,
reussir-fruits-legumes::print,REUSSIR FRUITS & LEGUMES,Print,Parution,18/3/2025,Mensuel,,
reussir-fruits-legumes::print,REUSSIR FRUITS & LEGUMES,Print,Bouclage,24/3/2025,Mensuel,,
reussir-fruits-legumes::print,REUSSIR FRUITS & LEGUMES,Print,Parution,14/4/2025,Mensuel,,
reussir-fruits-legumes::print,REUSSIR FRUITS & LEGUMES,Print,Bouclage,17/4/2025,Mensuel,,
reussir-fruits-legumes::print,REUSSIR FRUITS & LEGUMES,Print,Parution,14/5/2025,Mensuel,,
reussir-fruits-legumes::print,REUSSIR FRUITS & LEGUMES,Print,Bouclage,16/5/2025,Mensuel,,
reussir-fruits-legumes::print,REUSSIR FRUITS & LEGUMES,Print,Parution,12/6/2025,Mensuel,,
reussir-fruits-legumes::print,REUSSIR FRUITS & LEGUMES,Print,Bouclage,20/6/2025,Mensuel,,
reussir-fruits-legumes::print,REUSSIR FRUITS & LEGUMES,Print,Parution,16/7/2025,Mensuel,,
reussir-fruits-legumes::print,REUSSIR FRUITS & LEGUMES,Print,Bouclage,26/8/2025,Mensuel,,
reussir-fruits-legumes::print,REUSSIR FRUITS & LEGUMES,Print,Parution,18/9/2025,Mensuel,,
reussir-fruits-legumes::print,REUSSIR FRUITS & LEGUMES,Print,Bouclage,19/9/2025,Mensuel,,
reussir-fruits-legumes::print,REUSSIR FRUITS & LEGUMES,Print,Parution,10/10/2025,Mensuel,,
reussir-fruits-legumes::print,REUSSIR FRUITS & LEGUMES,Print,Bouclage,21/10/2025,Mensuel,,
reussir-fruits-legumes::print,REUSSIR FRUITS & LEGUMES,Print,Parution,14/11/2025,Mensuel,,
reussir-fruits-legumes::print,REUSSIR FRUITS & LEGUMES,Print,Bouclage,20/11/2025,Mensuel,,
reussir-fruits-legumes::print,REUSSIR FRUITS & LEGUMES,Print,Parution,12/12/2025,Mensuel,,
reussir-bovins::print,REUSSIR BOVINS,Print,Bouclage,3/2/2025,Mensuel,,
reussir-bovins::print,REUSSIR BOVINS,Print,Parution,25/2/2025,Mensuel,,
reussir-bovins::print,REUSSIR BOVINS,Print,Bouclage,10/3/2025,Mensuel,,
reussir-bovins::print,REUSSIR BOVINS,Print,Bouclage,7/4/2025,Mensuel,,
reussir-bovins::print,REUSSIR BOVINS,Print,Parution,29/4/2025,Mensuel,,
reussir-bovins::print,REUSSIR BOVINS,Print,Bouclage,9/5/2025,Mensuel,,
reussir-bovins::print,REUSSIR BOVINS,Print,Parution,5/6/2025,Mensuel,,
reussir-bovins::print,REUSSIR BOVINS,Print,Bouclage,6/6/2025,Mensuel,,
reussir-bovins::print,REUSSIR BOVINS,Print,Parution,2/7/2025,Mensuel,,
reussir-bovins::print,REUSSIR BOVINS,Print,Bouclage,18/8/2025,Mensuel,,
reussir-bovins::print,REUSSIR BOVINS,Print,Parution,10/9/2025,Mensuel,,
reussir-bovins::print,REUSSIR BOVINS,Print,Bouclage,8/9/2025,Mensuel,,
reussir-bovins::print,REUSSIR BOVINS,Print,Parution,30/9/2025,Mensuel,,
reussir-bovins::print,REUSSIR BOVINS,Print,Bouclage,6/10/2025,Mensuel,,
reussir-bovins::print,REUSSIR BOVINS,Print,Parution,29/10/2025,Mensuel,,
reussir-bovins::print,REUSSIR BOVINS,Print,Bouclage,31/10/2025,Mensuel,,
reussir-bovins::print,REUSSIR BOVINS,Print,Parution,3/12/2025,Mensuel,,
reussir-grandes-cultures::print,REUSSIR GRANDES CULTURES,Print,Bouclage,17/2/2025,Mensuel,,
reussir-grandes-cultures::print,REUSSIR GRANDES CULTURES,Print,Parution,12/3/2025,Mensuel,,
reussir-grandes-cultures::print,REUSSIR GRANDES CULTURES,Print,Bouclage,25/3/2025,Mensuel,,
reussir-grandes-cultures::print,REUSSIR GRANDES CULTURES,Print,Parution,16/4/2025,Mensuel,,
reussir-grandes-cultures::print,REUSSIR GRANDES CULTURES,Print,Bouclage,18/4/2025,Mensuel,,
reussir-grandes-cultures::print,REUSSIR GRANDES CULTURES,Print,Parution,14/5/2025,Mensuel,,
reussir-grandes-cultures::print,REUSSIR GRANDES CULTURES,Print,Bouclage,23/5/2025,Mensuel,,
reussir-grandes-cultures::print,REUSSIR GRANDES CULTURES,Print,Parution,18/6/2025,Mensuel,,
reussir-grandes-cultures::print,REUSSIR GRANDES CULTURES,Print,Bouclage,23/6/2025,Mensuel,,
reussir-grandes-cultures::print,REUSSIR GRANDES CULTURES,Print,Parution,17/7/2025,Mensuel,,
reussir-grandes-cultures::print,REUSSIR GRANDES CULTURES,Print,Bouclage,7/8/2025,Mensuel,,
reussir-grandes-cultures::print,REUSSIR GRANDES CULTURES,Print,Parution,2/9/2025,Mensuel,,
reussir-grandes-cultures::print,REUSSIR GRANDES CULTURES,Print,Bouclage,22/9/2025,Mensuel,,
reussir-grandes-cultures::print,REUSSIR GRANDES CULTURES,Print,Parution,14/10/2025,Mensuel,,
reussir-grandes-cultures::print,REUSSIR GRANDES CULTURES,Print,Bouclage,14/10/2025,Mensuel,,
reussir-grandes-cultures::print,REUSSIR GRANDES CULTURES,Print,Parution,5/11/2025,Mensuel,,
reussir-grandes-cultures::print,REUSSIR GRANDES CULTURES,Print,Bouclage,17/11/2025,Mensuel,,
reussir-grandes-cultures::print,REUSSIR GRANDES CULTURES,Print,Parution,9/12/2025,Mensuel,,
reussir-lait::print,REUSSIR LAIT,Print,Bouclage,14/2/2025,Mensuel,,
reussir-lait::print,REUSSIR LAIT,Print,Parution,11/3/2025,Mensuel,,
reussir-lait::print,REUSSIR LAIT,Print,Bouclage,14/3/2025,Mensuel,,
reussir-lait::print,REUSSIR LAIT,Print,Parution,8/4/2025,Mensuel,,
reussir-lait::print,REUSSIR LAIT,Print,Bouclage,11/4/2025,Mensuel,,
reussir-lait::print,REUSSIR LAIT,Print,Parution,7/5/2025,Mensuel,,
reussir-lait::print,REUSSIR LAIT,Print,Bouclage,12/5/2025,Mensuel,,
reussir-lait::print,REUSSIR LAIT,Print,Parution,4/6/2025,Mensuel,,
reussir-lait::print,REUSSIR LAIT,Print,Bouclage,14/8/2025,Mensuel,,
reussir-lait::print,REUSSIR LAIT,Print,Parution,9/9/2025,Mensuel,,
reussir-lait::print,REUSSIR LAIT,Print,Bouclage,16/9/2025,Mensuel,,
reussir-lait::print,REUSSIR LAIT,Print,Parution,8/10/2025,Mensuel,,
reussir-lait::print,REUSSIR LAIT,Print,Bouclage,13/10/2025,Mensuel,,
reussir-lait::print,REUSSIR LAIT,Print,Parution,5/11/2025,Mensuel,,
reussir-lait::print,REUSSIR LAIT,Print,Bouclage,18/11/2025,Mensuel,,
reussir-lait::print,REUSSIR LAIT,Print,Parution,10/12/2025,Mensuel,,
revue-banque::print,REVUE BANQUE,Print,Bouclage,17/2/2025,Mensuel,,
revue-banque::print,REVUE BANQUE,Print,Parution,10/3/2025,Mensuel,,
revue-banque::print,REVUE BANQUE,Print,Bouclage,18/3/2025,Mensuel,,
revue-banque::print,REVUE BANQUE,Print,Parution,8/4/2025,Mensuel,,
revue-banque::print,REVUE BANQUE,Print,Bouclage,15/4/2025,Mensuel,,
revue-banque::print,REVUE BANQUE,Print,Parution,6/5/2025,Mensuel,,
revue-banque::print,REVUE BANQUE,Print,Bouclage,16/5/2025,Mensuel,,
revue-banque::print,REVUE BANQUE,Print,Parution,6/6/2025,Mensuel,,
revue-banque::print,REVUE BANQUE,Print,Bouclage,17/6/2025,Mensuel,,
revue-banque::print,REVUE BANQUE,Print,Parution,8/7/2025,Mensuel,,
revue-banque::print,REVUE BANQUE,Print,Bouclage,18/8/2025,Mensuel,,
revue-banque::print,REVUE BANQUE,Print,Parution,8/9/2025,Mensuel,,
revue-banque::print,REVUE BANQUE,Print,Bouclage,16/9/2025,Mensuel,,
revue-banque::print,REVUE BANQUE,Print,Parution,7/10/2025,Mensuel,,
revue-banque::print,REVUE BANQUE,Print,Bouclage,17/10/2025,Mensuel,,
revue-banque::print,REVUE BANQUE,Print,Parution,7/11/2025,Mensuel,,
revue-banque::print,REVUE BANQUE,Print,Bouclage,17/11/2025,Mensuel,,
revue-banque::print,REVUE BANQUE,Print,Parution,8/12/2025,Mensuel,,
revue-des-collectivites-locales::print,REVUE DES COLLECTIVITES LOCALES,Print,Bouclage,21/3/2025,Trimestriel,,
revue-des-collectivites-locales::print,REVUE DES COLLECTIVITES LOCALES,Print,Parution,28/3/2025,Trimestriel,,
revue-des-collectivites-locales::print,REVUE DES COLLECTIVITES LOCALES,Print,Bouclage,23/5/2025,Trimestriel,,
revue-des-collectivites-locales::print,REVUE DES COLLECTIVITES LOCALES,Print,Parution,2/6/2025,Trimestriel,,
revue-des-collectivites-locales::print,REVUE DES COLLECTIVITES LOCALES,Print,Bouclage,8/9/2025,Trimestriel,,
revue-des-collectivites-locales::print,REVUE DES COLLECTIVITES LOCALES,Print,Parution,19/9/2025,Trimestriel,,
revue-des-collectivites-locales::print,REVUE DES COLLECTIVITES LOCALES,Print,Bouclage,5/11/2025,Trimestriel,,
revue-des-collectivites-locales::print,REVUE DES COLLECTIVITES LOCALES,Print,Parution,19/11/2025,Trimestriel,,
la-revue-de-l-infirmiere::print,LA REVUE DE L'INFIRMIERE,Print,Bouclage,13/1/2025,Mensuel,,
la-revue-de-l-infirmiere::print,LA REVUE DE L'INFIRMIERE,Print,Parution,22/1/2025,Mensuel,,
la-revue-de-l-infirmiere::print,LA REVUE DE L'INFIRMIERE,Print,Bouclage,17/2/2025,Mensuel,,
la-revue-de-l-infirmiere::print,LA REVUE DE L'INFIRMIERE,Print,Parution,26/2/2025,Mensuel,,
la-revue-de-l-infirmiere::print,LA REVUE DE L'INFIRMIERE,Print,Bouclage,17/3/2025,Mensuel,,
la-revue-de-l-infirmiere::print,LA REVUE DE L'INFIRMIERE,Print,Parution,26/3/2025,Mensuel,,
la-revue-de-l-infirmiere::print,LA REVUE DE L'INFIRMIERE,Print,Bouclage,15/4/2025,Mensuel,,
la-revue-de-l-infirmiere::print,LA REVUE DE L'INFIRMIERE,Print,Parution,24/4/2025,Mensuel,,
la-revue-de-l-infirmiere::print,LA REVUE DE L'INFIRMIERE,Print,Bouclage,19/5/2025,Mensuel,,
la-revue-de-l-infirmiere::print,LA REVUE DE L'INFIRMIERE,Print,Parution,28/5/2025,Mensuel,,
la-revue-de-l-infirmiere::print,LA REVUE DE L'INFIRMIERE,Print,Bouclage,16/6/2025,Mensuel,,
la-revue-de-l-infirmiere::print,LA REVUE DE L'INFIRMIERE,Print,Parution,25/6/2025,Mensuel,,
la-revue-de-l-infirmiere::print,LA REVUE DE L'INFIRMIERE,Print,Bouclage,30/7/2025,Mensuel,,
la-revue-de-l-infirmiere::print,LA REVUE DE L'INFIRMIERE,Print,Parution,3/9/2025,Mensuel,,
la-revue-de-l-infirmiere::print,LA REVUE DE L'INFIRMIERE,Print,Bouclage,22/9/2025,Mensuel,,
la-revue-de-l-infirmiere::print,LA REVUE DE L'INFIRMIERE,Print,Parution,1/10/2025,Mensuel,,
la-revue-de-l-infirmiere::print,LA REVUE DE L'INFIRMIERE,Print,Bouclage,20/10/2025,Mensuel,,
la-revue-de-l-infirmiere::print,LA REVUE DE L'INFIRMIERE,Print,Parution,29/10/2025,Mensuel,,
la-revue-de-l-infirmiere::print,LA REVUE DE L'INFIRMIERE,Print,Bouclage,17/11/2025,Mensuel,,
la-revue-de-l-infirmiere::print,LA REVUE DE L'INFIRMIERE,Print,Parution,26/11/2025,Mensuel,,
la-revue-des-tabacs::print,LA REVUE DES TABACS,Print,Bouclage,24/3/2025,Mensuel,,
la-revue-des-tabacs::print,LA REVUE DES TABACS,Print,Parution,2/4/2025,Mensuel,,
la-revue-des-tabacs::print,LA REVUE DES TABACS,Print,Bouclage,22/4/2025,Mensuel,,
la-revue-des-tabacs::print,LA REVUE DES TABACS,Print,Parution,2/5/2025,Mensuel,,
la-revue-des-tabacs::print,LA REVUE DES TABACS,Print,Bouclage,21/5/2025,Mensuel,,
la-revue-des-tabacs::print,LA REVUE DES TABACS,Print,Parution,2/6/2025,Mensuel,,
la-revue-des-tabacs::print,LA REVUE DES TABACS,Print,Bouclage,23/6/2025,Mensuel,,
la-revue-des-tabacs::print,LA REVUE DES TABACS,Print,Parution,2/7/2025,Mensuel,,
la-revue-des-tabacs::print,LA REVUE DES TABACS,Print,Bouclage,22/8/2025,Mensuel,,
la-revue-des-tabacs::print,LA REVUE DES TABACS,Print,Parution,2/9/2025,Mensuel,,
la-revue-des-tabacs::print,LA REVUE DES TABACS,Print,Bouclage,19/9/2025,Mensuel,,
la-revue-des-tabacs::print,LA REVUE DES TABACS,Print,Parution,30/9/2025,Mensuel,,
la-revue-des-tabacs::print,LA REVUE DES TABACS,Print,Bouclage,24/10/2025,Mensuel,,
la-revue-des-tabacs::print,LA REVUE DES TABACS,Print,Parution,4/11/2025,Mensuel,,
la-revue-des-tabacs::print,LA REVUE DES TABACS,Print,Bouclage,21/11/2025,Mensuel,,
la-revue-des-tabacs::print,LA REVUE DES TABACS,Print,Parution,2/12/2025,Mensuel,,
la-revue-du-praticien::print,LA REVUE DU PRATICIEN,Print,Bouclage,15/1/2025,Mensuel,,
la-revue-du-praticien::print,LA REVUE DU PRATICIEN,Print,Parution,24/1/2025,Mensuel,,
la-revue-du-praticien::print,LA REVUE DU PRATICIEN,Print,Bouclage,12/2/2025,Mensuel,,
la-revue-du-praticien::print,LA REVUE DU PRATICIEN,Print,Parution,21/2/2025,Mensuel,,
la-revue-du-praticien::print,LA REVUE DU PRATICIEN,Print,Bouclage,6/3/2025,Mensuel,,
la-revue-du-praticien::print,LA REVUE DU PRATICIEN,Print,Parution,18/3/2025,Mensuel,,
la-revue-du-praticien::print,LA REVUE DU PRATICIEN,Print,Bouclage,10/4/2025,Mensuel,,
la-revue-du-praticien::print,LA REVUE DU PRATICIEN,Print,Parution,22/4/2025,Mensuel,,
la-revue-du-praticien::print,LA REVUE DU PRATICIEN,Print,Bouclage,14/5/2025,Mensuel,,
la-revue-du-praticien::print,LA REVUE DU PRATICIEN,Print,Parution,23/5/2025,Mensuel,,
la-revue-du-praticien::print,LA REVUE DU PRATICIEN,Print,Bouclage,13/6/2025,Mensuel,,
la-revue-du-praticien::print,LA REVUE DU PRATICIEN,Print,Parution,24/6/2025,Mensuel,,
la-revue-du-praticien::print,LA REVUE DU PRATICIEN,Print,Bouclage,5/9/2025,Mensuel,,
la-revue-du-praticien::print,LA REVUE DU PRATICIEN,Print,Parution,16/9/2025,Mensuel,,
la-revue-du-praticien::print,LA REVUE DU PRATICIEN,Print,Bouclage,3/10/2025,Mensuel,,
la-revue-du-praticien::print,LA REVUE DU PRATICIEN,Print,Parution,14/10/2025,Mensuel,,
la-revue-du-praticien::print,LA REVUE DU PRATICIEN,Print,Bouclage,13/11/2025,Mensuel,,
la-revue-du-praticien::print,LA REVUE DU PRATICIEN,Print,Parution,24/1/2025,Mensuel,,
la-revue-du-praticien::print,LA REVUE DU PRATICIEN,Print,Bouclage,10/12/2025,Mensuel,,
la-revue-du-praticien::print,LA REVUE DU PRATICIEN,Print,Parution,19/12/2025,Mensuel,,
la-revue-du-praticien-medecine-generale::print,"LA REVUE DU PRATICIEN, MEDECINE GENERALE",Print,Bouclage,10/1/2025,Mensuel,,
la-revue-du-praticien-medecine-generale::print,"LA REVUE DU PRATICIEN, MEDECINE GENERALE",Print,Parution,17/1/2025,Mensuel,,
la-revue-du-praticien-medecine-generale::print,"LA REVUE DU PRATICIEN, MEDECINE GENERALE",Print,Bouclage,31/1/2025,Mensuel,,
la-revue-du-praticien-medecine-generale::print,"LA REVUE DU PRATICIEN, MEDECINE GENERALE",Print,Parution,11/2/2025,Mensuel,,
la-revue-du-praticien-medecine-generale::print,"LA REVUE DU PRATICIEN, MEDECINE GENERALE",Print,Bouclage,28/2/2025,Mensuel,,
la-revue-du-praticien-medecine-generale::print,"LA REVUE DU PRATICIEN, MEDECINE GENERALE",Print,Parution,11/3/2025,Mensuel,,
la-revue-du-praticien-medecine-generale::print,"LA REVUE DU PRATICIEN, MEDECINE GENERALE",Print,Bouclage,2/4/2025,Mensuel,,
la-revue-du-praticien-medecine-generale::print,"LA REVUE DU PRATICIEN, MEDECINE GENERALE",Print,Parution,11/4/2025,Mensuel,,
la-revue-du-praticien-medecine-generale::print,"LA REVUE DU PRATICIEN, MEDECINE GENERALE",Print,Bouclage,30/4/2025,Mensuel,,
la-revue-du-praticien-medecine-generale::print,"LA REVUE DU PRATICIEN, MEDECINE GENERALE",Print,Parution,13/5/2025,Mensuel,,
la-revue-du-praticien-medecine-generale::print,"LA REVUE DU PRATICIEN, MEDECINE GENERALE",Print,Bouclage,5/6/2025,Mensuel,,
la-revue-du-praticien-medecine-generale::print,"LA REVUE DU PRATICIEN, MEDECINE GENERALE",Print,Parution,17/6/2025,Mensuel,,
la-revue-du-praticien-medecine-generale::print,"LA REVUE DU PRATICIEN, MEDECINE GENERALE",Print,Bouclage,2/9/2025,Mensuel,,
la-revue-du-praticien-medecine-generale::print,"LA REVUE DU PRATICIEN, MEDECINE GENERALE",Print,Parution,9/9/2025,Mensuel,,
la-revue-du-praticien-medecine-generale::print,"LA REVUE DU PRATICIEN, MEDECINE GENERALE",Print,Bouclage,26/9/2025,Mensuel,,
la-revue-du-praticien-medecine-generale::print,"LA REVUE DU PRATICIEN, MEDECINE GENERALE",Print,Parution,7/10/2025,Mensuel,,
la-revue-du-praticien-medecine-generale::print,"LA REVUE DU PRATICIEN, MEDECINE GENERALE",Print,Bouclage,4/11/2025,Mensuel,,
la-revue-du-praticien-medecine-generale::print,"LA REVUE DU PRATICIEN, MEDECINE GENERALE",Print,Parution,12/11/2025,Mensuel,,
la-revue-du-praticien-medecine-generale::print,"LA REVUE DU PRATICIEN, MEDECINE GENERALE",Print,Bouclage,28/11/2025,Mensuel,,
la-revue-du-praticien-medecine-generale::print,"LA REVUE DU PRATICIEN, MEDECINE GENERALE",Print,Parution,9/12/2025,Mensuel,,
revue-hospitaliere-de-france::print,REVUE HOSPITALIERE DE FRANCE,Print,Bouclage,27/1/2025,Bimestriel,,
revue-hospitaliere-de-france::print,REVUE HOSPITALIERE DE FRANCE,Print,Parution,17/2/2025,Bimestriel,,
revue-hospitaliere-de-france::print,REVUE HOSPITALIERE DE FRANCE,Print,Bouclage,24/3/2025,Bimestriel,,
revue-hospitaliere-de-france::print,REVUE HOSPITALIERE DE FRANCE,Print,Parution,21/4/2025,Bimestriel,,
revue-hospitaliere-de-france::print,REVUE HOSPITALIERE DE FRANCE,Print,Bouclage,19/5/2025,Bimestriel,,
revue-hospitaliere-de-france::print,REVUE HOSPITALIERE DE FRANCE,Print,Parution,16/6/2025,Bimestriel,,
revue-hospitaliere-de-france::print,REVUE HOSPITALIERE DE FRANCE,Print,Bouclage,22/9/2025,Bimestriel,,
revue-hospitaliere-de-france::print,REVUE HOSPITALIERE DE FRANCE,Print,Parution,20/10/2025,Bimestriel,,
revue-hospitaliere-de-france::print,REVUE HOSPITALIERE DE FRANCE,Print,Bouclage,17/10/2025,Bimestriel,,
revue-hospitaliere-de-france::print,REVUE HOSPITALIERE DE FRANCE,Print,Parution,15/11/2025,Bimestriel,,
rh-m::print,RH&M,Print,Bouclage,25/3/2025,Trimestriel,,
rh-m::print,RH&M,Print,Parution,15/4/2025,Trimestriel,,
rh-m::print,RH&M,Print,Bouclage,24/6/2025,Trimestriel,,
rh-m::print,RH&M,Print,Parution,15/7/2025,Trimestriel,,
rh-m::print,RH&M,Print,Bouclage,24/9/2025,Trimestriel,,
rh-m::print,RH&M,Print,Parution,15/10/2025,Trimestriel,,
rhumatos::print,RHUMATOS,Print,Bouclage,,Mensuel,,
rhumatos::print,RHUMATOS,Print,Parution,,Mensuel,,
rhumatos::print,RHUMATOS,Print,Bouclage,,Mensuel,,
rhumatos::print,RHUMATOS,Print,Parution,,Mensuel,,
rhumatos::print,RHUMATOS,Print,Bouclage,,Mensuel,,
rhumatos::print,RHUMATOS,Print,Parution,,Mensuel,,
rhumatos::print,RHUMATOS,Print,Bouclage,,Mensuel,,
rhumatos::print,RHUMATOS,Print,Parution,,Mensuel,,
rhumatos::print,RHUMATOS,Print,Bouclage,,Mensuel,,
rhumatos::print,RHUMATOS,Print,Parution,,Mensuel,,
rhumatos::print,RHUMATOS,Print,Bouclage,,Mensuel,,
rhumatos::print,RHUMATOS,Print,Parution,,Mensuel,,
rhumatos::print,RHUMATOS,Print,Bouclage,,Mensuel,,
rhumatos::print,RHUMATOS,Print,Parution,,Mensuel,,
rhumatos::print,RHUMATOS,Print,Bouclage,,Mensuel,,
rhumatos::print,RHUMATOS,Print,Parution,,Mensuel,,
rhumatos::print,RHUMATOS,Print,Bouclage,,Mensuel,,
rhumatos::print,RHUMATOS,Print,Parution,,Mensuel,,
rhumatos::print,RHUMATOS,Print,Bouclage,,Mensuel,,
rhumatos::print,RHUMATOS,Print,Parution,,Mensuel,,
rhumatos::print,RHUMATOS,Print,Bouclage,,Mensuel,,
rhumatos::print,RHUMATOS,Print,Parution,,Mensuel,,
ria-la-revue-de-l-industrie-agroalimentaire::print,RIA (LA REVUE DE L'INDUSTRIE AGROALIMENTAIRE),Print,Bouclage,3/2/2025,Mensuel,,
ria-la-revue-de-l-industrie-agroalimentaire::print,RIA (LA REVUE DE L'INDUSTRIE AGROALIMENTAIRE),Print,Parution,24/2/2025,Mensuel,,
ria-la-revue-de-l-industrie-agroalimentaire::print,RIA (LA REVUE DE L'INDUSTRIE AGROALIMENTAIRE),Print,Bouclage,25/2/2025,Mensuel,,
ria-la-revue-de-l-industrie-agroalimentaire::print,RIA (LA REVUE DE L'INDUSTRIE AGROALIMENTAIRE),Print,Parution,18/3/2025,Mensuel,,
ria-la-revue-de-l-industrie-agroalimentaire::print,RIA (LA REVUE DE L'INDUSTRIE AGROALIMENTAIRE),Print,Bouclage,25/3/2025,Mensuel,,
ria-la-revue-de-l-industrie-agroalimentaire::print,RIA (LA REVUE DE L'INDUSTRIE AGROALIMENTAIRE),Print,Parution,15/4/2025,Mensuel,,
ria-la-revue-de-l-industrie-agroalimentaire::print,RIA (LA REVUE DE L'INDUSTRIE AGROALIMENTAIRE),Print,Bouclage,24/4/2025,Mensuel,,
ria-la-revue-de-l-industrie-agroalimentaire::print,RIA (LA REVUE DE L'INDUSTRIE AGROALIMENTAIRE),Print,Parution,15/5/2025,Mensuel,,
ria-la-revue-de-l-industrie-agroalimentaire::print,RIA (LA REVUE DE L'INDUSTRIE AGROALIMENTAIRE),Print,Bouclage,23/5/2025,Mensuel,,
ria-la-revue-de-l-industrie-agroalimentaire::print,RIA (LA REVUE DE L'INDUSTRIE AGROALIMENTAIRE),Print,Parution,13/6/2025,Mensuel,,
ria-la-revue-de-l-industrie-agroalimentaire::print,RIA (LA REVUE DE L'INDUSTRIE AGROALIMENTAIRE),Print,Bouclage,24/6/2025,Mensuel,,
ria-la-revue-de-l-industrie-agroalimentaire::print,RIA (LA REVUE DE L'INDUSTRIE AGROALIMENTAIRE),Print,Parution,15/7/2025,Mensuel,,
ria-la-revue-de-l-industrie-agroalimentaire::print,RIA (LA REVUE DE L'INDUSTRIE AGROALIMENTAIRE),Print,Bouclage,22/8/2025,Mensuel,,
ria-la-revue-de-l-industrie-agroalimentaire::print,RIA (LA REVUE DE L'INDUSTRIE AGROALIMENTAIRE),Print,Parution,12/9/2025,Mensuel,,
ria-la-revue-de-l-industrie-agroalimentaire::print,RIA (LA REVUE DE L'INDUSTRIE AGROALIMENTAIRE),Print,Bouclage,23/9/2025,Mensuel,,
ria-la-revue-de-l-industrie-agroalimentaire::print,RIA (LA REVUE DE L'INDUSTRIE AGROALIMENTAIRE),Print,Parution,14/10/2025,Mensuel,,
ria-la-revue-de-l-industrie-agroalimentaire::print,RIA (LA REVUE DE L'INDUSTRIE AGROALIMENTAIRE),Print,Bouclage,21/10/2025,Mensuel,,
ria-la-revue-de-l-industrie-agroalimentaire::print,RIA (LA REVUE DE L'INDUSTRIE AGROALIMENTAIRE),Print,Parution,11/11/2025,Mensuel,,
ria-la-revue-de-l-industrie-agroalimentaire::print,RIA (LA REVUE DE L'INDUSTRIE AGROALIMENTAIRE),Print,Bouclage,25/11/2025,Mensuel,,
ria-la-revue-de-l-industrie-agroalimentaire::print,RIA (LA REVUE DE L'INDUSTRIE AGROALIMENTAIRE),Print,Parution,16/12/2025,Mensuel,,
route-actualite::print,ROUTE ACTUALITE,Print,Bouclage,7/2/2025,Bimestriel,,
route-actualite::print,ROUTE ACTUALITE,Print,Parution,12/3/2025,Bimestriel,,
route-actualite::print,ROUTE ACTUALITE,Print,Bouclage,12/5/2025,Bimestriel,,
route-actualite::print,ROUTE ACTUALITE,Print,Parution,18/6/2025,Bimestriel,,
route-actualite::print,ROUTE ACTUALITE,Print,Bouclage,14/8/2025,Bimestriel,,
route-actualite::print,ROUTE ACTUALITE,Print,Parution,24/9/2025,Bimestriel,,
route-actualite::print,ROUTE ACTUALITE,Print,Bouclage,20/10/2025,Bimestriel,,
route-actualite::print,ROUTE ACTUALITE,Print,Parution,25/11/2025,Bimestriel,,
les-routiers::print,LES ROUTIERS,Print,Bouclage,13/1/2025,Mensuel,,
les-routiers::print,LES ROUTIERS,Print,Parution,1/2/2025,Mensuel,,
les-routiers::print,LES ROUTIERS,Print,Bouclage,10/2/2025,Mensuel,,
les-routiers::print,LES ROUTIERS,Print,Parution,1/3/2025,Mensuel,,
les-routiers::print,LES ROUTIERS,Print,Bouclage,11/3/2025,Mensuel,,
les-routiers::print,LES ROUTIERS,Print,Parution,1/4/2025,Mensuel,,
les-routiers::print,LES ROUTIERS,Print,Bouclage,11/4/2025,Mensuel,,
les-routiers::print,LES ROUTIERS,Print,Parution,2/5/2025,Mensuel,,
les-routiers::print,LES ROUTIERS,Print,Bouclage,12/5/2025,Mensuel,,
les-routiers::print,LES ROUTIERS,Print,Parution,2/6/2025,Mensuel,,
les-routiers::print,LES ROUTIERS,Print,Bouclage,9/6/2025,Mensuel,,
les-routiers::print,LES ROUTIERS,Print,Parution,30/6/2025,Mensuel,,
les-routiers::print,LES ROUTIERS,Print,Bouclage,11/8/2025,Mensuel,,
les-routiers::print,LES ROUTIERS,Print,Parution,1/9/2025,Mensuel,,
les-routiers::print,LES ROUTIERS,Print,Bouclage,10/9/2025,Mensuel,,
les-routiers::print,LES ROUTIERS,Print,Parution,1/10/2025,Mensuel,,
les-routiers::print,LES ROUTIERS,Print,Bouclage,13/10/2025,Mensuel,,
les-routiers::print,LES ROUTIERS,Print,Parution,1/11/2025,Mensuel,,
les-routiers::print,LES ROUTIERS,Print,Bouclage,10/11/2025,Mensuel,,
les-routiers::print,LES ROUTIERS,Print,Parution,1/12/2025,Mensuel,,
rungis-actualites::print,RUNGIS ACTUALITES,Print,Bouclage,8/1/2025,Mensuel,,
rungis-actualites::print,RUNGIS ACTUALITES,Print,Parution,23/1/2025,Mensuel,,
rungis-actualites::print,RUNGIS ACTUALITES,Print,Bouclage,5/3/2025,Mensuel,,
rungis-actualites::print,RUNGIS ACTUALITES,Print,Parution,20/3/2025,Mensuel,,
rungis-actualites::print,RUNGIS ACTUALITES,Print,Bouclage,7/5/2025,Mensuel,,
rungis-actualites::print,RUNGIS ACTUALITES,Print,Parution,26/5/2025,Mensuel,,
salles-propres::print,SALLES PROPRES,Print,Bouclage,10/2/2025,Bimestriel,,
salles-propres::print,SALLES PROPRES,Print,Parution,19/3/2025,Bimestriel,,
salles-propres::print,SALLES PROPRES,Print,Bouclage,3/4/2025,Bimestriel,,
salles-propres::print,SALLES PROPRES,Print,Parution,15/5/2025,Bimestriel,,
salles-propres::print,SALLES PROPRES,Print,Bouclage,12/6/2025,Bimestriel,,
salles-propres::print,SALLES PROPRES,Print,Parution,17/7/2025,Bimestriel,,
salles-propres::print,SALLES PROPRES,Print,Bouclage,12/9/2025,Bimestriel,,
salles-propres::print,SALLES PROPRES,Print,Parution,17/10/2025,Bimestriel,,
salles-propres::print,SALLES PROPRES,Print,Bouclage,10/11/2025,Bimestriel,,
salles-propres::print,SALLES PROPRES,Print,Parution,16/12/2025,Bimestriel,,
la-semaine-juridique-edition-generale::print,LA SEMAINE JURIDIQUE (EDITION GENERALE),Print,Bouclage,,Hebdomadaire,,
la-semaine-juridique-edition-generale::print,LA SEMAINE JURIDIQUE (EDITION GENERALE),Print,Parution,,Hebdomadaire,,
la-semaine-juridique-edition-generale::print,LA SEMAINE JURIDIQUE (EDITION GENERALE),Print,Bouclage,,Hebdomadaire,,
la-semaine-juridique-edition-generale::print,LA SEMAINE JURIDIQUE (EDITION GENERALE),Print,Parution,,Hebdomadaire,,
la-semaine-juridique-edition-generale::print,LA SEMAINE JURIDIQUE (EDITION GENERALE),Print,Bouclage,,Hebdomadaire,,
la-semaine-juridique-edition-generale::print,LA SEMAINE JURIDIQUE (EDITION GENERALE),Print,Parution,,Hebdomadaire,,
la-semaine-juridique-edition-generale::print,LA SEMAINE JURIDIQUE (EDITION GENERALE),Print,Bouclage,,Hebdomadaire,,
la-semaine-juridique-edition-generale::print,LA SEMAINE JURIDIQUE (EDITION GENERALE),Print,Parution,,Hebdomadaire,,
la-semaine-juridique-edition-generale::print,LA SEMAINE JURIDIQUE (EDITION GENERALE),Print,Bouclage,,Hebdomadaire,,
la-semaine-juridique-edition-generale::print,LA SEMAINE JURIDIQUE (EDITION GENERALE),Print,Parution,,Hebdomadaire,,
la-semaine-juridique-edition-generale::print,LA SEMAINE JURIDIQUE (EDITION GENERALE),Print,Bouclage,,Hebdomadaire,,
la-semaine-juridique-edition-generale::print,LA SEMAINE JURIDIQUE (EDITION GENERALE),Print,Parution,,Hebdomadaire,,
la-semaine-juridique-edition-generale::print,LA SEMAINE JURIDIQUE (EDITION GENERALE),Print,Bouclage,,Hebdomadaire,,
la-semaine-juridique-edition-generale::print,LA SEMAINE JURIDIQUE (EDITION GENERALE),Print,Parution,,Hebdomadaire,,
la-semaine-juridique-edition-generale::print,LA SEMAINE JURIDIQUE (EDITION GENERALE),Print,Bouclage,,Hebdomadaire,,
la-semaine-juridique-edition-generale::print,LA SEMAINE JURIDIQUE (EDITION GENERALE),Print,Parution,,Hebdomadaire,,
la-semaine-juridique-edition-generale::print,LA SEMAINE JURIDIQUE (EDITION GENERALE),Print,Bouclage,,Hebdomadaire,,
la-semaine-juridique-edition-generale::print,LA SEMAINE JURIDIQUE (EDITION GENERALE),Print,Parution,,Hebdomadaire,,
la-semaine-juridique-edition-generale::print,LA SEMAINE JURIDIQUE (EDITION GENERALE),Print,Bouclage,,Hebdomadaire,,
la-semaine-juridique-edition-generale::print,LA SEMAINE JURIDIQUE (EDITION GENERALE),Print,Parution,,Hebdomadaire,,
la-semaine-juridique-edition-generale::print,LA SEMAINE JURIDIQUE (EDITION GENERALE),Print,Bouclage,,Hebdomadaire,,
la-semaine-juridique-edition-generale::print,LA SEMAINE JURIDIQUE (EDITION GENERALE),Print,Parution,,Hebdomadaire,,
services-proprete::print,SERVICES PROPRETE,Print,Bouclage,25/1/2025,6 Numéros / an,,
services-proprete::print,SERVICES PROPRETE,Print,Parution,15/2/2025,6 Numéros / an,,
services-proprete::print,SERVICES PROPRETE,Print,Bouclage,19/2/2025,6 Numéros / an,,
services-proprete::print,SERVICES PROPRETE,Print,Parution,12/3/2025,6 Numéros / an,,
services-proprete::print,SERVICES PROPRETE,Print,Bouclage,21/5/2025,6 Numéros / an,,
services-proprete::print,SERVICES PROPRETE,Print,Parution,11/6/2025,6 Numéros / an,,
services-proprete::print,SERVICES PROPRETE,Print,Bouclage,25/8/2025,6 Numéros / an,,
services-proprete::print,SERVICES PROPRETE,Print,Parution,15/9/2025,6 Numéros / an,,
services-proprete::print,SERVICES PROPRETE,Print,Bouclage,17/10/2025,6 Numéros / an,,
services-proprete::print,SERVICES PROPRETE,Print,Parution,7/11/2025,6 Numéros / an,,
services-proprete::print,SERVICES PROPRETE,Print,Bouclage,19/11/2025,6 Numéros / an,,
services-proprete::print,SERVICES PROPRETE,Print,Parution,10/12/2025,6 Numéros / an,,
snptes::print,SNPTES,Print,Bouclage,30/1/2025,Trimestriel,,
snptes::print,SNPTES,Print,Parution,20/2/2025,Trimestriel,,
snptes::print,SNPTES,Print,Bouclage,24/3/2025,Trimestriel,,
snptes::print,SNPTES,Print,Parution,22/4/2025,Trimestriel,,
snptes::print,SNPTES,Print,Bouclage,10/7/2025,Trimestriel,,
snptes::print,SNPTES,Print,Parution,15/9/2025,Trimestriel,,
snptes::print,SNPTES,Print,Bouclage,24/11/2025,Trimestriel,,
snptes::print,SNPTES,Print,Parution,22/12/2025,Trimestriel,,
snacking::print,SNACKING,Print,Bouclage,4/2/2025,Bimestriel,,
snacking::print,SNACKING,Print,Parution,21/2/2025,Bimestriel,,
snacking::print,SNACKING,Print,Bouclage,11/3/2025,Bimestriel,,
snacking::print,SNACKING,Print,Parution,28/3/2025,Bimestriel,,
snacking::print,SNACKING,Print,Bouclage,27/5/2025,Bimestriel,,
snacking::print,SNACKING,Print,Parution,13/6/2025,Bimestriel,,
snacking::print,SNACKING,Print,Bouclage,30/9/2025,Bimestriel,,
snacking::print,SNACKING,Print,Parution,17/10/2025,Bimestriel,,
snacking::print,SNACKING,Print,Bouclage,2/12/2025,Bimestriel,,
snacking::print,SNACKING,Print,Parution,19/12/2025,Bimestriel,,
strategies::print,STRATEGIES,Print,Bouclage,,Hebdomadaire (chaque jeudi),,
strategies::print,STRATEGIES,Print,Parution,,Hebdomadaire (chaque jeudi),,
strategies::print,STRATEGIES,Print,Bouclage,,Hebdomadaire (chaque jeudi),,
strategies::print,STRATEGIES,Print,Parution,,Hebdomadaire (chaque jeudi),,
strategies::print,STRATEGIES,Print,Bouclage,,Hebdomadaire (chaque jeudi),,
strategies::print,STRATEGIES,Print,Parution,,Hebdomadaire (chaque jeudi),,
strategies::print,STRATEGIES,Print,Bouclage,,Hebdomadaire (chaque jeudi),,
strategies::print,STRATEGIES,Print,Parution,,Hebdomadaire (chaque jeudi),,
strategies::print,STRATEGIES,Print,Bouclage,,Hebdomadaire (chaque jeudi),,
strategies::print,STRATEGIES,Print,Parution,,Hebdomadaire (chaque jeudi),,
strategies::print,STRATEGIES,Print,Bouclage,,Hebdomadaire (chaque jeudi),,
strategies::print,STRATEGIES,Print,Parution,,Hebdomadaire (chaque jeudi),,
strategies::print,STRATEGIES,Print,Bouclage,,Hebdomadaire (chaque jeudi),,
strategies::print,STRATEGIES,Print,Parution,,Hebdomadaire (chaque jeudi),,
strategies::print,STRATEGIES,Print,Bouclage,,Hebdomadaire (chaque jeudi),,
strategies::print,STRATEGIES,Print,Parution,,Hebdomadaire (chaque jeudi),,
strategies::print,STRATEGIES,Print,Bouclage,,Hebdomadaire (chaque jeudi),,
strategies::print,STRATEGIES,Print,Parution,,Hebdomadaire (chaque jeudi),,
strategies::print,STRATEGIES,Print,Bouclage,,Hebdomadaire (chaque jeudi),,
strategies::print,STRATEGIES,Print,Parution,,Hebdomadaire (chaque jeudi),,
strategies::print,STRATEGIES,Print,Bouclage,,Hebdomadaire (chaque jeudi),,
strategies::print,STRATEGIES,Print,Parution,,Hebdomadaire (chaque jeudi),,
strategie-logistique::print,STRATEGIE LOGISTIQUE,Print,Bouclage,7/2/2025,Bimestriel,,
strategie-logistique::print,STRATEGIE LOGISTIQUE,Print,Parution,17/2/2025,Bimestriel,,
strategie-logistique::print,STRATEGIE LOGISTIQUE,Print,Bouclage,28/3/2025,Bimestriel,,
strategie-logistique::print,STRATEGIE LOGISTIQUE,Print,Parution,7/4/2025,Bimestriel,,
strategie-logistique::print,STRATEGIE LOGISTIQUE,Print,Bouclage,23/5/2025,Bimestriel,,
strategie-logistique::print,STRATEGIE LOGISTIQUE,Print,Parution,2/6/2025,Bimestriel,,
strategie-logistique::print,STRATEGIE LOGISTIQUE,Print,Bouclage,23/8/2025,Bimestriel,,
strategie-logistique::print,STRATEGIE LOGISTIQUE,Print,Parution,1/9/2025,Bimestriel,,
strategie-logistique::print,STRATEGIE LOGISTIQUE,Print,Bouclage,10/10/2025,Bimestriel,,
strategie-logistique::print,STRATEGIE LOGISTIQUE,Print,Parution,20/10/2025,Bimestriel,,
strategie-logistique::print,STRATEGIE LOGISTIQUE,Print,Bouclage,28/11/2025,Bimestriel,,
strategie-logistique::print,STRATEGIE LOGISTIQUE,Print,Parution,8/12/2025,Bimestriel,,
technic-baie::print,TECHNIC'BAIE,Print,Bouclage,27/1/2025,Trimestriel,,
technic-baie::print,TECHNIC'BAIE,Print,Parution,5/3/2025,Trimestriel,,
technic-baie::print,TECHNIC'BAIE,Print,Bouclage,24/3/2025,Trimestriel,,
technic-baie::print,TECHNIC'BAIE,Print,Parution,29/4/2025,Trimestriel,,
technic-baie::print,TECHNIC'BAIE,Print,Bouclage,5/6/2025,Trimestriel,,
technic-baie::print,TECHNIC'BAIE,Print,Parution,15/7/2025,Trimestriel,,
technic-baie::print,TECHNIC'BAIE,Print,Bouclage,10/9/2025,Trimestriel,,
technic-baie::print,TECHNIC'BAIE,Print,Parution,17/10/2025,Trimestriel,,
technic-baie::print,TECHNIC'BAIE,Print,Bouclage,10/11/2025,Trimestriel,,
technic-baie::print,TECHNIC'BAIE,Print,Parution,11/12/2025,Trimestriel,,
terre-net::print,TERRE NET,Print,Bouclage,27/3/2025,Bimestriel,,
terre-net::print,TERRE NET,Print,Parution,10/4/2025,Bimestriel,,
terre-net::print,TERRE NET,Print,Bouclage,5/6/2025,Bimestriel,,
terre-net::print,TERRE NET,Print,Parution,19/6/2025,Bimestriel,,
terrassements-carrieres::print,TERRASSEMENTS & CARRIERES,Print,Bouclage,14/2/2025,Bimestriel,,
terrassements-carrieres::print,TERRASSEMENTS & CARRIERES,Print,Parution,26/2/2025,Bimestriel,,
terrassements-carrieres::print,TERRASSEMENTS & CARRIERES,Print,Bouclage,14/3/2025,Bimestriel,,
terrassements-carrieres::print,TERRASSEMENTS & CARRIERES,Print,Parution,26/3/2025,Bimestriel,,
terrassements-carrieres::print,TERRASSEMENTS & CARRIERES,Print,Bouclage,6/6/2025,Bimestriel,,
terrassements-carrieres::print,TERRASSEMENTS & CARRIERES,Print,Parution,20/6/2025,Bimestriel,,
terrassements-carrieres::print,TERRASSEMENTS & CARRIERES,Print,Bouclage,18/9/2025,Bimestriel,,
terrassements-carrieres::print,TERRASSEMENTS & CARRIERES,Print,Parution,30/9/2025,Bimestriel,,
terrassements-carrieres::print,TERRASSEMENTS & CARRIERES,Print,Bouclage,3/12/2025,Bimestriel,,
terrassements-carrieres::print,TERRASSEMENTS & CARRIERES,Print,Parution,10/12/2025,Bimestriel,,
thuries-gastronomie-magazine::print,THURIES GASTRONOMIE MAGAZINE,Print,Bouclage,12/2/2025,Mensuel,,
thuries-gastronomie-magazine::print,THURIES GASTRONOMIE MAGAZINE,Print,Parution,6/3/2025,Mensuel,,
thuries-gastronomie-magazine::print,THURIES GASTRONOMIE MAGAZINE,Print,Bouclage,9/4/2025,Mensuel,,
thuries-gastronomie-magazine::print,THURIES GASTRONOMIE MAGAZINE,Print,Parution,6/5/2025,Mensuel,,
thuries-gastronomie-magazine::print,THURIES GASTRONOMIE MAGAZINE,Print,Bouclage,12/6/2025,Mensuel,,
thuries-gastronomie-magazine::print,THURIES GASTRONOMIE MAGAZINE,Print,Parution,7/7/2025,Mensuel,,
thuries-gastronomie-magazine::print,THURIES GASTRONOMIE MAGAZINE,Print,Bouclage,12/8/2025,Mensuel,,
thuries-gastronomie-magazine::print,THURIES GASTRONOMIE MAGAZINE,Print,Parution,5/9/2025,Mensuel,,
thuries-gastronomie-magazine::print,THURIES GASTRONOMIE MAGAZINE,Print,Bouclage,13/10/2025,Mensuel,,
thuries-gastronomie-magazine::print,THURIES GASTRONOMIE MAGAZINE,Print,Parution,5/11/2025,Mensuel,,
toiture-magazine::print,TOITURE MAGAZINE,Print,Bouclage,14/2/2025,Trimestriel,,
toiture-magazine::print,TOITURE MAGAZINE,Print,Parution,7/3/2025,Trimestriel,,
toiture-magazine::print,TOITURE MAGAZINE,Print,Bouclage,13/5/2025,Trimestriel,,
toiture-magazine::print,TOITURE MAGAZINE,Print,Parution,3/6/2025,Trimestriel,,
toiture-magazine::print,TOITURE MAGAZINE,Print,Bouclage,3/10/2025,Trimestriel,,
toiture-magazine::print,TOITURE MAGAZINE,Print,Parution,24/10/2025,Trimestriel,,
toiture-magazine::print,TOITURE MAGAZINE,Print,Bouclage,21/11/2025,Trimestriel,,
toiture-magazine::print,TOITURE MAGAZINE,Print,Parution,12/12/2025,Trimestriel,,
tolerie-magazine::print,TOLERIE MAGAZINE,Print,Bouclage,8/1/2025,Mensuel,,
tolerie-magazine::print,TOLERIE MAGAZINE,Print,Parution,30/1/2025,Mensuel,,
tolerie-magazine::print,TOLERIE MAGAZINE,Print,Bouclage,12/2/2025,Mensuel,,
tolerie-magazine::print,TOLERIE MAGAZINE,Print,Parution,4/3/2025,Mensuel,,
tolerie-magazine::print,TOLERIE MAGAZINE,Print,Bouclage,31/3/2025,Mensuel,,
tolerie-magazine::print,TOLERIE MAGAZINE,Print,Parution,18/4/2025,Mensuel,,
tolerie-magazine::print,TOLERIE MAGAZINE,Print,Bouclage,7/5/2025,Mensuel,,
tolerie-magazine::print,TOLERIE MAGAZINE,Print,Parution,27/5/2025,Mensuel,,
tolerie-magazine::print,TOLERIE MAGAZINE,Print,Bouclage,18/6/2025,Mensuel,,
tolerie-magazine::print,TOLERIE MAGAZINE,Print,Parution,8/7/2025,Mensuel,,
tolerie-magazine::print,TOLERIE MAGAZINE,Print,Bouclage,26/8/2025,Mensuel,,
tolerie-magazine::print,TOLERIE MAGAZINE,Print,Parution,12/9/2025,Mensuel,,
tolerie-magazine::print,TOLERIE MAGAZINE,Print,Bouclage,24/9/2025,Mensuel,,
tolerie-magazine::print,TOLERIE MAGAZINE,Print,Parution,14/10/2025,Mensuel,,
tolerie-magazine::print,TOLERIE MAGAZINE,Print,Bouclage,6/11/2025,Mensuel,,
tolerie-magazine::print,TOLERIE MAGAZINE,Print,Parution,26/11/2025,Mensuel,,
la-toque-magazine::print,LA TOQUE MAGAZINE,Print,Bouclage,14/2/2025,Mensuel,,
la-toque-magazine::print,LA TOQUE MAGAZINE,Print,Parution,7/3/2025,Mensuel,,
la-toque-magazine::print,LA TOQUE MAGAZINE,Print,Bouclage,20/3/2025,Mensuel,,
la-toque-magazine::print,LA TOQUE MAGAZINE,Print,Parution,10/4/2025,Mensuel,,
la-toque-magazine::print,LA TOQUE MAGAZINE,Print,Bouclage,17/4/2025,Mensuel,,
la-toque-magazine::print,LA TOQUE MAGAZINE,Print,Parution,8/5/2025,Mensuel,,
la-toque-magazine::print,LA TOQUE MAGAZINE,Print,Bouclage,22/5/2025,Mensuel,,
la-toque-magazine::print,LA TOQUE MAGAZINE,Print,Parution,12/6/2025,Mensuel,,
la-toque-magazine::print,LA TOQUE MAGAZINE,Print,Bouclage,10/8/2025,Mensuel,,
la-toque-magazine::print,LA TOQUE MAGAZINE,Print,Parution,31/8/2025,Mensuel,,
la-toque-magazine::print,LA TOQUE MAGAZINE,Print,Bouclage,10/9/2025,Mensuel,,
la-toque-magazine::print,LA TOQUE MAGAZINE,Print,Parution,1/10/2025,Mensuel,,
la-toque-magazine::print,LA TOQUE MAGAZINE,Print,Bouclage,10/10/2025,Mensuel,,
la-toque-magazine::print,LA TOQUE MAGAZINE,Print,Parution,31/10/2025,Mensuel,,
la-toque-magazine::print,LA TOQUE MAGAZINE,Print,Bouclage,10/11/2025,Mensuel,,
la-toque-magazine::print,LA TOQUE MAGAZINE,Print,Parution,1/12/2025,Mensuel,,
traits-urbains::print,TRAITS URBAINS,Print,Bouclage,26/1/2025,Mensuel,,
traits-urbains::print,TRAITS URBAINS,Print,Parution,9/2/2025,Mensuel,,
traits-urbains::print,TRAITS URBAINS,Print,Bouclage,26/2/2025,Mensuel,,
traits-urbains::print,TRAITS URBAINS,Print,Parution,11/3/2025,Mensuel,,
traits-urbains::print,TRAITS URBAINS,Print,Bouclage,29/4/2025,Mensuel,,
traits-urbains::print,TRAITS URBAINS,Print,Parution,15/5/2025,Mensuel,,
traits-urbains::print,TRAITS URBAINS,Print,Bouclage,18/6/2025,Mensuel,,
traits-urbains::print,TRAITS URBAINS,Print,Parution,1/7/2025,Mensuel,,
traits-urbains::print,TRAITS URBAINS,Print,Bouclage,27/8/2025,Mensuel,,
traits-urbains::print,TRAITS URBAINS,Print,Parution,9/9/2025,Mensuel,,
traits-urbains::print,TRAITS URBAINS,Print,Bouclage,31/10/2025,Mensuel,,
traits-urbains::print,TRAITS URBAINS,Print,Parution,15/11/2025,Mensuel,,
la-tribune-de-l-assurance::print,LA TRIBUNE DE L'ASSURANCE,Print,Bouclage,20/3/2025,Mensuel,,
la-tribune-de-l-assurance::print,LA TRIBUNE DE L'ASSURANCE,Print,Parution,2/4/2025,Mensuel,,
la-tribune-de-l-assurance::print,LA TRIBUNE DE L'ASSURANCE,Print,Bouclage,18/4/2025,Mensuel,,
la-tribune-de-l-assurance::print,LA TRIBUNE DE L'ASSURANCE,Print,Parution,30/4/2025,Mensuel,,
la-tribune-de-l-assurance::print,LA TRIBUNE DE L'ASSURANCE,Print,Bouclage,23/5/2025,Mensuel,,
la-tribune-de-l-assurance::print,LA TRIBUNE DE L'ASSURANCE,Print,Parution,4/6/2025,Mensuel,,
la-tribune-de-l-assurance::print,LA TRIBUNE DE L'ASSURANCE,Print,Bouclage,20/6/2025,Mensuel,,
la-tribune-de-l-assurance::print,LA TRIBUNE DE L'ASSURANCE,Print,Parution,2/7/2025,Mensuel,,
la-tribune-de-l-assurance::print,LA TRIBUNE DE L'ASSURANCE,Print,Bouclage,22/8/2025,Mensuel,,
la-tribune-de-l-assurance::print,LA TRIBUNE DE L'ASSURANCE,Print,Parution,3/9/2025,Mensuel,,
la-tribune-de-l-assurance::print,LA TRIBUNE DE L'ASSURANCE,Print,Bouclage,19/9/2025,Mensuel,,
la-tribune-de-l-assurance::print,LA TRIBUNE DE L'ASSURANCE,Print,Parution,1/10/2025,Mensuel,,
la-tribune-de-l-assurance::print,LA TRIBUNE DE L'ASSURANCE,Print,Bouclage,17/10/2025,Mensuel,,
la-tribune-de-l-assurance::print,LA TRIBUNE DE L'ASSURANCE,Print,Parution,29/10/2025,Mensuel,,
la-tribune-de-l-assurance::print,LA TRIBUNE DE L'ASSURANCE,Print,Bouclage,21/11/2025,Mensuel,,
la-tribune-de-l-assurance::print,LA TRIBUNE DE L'ASSURANCE,Print,Parution,3/12/2025,Mensuel,,
transport-info::print,TRANSPORT INFO,Print,Bouclage,16/1/2025,Mensuel,,
transport-info::print,TRANSPORT INFO,Print,Parution,24/1/2025,Mensuel,,
transport-info::print,TRANSPORT INFO,Print,Bouclage,13/2/2025,Mensuel,,
transport-info::print,TRANSPORT INFO,Print,Parution,21/2/2025,Mensuel,,
transport-info::print,TRANSPORT INFO,Print,Bouclage,13/3/2025,Mensuel,,
transport-info::print,TRANSPORT INFO,Print,Parution,21/3/2025,Mensuel,,
transport-info::print,TRANSPORT INFO,Print,Bouclage,17/4/2025,Mensuel,,
transport-info::print,TRANSPORT INFO,Print,Parution,25/4/2025,Mensuel,,
transport-info::print,TRANSPORT INFO,Print,Bouclage,15/5/2025,Mensuel,,
transport-info::print,TRANSPORT INFO,Print,Parution,23/5/2025,Mensuel,,
transport-info::print,TRANSPORT INFO,Print,Bouclage,12/6/2025,Mensuel,,
transport-info::print,TRANSPORT INFO,Print,Parution,20/6/2025,Mensuel,,
transport-info::print,TRANSPORT INFO,Print,Bouclage,10/7/2025,Mensuel,,
transport-info::print,TRANSPORT INFO,Print,Parution,18/7/2025,Mensuel,,
transport-info::print,TRANSPORT INFO,Print,Bouclage,18/9/2025,Mensuel,,
transport-info::print,TRANSPORT INFO,Print,Parution,26/9/2025,Mensuel,,
transport-info::print,TRANSPORT INFO,Print,Bouclage,16/10/2025,Mensuel,,
transport-info::print,TRANSPORT INFO,Print,Parution,24/10/2025,Mensuel,,
transport-info::print,TRANSPORT INFO,Print,Bouclage,6/11/2025,Mensuel,,
transport-info::print,TRANSPORT INFO,Print,Parution,14/11/2025,Mensuel,,
transport-info::print,TRANSPORT INFO,Print,Bouclage,11/12/2025,Mensuel,,
transport-info::print,TRANSPORT INFO,Print,Parution,19/12/2025,Mensuel,,
trends::print,TRENDS,Print,Bouclage,,Bimestriel,,
trends::print,TRENDS,Print,Parution,,Bimestriel,,
trends::print,TRENDS,Print,Bouclage,,Bimestriel,,
trends::print,TRENDS,Print,Parution,,Bimestriel,,
trends::print,TRENDS,Print,Bouclage,,Bimestriel,,
trends::print,TRENDS,Print,Parution,,Bimestriel,,
trends::print,TRENDS,Print,Bouclage,,Bimestriel,,
trends::print,TRENDS,Print,Parution,,Bimestriel,,
trends::print,TRENDS,Print,Bouclage,,Bimestriel,,
trends::print,TRENDS,Print,Parution,,Bimestriel,,
trends::print,TRENDS,Print,Bouclage,,Bimestriel,,
trends::print,TRENDS,Print,Parution,,Bimestriel,,
trends::print,TRENDS,Print,Bouclage,,Bimestriel,,
trends::print,TRENDS,Print,Parution,,Bimestriel,,
trends::print,TRENDS,Print,Bouclage,,Bimestriel,,
trends::print,TRENDS,Print,Parution,,Bimestriel,,
trends::print,TRENDS,Print,Bouclage,,Bimestriel,,
trends::print,TRENDS,Print,Parution,,Bimestriel,,
trends::print,TRENDS,Print,Bouclage,,Bimestriel,,
trends::print,TRENDS,Print,Parution,,Bimestriel,,
trends::print,TRENDS,Print,Bouclage,,Bimestriel,,
trends::print,TRENDS,Print,Parution,,Bimestriel,,
la-tribune-du-reseau-presse::print,LA TRIBUNE DU RESEAU PRESSE,Print,Bouclage,5/3/2025,Mensuel,,
la-tribune-du-reseau-presse::print,LA TRIBUNE DU RESEAU PRESSE,Print,Parution,17/3/2025,Mensuel,,
la-tribune-du-reseau-presse::print,LA TRIBUNE DU RESEAU PRESSE,Print,Bouclage,4/4/2025,Mensuel,,
la-tribune-du-reseau-presse::print,LA TRIBUNE DU RESEAU PRESSE,Print,Parution,15/4/2025,Mensuel,,
la-tribune-du-reseau-presse::print,LA TRIBUNE DU RESEAU PRESSE,Print,Bouclage,5/5/2025,Mensuel,,
la-tribune-du-reseau-presse::print,LA TRIBUNE DU RESEAU PRESSE,Print,Parution,15/5/2025,Mensuel,,
la-tribune-du-reseau-presse::print,LA TRIBUNE DU RESEAU PRESSE,Print,Bouclage,4/6/2025,Mensuel,,
la-tribune-du-reseau-presse::print,LA TRIBUNE DU RESEAU PRESSE,Print,Parution,16/6/2025,Mensuel,,
la-tribune-du-reseau-presse::print,LA TRIBUNE DU RESEAU PRESSE,Print,Bouclage,3/7/2025,Mensuel,,
la-tribune-du-reseau-presse::print,LA TRIBUNE DU RESEAU PRESSE,Print,Parution,15/7/2025,Mensuel,,
la-tribune-du-reseau-presse::print,LA TRIBUNE DU RESEAU PRESSE,Print,Bouclage,4/9/2025,Mensuel,,
la-tribune-du-reseau-presse::print,LA TRIBUNE DU RESEAU PRESSE,Print,Parution,15/9/2025,Mensuel,,
la-tribune-du-reseau-presse::print,LA TRIBUNE DU RESEAU PRESSE,Print,Bouclage,6/10/2025,Mensuel,,
la-tribune-du-reseau-presse::print,LA TRIBUNE DU RESEAU PRESSE,Print,Parution,15/10/2025,Mensuel,,
la-tribune-du-reseau-presse::print,LA TRIBUNE DU RESEAU PRESSE,Print,Bouclage,5/11/2025,Mensuel,,
la-tribune-du-reseau-presse::print,LA TRIBUNE DU RESEAU PRESSE,Print,Parution,17/11/2025,Mensuel,,
la-tribune-du-reseau-presse::print,LA TRIBUNE DU RESEAU PRESSE,Print,Bouclage,4/12/2025,Mensuel,,
la-tribune-du-reseau-presse::print,LA TRIBUNE DU RESEAU PRESSE,Print,Parution,15/12/2025,Mensuel,,
la-revue-du-trombinoscope::print,LA REVUE DU TROMBINOSCOPE,Print,Bouclage,30/1/2025,Mensuel,,
la-revue-du-trombinoscope::print,LA REVUE DU TROMBINOSCOPE,Print,Parution,6/2/2025,Mensuel,,
la-revue-du-trombinoscope::print,LA REVUE DU TROMBINOSCOPE,Print,Bouclage,27/2/2025,Mensuel,,
la-revue-du-trombinoscope::print,LA REVUE DU TROMBINOSCOPE,Print,Parution,6/3/2025,Mensuel,,
la-revue-du-trombinoscope::print,LA REVUE DU TROMBINOSCOPE,Print,Bouclage,27/3/2025,Mensuel,,
la-revue-du-trombinoscope::print,LA REVUE DU TROMBINOSCOPE,Print,Parution,3/4/2025,Mensuel,,
la-revue-du-trombinoscope::print,LA REVUE DU TROMBINOSCOPE,Print,Bouclage,24/4/2025,Mensuel,,
la-revue-du-trombinoscope::print,LA REVUE DU TROMBINOSCOPE,Print,Parution,2/5/2025,Mensuel,,
la-revue-du-trombinoscope::print,LA REVUE DU TROMBINOSCOPE,Print,Bouclage,28/5/2025,Mensuel,,
la-revue-du-trombinoscope::print,LA REVUE DU TROMBINOSCOPE,Print,Parution,5/6/2025,Mensuel,,
la-revue-du-trombinoscope::print,LA REVUE DU TROMBINOSCOPE,Print,Bouclage,26/6/2025,Mensuel,,
la-revue-du-trombinoscope::print,LA REVUE DU TROMBINOSCOPE,Print,Parution,3/7/2025,Mensuel,,
la-revue-du-trombinoscope::print,LA REVUE DU TROMBINOSCOPE,Print,Bouclage,25/9/2025,Mensuel,,
la-revue-du-trombinoscope::print,LA REVUE DU TROMBINOSCOPE,Print,Parution,2/10/2025,Mensuel,,
la-revue-du-trombinoscope::print,LA REVUE DU TROMBINOSCOPE,Print,Bouclage,30/10/2025,Mensuel,,
la-revue-du-trombinoscope::print,LA REVUE DU TROMBINOSCOPE,Print,Parution,6/11/2025,Mensuel,,
la-revue-du-trombinoscope::print,LA REVUE DU TROMBINOSCOPE,Print,Bouclage,18/12/2025,Mensuel,,
la-revue-du-trombinoscope::print,LA REVUE DU TROMBINOSCOPE,Print,Parution,30/12/2025,Mensuel,,
turbulances::print,TURBULANCES,Print,Bouclage,4/3/2025,Trimestriel,,
turbulances::print,TURBULANCES,Print,Parution,25/3/2025,Trimestriel,,
turbulances::print,TURBULANCES,Print,Bouclage,4/6/2025,Trimestriel,,
turbulances::print,TURBULANCES,Print,Parution,25/6/2025,Trimestriel,,
turbulances::print,TURBULANCES,Print,Bouclage,25/8/2025,Trimestriel,,
turbulances::print,TURBULANCES,Print,Parution,15/9/2025,Trimestriel,,
la-tribune-des-auto-ecoles::print,LA TRIBUNE DES AUTO-ECOLES,Print,Bouclage,20/1/2025,Mensuel,,
la-tribune-des-auto-ecoles::print,LA TRIBUNE DES AUTO-ECOLES,Print,Parution,19/2/2025,Mensuel,,
la-tribune-des-auto-ecoles::print,LA TRIBUNE DES AUTO-ECOLES,Print,Bouclage,3/3/2025,Mensuel,,
la-tribune-des-auto-ecoles::print,LA TRIBUNE DES AUTO-ECOLES,Print,Parution,2/4/2025,Mensuel,,
la-tribune-des-auto-ecoles::print,LA TRIBUNE DES AUTO-ECOLES,Print,Bouclage,7/4/2025,Mensuel,,
la-tribune-des-auto-ecoles::print,LA TRIBUNE DES AUTO-ECOLES,Print,Parution,12/5/2025,Mensuel,,
la-tribune-des-auto-ecoles::print,LA TRIBUNE DES AUTO-ECOLES,Print,Bouclage,3/6/2025,Mensuel,,
la-tribune-des-auto-ecoles::print,LA TRIBUNE DES AUTO-ECOLES,Print,Parution,4/7/2025,Mensuel,,
la-tribune-des-auto-ecoles::print,LA TRIBUNE DES AUTO-ECOLES,Print,Bouclage,18/7/2025,Mensuel,,
la-tribune-des-auto-ecoles::print,LA TRIBUNE DES AUTO-ECOLES,Print,Parution,10/9/2025,Mensuel,,
la-tribune-des-auto-ecoles::print,LA TRIBUNE DES AUTO-ECOLES,Print,Bouclage,22/9/2025,Mensuel,,
la-tribune-des-auto-ecoles::print,LA TRIBUNE DES AUTO-ECOLES,Print,Parution,22/10/2025,Mensuel,,
la-tribune-des-auto-ecoles::print,LA TRIBUNE DES AUTO-ECOLES,Print,Bouclage,7/11/2025,Mensuel,,
la-tribune-des-auto-ecoles::print,LA TRIBUNE DES AUTO-ECOLES,Print,Parution,10/12/2025,Mensuel,,
urbanisme::print,URBANISME,Print,Bouclage,17/2/2025,Bimestriel,,
urbanisme::print,URBANISME,Print,Parution,3/3/2025,Bimestriel,,
urbanisme::print,URBANISME,Print,Bouclage,17/4/2025,Bimestriel,,
urbanisme::print,URBANISME,Print,Parution,1/5/2025,Bimestriel,,
urbanisme::print,URBANISME,Print,Bouclage,19/6/2025,Bimestriel,,
urbanisme::print,URBANISME,Print,Parution,3/7/2025,Bimestriel,,
union-presse::print,UNION PRESSE,Print,Bouclage,14/2/2025,Mensuel,,
union-presse::print,UNION PRESSE,Print,Parution,25/2/2025,Mensuel,,
union-presse::print,UNION PRESSE,Print,Bouclage,14/3/2025,Mensuel,,
union-presse::print,UNION PRESSE,Print,Parution,26/3/2025,Mensuel,,
union-presse::print,UNION PRESSE,Print,Bouclage,15/4/2025,Mensuel,,
union-presse::print,UNION PRESSE,Print,Parution,25/4/2025,Mensuel,,
union-presse::print,UNION PRESSE,Print,Bouclage,15/5/2025,Mensuel,,
union-presse::print,UNION PRESSE,Print,Parution,26/5/2025,Mensuel,,
union-presse::print,UNION PRESSE,Print,Bouclage,16/6/2025,Mensuel,,
union-presse::print,UNION PRESSE,Print,Parution,25/6/2025,Mensuel,,
union-presse::print,UNION PRESSE,Print,Bouclage,16/7/2025,Mensuel,,
union-presse::print,UNION PRESSE,Print,Parution,28/7/2025,Mensuel,,
union-presse::print,UNION PRESSE,Print,Bouclage,15/9/2025,Mensuel,,
union-presse::print,UNION PRESSE,Print,Parution,25/9/2025,Mensuel,,
union-presse::print,UNION PRESSE,Print,Bouclage,16/10/2025,Mensuel,,
union-presse::print,UNION PRESSE,Print,Parution,28/10/2025,Mensuel,,
union-presse::print,UNION PRESSE,Print,Bouclage,14/11/2025,Mensuel,,
union-presse::print,UNION PRESSE,Print,Parution,25/11/2025,Mensuel,,
union-presse::print,UNION PRESSE,Print,Bouclage,15/12/2025,Mensuel,,
union-presse::print,UNION PRESSE,Print,Parution,24/12/2025,Mensuel,,
verre-menuiserie-actualites::print,VERRE & MENUISERIE ACTUALITES,Print,Bouclage,24/2/2025,Bimestriel,,
verre-menuiserie-actualites::print,VERRE & MENUISERIE ACTUALITES,Print,Parution,14/3/2025,Bimestriel,,
verre-menuiserie-actualites::print,VERRE & MENUISERIE ACTUALITES,Print,Bouclage,23/4/2025,Bimestriel,,
verre-menuiserie-actualites::print,VERRE & MENUISERIE ACTUALITES,Print,Parution,12/5/2025,Bimestriel,,
verre-menuiserie-actualites::print,VERRE & MENUISERIE ACTUALITES,Print,Bouclage,20/6/2025,Bimestriel,,
verre-menuiserie-actualites::print,VERRE & MENUISERIE ACTUALITES,Print,Parution,1/7/2025,Bimestriel,,
verre-menuiserie-actualites::print,VERRE & MENUISERIE ACTUALITES,Print,Bouclage,19/9/2025,Bimestriel,,
verre-menuiserie-actualites::print,VERRE & MENUISERIE ACTUALITES,Print,Parution,9/10/2025,Bimestriel,,
verre-menuiserie-actualites::print,VERRE & MENUISERIE ACTUALITES,Print,Bouclage,7/11/2025,Bimestriel,,
verre-menuiserie-actualites::print,VERRE & MENUISERIE ACTUALITES,Print,Parution,20/11/2025,Bimestriel,,
verre-menuiserie-actualites::print,VERRE & MENUISERIE ACTUALITES,Print,Bouclage,17/12/2025,Bimestriel,,
verre-menuiserie-actualites::print,VERRE & MENUISERIE ACTUALITES,Print,Parution,30/12/2025,Bimestriel,,
verre-protections-mag::print,VERRE & PROTECTIONS MAG,Print,Bouclage,3/2/2025,Bimestriel,,
verre-protections-mag::print,VERRE & PROTECTIONS MAG,Print,Parution,14/2/2025,Bimestriel,,
verre-protections-mag::print,VERRE & PROTECTIONS MAG,Print,Bouclage,1/4/2025,Bimestriel,,
verre-protections-mag::print,VERRE & PROTECTIONS MAG,Print,Parution,14/4/2025,Bimestriel,,
verre-protections-mag::print,VERRE & PROTECTIONS MAG,Print,Bouclage,2/6/2025,Bimestriel,,
verre-protections-mag::print,VERRE & PROTECTIONS MAG,Print,Parution,16/6/2025,Bimestriel,,
verre-protections-mag::print,VERRE & PROTECTIONS MAG,Print,Bouclage,10/7/2025,Bimestriel,,
verre-protections-mag::print,VERRE & PROTECTIONS MAG,Print,Parution,25/7/2025,Bimestriel,,
verre-protections-mag::print,VERRE & PROTECTIONS MAG,Print,Bouclage,30/9/2025,Bimestriel,,
verre-protections-mag::print,VERRE & PROTECTIONS MAG,Print,Parution,10/10/2025,Bimestriel,,
verre-protections-mag::print,VERRE & PROTECTIONS MAG,Print,Bouclage,1/12/2025,Bimestriel,,
verre-protections-mag::print,VERRE & PROTECTIONS MAG,Print,Parution,15/12/2025,Bimestriel,,
what-s-up-doc::print,WHAT'S UP DOC,Print,Bouclage,17/3/2025,Trimestriel,,
what-s-up-doc::print,WHAT'S UP DOC,Print,Parution,2/4/2025,Trimestriel,,
what-s-up-doc::print,WHAT'S UP DOC,Print,Bouclage,16/6/2025,Trimestriel,,
what-s-up-doc::print,WHAT'S UP DOC,Print,Parution,2/7/2025,Trimestriel,,
what-s-up-doc::print,WHAT'S UP DOC,Print,Bouclage,15/9/2025,Trimestriel,,
what-s-up-doc::print,WHAT'S UP DOC,Print,Parution,1/10/2025,Trimestriel,,
what-s-up-doc::print,WHAT'S UP DOC,Print,Bouclage,15/12/2025,Trimestriel,,
what-s-up-doc::print,WHAT'S UP DOC,Print,Parution,31/12/2025,Trimestriel,,
weka::print,WEKA,Print,Bouclage,15/2/2025,Mensuel,,
weka::print,WEKA,Print,Parution,24/3/2025,Mensuel,,
weka::print,WEKA,Print,Bouclage,18/4/2025,Mensuel,,
weka::print,WEKA,Print,Parution,23/5/2025,Mensuel,,
weka::print,WEKA,Print,Bouclage,23/5/2025,Mensuel,,
weka::print,WEKA,Print,Parution,4/7/2025,Mensuel,,
weka::print,WEKA,Print,Bouclage,14/8/2025,Mensuel,,
weka::print,WEKA,Print,Parution,23/9/2025,Mensuel,,
weka::print,WEKA,Print,Bouclage,17/10/2025,Mensuel,,
weka::print,WEKA,Print,Parution,17/11/2025,Mensuel,,
abcdent-pro::web::300x600-300x250mobile,ABCDENT.PRO,Web,,,,"""fichier jpg ou png, poids max : 50 ko + lien de redirection""",
abcdent-pro::web::728x90-320x50mobile,ABCDENT.PRO,Web,,,,"""fichier jpg ou png, poids max : 50 ko + lien de redirection""",
journal-du-pneumatique::web::300x600-300x250mobile,JOURNAL DU PNEUMATIQUE,Web,,,,Redirect agence,
rvi::web::728x92,RVI,Web,,,,"""fichier jpg ou png, poids max : 50 ko + lien de redirection""",
rayon-boissons::web::728x90,RAYON BOISSONS,Web,,,,Redirect agence,
l-informaticien::web::729x90-300x600,L'INFORMATICIEN,Web,,,,,
verre-menuiserie-actualites::web::300x600,VERRE & MENUISERIE ACTUALITES,Web,,,,Redirect agence,
l-information-dentaire::web::1160x90-320x50mobile,L'INFORMATION DENTAIRE,Web,,,,"""fichier jpg ou png, poids max : 50 ko + lien de redirection""",
profession-cgp::web::250x250,PROFESSION CGP,Web,,,,"""fichier jpg ou png, poids max : 50 ko + lien de redirection""",
le-quotidien-du-pharmacien::web::728x90-320x50mobile,LE QUOTIDIEN DU PHARMACIEN,Web,,,,Redirect agence,
daf-mag::web::1000x90-300x600-300x250mobile,DAF MAG,Web,,,,Redirect agence,
process-alimentaire::web::728x90,PROCESS ALIMENTAIRE,Web,,,,Redirect agence,
chaud-froid-performance::web::728x90,CHAUD FROID PERFORMANCE,Web,,,,Redirect agence,
la-meteo-agricole::web::728x90-300x600,LA METEO AGRICOLE,Web,,,,Redirect agence,
le-quotidien-du-medecin-non-ethique::web::728x90-320x50-300x250,LE QUOTIDIEN DU MEDECIN (NON ETHIQUE),Web,,,,Redirect agence,
electricien-3e-j3e::web::728x90-300x600-300x250mobile,ELECTRICIEN 3E + J3E,Web,,,,Redirect agence,
verre-menuiserie-actualites::web::1000x90,VERRE & MENUISERIE ACTUALITES,Web,,,,Redirect agence,
la-tribune-des-auto-ecoles::web::322x322,LA TRIBUNE DES AUTO-ECOLES,Web,,,,"""fichier jpg ou png, poids max : 50 ko + lien de redirection""",
j2r::web::300x600-300x250mobile,J2R,Web,,,,Redirect agence,
sport-strategies::web,SPORT STRATEGIES,Web,,,,Redirect agence,
snacking::web::360x460,SNACKING,Web,,,,Redirect agence,
score-3::web::1000x90floorad-300x250mobile,SCORE 3,Web,,,,Redirect agence,
developpez::web::729x90-300x600,DEVELOPPEZ,Web,,,,,
egora::web::970x250-320x50mobile,EGORA,Web,,,,Redirect agence,
etancheite-info::web::728x90,ETANCHEITE INFO,Web,,,,Redirect agence,
culture-rh::web::1100x250,CULTURE RH,Web,,,,Redirect agence,
lineaires::web::300x250,LINEAIRES,Web,,,,Redirect agence,
le-point-veterinaire::web::980x90,LE POINT VETERINAIRE,Web,,,,Redirect agence,
le-quotidien-du-medecin-ethique::web::300x600,LE QUOTIDIEN DU MEDECIN (ETHIQUE),Web,,,,Redirect agence,
ecommerce-mag::web::728x90-300x600,ECOMMERCE MAG,Web,,,,Redirect agence,
architectures-a-vivre::web::970x70,ARCHITECTURES A VIVRE,Web,,,,"""fichier jpg ou png, poids max : 50 ko + lien de redirection""",
etancheite-info::web::300x250,ETANCHEITE INFO,Web,,,,Redirect agence,
fusacq::web::728x90floorad-300x600-300x250mobile,FUSACQ,Web,,,,Redirect agence,
le-journal-de-l-automobile::web::1000x150,LE JOURNAL DE L'AUTOMOBILE,Web,,,,Redirect agence,
produits-de-la-mer::web::300x250,PRODUITS DE LA MER,Web,,,,"""fichier jpg ou png, poids max : 50 ko + lien de redirection""",
la-tribune::web::728x90-300x600-300x250mobile,LA TRIBUNE,Web,,,,Redirect agence,
option-finance::web::940x250,OPTION FINANCE,Web,,,,Redirect agence,
l-officiel-des-transporteurs::web::300x600-300x250mobile,L'OFFICIEL DES TRANSPORTEURS,Web,,,,"""fichier jpg ou png, poids max : 50 ko + lien de redirection""",
les-nouvelles-esthetiques::web::300x250,LES NOUVELLES ESTHETIQUES,Web,,,,"""fichier jpg ou png, poids max : 50 ko + lien de redirection""",
challenges::web::1000x90-300x600-300x250mobile,CHALLENGES,Web,,,,Redirect agence,
revue-hospitaliere-de-france::web::300x250,REVUE HOSPITALIERE DE FRANCE,Web,,,,"""fichier jpg ou png, poids max : 50 ko + lien de redirection""",
technic-baie::web::300x250,TECHNIC' BAIE,Web,,,,Redirect agence,
entretien-textile::web::200x200,ENTRETIEN TEXTILE,Web,,,,"""fichier jpg ou png, poids max : 50 ko + lien de redirection""",
revue-banque::web::970x90-320x100mobile,REVUE BANQUE,Web,,,,"""fichier jpg ou png, poids max : 50 ko + lien de redirection""",
lineaires::web::728x90-320x50mobile,LINEAIRES,Web,,,,Redirect agence,
ria-la-revue-de-l-industrie-agroalimentaire::web::970x90-320x120,RIA (LA REVUE DE L'INDUSTRIE AGROALIMENTAIRE),Web,,,,"""fichier jpg ou png, poids max : 50 ko + lien de redirection""",
la-france-agricole::web::300x600,LA FRANCE AGRICOLE,Web,,,,Redirect agence,
techniques-ingenieur::web::728x90footerad-300x250,TECHNIQUES INGENIEUR,Web,,,,Redirect agence,
technic-baie::web::728x90,TECHNIC' BAIE,Web,,,,Redirect agence,
profession-cgp::web::940x90,PROFESSION CGP,Web,,,,"""fichier jpg ou png, poids max : 50 ko + lien de redirection""",
le-nouvel-economiste::web::300x250,LE NOUVEL ECONOMISTE,Web,,,,,
batirama::web::728x90floorad-300x600-300x250mobile,BATIRAMA,Web,,,,Redirect agence,
points-de-vente::web::728x90,POINTS DE VENTE,Web,,,,Redirect agence,
egora::web::300x600-300x250mobile,EGORA,Web,,,,Redirect agence,
batiweb::web::1000x90-300x250,BATIWEB,Web,,,,Redirect agence,
snpden::web::680x160,SNPDEN,Web,,,,"""fichier jpg ou png, poids max : 50 ko + lien de redirection""",
snacking::web::360x230,SNACKING,Web,,,,Redirect agence,
culture-rh::web::300x600,CULTURE RH,Web,,,,Redirect agence,
le-journal-des-flottes::web::300x600-300x250mobile,LE JOURNAL DES FLOTTES,Web,,,,Redirect agence,
au-coeur-du-chr::web::1800x180-300x180mobile,AU COEUR DU CHR,Web,,,,Redirect agence,
caducee::web::728x90floorad-300x600-300x250mobile,CADUCEE,Web,,,,Redirect agence,
le-papetier-de-france::web::728x90,LE PAPETIER DE FRANCE,Web,,,,Redirect agence,
gpo-mag::web::728x90floorad,GPO MAG,Web,,,,Redirect agence,
le-moniteur-des-pharmacies::web::728x90-320x50mobile,LE MONITEUR DES PHARMACIES,Web,,,,Redirect agence,
d-architectures::web::728x90-250x250mobile,D'ARCHITECTURES,Web,,,,"""fichier jpg ou png, poids max : 50 ko + lien de redirection""",
l-opinion::web::1000x200-300x600-300x250mobile,L'OPINION,Web,,,,Redirect agence,
france-routes::web::1000x90,FRANCE ROUTES,Web,,,,"""fichier jpg ou png, poids max : 50 ko + lien de redirection""",
biblond::web::728x90,BIBLOND,Web,,,,"""fichier jpg ou png, poids max : 50 ko + lien de redirection""",
l-officiel-des-transporteurs::web::1000x90,L'OFFICIEL DES TRANSPORTEURS,Web,,,,"""fichier jpg ou png, poids max : 50 ko + lien de redirection""",
village-justice::web::1160x200-300x600-320x100mobile,VILLAGE-JUSTICE,Web,,,,Redirect agence,
carrieres-juridiques::web::728x90-300x600,CARRIERES JURIDIQUES,Web,,,,Redirect agence,
le-point-veterinaire::web::300x250,LE POINT VETERINAIRE,Web,,,,Redirect agence,
rvi::web::360x360,RVI,Web,,,,"""fichier jpg ou png, poids max : 50 ko + lien de redirection""",
rayon-boissons::web::300x250,RAYON BOISSONS,Web,,,,Redirect agence,
infirmiers::web::300x600-300x250mobile,INFIRMIERS,Web,,,,Redirect agence,
le-courrier-du-meuble-et-de-l-habitat::web::728x90,LE COURRIER DU MEUBLE ET DE L'HABITAT,Web,,,,"""fichier jpg ou png, poids max : 50 ko + lien de redirection""",
monde-de-l-epicerie-fine::web::300x250,MONDE DE L'EPICERIE FINE,Web,,,,"""fichier jpg ou png, poids max : 50 ko + lien de redirection""",
flottes-automobiles::web::728x90,FLOTTES AUTOMOBILES,Web,,,,"""Gif, gif animé, jpg, png, poids max: 40ko""",
strategie-logistique::web::300x250,STRATEGIE LOGISTIQUE,Web,,,,"""fichier jpg ou png, poids max : 50 ko + lien de redirection""",
la-toque-magazine::web::1000x90-320x120,LA TOQUE MAGAZINE,Web,,,,Redirect agence,
l-express::web::970x250-300x600-300x250mobile,L'EXPRESS,Web,,,,Redirect agence,
terre-net::web::728x90-300x250,TERRE NET,Web,,,,Redirect agence,
maires-de-france::web::350x290,MAIRES DE FRANCE,Web,,,,Redirect agence,
l-opticien-lunetier::web::728x90,L'OPTICIEN LUNETIER,Web,,,,"""fichier jpg ou png, poids max : 50 ko + lien de redirection""",
geroscopie::web::263x237,GEROSCOPIE,Web,,,,"""fichier jpg ou png, poids max : 50 ko + lien de redirection""",
se-loger-bureaux-commerces::web::300x600-320x50mobile,SE LOGER BUREAUX COMMERCES,Web,,,,Redirect agence,
egora-ethique::web::300x600,EGORA (ETHIQUE),Web,,,,Redirect agence,
biblond::web::300x600-300x250mobile,BIBLOND,Web,,,,"""fichier jpg ou png, poids max : 50 ko + lien de redirection""",
metal-flash::web::728x90,METAL FLASH,Web,,,,Redirect agence,
architectures-a-vivre::web::300x600,ARCHITECTURES A VIVRE,Web,,,,"""fichier jpg ou png, poids max : 50 ko + lien de redirection""",
acteurs-publics::web::1000x90-300x600-300x250mobile,ACTEURS PUBLICS,Web,,,,Redirect agence,
le-papetier-de-france::web::300x250,LE PAPETIER DE FRANCE,Web,,,,Redirect agence,
l-eclaireur-des-coiffeurs::web::990x180,L'ECLAIREUR DES COIFFEURS,Web,,,,"""fichier jpg ou png, poids max : 50 ko + lien de redirection""",
l-hotellerie-restauration::web::620x90-360x60mobile,L'HOTELLERIE RESTAURATION,Web,,,,Redirect agence,
journal-des-maires::web::728x90-300x250mobile,JOURNAL DES MAIRES,Web,,,,Redirect agence,
l-eclaireur-des-coiffeurs::web::250x250,L'ECLAIREUR DES COIFFEURS,Web,,,,"""fichier jpg ou png, poids max : 50 ko + lien de redirection""",
l-information-dentaire::web::300x600-300x250mobile,L'INFORMATION DENTAIRE,Web,,,,"""fichier jpg ou png, poids max : 50 ko + lien de redirection""",
points-de-vente::web::300x600,POINTS DE VENTE,Web,,,,Redirect agence,
genie-climatique::web::300x600-300x250mobile,GENIE CLIMATIQUE,Web,,,,Redirect agence,
my-rh-line::web::728x90-300x250,MY RH LINE,Web,,,,"""fichier jpg ou png, poids max : 50 ko + lien de redirection""",
maires-de-france::web::920x120,MAIRES DE FRANCE,Web,,,,Redirect agence,
le-journal-de-l-automobile::web::300x600-300x250mobile,LE JOURNAL DE L'AUTOMOBILE,Web,,,,Redirect agence,
la-tribune-de-l-assurance::web::970x250,LA TRIBUNE DE L'ASSURANCE,Web,,,,Redirect agence,
flottes-automobiles::web::300x600-300x250mobile,FLOTTES AUTOMOBILES,Web,,,,"""Gif, gif animé, jpg, png, poids max: 40ko""",
la-profession-comptable::web::728x91,LA PROFESSION COMPTABLE,Web,,,,"""fichier jpg ou png, poids max : 50 ko + lien de redirection""",
genie-climatique::web::728x90,GENIE CLIMATIQUE,Web,,,,Redirect agence,
monde-de-l-epicerie-fine::web::728x90,MONDE DE L'EPICERIE FINE,Web,,,,"""fichier jpg ou png, poids max : 50 ko + lien de redirection""",
journal-des-entreprises::web::728x90floorad-300x600-300x250mobile,JOURNAL DES ENTREPRISES,Web,,,,Redirect agence,
gestions-hospitalieres::web::1140x90,GESTIONS HOSPITALIERES,Web,,,,"""fichier jpg ou png, poids max : 50 ko + lien de redirection""",
la-tribune-des-auto-ecoles::web::730x90,LA TRIBUNE DES AUTO-ECOLES,Web,,,,"""fichier jpg ou png, poids max : 50 ko + lien de redirection""",
dynamique-mag::web::728x90floorad-300x600-300x250mobile,DYNAMIQUE MAG,Web,,,,Redirect agence,
compta-facile::web::728x90-300x600-300x250mobile,COMPTA FACILE,Web,,,,Redirect agence,
le-media-social::web::728x90-300x250,LE MEDIA SOCIAL,Web,,,,"""fichier jpg ou png, poids max : 50 ko + lien de redirection""",
compta-online::web::1000x200-300x600-300x250mobile,COMPTA ONLINE,Web,,,,Redirect agence,
maisons-et-travaux-pro::web::1000x90-300x600-300x250mobile,MAISONS ET TRAVAUX PRO,Web,,,,Redirect agence,
la-france-agricole::web::728x90-300x250,LA FRANCE AGRICOLE,Web,,,,Redirect agence,
revue-hospitaliere-de-france::web::728x90,REVUE HOSPITALIERE DE FRANCE,Web,,,,"""fichier jpg ou png, poids max : 50 ko + lien de redirection""",
infirmiers::web::728x90-320x50mobile,INFIRMIERS,Web,,,,Redirect agence,
action-co::web::1000x90-300x600,ACTION CO,Web,,,,Redirect agence,
environnement-magazine::web::970x250,ENVIRONNEMENT MAGAZINE,Web,,,,Redirect agence,
direction-s::web::728x90,DIRECTION(S),Web,,,,"""fichier jpg ou png, poids max : 50 ko + lien de redirection""",
ria-la-revue-de-l-industrie-agroalimentaire::web::300x600-320x120,RIA (LA REVUE DE L'INDUSTRIE AGROALIMENTAIRE),Web,,,,"""fichier jpg ou png, poids max : 50 ko + lien de redirection""",
tourmag::web::300x150,TOURMAG,Web,,,,"""fichier jpg ou png, poids max : 50 ko + lien de redirection""",
entretien-textile::web::728x90-320x100mobile,ENTRETIEN TEXTILE,Web,,,,"""fichier jpg ou png, poids max : 50 ko + lien de redirection""",
batiactu::web::728x90-300x600-300x250mobile,BATIACTU,Web,,,,Redirect agence,
le-blog-du-dirigeant::web::728x90floorad-300x600-300x250mobile,LE BLOG DU DIRIGEANT,Web,,,,Redirect agence,
strategies::web::300x600-300x250mobile,STRATEGIES,Web,,,,Redirect agence,
agefi::web::1000x90-300x600-300x250mobile,AGEFI,Web,,,,Redirect agence,
recyclage::web::450x750,RECYCLAGE,Web,,,,"""fichier jpg ou png, poids max : 50 ko + lien de redirection""",
investissement-conseils::web::250x250,INVESTISSEMENT CONSEILS,Web,,,,"""fichier jpg ou png, poids max : 50 ko + lien de redirection""",
france-routes::web::300x600-300x250mobile,FRANCE ROUTES,Web,,,,"""fichier jpg ou png, poids max : 50 ko + lien de redirection""",
egora-ethique::web::728x90-300x250,EGORA (ETHIQUE),Web,,,,Redirect agence,
transport-info::web::970x250-300x250mobile,TRANSPORT INFO,Web,,,,Redirect agence,
terre-net-france-agricole-web-agri-materiel-agricole::web::728x90-300x250,TERRE NET + FRANCE AGRICOLE + WEB AGRI + MATERIEL AGRICOLE,Web,,,,Redirect agence,
le-moniteur-des-pharmacies::web::300x600,LE MONITEUR DES PHARMACIES,Web,,,,Redirect agence,
la-tribune-de-l-assurance::web::300x250,LA TRIBUNE DE L'ASSURANCE,Web,,,,Redirect agence,
societe-com::web::728x90-300x600-300x250mobile,SOCIETE.COM,Web,,,,Redirect agence,
le-nouvel-economiste::web::820x250,LE NOUVEL ECONOMISTE,Web,,,,,
j2r::web::1000x150,J2R,Web,,,,Redirect agence,
silicon::web::728x90-300x600,SILICON,Web,,,,,
strategie-logistique::web::728x90,STRATEGIE LOGISTIQUE,Web,,,,"""fichier jpg ou png, poids max : 50 ko + lien de redirection""",
direction-s::web::300x250,DIRECTION(S),Web,,,,"""fichier jpg ou png, poids max : 50 ko + lien de redirection""",
transport-info::web::970x90-300x250mobile,TRANSPORT INFO,Web,,,,Redirect agence,
pack-generation-de-clics-garantis::web::728x90-300x600-300x250-320x50,PACK GENERATION DE CLICS GARANTIS,Web,,,,Redirect agence,
la-revue-pratique-du-froid-et-du-conditionnement-d-air-la-rpf::web::300x250,LA REVUE PRATIQUE DU FROID ET DU CONDITIONNEMENT D'AIR (LA RPF),Web,,,,Redirect agence,
produits-de-la-mer::web::1100x140,PRODUITS DE LA MER,Web,,,,"""fichier jpg ou png, poids max : 50 ko + lien de redirection""",
transport-info::web::300x600-300x250mobile,TRANSPORT INFO,Web,,,,Redirect agence,
la-classe-fiche-pedagogiques::web::300x600-300x250mobile,LA CLASSE + FICHE PEDAGOGIQUES,Web,,,,"""fichier jpg ou png, poids max : 50 ko + lien de redirection""",
place-des-commerces::web::728x90floorad-300x600-300x250mobile,PLACE DES COMMERCES,Web,,,,Redirect agence,
la-profession-comptable::web::236x472,LA PROFESSION COMPTABLE,Web,,,,"""fichier jpg ou png, poids max : 50 ko + lien de redirection""",
univers-habitat::web::300x250,UNIVERS HABITAT,Web,,,,"""fichier jpg ou png, poids max : 50 ko + lien de redirection""",
weka::web::728x90-300x600-300x250mobile,WEKA,Web,,,,Redirect agence,
revue-banque::web::300x600,REVUE BANQUE,Web,,,,"""fichier jpg ou png, poids max : 50 ko + lien de redirection""",
kine-actualite::web::250x250,KINE ACTUALITE,Web,,,,"""fichier jpg ou png, poids max : 50 ko + lien de redirection""",
chaud-froid-performance::web::300x250,CHAUD FROID PERFORMANCE,Web,,,,Redirect agence,
investissement-conseils::web::1180x145,INVESTISSEMENT CONSEILS,Web,,,,"""fichier jpg ou png, poids max : 50 ko + lien de redirection""",
l-opticien-lunetier::web::300x250,L'OPTICIEN LUNETIER,Web,,,,"""fichier jpg ou png, poids max : 50 ko + lien de redirection""",
livres-hebdo::web::300x600-300x250mobile,LIVRES HEBDO,Web,,,,Redirect agence,
app-ines::web::300x600,APP'INES,Web,,,,"""fichier jpg ou png, poids max : 50 ko + lien de redirection""",
be-a-boss::web::1000x90-300x600-300x250mobile,BE A BOSS,Web,,,,Redirect agence,
le-quotidien-du-medecin-non-ethique::web::300x600,LE QUOTIDIEN DU MEDECIN (NON ETHIQUE),Web,,,,Redirect agence,
le-quotidien-du-medecin-ethique::web::728x90-320x50-300x250,LE QUOTIDIEN DU MEDECIN (ETHIQUE),Web,,,,Redirect agence,
decisions-hpa::web::728x90floorad,DECISIONS HPA,Web,,,,Redirect agence,
metal-flash::web::300x250,METAL FLASH,Web,,,,Redirect agence,
journal-du-pneumatique::web::1000x150,JOURNAL DU PNEUMATIQUE,Web,,,,Redirect agence,
geroscopie::web::728x90,GEROSCOPIE,Web,,,,"""fichier jpg ou png, poids max : 50 ko + lien de redirection""",
recyclage::web::730x100,RECYCLAGE,Web,,,,"""fichier jpg ou png, poids max : 50 ko + lien de redirection""",
la-toque-magazine::web::300x600-300x250mobile,LA TOQUE MAGAZINE,Web,,,,Redirect agence,
la-revue-pratique-du-froid-et-du-conditionnement-d-air-la-rpf::web::728x90,LA REVUE PRATIQUE DU FROID ET DU CONDITIONNEMENT D'AIR (LA RPF),Web,,,,Redirect agence,
maires-de-france::web::728x120,MAIRES DE FRANCE,Web,,,,Redirect agence,
le-journal-des-flottes::web::1000x150,LE JOURNAL DES FLOTTES,Web,,,,Redirect agence,
it-for-business::web::970x90-300x600-300x250mobile,IT FOR BUSINESS,Web,,,,,
option-finance::web::300x250,OPTION FINANCE,Web,,,,Redirect agence,
strategies::web::728x90,STRATEGIES,Web,,,,Redirect agence,
terre-net-france-agricole-web-agri-materiel-agricole::web::300x600,TERRE NET + FRANCE AGRICOLE + WEB AGRI + MATERIEL AGRICOLE,Web,,,,Redirect agence,
decisions-hpa::web::300x250,DECISIONS HPA,Web,,,,Redirect agence,
decideurs-strategie-finance-et-droit::web::1002x128floorad-300x600-300x250mobile,DECIDEURS STRATEGIE FINANCE ET DROIT,Web,,,,Redirect agence,
terre-net::web::300x600-300x250mobile,TERRE NET,Web,,,,Redirect agence,
village-notaires::web::728x90-320x100mobile,VILLAGE-NOTAIRES,Web,,,,Redirect agence,
village-notaires::web::300x600-320x100mobile,VILLAGE-NOTAIRES,Web,,,,Redirect agence,
abcdent-pro::nl,ABCDENT.PRO,NL,,,Hebdomadaire,,
le-point-veterinaire::nl,LE POINT VETERINAIRE,NL,,, Quotidienne,,
strategie-logistique::nl,STRATEGIE LOGISTIQUE,NL,,,Hebdomadaire,,
le-quotidien-du-pharmacien::nl,LE QUOTIDIEN DU PHARMACIEN,NL,,, Quotidienne,,
kine-actualite::nl,KINE ACTUALITE,NL,,,1 à 2 / mois,,
it-for-business::nl,IT FOR BUSINESS,NL,,,Hebdomadaire,,
l-officiel-des-transporteurs::nl,L'OFFICIEL DES TRANSPORTEURS,NL,,,,,
geroscopie::nl,GEROSCOPIE,NL,,, Quotidienne,,
la-tribune::nl,LA TRIBUNE,NL,,,Hebdomadaire,,
batiactu::nl,BATIACTU,NL,,, Quotidienne,,
be-a-boss::nl,BE A BOSS,NL,,, Quotidienne,,
le-courrier-du-meuble-et-de-l-habitat::nl,LE COURRIER DU MEUBLE ET DE L'HABITAT,NL,,,Hebdomadaire,,
le-quotidien-du-medecin-ethique::nl,LE QUOTIDIEN DU MEDECIN (ETHIQUE),NL,,, Quotidienne,,
architectures-a-vivre::nl,ARCHITECTURES A VIVRE,NL,,, Bimensuelle,,
journal-des-entreprises::nl,JOURNAL DES ENTREPRISES,NL,,,Hebdomadaire,,
app-ines::nl,APP'INES,NL,,,Trimestrielle,,
univers-habitat::nl,UNIVERS HABITAT,NL,,,Hebdomadaire,,
genie-climatique::nl,GENIE CLIMATIQUE,NL,,, 2 / semaine,,
agefi::nl,AGEFI,NL,,, Quotidienne,,
la-tribune-des-auto-ecoles::nl,LA TRIBUNE DES AUTO-ECOLES,NL,,, Mensuelle,,
j2r::nl,J2R,NL,,, Bihebdomadaire,,
my-rh-line::nl,MY RH LINE,NL,,,Hebdomadaire,,
infirmiers::nl,INFIRMIERS,NL,,,Hebdomadaire,,
silicon::nl,SILICON,NL,,, Quotidienne,,
biblond::nl,BIBLOND,NL,,,Hebdomadaire,,
daf-mag::nl,DAF MAG,NL,,, Bihebdomadaire,,
la-france-agricole::nl,LA FRANCE AGRICOLE,NL,,, Quotidienne,,
transport-info::nl,TRANSPORT INFO,NL,,, 3 / semaine,,
electricien-3e-j3e::nl,ELECTRICIEN 3E + J3E,NL,,, Mensuelle,,
batiweb::nl,BATIWEB,NL,,, Quotidienne,,
le-papetier-de-france::nl,LE PAPETIER DE FRANCE,NL,,,Hebdomadaire,,
rayon-boissons::nl,RAYON BOISSONS,NL,,,Hebdomadaire,,
chaud-froid-performance::nl,CHAUD FROID PERFORMANCE,NL,,,Hebdomadaire,,
decisions-hpa::nl,DECISIONS HPA,NL,,, Mensuelle,,
ecommerce-mag::nl,ECOMMERCE MAG,NL,,, Bihebdomadaire,,
le-moniteur-des-pharmacies::nl,LE MONITEUR DES PHARMACIES,NL,,, Quotidienne,,
l-informaticien::nl,L'INFORMATICIEN,NL,,, Quotidienne,,
village-justice::nl,VILLAGE-JUSTICE,NL,,,Hebdomadaire,,
profession-cgp::nl,PROFESSION CGP,NL,,,Hebdomadaire,,
entretien-textile::nl,ENTRETIEN TEXTILE,NL,,, Bimensuelle,,
le-blog-du-dirigeant::nl,LE BLOG DU DIRIGEANT,NL,,,Hebdomadaire,,
ria-la-revue-de-l-industrie-agroalimentaire::nl,RIA (LA REVUE DE L'INDUSTRIE AGROALIMENTAIRE),NL,,,Hebdomadaire,,
l-opinion::nl,L'OPINION,NL,,,3 / jour,,
la-classe-fiche-pedagogiques::nl,LA CLASSE + FICHE PEDAGOGIQUES,NL,,, Mensuelle,,
weka::nl,WEKA,NL,,,Hebdomadaire,,
caducee::nl,CADUCEE,NL,,, Bimensuelle,,
au-coeur-du-chr::nl,AU COEUR DU CHR,NL,,, 2 / semaine,,
techniques-ingenieur::nl,TECHNIQUES INGENIEUR,NL,,, Mensuelle,,
revue-banque::nl,REVUE BANQUE,NL,,,Hebdomadaire,,
monde-de-l-epicerie-fine::nl,MONDE DE L'EPICERIE FINE,NL,,,Hebdomadaire,,
rvi::nl,RVI,NL,,,Hebdomadaire,,
investissement-conseils::nl,INVESTISSEMENT CONSEILS,NL,,,Hebdomadaire,,
technic-baie::nl,TECHNIC' BAIE,NL,,,2 / mois,,
option-finance::nl,OPTION FINANCE,NL,,, Quotidienne,,
village-notaires::nl,VILLAGE-NOTAIRES,NL,,,,,
lineaires::nl,LINEAIRES,NL,,,Hebdomadaire,,
recyclage::nl,RECYCLAGE,NL,,,Hebdomadaire,,
egora::nl,EGORA,NL,,, Quotidienne,,
metal-flash::nl,METAL FLASH,NL,,,3 / mois,,
snacking::nl,SNACKING,NL,,,Hebdomadaire,,
la-profession-comptable::nl,LA PROFESSION COMPTABLE,NL,,,Hebdomadaire,,
l-information-dentaire::nl,L'INFORMATION DENTAIRE,NL,,,Hebdomadaire,,
terre-net::nl,TERRE NET,NL,,,Hebdomadaire,,
la-revue-pratique-du-froid-et-du-conditionnement-d-air-la-rpf::nl,LA REVUE PRATIQUE DU FROID ET DU CONDITIONNEMENT D'AIR (LA RPF),NL,,,Hebdomadaire,,
journal-des-maires::nl,JOURNAL DES MAIRES,NL,,,Hebdomadaire,,
culture-rh::nl,CULTURE RH,NL,,, 2 / semaine,,
l-eclaireur-des-coiffeur::nl,L'ECLAIREUR DES COIFFEUR,NL,,, Mensuelle,,
action-co::nl,ACTION CO,NL,,,Hebdomadaire,,
l-opticien-lunetier::nl,L'OPTICIEN LUNETIER,NL,,, Quotidienne,,
strategies::nl,STRATEGIES,NL,,, Quotidienne,,
produits-de-la-mer::nl,PRODUITS DE LA MER,NL,,, Bimensuelle,,
d-architectures::nl,D'ARCHITECTURES,NL,,, Mensuelle,,
l-hotellerie-restauration::nl,L'HOTELLERIE RESTAURATION,NL,,, Quotidienne,,
etancheite-info::nl,ETANCHEITE INFO,NL,,,2 / mois,,
snpden::nl,SNPDEN,NL,,,Hebdomadaire,,
dynamique-mag::nl,DYNAMIQUE MAG,NL,,, Quotidienne,,
points-de-vente::nl,POINTS DE VENTE,NL,,,Hebdomadaire,,
livres-hebdo::nl,LIVRES HEBDO,NL,,, Quotidienne,,
maisons-et-travaux-pro::nl,MAISONS ET TRAVAUX PRO,NL,,, Quotidienne,,
france-routes::nl,FRANCE ROUTES,NL,,,Hebdomadaire,,
batirama::nl,BATIRAMA,NL,,, 3 / semaine,,
terre-net-france-agricole-web-agri-materiel-agricole::nl,TERRE NET + FRANCE AGRICOLE + WEB AGRI + MATERIEL AGRICOLE,NL,,,Hebdomadaire,,
fusacq::nl,FUSACQ,NL,,,Hebdomadaire,,
le-nouvel-economiste::nl,LE NOUVEL ECONOMISTE,NL,,,Hebdomadaire,,
la-toque-magazine::nl,LA TOQUE MAGAZINE,NL,,, Bimensuelle,,
gpo-mag::nl,GPO MAG,NL,,, Mensuelle,,
le-journal-des-flottes::nl,LE JOURNAL DES FLOTTES,NL,,,Hebdomadaire,,
environnement-magazine::nl,ENVIRONNEMENT MAGAZINE,NL,,, Quotidienne,,
la-tribune-de-l-assurance::nl,LA TRIBUNE DE L'ASSURANCE,NL,,, Quotidienne,,
decideurs-strategie-finance-et-droit::nl,DECIDEURS STRATEGIE FINANCE ET DROIT,NL,,,Hebdomadaire,,
flottes-automobiles::nl,FLOTTES AUTOMOBILES,NL,,,Hebdomadaire,,
le-journal-de-l-automobile::nl,LE JOURNAL DE L'AUTOMOBILE,NL,,,Hebdomadaire,,
acteurs-publics::nl,ACTEURS PUBLICS,NL,,, Quotidienne,,
process-alimentaire::nl,PROCESS ALIMENTAIRE,NL,,,Hebdomadaire,,
verre-menuiserie-actualites::nl,VERRE & MENUISERIE ACTUALITES,NL,,,Hebdomadaire,,