variant_slug,support,canal,fichier_integre,fichier_url,type_de_format,notes
acehf-magazine::print,ACEHF MAGAZINE,Print,ACEHF Magazine.png (https://v5.airtableusercontent.com/v3/u/49/49/1769112000000/ypxMPAyf6_rYqODjx8cRIw/n5Z8HrRbIl6Nu_6UdtqGi5aC5zkKZuVD5Q_8EUgKGMCdZ0t1EFJG33JiblIgC-n9IWEUHaQ9ljTkyTLQULGiQlb2R52VtU-kLB5q6EaZaFwacFTlX806Iq_4pdq54ZUgyqYruKb7XD2ijY8jR7q4lksxa7bVrAHFTewT-fhyxpI/T6UngLf2g9BGEQX-DBGDdq694cC4KD3Zg3pAZ7aOpZA),https://drive.google.com/file/d/001/view?usp=sharing,Pleine page,
actes-pratiques-et-ingenierie-immobiliere::print,ACTES PRATIQUES ET INGENIERIE IMMOBILIERE,Print,Actes Pratiques Et Ingénierie Immobilière.png (https://v5.airtableusercontent.com/v3/u/49/49/1769112000000/1zSpBavCGaf22e6iL3dL6g/M9e1B3jc7jq7WQgGwrpuiWDWbApL5fCC2wwYAcl6zC-U3BjcApGdv4BTHQQWYP4y-8L8tNgnbjhBbhjVuzytkKxVLFWTaw_LP5YH11p9t4aontjDu7UU6w_ygPSZHYfZQIdF9Xie12fqBIRjosA75na--_3hisZNns_TVNxGVfGGEsoeF1de4dT_J8xWSrCN/MfmyD4_x9jTmUbHdREbc9H3PapmG_-40E1zpEvjxSdo),,,
actes-pratiques-et-strategie-patrimoniale::print,ACTES PRATIQUES ET STRATEGIE PATRIMONIALE,Print,Actes Pratiques Et Strategie Patrimoniale.png (https://v5.airtableusercontent.com/v3/u/49/49/1769112000000/rJs2IrRRrC9Y1WNSUS3w0Q/CXq2bS0Q1EwPynDuV5wgsQe-p85TwTdLVGOLIRZb69Fg1sBnsVEhMz2VDDq0f9vrJNnEFoQ_iSbTmOrkW9eIZGyWY45euyAF7GTuUd3ttANEOtMalbRn_XlJeBosQ_6cj8lcvyB0xe15ZhyDg8FIjn8RmtSxtIjC2EVza3hQHFDCKPZh8rX6qp40Zh9OFjqL/v3Iu0PEfj6cmKJyvPqnatjVjUC5zUSqpITTAvKBc_kM),,,
acteurs-publics::print,ACTEURS PUBLICS,Print,Acteurs Publics.png (https://v5.airtableusercontent.com/v3/u/49/49/1769112000000/IqBmVrgMjo-Uucq5B5x5_A/vD-9YGiPP4qzktBArKaeDLd33l22AftA4EXKsTEPNaR6Fyi-5RvpGry968Kzd6ePt0bZnSmZT2BAOcnFFJt27ryrWsTOKaokvMQBcz5O391ifit0A293BJzJOs0R47mH0UDZ3Zd6OxUmS9kSN0yUC2ATO3s_CBze0tFlrwAtnyM/_jqYO3Ta9P7lsG5l4mnaY6ZVtKzK9cMbHLsY25bGRiU),,,
action-co::print,ACTION CO,Print,Action CO.png (https://v5.airtableusercontent.com/v3/u/49/49/1769112000000/mZ-6z028-bDo9K07GhxGaQ/0eFmnC97_we0SE1DLE3AHAafT9boq64rrm5pvBNhim306kDuDcYTPsgbilJXmQfAvqtP3WrgLumqrk6prLn0gz1DlUgrNPPL7NF-xlHFsyBEDaRMTSNPJZh76uhrru97mZvsK-cjQ9dIlKNhK7mDH5D9uueXHzQnq136yav64_Y/FrRIwr9kZxsBjKcw0L-EcUCMn-j8AYlD77Q9AsnqWe0),,,
actu-environnement::print,ACTU ENVIRONNEMENT,Print,Actu Environnement.png (https://v5.airtableusercontent.com/v3/u/49/49/1769112000000/4tDXAjiMHsBGyj11NV8vlw/kKKVT5AN704MWNsWjPMHMLhuC_RG0OxsvBfC8AnHmEvnqAppQQuoPg3KbIy3SdRVMIaS7443wYhxaOPcJrNuKQtzWxeAtH9FvNSfoHagLZXfo_LBirp4ilOHnHuZiKqhCxade84nBf6Vs7hbYjQQqbB1mfwfatS9PGtUQyZ4Aiw/zJtYg7heT_5hh_o_lfW6rf8rFHocbH4pbVg2EdHTaVI),,,
actualites-habitat::print,ACTUALITES HABITAT,Print,Actualités Habitat.png (https://v5.airtableusercontent.com/v3/u/49/49/1769112000000/B2r0KiL38KNfRdNi1vZz8w/rNRBZNRkIx7LOu6VpfiET84dZYy1_uv4zyPAc5HX4z0clz6_5saN-7eWRAs-WOk-VRNuMyXT70CvjwZdEVLmukA9f2pyDSit6e-e-simRvlkP5YLzyAs4nNP2_3nae2_OeG7FzYC6dNOsjiYLvMfsfionIRVgy1a2cjfsx-TjlI/ctFcb8OP1YG9lZhOLLPOTTaxdW7eZrH1Zu_W1Bt88YE),,,
administration-et-intendance::print,ADMINISTRATION ET INTENDANCE,Print,,,,
agefi-actifs::print,AGEFI ACTIFS,Print,Agefi Actifs.png (https://v5.airtableusercontent.com/v3/u/49/49/1769112000000/NaIT24muyYPt0ebAYdR_2g/DDk4iAZQpMcxt5-38jt9hchuIxB-Man6nwX6HNV8BIW0Il5FdNOk9b4xWvUpY6YJFRHCXjQYqM7D5csoO0UNYPOy5-tmvEMbygYWPOCt2FuPTa_ofPZ4AAGI2tYK36HEE93ByNuQ37ETRmdFW_6u7ThsY0v3WSacGkZaiktlJy4/La80y7wpFWoMM0kVV2pec952CC47vKTdWvm2ONb75do),,,
agefi-alpha::print,AGEFI ALPHA,Print,Agefi Alpha.png (https://v5.airtableusercontent.com/v3/u/49/49/1769112000000/sMhfbofLyn4pnFWZYpn-Vg/5L_rVbFgbQKI3yP-TJFtzJ8bC-y2QcLhx22SLplKDZrRSQKito0xX3AHS8mKLSddpbVOtZdSg-ekx2cs_jbNUgI_3-5w4CULmwKKq_L8rCiHvfTLkjp_xsXhAfP8K6tAu_iZAE1CxA4xQEN2QoXZn04oH14V_atHsR9ZGa2yQkE/K5Z71b8UA_G4gqIG170lTahbIpPOA6IdSyIkEipMqqI),,,
agenceur-magazine::print,AGENCEUR MAGAZINE,Print,Agenceur Magazine.png (https://v5.airtableusercontent.com/v3/u/49/49/1769112000000/9l_lDHGfkpwsqNOBxzPpSA/RWQo4OCnLPKpH67LfAm9_mNI_dN0F1l1pyINgj6zY2PPXG_xQoX-zss2rGgrWk09VRSsHX7xIzrN8pRuBq14NPcuRgmYj63BFr4rS2dVToA8Rj-IEP8MkW5FgOZbMAy0LZ55z_gDYauBO8ZEnVLbkFd08-PCQbO1Ux3D6JTFRfs/1054E0_caHkYtW_h8wZ1ODF0On_ewk1Pfl5kYZyK2Nk),,,
alternatives-economiques::print,ALTERNATIVES ECONOMIQUES,Print,Alternatives Economiques.png (https://v5.airtableusercontent.com/v3/u/49/49/1769112000000/tq9XbU31Z3oGqv7_IY4Gfg/FZXp14zMZkEK2qIA4hbqtzuzuxf2MSZ2zACRDu22VTn0jBEWQOsIqb0M3QmS_dP6jvmkW38wgwTmdQ3-U0BlP-ryh2EsaBeMv7YkrJafL0uVxVQH0Z8q0SyXDINfOv9W_UdcS-tLtNNAdBCcS2tetdfCIQWQWTv_SQAd5_babKPjFuzUP9Z091tfGp2BrYAs/EWy4ppDTFNH-WjGaguDnzVRMfsVy5jqJkP2vPxhMeoc),,,
andrh::print,ANDRH,Print,ANDRH.png (https://v5.airtableusercontent.com/v3/u/49/49/1769112000000/e5aURAYgcuKg9PAFRxin-A/UrausxWANs84rDYyt5Xw8C3dLaw_eY0N6z2pXM2oY5lQankcbwptysAMug3uYNVvij6-KhshpE39MtvjD7-G-N7D6P6faOx2qK0AZwGRAfoKO161byH-r58a-77FNOkYCIyjXPoPMvnIkHOZIf8eIQ/p22KDtfXuCJLvRZvsGrd6O_fusPDPSLFMPDiXRrin8I),,,
annales-de-biologie-clinique::print,ANNALES DE BIOLOGIE CLINIQUE,Print,,,,
architecture-a-vivre::print,ARCHITECTURE A VIVRE,Print,Architectures à vivre.png (https://v5.airtableusercontent.com/v3/u/49/49/1769112000000/L9bYZVLFaJwQMpcP8Pn0ig/B1cxpXdG5ldYaYPrM8j9YjNjtah1g6sInE-8HtAe7ncWUMSlvsm-POgWLRwiVmRY_qabx5IRU4k5f2FFZEdCrVh4ee47BqBMRRvZVYxOGny6RJ5Hww_OwSUcXcZJchKy3SZqLLYyZLXtGAOBXM3QtHY8sQJinnOWdF6ETJZrTpY/laJqYwLTUTf6umVYrd_epGeAkboQV5tfeR21Gbe_138),,,
artisans-bois::print,ARTISANS & BOIS,Print,Artisans&Bois.png (https://v5.airtableusercontent.com/v3/u/49/49/1769112000000/Spr9-eW2I6aCNOcSMiJYfw/uXIgVpvVc3M603RCVmaHaSDZrAS33wfDXD0b_wahRujAYNjySzcyxLQTz51gH4abn4ES9rZkNb2vRTenKe2zCXcyvCqN9kj_A5wEOZaE5dAH__LQQpsUexI6sGrovXcUp_32xnCryQbwLTWRjqUm-7pMolS34dIhlN1v1HbB6tw/oe_-00pvDNbn1t4R1DVtUUpPv2dx-ON7D1XokwYHKlc),,,
arts-metiers-mag::print,ARTS&METIERS MAG,Print,Arts & Métiers mag.png (https://v5.airtableusercontent.com/v3/u/49/49/1769112000000/6CnF19MYtSxH0Ec2b-3uuA/XCdMJEardNsj_usi_ug_s-oINMB4_7bmtmP7l5OMSn-t6vfP6CQW-UttNTpAJIp9KCXgm_uWP13od8lVsvFZYOmnPV5SadwV4M1GNMDXOHNvMCOasMlyquUgrrd58LS32pKSQoWbhfj7xvpBGrzIjPG1D8ubeSSUpVYsCVs-RNk/PwHppJzVqkL_g9Ihb92mHK1GX7ayVk5370ja4k6UGRw),,,
au-coeur-du-chr::print,AU COEUR DU CHR,Print,Au Cœur du CHR.png (https://v5.airtableusercontent.com/v3/u/49/49/1769112000000/4piN7_4f8mIQM_kl8HmyxQ/6xKmsmm1FCsxtCuDWbAPOCgC8ZMvsCibpnAJj614RBua2p1MGmBXZI_HxVfEIdzPw_IGHm_-AyJcfiryjK2j5rpCudWTJ3jCNU5Jti_3KjXGoRXLLw7rvU8KtXJD2DcX4SU4OgQj2Ro5KMJ3bP0PkAEwLB6MH6QRZBox3RvFS0I/c7moRdXxTERXm0LMYrm2oUAWDAu-mYR9Xig9ZhpRmlQ),,,
audio-infos::print,AUDIO INFOS,Print,Audio Infos.png (https://v5.airtableusercontent.com/v3/u/49/49/1769112000000/70lXazn428b8yjy2Vdnagg/CnkaxLHWMrOo-xyFFaX_bcgf6i3JvjxTH5p2eugCs92Y01XiLmrUc6I1MO_eTYCQTK_rmko1FOsJxXSYOJrGDSADpd3UsEqIV2sdzB4V4dfjTE4ESNH0itXGRUGvxn927Dt2FPCUj1at47QTgb3a4Haqt_KNAhjtxUdcfu0Qx6A/8obRqQ-4dl2OsnmYlth-nXAD2acPK8RvEzaO5WcBliU),,,
audiologie-demain::print,AUDIOLOGIE DEMAIN,Print,Audiologie Demain.png (https://v5.airtableusercontent.com/v3/u/49/49/1769112000000/z4Ta4cHpZgEFxh6uqOCR-Q/ZcrvNf0fhMAtsDhqyafqv-_-Qb84ERF0pISR8jYmooKsB7UDUSOIrMlo-HiGBUnbQf048oE3ETxVdS-754YOqrmVycFx2qvCvfP-7WEcoL3Hq8w_hMGTi7RX3HonzQcuXKG9x8uw6QdvyRiTwIvZ6Aq_-s15kGE_Q5sB1HLYMWA/nqak0iCThsaPvct109ImbBBZYoiv-WB97-Csd3d5UA4),,,
audiology-france::print,AUDIOLOGY FRANCE,Print,Audiology Infos.png (https://v5.airtableusercontent.com/v3/u/49/49/1769112000000/-j0-14uydW40-lu8ZSfAUQ/6aL2n8m9d-orCTRn2au3xsYgwiAhKbqbYwrJrkfsprWnuKVlA_R-Rj7IoUhPG_wbfD31Cu0uaWnTtV3rbHWfS4FvBcfCEme-0lBdaAROqygQZGH9arydgUucFGVCtvHIlTaRKvIjJ0GZNFdI70lg5Crpfe1okRQ9f0T_eT_Lhts/o0lEuYvP6pdEx1RjF_4ERNMj7P4ypY3ze3IsuBHl-pk),,,
autocar-et-bus-infos::print,AUTOCAR ET BUS INFOS,Print,Autocar et Bus Infos.png (https://v5.airtableusercontent.com/v3/u/49/49/1769112000000/oBqnK98rHibu9sRG-mgaig/XOcaG-NcucZ-WKSmu8sf3FscfQ6zJDeXqJTumGt0asCI84rHx_87IYnXJ89Ty5GImP1d7EKlmm8JRNwT2JyAHtzq4MsZ4CqM8Fk_SV2jkzXkrUdnQMQtwQyh46qOQGw2uUV0R2DQhmz9MOeFM5YDqqnyheYUxlZJgf8rUL_sd_c/bqu5YgJCjApWopOT8NVEDniyWWiVIzCVFbGrUdBRChc),,,
bardage-info::print,BARDAGE INFO,Print,Bardage INFO.png (https://v5.airtableusercontent.com/v3/u/49/49/1769112000000/8PviCG9oighgVQ1Vo4u2dQ/imh5yeHXMEy_AOU1yNnCCysKrG9csuW_9CXa4GgNRfxoNq0t9Ag2m06t2r1GApG8Hyys4CkHyCeiaNPCu8XnKCZJjDTzUuPxGpFkoWE4IqQmHTwnZ_WzUNVeSbXPiqWp1C7ZksKLl6LWxF56qwROZVSSiFhijJRvNCgha57T88U/eDgcPcIap6i5wu6TBHdpBFq-R4n23VxrwWU8xlEGTXk),,,
batiactu::print,BATIACTU,Print,Batiactu.png (https://v5.airtableusercontent.com/v3/u/49/49/1769112000000/AdBWSxp6AyOZKjZaw7eQsA/Oz5sNWe18oMtGZe_kIUXl-SZfuLids4LtRKN9-l0_48uGX0u5_I-DqlA3WdzlS5ClAMYapzhhsrWZxIS-f0aVQqs1GzVCic3BvNdxzdupQlqhYRz6wFCgerJ8shnfEINr3jA7JPbaGz5HHl0TzRbSjb50OH20HBHoYj6nklmff0/b-DQwT6VovVGy2m9tZN4IanWJjcXZlTMVMCRNb1G3Bc),,,
batiment-entretien::print,BATIMENT ENTRETIEN,Print,Bâtiment Entretien.png (https://v5.airtableusercontent.com/v3/u/49/49/1769112000000/wFaZMB898TCX-j3otEFsPg/t3jEEuYNJMf0ns8UAo5URKzAz0o8OinmszQ28nw6bnyVhqJpj_lAXqsQHAko0_VA_KzMZP5Rp-qtJhz36We54xG6tRdOQk9JFIgzKoo3MmDKnGkaYjB_IT_cg2ujQ65hPOAA4ZQR84GinqhVOxsNyoiYUi0QLnk4fCsUCHFQ7_I/TvhRpekh7ItKcIXdzLvyUjHF3zvO8Ux-TRKx6LoD7aE),,,
batimetiers::print,BATIMETIERS,Print,batimetiers.jpg (https://v5.airtableusercontent.com/v3/u/49/49/1769112000000/RlJsbGD6tH7HlLc-Dn_4iA/V95QGQmyQuf2th02ZjRtawxaBwg2jCviwhbslTweaG03A5o-B_oQV3O3GmbNTxzVPYPmkKSJyf1DEfI42qXGphYey6zUEna9Iq90MufwyxgFZP1KrLD1I_ArhbpzU9pmP520h0Kx12z6YeGAKfMt4-WalGtqZCXKLJ0yerZh_cI/j4w5aSIqAodud3JQRNJORidW1M8Tk6OYcMkhKt_9Ux8),,,
be-a-boss::print,BE A BOSS,Print,Be a Boss.png (https://v5.airtableusercontent.com/v3/u/49/49/1769112000000/7hFsd3YvYV52g9Sub3aFPg/hbOrYAaYWSXSSORdwEO9-cipeQEg6IuqHvvAWOCyyqpCG3yBByEqOtJuHjr_jw0qhmLYmsLrPxMwAbWPdX3m6PQ1jeIAc1sMzJjl3UHkAzg44fzSmWz9aPsZOYaUinIPhKU-7BnyVIB_96TIaSAHgQy1I7Po3rHb8Qfq30SocxI/CtKVmt12s57ILQbnxEYIk4a7DQuskruallwNysKddCc),,,
beauty-forum::print,BEAUTY FORUM,Print,Beauty forum.png (https://v5.airtableusercontent.com/v3/u/49/49/1769112000000/W6VA-7XHfDQm4THetqtlPA/gVWE_-ihs2U4Bms8N6G7ehBdIQamcHXhVzYDLst-t0j_pUGIN7nztpUtrWek0CaTsACsRuHEd6d0pyMb21VKAVAKq3RVicBN3E_lPgG4S5q0gso5OBzm58YlzciVwd8WMLhZcrORaxUC_6PTaG1dK24oqnRrUgEZdlmeTzAhc3A/c8ybepPSNWYxT3_rcIKKLhISUprdVO-aXVzYGqkBZ9w),,,
betteravier-fran-ais::print,BETTERAVIER FRANÇAIS,Print,betteravier.png (https://v5.airtableusercontent.com/v3/u/49/49/1769112000000/qGP7c6rQ0eogBebefPhIlA/nP809s8VI9uJcawtvWicB9YFZviIJ8dnxNKsMCS0facZcUAMg1bI2g61GU0R03jFqyrQZsj3Sn7DJ3nGK0nyxNG8TwYeOGvh2gEqNEbyuuu0gW8iLSqwGVd9VnSGThBMU1Bpxo8_21rWeFjh7XdL6X82yZ3v8KO0QoG5cwt11Hc/OAxB31RcrOpJN2EUthpY3VZIyOxsgwaKzagvfgEfSH0),,,
biblond::print,BIBLOND,Print,Biblond.png (https://v5.airtableusercontent.com/v3/u/49/49/1769112000000/IT9oCWKIi-aZlDj86IsO7g/OrRmR_y5XCwL0dIy8F7HNm0rG6igUqI1AblE8d0A_n4WhWmTx-RQfJ_98qARSnVucIhihu-88RM83GTWxUgvgVsl_r-WxZn_MXIqyOHic3lLa_SBYtIFRmDzPoGAhc6eNsQ74x0Gc6ML0iOCEV3MU3TE1rcgMpQ0dtWoMj1hwO0/-nmJhUtNyq7-DqRwvnbn-Tgc8Dqka9iHMR3ra0-TH-k),,,
biofil::print,BIOFIL,Print,BIOFIL_156_produit.jpg (https://v5.airtableusercontent.com/v3/u/49/49/1769112000000/jYdiY6CFH59PFZG089W93g/P85D-tC26hXeX-KgGlHUxedYqblqpdgxNaQWhpYbooU6j7enVuuDazhL6SJ9XrkrE5I4u5JhozH9pngVvRCke4GUFCttLUAlin9MNf329aspdEV0_ihADmzkV4T9HML7-ka16yE_8TEqTOfrdf8vfYTkJEfdyFV_Te5aLFqKMXo/Yj6_v6n9M-KhHahzuMN3qaiaG2q3_Nb8xNYcveEv1vU),,,
biologiste-infos::print,BIOLOGISTE INFOS,Print,BIOLOGISTE INFOS.png (https://v5.airtableusercontent.com/v3/u/49/49/1769112000000/qNu-uxBx6yPwMkYYNrB4gw/aV-lHdfKgWeWYQ-2gQAocwsO9KCmzuKfmYkWxELZzS5JqCfuO6z-5KuTL2lPqhzXgopDa93Bz8juxv0qfrgXO2sLlANDwe1c3-FeXiN4HYBSpOzPXv5Lo6RLDKJk5C64gTlsrxVnAwTiEFdv7O2sWVqtOeepNo6M-EyfLjDtnTw/q0KnrWFJnFEy8fbHgogApoKCY4O5bz0GI-Jtc8woJq0),,,
bois::print,BOIS +,Print,bois+.jpg (https://v5.airtableusercontent.com/v3/u/49/49/1769112000000/4TMhypMhrbIdg3JT-BbqTA/giUd0_eIIdOFpZAvzAeCvvIYPKJymsp85cbDpfNqXEW60FPQIOQFjvkzC7YUq0E3ke4F-o0z4ZodukyE_iUFfoRn1jOTgz6rfMnGwJdkWPAi8VlIXKb_ViMC1za-8OMmG4aJHLE0z1kJBA1vBBIVrw/gTNk511pXnIqgp06RWFsPU2R5Ktvr0MhJ-aTc3z0Rc4),,,
bois-mag::print,BOIS MAG,Print,Bois Mag.png (https://v5.airtableusercontent.com/v3/u/49/49/1769112000000/83i4muRLiI5c59xYCDpPxQ/pLDBVBzcVJJqe2-VJ5PIVD8Hh0H2cQrtqSrGkWxhl-ql2daHKtd8h72PQKcrgU3sBRFUgH98mEV6tfXyUAytB7IY4wdUWR9nOlG-M5_U1YXE366PWAWcDLSzLz32YUYDg3RUJdGJSv3uuSpmVNY55IGajCaTmXVnbvCrT-lq_Gg/j-PTUTopDi-3-WUrJbTx7gpTscDUFrJi4CQYp0uj8tk),,,
bra-boisson-restauration-actualites-nouveau-nom-tendances-restauration::print,BRA (BOISSON RESTAURATION ACTUALITES) NOUVEAU NOM : TENDANCES RESTAURATION,Print,bra.jpg (https://v5.airtableusercontent.com/v3/u/49/49/1769112000000/mxkz_cYfjqiFdMdMwRY78A/jiW4Jq6fs0brQY5M7uazTMOsxGhaZOlcOUpVmVaIdP70Ppz6FAPb_a1-L3pG-3QqAV0Jzk3HrZbU0QnvlbfOGgXeKuop082vxfp6QojmHbhGjMzexV6ZtPMcAFyN05rlcHRuTYRl32tzrD0omMYbIQ/42k6Vljn25PIwMhrI2BH3-TuLNJhyra9ZXJyusw1x3Y),,,
btp-magazine::print,BTP MAGAZINE,Print,BTP Magazine.png (https://v5.airtableusercontent.com/v3/u/49/49/1769112000000/zCR8gGksd0ZymU8BcPSa7Q/P8CbvzyADPSRizatDJwZyHOiWiwvPAzviz0gpWNHENdDN38qMsgaLsevtgIsAFNFkkvskAMCxV0E17faIQTwcW6h6iDb4GqtVJc9jK_9u2NfUnCfgLbhxH2yUqIqIXmkNqmIbBbh3uPdCfD5fmRtBclmtf72slKmbEw3aC78Rfw/a5dFI51kZYbKakKANu66wIM8eOC1Nj7G2ueS2_2RnlQ),,,
c-est-a-vous::print,C'EST A VOUS!,Print,c'est à vous.png (https://v5.airtableusercontent.com/v3/u/49/49/1769112000000/A4OvhFQU9b6P6AGxD1ZbUA/wX1pdrdAKu7b0QOD4YEqO7mUVt6ds9oP3vSO6SQidzlbqMQ_YQ2TSxE-sFE_ZvA3Z74zeVxGwp-erNkC23jX11-hPAlUZUc_gKS7HJiuZS3iZ7jCddL6qHoxAuaHCZUjn5hbepz1rrlIB4dEGZ1RUiezzOR8TrI4B73HBxyjHQg/jYmKzR-jDINaLzr4tYrY-agN2Ejig_p82euBtoZejYc),,,
cad-magazine::print,CAD MAGAZINE,Print,CAD Magazine.png (https://v5.airtableusercontent.com/v3/u/49/49/1769112000000/6uPM3Yso72h2evHZt7R6SA/sW3zz2v5M4ZtcfrfrWEsZzBecLcy8VNf-qY_C6rEufGP2EBGavHQLIJ_zTxDtS4X3ZQIm5rSMwuy-7JTA8KEMJ8bF1L51EjotJc5pDd6H0Yqhi-YHhqQ63oen3Aiu0bkf3dwz4Z7ypQsY5v_zhoVysZyKhHMzHs4bTfamgJhIWQ/fb8AVA4hohTaNDydXQbzTBoGFwBej6N7pVdpHRBxU2w),,,
cahiers-de-nutrition-et-de-dietetique::print,CAHIERS DE NUTRITION ET DE DIETETIQUE,Print,Cahiers de Nutrition et de diététique.png (https://v5.airtableusercontent.com/v3/u/49/49/1769112000000/GZHCt8ZpkQKz4kO3U7zClA/6Bca3imlphvfwLLZwHeEUqC0XfpihaZro6YHh3aFNXfd3PjsGyEKo1pPzrKj6_J-ZRntKsFxo4m49bv14Gm4TlQ1bdMtFQeWMvXN_yvudVEwjxUB-EBcXq10H7ar2TeruoqJ6GP_N3K2p8fqO9kcWe73T0JmKwy_0Q6vLDjpmlNdr-aEmMv8vcD_JpHjlLqB/YDALCUEEt9Q09MzArztko_quAHsAMaZWjBWwUE3Tqj4),,,
cahiers-du-tourisme-et-du-fleurissement::print,CAHIERS DU TOURISME ET DU FLEURISSEMENT,Print,,,,
caps-infos::print,CAPS INFOS,Print,CAPS.png (https://v5.airtableusercontent.com/v3/u/49/49/1769112000000/q1cejSUpLqMR249jhad-hQ/VQg6NAmM1oPqmz9UtsG5pRsS5XBgIJZGxpsSnzTj03s7uC9YcI2I8K7lz0LO8fIwwSvpty2ilnHHeSlygk5uHJHa-q08DgMm8Ipu_1vaOqVoUaJc8QKFQUzH4vMBVT-Cph0xIglKDvzv1s7sjVleAA/nmE2Z32_ebgqvnr2XE_gJ9u0tqCbAQ_8s-ZAHl8dZpw),,,
cardiologie-pratique::print,CARDIOLOGIE PRATIQUE,Print,Cardiologie Pratique.png (https://v5.airtableusercontent.com/v3/u/49/49/1769112000000/iw9NFSViQu1-5e8mwSIymQ/6LX5H2qMOVov1c8uK9R2_foDaZfGPaoLFeNA5appo6eXmJfu2kvT5L7e0tr-AXmjA8pMmuCNbKuGNCUJoZar5YFmtpNMYJk3cm_uUtTkmxlIKhmGw-4EksF5HqZ5PRg2anIJ-JfmcKiiT1Aa2YQKjWcUKSaRdxmReY9UXidOQBs/IrdsfX6LBy-UPeXTFp5tUBong5SJXP1FwX7BtNwHKF0),,,
carrosserie::print,CARROSSERIE,Print,Carrosserie.png (https://v5.airtableusercontent.com/v3/u/49/49/1769112000000/fZnIjUAzM__wMgz7Fz9CFA/tuwWuTuNiMBgDS047WsMPcEyla6H3lPqCdBk6N-cNacWDzCnO2CorlZZkmtqlKbrulJMVaa4feXGCz_RSrtJMp4zUMmLY3ny04Yx9GLPdQsOocOer-PJXPkVQFM5yBL7HW_ybgz0XPKu3-av6gQl5JPrO0XfW6NO8d5fMO_gzSU/9KGXQdmBo9az0p-Vsh_o3dXCoYEna1jiBPDGd5W50SU),,,
cavistes-et-e-commerce::print,CAVISTES ET E-COMMERCE,Print,cavistes & ecommerce.png (https://v5.airtableusercontent.com/v3/u/49/49/1769112000000/5dY4CyVuWDHs-EzYJMBrow/mj10myZa0HpDB6-8LGMpOdOm34VBl6mX4TZKxpBW-PyquOGIMQXSHHCoadhbCuwWilXVlND96FACK1YTxLjxlPb2SLU7Npzw5QBNBAWhuvuEJHB5c9dMT4-Hbunm_jOqdj0bH4Y4hrxdQTeof8m0Ul3dd1Z0dkdu343QThIpmJw/5GFJh6YpYKf6SPwlVtk4xYRPSEFDHsMyQ96FOnjfuUc),,,
cb-news::print,CB NEWS,Print,CB News.png (https://v5.airtableusercontent.com/v3/u/49/49/1769112000000/xBcsMQW0aPpgqEWVoLvhag/C3uULK_G9hXgalDA3Ic9_lRMlO89v2sYGvT71zPOpC0TTYz99cD3xAproumC8aUx_rrtyXXK8UyFe46ISDfbq7dUxI6fr0s2DukLwSxfUZIIkR0B1utHTqtZi1y6Q7-IMpbNOD1_Up_9mYzAMEnmV_ZuHT7jGPlxxhJA9mQXxYg/Offu6N5bMQ5iokMloP1rpaGwlDXwMATS8XgwFddXZ-w),,,
cem-controles-essais-mesures::print,CEM (CONTROLES ESSAIS MESURES),Print,CEM (Contrôles Essais Mesures).png (https://v5.airtableusercontent.com/v3/u/49/49/1769112000000/a4RimRJavON-QMqZN8jhlA/rru66DM4gJbuNfEiG1X5WlSYhfGU1M2plWVC8H9Pf6K009qitgO-70l3hIXiCor_E_ZCxrs0C0z-Qscc3RjY8KrjO4hPyW7qWW_-3Zu4kQe_g7Cc3GGTOxfCwNVukU65SCpY-1XKlUYeG3FLjxta9OcSwM9Nvolq7L09HbC4m9b09VmOC_TyfK-lJNloMeJ2/-N7Unm0Cbgn7w836uKd9dPUTRH301FQEkuz5KvPhIgU),,,
centres-aquatiques::print,CENTRES AQUATIQUES,Print,centres aqua.jpg (https://v5.airtableusercontent.com/v3/u/49/49/1769112000000/WL9glec0U3DEtIdfbLrHJA/JNr4SHoT0hYnAg6GBgE5Xp-PoVMgNaFh68Ti9n-cf3rDlO485PuhgSOrag6xxmQeRrxkrAqyuyH919nE20evk_02pzy4YheI3Ds-Mzq8V5BNiDxuN1zk2FVS8zUfpg_yukgFVVqmp_A_oHiHlZBvu90Olvy6WNVzqBE-WzaRldA/Z_Xb35rzGF_Rhw4xKZTk_LDB2-kPTyjrhd5XhhuAnsw),,,
cerveau-psycho::print,CERVEAU & PSYCHO,Print,cerveau psy.png (https://v5.airtableusercontent.com/v3/u/49/49/1769112000000/o_zQoiLI6-WcKn0SOR682A/Y7UfGWhfpfeyjxDlG9sFBYZnaVKghA0jPelnn_x-PZJ8wLbN9_YmCJs6r8rvw10CWKAC77YszSIQa_fdVtoWXG_luF0QW1tsxG0EjnZ80K2DMILx-UfPWMCy2dWFUvR45ngVb9S9ebCpZCvW9JHqzXUVp6xQRYTMiJITD0q9ALI/cbGZboyV4SeDZXJEw8GrCnpvwZXoEsxxBrvBNeL9Ju8),,,
chantiers-de-france::print,CHANTIERS DE FRANCE,Print,Chantiers de France.png (https://v5.airtableusercontent.com/v3/u/49/49/1769112000000/kDB0GvmJvHJxyCH6ziuQCQ/FuNEkrv0ZhYKNfJkrxrMV50riC-0gk7y4i0d6yE9tKidY9c1X875BXdI7w_zGtvIUO6c4lrj1GQl74DUhk9TGmjOn_X5ttDbdcq1afL1Zv9VjuUJB6zw__oxum6lB78R4x8dX7OnOZRBEJ0C2VAuKrs0B8MVsVHZmOoSCJ8_xQM/NG5EHEo1brdRYbDR9OVt1UJWRFSSUKD3wDx-qzR0Thk),,,
charcuterie-gastronomie::print,CHARCUTERIE & GASTRONOMIE,Print,charcuterie et gastronomie.png (https://v5.airtableusercontent.com/v3/u/49/49/1769112000000/_dFP4iWwphbmKOnKCK_aoQ/tUHryb6OUwdiVANLN4FOpEZ5PoUKapBpgxmutPdmUcFq-2jg9eKMZUeaShh03kOJjAkrEpj8RkUqufOfEA59TmusiNEfY0eIl8BhIi7GAFFLBhcNsOQV1BqfWFu8QYxOxlN8uLRmwxQFte3xrz-Hzi7O13OB66blnairuh3OM3bzSSdJdYdaXaXj-Az6wdES/4VeUTtXElC4et174rzOXKz40ASE5XSEYoPwY-hF3-eA),,,
chaud-froid-performance::print,CHAUD FROID PERFORMANCE,Print,CFP.png (https://v5.airtableusercontent.com/v3/u/49/49/1769112000000/ivVMXt3Jbx_WeLUgLA46yA/ql5t7uVwJE6K5dp1DgZFVrRzIGGbipqLnlt4bDNXm8rbce8TcCegNDc5PxIdc_LRNNdBNGXFODkxNbL4QPJy2qntre8criHZ_WCtPc9lHjSWtMQ37tfRDiFRPvwrU1UmcccgUnteLwwcmL2bjLWRzg/NZ4oYz54zqBqi-n6OMMONUNjeb7e1fT4vck44euSG2g),,,
chocolat-confiserie-et-glace-magazine::print,CHOCOLAT CONFISERIE ET GLACE MAGAZINE,Print,Chocolat-confiserie et Glace Magazine.png (https://v5.airtableusercontent.com/v3/u/49/49/1769112000000/T2ZC0vREk1LrTevpx_NGVQ/36s1HkgsSnL3kLasVyf3WaUbTsLnzsBuL3cjIt5rvvRw4aqz9Pi4MLNjcoDAZPO9p9r9fGyNhgvtCY72xXANT4nmqNF6-er7iWux5m6ACX3KeYbrnwO_ocGNvjEDZhj4OLNCLUb4aBrvGYP8sZUHuR3LNgs2d7iBsLjcXi99AMWu6tpu51DZeZKUC9hWNzmp/XmrkED1BOJVSdnQwoETlGKCilV1idFrk4xS7dyd2Fuw),,,
conquerir::print,CONQUERIR,Print,Conquérir.png (https://v5.airtableusercontent.com/v3/u/49/49/1769112000000/DBIK-04ef38cfaO1SxRTqA/wUD9Ni-Qou4rApqQV3rW2Nu7_QT4180rIlCGlzXABkGid3JCzySxHTX1GMMPqfwXpXeW_1CSwARYsLODHOp7azhKvwG9a36I8JGe6xzDNfYTYbQ7DcToH7s8-pETnlP4rQGIU8S8y4KIiOn2F2nHjXPeNZ0zaOgGHDs9F21N-20/RTqXkH2R1F14SaiITYNu2D9NCF3rNEvyeUF-4D_gtJ8),,,
construction-urbanisme::print,CONSTRUCTION URBANISME,Print,Construction Urbanisme.png (https://v5.airtableusercontent.com/v3/u/49/49/1769112000000/Aj3B9suxhjb3olYxQrCGfg/DhJW5ion0dv7aj8ArSzS4NC4GLtibt7_k0oszg8c-ms-yXjvDgS2Uk9vbRZ5eQsKAivRcrj3Us0FBm-siD9PrvkjvQG4XIRSuveOks5vJEyyd5Zk6SqwSuejKQ8-rTyQ4Pw6NRL31xg7FYphv0joGeBOOS8loci--N9vyWLnf6M/ZSSaTiHzEYcGoeyOm9SVQ33fbJnUs3xDQ7n93O6hbQw),,,
copropriete-travaux::print,COPROPRIETE & TRAVAUX,Print,COPROPRIETE ET TRAVAUX.png (https://v5.airtableusercontent.com/v3/u/49/49/1769112000000/APK8EQh-UL9NklszNqH9PQ/PJt7JEPVX-UANgJMds4jPBFnXZB3x_6mOMAejndth-khwZ45zFIQ5CuGyB09YcpumdbtKQ-du9XizIA5yJfXqUxS_bzSLvb2bEbiWLW0xIdhDO_9kmZ_W9jcp54tJ65cGgqF3CI4vaNLMNi-Ak3Rhne6uSdsR70d7D6d6VtJ83s/-vMh3773rZMqM_TQjFcbR1bYbI2_AFUE5ppMyXv5Tfg),,,
cosmetique-magazine::print,COSMETIQUE MAGAZINE,Print,Cosmétique Magazine.png (https://v5.airtableusercontent.com/v3/u/49/49/1769112000000/K0yrVTilE-VtrIJkqEuAAg/ac-cxo2XB2EGExWEy3wx5KIyWaHHwVN2h_vhy89Y-or0IKLc9lgzY8upubZ92IwvshhtqYh0UCVM7hdsTxpIRRM5XhUTQ0sy2Aa-5L6jE6CGWj1-Oynk-ZcARuXsWZq9SPCo4mMNqLl0UEx0-fKUzT932t5WB-mip2_0XvBTJ6U/23fxdBMHzC67N8ZT_E6WldxyCBdZbYQuEwunpUNE608),,,
culture-legumiere::print,CULTURE LEGUMIERE,Print,,,,
cultures-marines::print,CULTURES MARINES,Print,Cultures Marines.png (https://v5.airtableusercontent.com/v3/u/49/49/1769112000000/g1wYaadq58WOs7x4gAgApg/27SkpoOTt1lsOKFoXKu9LPB9b3FU2XuGWQjbMoaxae4VZyLZ8ToSgtlRoAapP6ttpvZIgA1nH9mF2-2XnP-BnEUnkQQPQLHi7XUj87F4RqGp2TfEdC956kMgjVDp8nSvoVWQBZ4DJn4ifu_SgJKmzH4pw92n5y-KZvilxM8nYbA/VeaxY1HZT5sPbkUvNC-P8_Y9IsBsE-U3LMWoeXqkYos),,,
d-o-actualites::print,D.O ACTUALITES,Print,D.O Actualité.png (https://v5.airtableusercontent.com/v3/u/49/49/1769112000000/l3ho_11QeyBxyxsMVYqDIQ/AJmp9uNvJ-qCaCh5jBsIHUjtqPifmZq36WCUuTl96dcOoqocsIhxqFiEYWFkkGPyUoquM8ntA85hDoAlFfeaeJd1hUXNOmRCwoXq503lXv6wWY8nfKT4yb6UvwcFm6HHZS7_ycA-eeW8mY32-8ffHomCs95_ROVvHrLdUYypLXc/tTkgvGkg17fxyDBguSxeyJEpdyx3UNBQ38rrK2HVQMw),,,
d-architecture::print,D'ARCHITECTURE,Print,D’Architecture.png (https://v5.airtableusercontent.com/v3/u/49/49/1769112000000/f4YGqG1rgtBk7pxd5g6hlg/YdIcZkOKhUBB2yzwYfiAREeAPihEsWmLDsFnu18dI6vcXuIKLX0K3GCtxAUXVUbq-KSRgw4dtXpVJxe1aSELVqP1WoD9ezoM7VKx6GDm_-AlRTXdAfuMVm00-RXbNF4dPJlsRxOtQa41e6eS2RlSQCQSewp3bhN0icZuv8TVMJk/DtaJ3qW2dRbRIY-rrdITtB6B5jKNzt2NkBEL2wIBjPw),,,
daf-mag::print,DAF MAG,Print,Daf Mag.png (https://v5.airtableusercontent.com/v3/u/49/49/1769112000000/HDNTKDRTr-kfpIsXazO7iw/IY8HBSVYPgGvoSBO_ZrbWs83xFygdZo4otDzoAHeD2iq_vf4aDoRbPX09FVJq5XOxWBxIyUISDl3xTHUKBfi3eJ6ia__eA2yxtmkK-K8Gk8pAbx6TTaN6xNijZn7R6VXr4tangufusTnwerSOy3qplhkw0Ylk7wwgMZdYFj5w8U/giEXT6s_l-QpqfpbEtODUhIvufImiw8oCX2GqV_BDpU),,,
decideurs-magazine::print,DECIDEURS MAGAZINE,Print,Décideurs Magazine.png (https://v5.airtableusercontent.com/v3/u/49/49/1769112000000/1THFh5Y-EADe-4dNyUzKZQ/_99tmIz9AfiQOQ4hG3h81pltOgi5tGiIT-qXjRTrXJa1j_TrvS7WmN2mk-bpP9Z6gPuCod4Bx9NwCnFSGrf4LpRNz5EQqMACw21ivZLwF3AJUDIdSGyxK9lsNJqvHq3PMH4trZzWGc53gHfEFDwv_Fxpf8MvIsbg6_yBzLa52-s/WhcqXGqVRd4_NMKDqZtHNSt9lZrPqAz2MBQxXZywwH4),,,
decision-achats::print,DECISION ACHATS,Print,Décision Achats.png (https://v5.airtableusercontent.com/v3/u/49/49/1769112000000/lu2G_NoIThFRlEZzNCtEpQ/XcBZBdIfE0r1tTM4J1kUj6nCJ26hV4ahpMR-wxpiuwKoZpxjhwZ_zH8SJz1TyXTKJd1y9qHZD_IPXnRiha_GG5ntqoPHp5uVUwN7yrFIGOkStOw3Y7OzNOJmd3rU0YcX-pa8ziv3bPuYCCKhPwmGKs4-WSfvzaM1gYH8shxl9sM/4PTIa6eAmAGChm35s0yIKe52gwqxxNBEnOU13hj7-Go),,,
decisions-hpa::print,DECISIONS HPA,Print,Décisions HPA.png (https://v5.airtableusercontent.com/v3/u/49/49/1769112000000/Kucfy2UIy1PsqgzY-nPB_g/-GhjuPgGbUsFLwGDEWi1w4dqx7VKDG-LYRg0GQ8sd57QHqxrqTdmnk0cNwymWkzkjJH8Rt6Ed-EsFk43RdqaSZH2POaOs7EvSTY8Dd_l4ll-8M_ABC9KvjJRu2O2j9eyTRE4-KQuZDYRiPwb9cbxmQ-hpASJqJRe603A6mdAw60/5G1CPEXZ8jH1xbSco7zDPFea64rKmOohpXl3KWspCgc),,,
defrenois::print,DEFRENOIS,Print,Defrénois.png (https://v5.airtableusercontent.com/v3/u/49/49/1769112000000/2five1HY8mVDCviU48oCqA/X0kq0gky2KSbp_07g8AnAxwi7yUL019yr5cX2Pr0qQvVe6HoxiByVxD-ggZtkfcsDzzyqZT3eGZ8XfNPRCU0Bt9tQcpv-dYJ5v2DilBkDokaKtbFjzryn9XpY1u_lNUKJfqqajHULQmtZ_xVle41n8A5ZbrikqqXY31zn5VewGs/la55L5rS6ywdDn3A6hu_Kwmmm4TytqJZnl5hDLQawO8),,,
dentaire-365::print,DENTAIRE 365,Print,DENTAIRE 365.png (https://v5.airtableusercontent.com/v3/u/49/49/1769112000000/mB6TZ1epNG_3YSFXbAUcnQ/ks-Cif9zhzQITsPrjj31Yb6d6MBrO1QKwQ2iKK-6Ci67FhSO6cOzymN_LwGWVdZH1GWsoZt8UZNOdhaaqS-vPK60o4EJ44i7nw5uXVya_gvYWholU7vAejWHFSkRbDJUcVUPhVdniTrH7D2ArdzaN1ukh2pX6mMngPrw55ztp_k/Ie8z8Sce2TdW4DqyaJhNxB1SgQh-72fKgW6uNjlg6YE),,,
dentaire-365-orthodontie::print,DENTAIRE 365 ORTHODONTIE,Print,,,,
dermato-mag::print,DERMATO MAG,Print,Dermato Mag.png (https://v5.airtableusercontent.com/v3/u/49/49/1769112000000/t0p_oGIOkgtHNsl_WfpYqA/2PvxRwi64oJr7gfDEucqRdFysV-ePaYh8drl5R0_uP8jwj6tR7jA8xa8inO7Vzl82jbRfn6-JpFBcVlDF-xEb93USAn8FfavOwkrVScCaPd8bvcIMW-z0_oDsxaLbTQUqhJYMXv6irJEpbvxy-8RzBtAsYZi_MEQxCx-4VMTJVY/dcp7BQXMIKe_cAcPFk33IWoC3IVUsrK6bC4Lz1MywFg),,,
dermatologie-pratique::print,DERMATOLOGIE PRATIQUE,Print,Dermatologie pratique.png (https://v5.airtableusercontent.com/v3/u/49/49/1769112000000/JF3lDX_bfGmmVM1iOnK_7A/8SccsUPhFgQafGyjF4WDPvnheLdNRKOYrw7gm7u7UWM8z2EV8q_G0RBX_8MAKtF-qzwCBT8HtR2N5ngNoic7Tlakw0nrliO-kZwOvX7KR8NxkSgzLf46H7xh1hzm8x5OB2Q-LUgDqsUMHy7U52yOO2YYlm6nUk5g3xMeXmz0isY/jf7I1d4EVBenhH1KOWQGk7TPM-p1RlaJsHymPVSqpDM),,,
destination-climat::print,DESTINATION CLIMAT,Print,Destination climat.png (https://v5.airtableusercontent.com/v3/u/49/49/1769112000000/Ooa_HPJZ1ab3qKdzGbFraw/wcYJrN4rXgq8WC1D-nGjGKAb1cjdmJlXSdQafcyvtWqisxV0gtioM8NFVHVaOOjGVVe2O_-0NpX8hyvVpqVrFbaFIIsVkubuNsIBmi0rqwPDSztha-9wd7i4r9qw-TmGiichZ_btPHAWbioBGRhf3hOHGlvQMSGOCAJduOb6mn4/wcBTIg72Ccf0YEuEM2JrwmmHIko2m5QD_DWwta8HvMo),,,
diabete-et-obesite::print,DIABETE ET OBESITE,Print,Diabète & Obésité.png (https://v5.airtableusercontent.com/v3/u/49/49/1769112000000/ipQm06YsS1DAyJIOMzzIGA/2Q5IY1Qo7ouQWe1FYayZWAyZOt_KGa34XHf954I_ublU6uBFohHe0chTW6LkqQqK_HVrUN29zKcSUjcUUXuONmyTK2r7q7V-yQZHLxLTmQZqDxQqfFZHkGV96TDcGXHn4dPoqZRtkS9tC13DCPOogiV7Je-iwJICHwjbaoHs_74/7AY0IOffHj7NrFOX8bxtprK-tFiF5-Y1ZSvQImSdtuw),,,
diabetologie-pratique::print,DIABETOLOGIE PRATIQUE,Print,Diabétologie Pratique.png (https://v5.airtableusercontent.com/v3/u/49/49/1769112000000/OdwGet_c6t8KMDRHkoM9lA/a1cWCZDV5s_eioHKygoGfWZLuroMDS6T3ixP8jKKwCaQCLHVEjGTzMRMa6dDzU14PI0OyV0JIXZrnmeeB92_KEo61zitLbatjq3HX7xdI0ZjZOkKFg__dU1jAYZ8E4O7qJvfs0nTvaUNkDU8ZIMXYq9a_NWxE6PBKBCLZb1G_dc/tK-Y5iUWD-kAbeacCCcyd0XYn8onhPQqj14wCnr5uNU),,,
direction::print,DIRECTION,Print,Direction.png (https://v5.airtableusercontent.com/v3/u/49/49/1769112000000/_LQ8Ld7p0cFzaazd_UCrIQ/Hx4UcBV5PIstbzuLqCWo-awfjK56Ww6LN16Lecou-d0mxKtHRpaSUr3SsSb54hY09E8-_VuOSmJCwgJrs_ju_OG4ohvmyCd5qXrN4OgaqL0hgsnq8ITa8ItxVT36SYVpG95JBh0Tcyw_nZohHLqEwiWnP3uqP3sSk2VGJ_VJC2k/GArJScf5IVIdiEt3fEcUTvxP_7nCusOBIzSO955UzXk),,,
direction-s::print,DIRECTION(S),Print,Direction(s).png (https://v5.airtableusercontent.com/v3/u/49/49/1769112000000/FPHK_HT494iVZSCnLpJ1yg/W2rWz80IKu3PVTRqYOcdUdP3vFeNaHi6d55lKn7hVK2clIid6gur1-VT5ECcH8x-5rCXoOilt28XC-1XwStuN6LPZgO7Pk7nBentG_pp-ZyWaTtoO2xlmCyNT4Oso6LMOt1Qy6AUasjcRiMuDmGIFUdEUdoYWMZ5RANzBr-FDuU/ZX0qciIhZg07IVlXVRd_ah6h0jVNQ7ov41KWLAUx3gA),,,
droit-patrimoine::print,DROIT & PATRIMOINE,Print,Droit&Patrimoine.png (https://v5.airtableusercontent.com/v3/u/49/49/1769112000000/98OfQ1_pQZJ89-mRfZ2JlQ/XekoTGiGXwpChHp9Mgz8wgZRl5eo4YgLPrgx_W1eGLwANsv9e5aApP8gh76YCWnYkBcn1lxHe5wganZ29MjOVX0UEVU_1sEFgKAWdhXWdbeU7KsYxTbCEcBabux4A8clxb14FmoHm2S3HhwMobaVPc2HIKvtmXGw3eve0_3P1_8/LbFFN0bTsl-nOOA3Gk8GAxnV1cNHRwbdb856aV0wjnU),,,
droit-de-la-famille::print,DROIT DE LA FAMILLE,Print,droit de la famille.png (https://v5.airtableusercontent.com/v3/u/49/49/1769112000000/B5a4rYTK85ZqcYnansJfkw/X8BQ7I1VpMWxdOkhCQiEO4pPOWAdhLtgsxwOuj4OHD0i42Lt0VSJ4lfLB8715KoZop8BqahBk9rkASDXTVo5ztJiahFkyLPhG3OniusISbwBOLKKgQLzL3elKP5GiM2dnkFZ-rfw88XJH0PqEqlpOKbmYf_ugMM8kIJK0Atdqwk/vEsc9l6tVKiaGh01HUzRNTlbmPyfYuDx9Zd3RpwA1ao),,,
droit-penal::print,DROIT PENAL,Print,droit pénal.png (https://v5.airtableusercontent.com/v3/u/49/49/1769112000000/tEu9is2BxNk9muXZgdVgDQ/EeZoefKTqm6aLZV525Y2RbUl16UoP7yNuLNypZGxvL4lQ8P_tTUBfC1doPYlO_-4KZuiYfBV7T_m4j5rZCU2zTZhLFiTBG1mEIma5Y8QWS4mFqQT5-yl9kbcrqBQYLtOGpN_aQRMu2fitR40X0kTFIYwv09bpp_X58sIAPaQ8lQ/dGV0Qy8z8udia5yz3xFV2Q3PSwLCYtjpMsj-8VFLF7Y),,,
dynamique-entrepreneuriale::print,DYNAMIQUE ENTREPRENEURIALE,Print,Dynamique Entrepreneuriale.png (https://v5.airtableusercontent.com/v3/u/49/49/1769112000000/oGc0yjqBOfeXqOvW83usZQ/n5vdcdEmLZF6kMITPxUzFKFQDBq-pd3M2Ixril2MgW602vJezSOzVVWtDm1eGUF_6g33HWWgsR_tATyh-S6GGyKN3PgKP_ShOV32lpDUfngfQ4qFVsan3cnSaTpAcmD0p8bl8fQ3OqDxWs9SWFJ46qp-uJ8RBsVk7IzfoCVvlyNEGcsyMeL3ahwopo5mRKVG/pKenOBTpilKMyoQef-mwL6_qrhYshocVgqXHxRRBqrY),,,
eco-reseau::print,ECO RESEAU,Print,Eco Réseau.png (https://v5.airtableusercontent.com/v3/u/49/49/1769112000000/0FSGyx2iERsxAxQxdcPbzg/z5GZBoiggHDdzcAy76PrkHOEVHsrh7Ik4-eUFzo9n8R325m17VyzmWR4Lwc-qHArQvsdYRSLJEC0K_UYEHCgyvsccfwJgw0VH49eAhErnddKRMm2tNVNO3MuLwNy1BWp6Un52uBbFXs-7IIPw7IxWLJ2qeJTWMAQjEFM_4Db7e4/HbA5u8Aee88N7ZENKE98TYLgDCZ9WEsn-D1YR8Mvp0Y),,,
ecommerce::print,ECOMMERCE,Print,ecommerce.jpg (https://v5.airtableusercontent.com/v3/u/49/49/1769112000000/UmEj5x5wvxAvajc7JOKM1A/TmeXn0wmOObsSn6rKWvviPYNP69u0G2AQTdXc2vQRXcGeU8CZUzQUp3-8SVsw4EX6ydlc1vcL9P2WgZya8JeiIg2IxuX-cB9tVymFxjSSGz-54rqohovMD9-ANwchIbf0fGE_JTF0Hi3G4Rja_si7D1HllSwv561fjYC-9LzYpU/N1qVzZyvZHlJy7qz_YJzNfoV9WEno4OR1yn_dDeVkEo),,,
educ-mag::print,EDUC'MAG,Print,,,,
egora::print,EGORA,Print,Egora.png (https://v5.airtableusercontent.com/v3/u/49/49/1769112000000/nnnaXQVw5vauczUxlC2OJA/niWuYwVIQPCzK1Fz3IBimIuRGP9CSY7D3WINsCiwW06lGUrU4McMgI9_to6U6-1B-sjZe67KfjFvvTuyaxLv9Uw-uBZFCd6JmIYaewAotUET8Sx-E6iWau1ZrSGrs5RZSpFm1LDBKdiLmp_EiC6H_g/EW5dXGipCUvIsjDd1bKuBjkcIseQI6NfgDtvcASdDmg),,,
electricien::print,ELECTRICIEN +,Print,Electricien +.png (https://v5.airtableusercontent.com/v3/u/49/49/1769112000000/3mN_oC9ztEudlLc-SXRi9w/wAW2WQt5_dIadpr4fsdgJ3wa-hpJppiLGA0xy6YZV6pAkGoC1g8E-2BawI5X2HBseQuvVHGJbt1qAH2so0_wKMYpCxXQxKwE2U3aat_CWM2B3MqG7Le5V-mWCPS12-uhjIGOFrB1Pz4VjpDyKDCWepchuTbk8DFaEAYj6YWcGLs/MvJdBesAbOEtpUyaIfMKqmaShAN8htfTOUKpZRv8Uzc),,,
electroniques::print,ELECTRONIQUES,Print,Electroniques.png (https://v5.airtableusercontent.com/v3/u/49/49/1769112000000/IcLeUy1_YbzbWQ1H2lm-Uw/qCsqTuEm3XDqPe6ndv5uZGRmgFFDZnf_f-y2o4fcoE_r85UQwnXRdyGooZBZHCQivYThv2lYWHdBa3hQHRZ30eCVv3O1rWrkc5_kCODixj5dzEh-Fig0b4msVLgE9XaX3pURfdPeVIUgZChQsgBQZtdG7tkOrJiTYLPlTzzj-6I/PLJ97vxLZQRTtb8y0OizoNjOf9EcgYAk7RcC8jI5GSs),,,
emarketing::print,EMARKETING,Print,emarketing.png (https://v5.airtableusercontent.com/v3/u/49/49/1769112000000/_jo-a38EEN_yjVifGDAvQQ/ZptUFcYjOobrVpR9jHeCTj3dc7usAsf3Wo39Kpsvy0Chx2-ZQmc9DV0r1PlX9rclW_hTG3EvE8eOLow5lu8iEaIQqz1ElW2V0aFcvnVCcV1grpdHLN20vWezMe431GChlQnp-fbMkaR4-Oz8RE_X1OvdyI64qGRL7Ug4JZaeUvs/VGF63ObHOYfHCYdP9PN585Cj_UOQEvAeHJg2OjxMRxE),,,
energie-plus::print,ENERGIE PLUS,Print,Energie Plus.png (https://v5.airtableusercontent.com/v3/u/49/49/1769112000000/7h3JZmfzIZoCZlR2NRhMNQ/ZldLDvINb9b9zrzMNRqlN8Pc2h3doVCJniPP845kziunbEWpb8BxD6fgHt-vbD4aHqAq_ZDGdST1nou__dIpmDytWmdLA4am10oml4mDzr86zAWEnzKzOba37NH5dF1PTJDH5Gl2LiIPEd7d_fGDOZpGYUlT6a2LglwVlBzwCz8/wukIvu5yj76aVbaIt5r7iD4tUkMukfdaptv4BsievfU),,,
entreprendre::print,ENTREPRENDRE,Print,Entreprendre.png (https://v5.airtableusercontent.com/v3/u/49/49/1769112000000/RIJrkmwiCijPQWJ_oKLJ-g/h5hgZ7HCqn7BRVYo--8CMI9dTC3x4wgv3BV4yyYUsqVXdo0_8-jKLh9EZJfKH3r5VwZWx6R5s8qJDkl4qKWyGj2TnwdLSMOyOWYhTgaFvLD4mBQsEQbWyKTg9gKtsPARUoNygarZaIXDifeYD0z_v8RM2wL7VqxNjno06SU2VP0/2vFrK2nb0EaWh1dluLohnCyL6osE0f8Oq0yuR6xnBWU),,,
entrepreneurs-des-territoires::print,ENTREPRENEURS DES TERRITOIRES,Print,entrepreneurs.jpg (https://v5.airtableusercontent.com/v3/u/49/49/1769112000000/TCGTBjNcjwNnwSzOeGmC1A/KTDGnWvHGdgActuBFH1XkrPzEPPkNKCQqWaKmxniWrh-HvDenzooh_p0O1wyzhQbX7hURdRCrXSu-1N3tC-Ze97jBm70gwaEkLswYoWK09JzLnBZwRmrA1RCzB4A9groSr9t4xv1HAFm2Pmc_oaUImb1rQ0H1iaDTRLTBPAO1zM/RPO59cJZheyJdDNcb5IuIq20J9AmV5oymk0nynl5k6Y),,,
entretien-textile::print,ENTRETIEN TEXTILE,Print,Entretien textile.png (https://v5.airtableusercontent.com/v3/u/49/49/1769112000000/V-P8kJrx0MA6xbaRvFvHDA/gQWKYKW5MP2-jxpecAjLpkKmx1AxYQQUvB4mh-x63YPUKrcl5TSPtOTPfYjs26BkEsoqxdYDE_ZyRdhAGjdD5OcAbDaEau1unMlPM4Yutuo9h5pvPy8L2z6EFtAkZCjxpOaKdX1txbxDgNZGE_Kc8ises0BF-pVYCE4_k8cA8HU/Pl_nWTQYxeREG9lELbAjOo0NEBPfHZLEM9cB-mCnhwI),,,
envies-nomades::print,ENVIES NOMADES,Print,envies nomades.png (https://v5.airtableusercontent.com/v3/u/49/49/1769112000000/UNhEi6LyVtxKrEfD31b3sA/dxCWHzbB7phE1JrKk7nIRi8DiSEle6bjWRgzmlaMckm994FuIGr5CcZsEl1h-5yeD1OKMuv-ldCz8Ju7_ISN2gSb10AROiJaP_7-ZLuiux4J_3rD__QGbN3OuY4au5rrz54-vVHxPnq1FR-09I2W_YQfsFuNROwpx038h5HowHs/4fCjbYz73VlpekLI5HVtNWFfs_KaEg63FCHbRh7Ip1Q),,,
environnement-et-risques-sante::print,ENVIRONNEMENT ET RISQUES SANTE,Print,,,,
environnement-magazine::print,ENVIRONNEMENT MAGAZINE,Print,Environnement Mag.png (https://v5.airtableusercontent.com/v3/u/49/49/1769112000000/eG0a5W3r5wSulCEm7x5rwQ/M_bz8p7Xf0Ux-hDFw-EsQyZVTsrMYBNccmt2Gr-nVBnytKYkK-Qxr8c0MkT5Vp7rBKzXTXplR3iE-JbVxWisl6it9AHP39PQc80whrjet7UZooFwfuTPz_J1_gbDu5ikoQ2o36V_fxw7NQbti-RDL_9lwlWzwZ_DUneCa94byvw/9Xhz1CBKBSO5xd9p3MUWGnoGm_C4fmn02lyrDv9BoEg),,,
espace-public-paysage::print,ESPACE PUBLIC & PAYSAGE,Print,espaces pubic.png (https://v5.airtableusercontent.com/v3/u/49/49/1769112000000/PPFYHt3qHN0-tA3ip3wnEQ/EBdXKZX2tmy1_6STvGQlAJyx3TWFoujaDGJIXYdh5ObzamTFkepzYhw5sDJBI6hTzPmWrMSuT-XGX23NRU9vg6K6Dunv_SmPMf3EbRSL1tVDV0Wc3zyc5h_nyJCarb7Kcl1hpt884Q990zhoNTmubtKnWvd_k0l-NS5DQc5szns/u1aDJVhCLJ6muCYe0OmgxXPJJwx6jg8x-hrlLaWKa60),,,
essor-de-la-gendarmerie-nationale::print,ESSOR DE LA GENDARMERIE NATIONALE,Print,Essor de la Gendarmerie Nationale.png (https://v5.airtableusercontent.com/v3/u/49/49/1769112000000/RbIyxcgy5zO5YY4lX8465A/PCAFtJttSjGcPMzP_KPY-S0ZtqNCT_MLnST7O-GH4FjAWBhwtgk_jqhydNZ-0fpMlxsbSvil9a9rpcAfBScgD50hHqQJsJkJ5s5iyrRM0LTj9oW6fCM-b1NdCB-d54E48kgM9oLonetD48zgYB4Zp_OjJtytx6IGPMQYhC8J8wk1aVtyfV5TtH-ZswNPsEYP/OMmvAcg-BhVOfstCIp2R5fNkfLEsApcPpOwXfQt2YsQ),,,
estetica::print,ESTETICA,Print,Estetica.png (https://v5.airtableusercontent.com/v3/u/49/49/1769112000000/XQP2SfMtH9KFjnnwvwfsbA/DjWPVE4psUcKMEqRiNELVCWdyo1SxSrK3AyTprdo2Yp51F5jfo7Cmym3BcwmDZTNARTRMyoij-3n2oqURd2_Ca6UuXJghLIS1VCSaZoVanjnZPlSSZvKCu5E8MFgKZMsFz1VIJixkq1DNugISQOPJLm2ZUOA7NlO-1h1vNFyCkM/sbUBAQ-3alJqsZ_1Te4xkUppmI2UeaIx4q0jYqJsRj8),,,
etancheite-info::print,ETANCHEITE.INFO,Print,Etanchéité.info.png (https://v5.airtableusercontent.com/v3/u/49/49/1769112000000/FOMZ-oDB3J78pqJfPITVig/46wiNHLfmwamn-b01Lm1bjNSazV5n9l90qE2VnC5ja7zHCIEdWq9YieeFDg58LRysNbHP709_MKvBHR_KAu35ggzhnJP26ijwOdCaDXQlnn0KCu2OhZMXmhJ87gFJfthmpvqo0WrXugXGQLB9lkLq3LD5VI4D8Ye41rmGJTTwsY/wVotTliybgnmDTOEmH_mH6BRISkBocZ5k024UYlnOLU),,,
europe-parlementaire::print,EUROPE PARLEMENTAIRE,Print,,,,
exe::print,EXE,Print,Exe.png (https://v5.airtableusercontent.com/v3/u/49/49/1769112000000/pCBn8p_P-Z5Z0tnyLiEbfQ/wqoJfCkFVtMER0TwYmXgLWn2j2CKhhaS-c0Q6IvlyyCtgapwAOXlNzFFnTybP2TRlmVuCqL73rW5r5t2VsmasWE2F69MO8FQvRtZ8Wu2nydx1rG6M0K-ZZbg_9KTsELiz6zXHAuUZgAyuur4rRDw4g/N6sP3lURcjtEbzydsSrlg507iKqxHZPSqBJCVgmevgM),,,
expression-cosmetique::print,EXPRESSION COSMETIQUE,Print,Expression Cosmétique.png (https://v5.airtableusercontent.com/v3/u/49/49/1769112000000/xlIt63tE7duf2FswVFSLFQ/nvvtdbWOFa4PLu85khOKzTtf4jrVPgyIk-CeNAynv2LW4eQdEyFfaq_HsdkHj5laO70MkbGgvTQjr9uDjjjqpsmuh_g93kyvm75k4U9W--Vj3kgwDJVKeLkxxwBSoKYF7thRnsgsbwk6KH0CSlzwEyyOeUCMGJT1Tt2RRXEJ_18/bbkUngnwpLzKqHsRBRQyTPehz1wqt6qBSGRoi2GiHNQ),,,
expressions-pharma::print,EXPRESSIONS PHARMA,Print,PHARMA.png (https://v5.airtableusercontent.com/v3/u/49/49/1769112000000/rvdJutP9TGaaMy7rIuQCog/2M2PaAu-RXL72Lls1cLZprMpZwN6ShwLMky2BYrHOgOpGuqvEfljXO6Ym4W02rZT9-S00dCtXkg1TossGxP52xC4uBv9aRtd9FC3jzTpwhx6rHeLl4i97FgFlw0c9hPQ_mqJHF5nYhP4bcHMmkDCvY4q8pOyli70oYvXeNE84Y4/PvbNaAovA0_t_DFdQ7WJtNI_zsY2C9zBYKvmRI_N7w0),,,
fenetres-s-cours::print,FENETRES S/ COURS,Print,Fenêtre sur Cours.png (https://v5.airtableusercontent.com/v3/u/49/49/1769112000000/28_Q-D-0dNycki8bp4tI0g/WE5PhmFkk86VMMLaqbqex4RhDsMkI-lRnGzsAdXEjI2MA1hpkgHQI91txSFe51xA8YHjwhoCzjnR_b6SaqOTBrafUIh2EcGQUSQjOl22vf3Qyzzg1PiO8H59Ryb9yslbYk6ggiWUFFzMQlVGNDiXqXnHUmsUWa_EJ2buFs4Dj8Y/9iJ175RuzHxjCnIeXGUUm1DJRcnBPFHVeDx-xq_c3no),,,
filieres-avicoles::print,FILIERES AVICOLES,Print,filieres avi.jpg (https://v5.airtableusercontent.com/v3/u/49/49/1769112000000/v1KVDCgPdjzv9UzzfLMG-w/WwAgkwRCv3bhVRzwRmp3hdfPaXJOL7L7ucmGHv0caXa1e_KsBwq1Mft2iSMo5VD0c6OnoXKVOFXZEBFiK00dSmZIaY12r-6JN0UNoTlAa5ScyhyvVW8-BWNFXsJIIiDwtzJBFfOI0AmAgLtxUQ558RxB7k4ET1GAz2vfaTMR0Tw/imsKkLagneSbIT8SLAvqwKdgHLDYm0Yo0mebyZvuc08),,,
flottes-automobiles::print,FLOTTES AUTOMOBILES,Print,Flottes Automobiles.png (https://v5.airtableusercontent.com/v3/u/49/49/1769112000000/j2sggGIB6MoARgmmoBx1WQ/peJgMksNdUNksGqrpCqCQuGotMDEnuo0OdO007c6ifct_7wouatv0xYppE42OoGAx3jTZtxbI1iCNpI6dlbBNaHBWAEzEzsQA-ijYBUoZ-LWa3dXTCebQtfPguR3iXcfkx60OP7xvJyZ9c10dc8sucKz1_A6DFYbSpVDt-DAqDY/xdCjT_dTYCoKcsOAupGOr62NUinxYLbLDUYpk2JiGxQ),,,
fluides-et-transmissions::print,FLUIDES ET TRANSMISSIONS,Print,Fluides et Transmissions.png (https://v5.airtableusercontent.com/v3/u/49/49/1769112000000/1MatMAhIfv1AV3TTH7aDfA/ek4KqV9SquvLgbcEFVHEBY6X693X9zF_kiOBZ2Vlkku4ifIpDyurFiBxOSrkfDUeo_nj3ttsh46obqwN1N8O3v7RvijNMSFT-0LYAGk5m46j3aiZkDIbl111H9Wc1WMvM38wRE1439t7v66VMqRGsCAwBwumDCyXYLegJ3EHQDLnRUAcAiPYveL2YC_sotPe/oDUul9_kVpojyn1TuuFOXAvWtaKnszp8bV-_fomt0VQ),,,
france-pizza::print,FRANCE PIZZA,Print,France pizza.png (https://v5.airtableusercontent.com/v3/u/49/49/1769112000000/_my0nErhmThX5rkgnrxAaA/wCnrgaLiNqUjBkG3jFfRVX_0b_Tzfo4fXvZ1E_dUeBcV2EZAjz36CR13ytfcKG8N6Kx4bXe0uLweWqjWMTgXHfDIk1AtXXRtPFmagbF6G448gVrF-XC3lpWwxO2SUggubxPwBir1heqIECTBjwowkf7Gmcg4wJNgj0he6O79ieY/bJ3CrCk8FWYdHxONfrOPv8tdaIPmTkLqYeqTqJu7tVg),,,
france-routes::print,FRANCE ROUTES,Print,France Routes.png (https://v5.airtableusercontent.com/v3/u/49/49/1769112000000/EH21BbOLrcvuiU7HyJRLBw/tUOH6QpksmO68Joi29-NzQAZXwvTSwSBaR42fbYlbnMXEQPrplyZJ-K37HBH3OEDGg5VR6bwZer_s05zm_8dYgPUAErQKBBm6i_jXGyIweYnyo9Mkl0NngM-RQ6hr_1jeHzg_4m4knucA1yfiSD0s1mh2VFvnvWUXVvWPQqTmnI/yXGmklBYvx2Bg2KwQxMHy40W5I0k75z77PIysDsM9zY),,,
froid-news::print,FROID NEWS,Print,Froid News.png (https://v5.airtableusercontent.com/v3/u/49/49/1769112000000/Wsa8kZ5xxH9QZZ388mmDaQ/C-bQopPsG8CiA6CQtzmrcgw5fPbXHzvd9VA9mjchWC4iqHVlRj1_sOy7gC-6z9hVn9a-G3ctttOaYBvtP7UGEKTfKT5iLp7PSNePJyPE67RcXSR9nvSPG_sndG-elGGA4q2KN5IYVjIxEPygeJi87DF06YQ3m_aaQUj8Tkdh5C4/V8Q1qBpTB1XrEGVX9sbETNhl83lxZp5yTwEKbZjwBKY),,,
funds-magazine::print,FUNDS MAGAZINE,Print,Funds Magazine.png (https://v5.airtableusercontent.com/v3/u/49/49/1769112000000/m2BEQz3aQ5vjQKGWXtIX3g/6LSfwvKEPfm4P0AHvgUE6607yKZ0YuTrhtcyb8T5G8p74ZfH3Dt75OkdcwMdgUOYfpOBLBDJsizScUIjxqiU8WTTK8quzNCNdt6vr3t-ePE9uYIc-jrx--k5x3qBvF6FUbpY_S1rbJ1Qp8oiTL2poAIDMLimXBCmTUrAhjk8jFo/QupbUPTM87l2uJuaEEI7qAbJoJFW9sYIAYWzxkvYcVA),,,
funeraire-magazine::print,FUNERAIRE MAGAZINE,Print,Funéraire magazine.png (https://v5.airtableusercontent.com/v3/u/49/49/1769112000000/_9I9BNLw5HQ6oQ0WDcZqtQ/Pmrsmxwpby8NRIXR_f1VeyK8M8EWajX5soKRAd2xtZd0reTrHfSbhn1qh9UH1rDkrTlLUD9i3E8stdJhQge6K5q8Uf6RFb8iUM1N2VvQrfnpx9U-rWV0P79ccPSIdQWbeCWERjpnL-5yIHsSXsETRA6L95JUp_rOoESzWfvdJsQ/F8Cf0foRMdU1kuBAt3GB33mEtG8kSnd2oQL5v-JEZgk),,,
genie-climatique::print,GENIE CLIMATIQUE,Print,Génie climatique.png (https://v5.airtableusercontent.com/v3/u/49/49/1769112000000/fprAZ-suRq9YM-mzKHPfww/z9J4YeTLXm49traEiUBAMu9lZJur_lGN3H-n8l37GLhGmzG6CZ42Pw_dp-s8vWUumF6TZF46Ds0lSIsXmqFLc7d6w_FWYMsV9IQqy4tYUUNCGzYNcViHhlPIOSEEJwi3Pzjawi5SjAA3vC49T_i-KItsT9O1u25RUbEApGimXgI/QiFrpCaLEmLLuN9m4XHFHlyQMJ5I5sr-ohDfDfHQT1w),,,
geriatrie-et-psychologie-neuropsychiatrie-du-vieillissement::print,GERIATRIE ET PSYCHOLOGIE NEUROPSYCHIATRIE DU VIEILLISSEMENT,Print,,,,
geroscopie::print,GEROSCOPIE,Print,GEROSCOPIE.png (https://v5.airtableusercontent.com/v3/u/49/49/1769112000000/8R-1AL3w11YCpXB7lPX0OA/UiiRCmF0419ET3r3b1td9GHPbOaoBLal5bkh1y43Yh7snG4Wjkg4LZwYeFP71KnLX6pbLHoJ_jptK2ePhfer836HLwWxBoWvMrB3s_D0r3FERDNT6pMrOFf8z1IOO9lf3Gh-CdXtFP0hK4GG66VuHF0tleEr2sJrALX27s4rzDU/qkJGvhLa3F_PaM6E8PJ5pcHiOa-sgVOoAV98cBcEIlc),,,
gestion-de-fortune::print,GESTION DE FORTUNE,Print,Gestion de fortune.png (https://v5.airtableusercontent.com/v3/u/49/49/1769112000000/fF5Ll2t6GuhM_hH_TLeqUw/zl_Guv3Or9352utFsbhUVD0Rk_fnyNIVR37cp_rAhDrzym4HABEaoxi9UZAskD6Jlt8XJ7aUT0lYeRax1OQ0owmkXjd41T4L1_TTlzQb7gBFG6lrJ5UoK00b1RYTV6XHjuDY-_hXiwtFa2uamIWhmdbhwgEX5bI5q0EIj5jO8Rc/TEbIsaGg8e3fzqBfdIH7hD6MT2uc3uGQ0z9xKZ1URrA),,,
gestions-hospitalieres::print,GESTIONS HOSPITALIERES,Print,Gestions Hospitalières.png (https://v5.airtableusercontent.com/v3/u/49/49/1769112000000/S8TizRtkOju4_N3aoZaoIQ/Vv3ZOt-gQVs7zGBnFo0rnvWajNaZrKz_CEgcp4ocxjYfE6ZNXELlkbMzw9QKvYJ1A5LuJt7oBg6HSbuecubVdctpzRnu5gI3tlp43TQOVFsDIxszyoQfwn1eX9h_f39g46oQrI-yWFcuCDbqX34daOTebcVIdQ1VAbcrv5NkWI4/i_l8BGDSvkK1FHvU91dGhOblzGlJsEr3SP-IV9ek-cE),,,
grandes-cuisines::print,GRANDES CUISINES,Print,Grandes cuisines.png (https://v5.airtableusercontent.com/v3/u/49/49/1769112000000/r2EDOrUl70TiRotqufaGkg/AIW6gw_EXlYgMLNFEvZ5dps6GULST68CmDFXgcPkQxb3-9iDj8_JpP81_BnImXs7kkbeWH_7v_Z9cEHOeInm8HDujJooTkVIWm1bm2kStpkcA1WIJOUvhDwQI94oCLApgED9JWGxfPNqd7AfjOnnY7hsirAhBtLrpyswTjpS7Oo/KZC7HA498lGBpVYs-3BjjecQXZcF7nWjC9N52rtWtvk),,,
green-innovation::print,GREEN INNOVATION,Print,Green Innovation.png (https://v5.airtableusercontent.com/v3/u/49/49/1769112000000/vX-ddBFjNfgA9zpZHhdjaQ/44hYEgKULvY_2Bmb07a9IMWPubLFAo2Bd0aXKXaNKlfM1KS2W9gPRwRX5rMFTznd1cPMKPsK8JCiDgk94EaVRcOeY1jHQOw5-cqlESY7D9CTWB55KL1OilcFJ3q41sSvW-L-R9bd_Ud6S4WUCUZidWZ0YWkiUqO800zJpdQ6sxA/5v5bCH-cGE1uo_6XcHqCJtb4z2tF_CW6skmgXgeMoiQ),,,
green-touch::print,GREEN TOUCH,Print,,,,
gynecologie-obstetrique-pratique::print,GYNECOLOGIE OBSTETRIQUE PRATIQUE,Print,GYNECOLOGIE OBSTETRIQUE PRATIQUE.png (https://v5.airtableusercontent.com/v3/u/49/49/1769112000000/nHJp7WuS9eu1qcqZtq6SEQ/iRJs9kn1ZanWIuaFgYlZSFRIL6ueNZ98HmIndiw1rpFrWRwSXIVLQTepB3uAS-7du3tAEW0Untse-XnOOEGdviBJJ1oVLcSa2BV3QlFasT3Jx6ASF29URONd6cQlfgY2uXjQ8UzmZVuzhUkgfAyUrRaDkD9ZSCZGCUpTIbiYMLu24m0m4GhaoxPdTJvopMl0/t59y844q-I3uEQdOYvckumJNJ-08sax-sb-N21hJCIw),,,
hematologie::print,HEMATOLOGIE,Print,,,,
hepato-gastro-et-oncologie-digestive::print,HEPATO GASTRO ET ONCOLOGIE DIGESTIVE,Print,Hepato Gastro et Oncologie Digestive.png (https://v5.airtableusercontent.com/v3/u/49/49/1769112000000/85QHnf4StW8cjNwJ1d2GTA/eGn0lnw7UNNcJm0qjPlFlWAbQJt5Q6MVXPXar-ZYUqCyxTlNL31Q68bdI2EUuCYxtG6FQ0rQ-IvW8QQqWFbKpR8PeOoj-2BiHR93fZJ4E5jtxvsQSlDP99BHqlqUMdUVVarzKwC4ghB97rL8mhESAMhwLatiymaVhwIQ5ik3Et0GnPeueleQ7hRnbizJA2ro/9uryZvW_NKJ0wiOP1upGrP38r5L1UXaMDgKr1Axrh5I),,,
honore-le-mag::print,HONORE LE MAG,Print,Honoré le Mag.png (https://v5.airtableusercontent.com/v3/u/49/49/1769112000000/zd117M17HcIPCWaDhnQOPA/HPKpDhUVAGJSseZMXaj2MASIyQPeWu6WSbTUJwSJDeMj9rNh5w9wUuTkdYrQfy2ISolsjSl_6S4DCSltl4eVYk-AWYn-JHGqrr1bdVvZPAGB7bkckbuUtlSpwnIkpNTEJY07z6JMuIt-NtnDgeJDTw7vqd9E8U5DvAk7MnAPyiY/hhF-fUt0BSE22raXt2zLPE4IDx3tenDWZgL4tBRFTUY),,,
hospitality-on::print,HOSPITALITY ON,Print,Hospitality On.png (https://v5.airtableusercontent.com/v3/u/49/49/1769112000000/ju8SyVig3C_-FPJRVOhYTw/k2CSv5ktVH12JfO6k4sK_0tutoUQYFljoE3tjp-aBvFk-44-fIZF2PT9Ik_7tiHBfZ81QuPVpHxnUU77GxsSpCWsGz0nd_nFT85HBAojn2x9a7fA_TZDtxeDSkAFONgZRcGP8SyjsbX36zMZJAtWOBDdKEgg0R_fSuhYuP0zVYU/PIAlgjzGPowhKlDmWHjMExMnQx6ZBVDLhbe3K7Wr37A),,,
hydrogenium::print,HYDROGENIUM,Print,Hydrogenium.png (https://v5.airtableusercontent.com/v3/u/49/49/1769112000000/j4Io1qh6EOLdEAeSZgyl4w/rdb1XwotuGquUmS0LNBaRDlDmESeoJ4zjbS-ArU7m8YjsW2wY8747SCDLprJcsCQMv-IX7rxN4kkxzMx51fM44Y5HvVVZJWT_lPDp5N9FWKMZ_Oyz-tjyFcVV4cRJFbKB92G23O2AMtjnZoLcRGXa6jtXG56j_C0YQ5NvM1gsW8/VHvtfJyvxqIcKskhwb3PAQB_6_i5Pk7km5r7u-V9oSU),,,
hydroplus::print,HYDROPLUS,Print,Hydroplus.png (https://v5.airtableusercontent.com/v3/u/49/49/1769112000000/zEGqSOCRHpR74UphRizPcg/R6cq_-ExxIXWVDkgPvKvW3whyAqIZvT4h6kkkumH1OdXbIJofRGEOFmfvQxjmVOqq5iylAqQNuBrydPecrltoPMZk1TvHyt8DCCeYs3K8duXouwg3DZtSIw0aQ7DIgAFYlQvKvTMvZqZm_oyefSd4ScezApzLL1d4S3gpGOO_oU/_cfI9WivYHKdWSsroewK7fhdGo13dnpw_xnbXYdcReM),,,
images-en-dermatologie::print,IMAGES EN DERMATOLOGIE,Print,Images en Dermatologie.png (https://v5.airtableusercontent.com/v3/u/49/49/1769112000000/hP3B4rHb1qwSDFI7GROGig/Ss18x46PCT6AYOpQYqANMSjePxghLPoUVBwqqjysjZoYH5ITzyisa8U3NyR67Q1-7ODzheVxBzZ1Oo7eP7WHgKYHtWpnCw-2deRzoMiiPsRYSFkO5zhLVYsySoHFvU_TtD7tah3f5slfNOnqtqAqi-s7Pin5iWaXGpYvvUbliSo/dkACy2Ul72irS99rGgxRK-dLLomQyUvjPQgojkH-s4Q),,,
images-en-ophtalmologie::print,IMAGES EN OPHTALMOLOGIE,Print,Images en Ophtalmologie.png (https://v5.airtableusercontent.com/v3/u/49/49/1769112000000/_tZDwEciM8UT9QDbH4c_wg/iugW09ywtVIR188adpjvsy4vQe4A44VOVBEQbfNJhpY44iI050BuUYaXO3DNl0GwCKF9tZc5-lkqehrpKfzgWxbTr3REot7Coc_-3ys4CzzzqLS25hoaoiK4MFJkQ66M5r-zyDnUv-vskPnAQCpZvHfmRxR03WRrXNr9ldd04bI/gJwZ4nCfLs3aC8arg9FtFvf9ssVYUNAafcGF2yogqLE),,,
industries-cosmetiques::print,INDUSTRIES COSMETIQUES,Print,Industries Cosmétiques.png (https://v5.airtableusercontent.com/v3/u/49/49/1769112000000/5qHG2WK41ZxMJzB4Sjsizw/ZF5-STtT_nDM9bDso0KfQOAA7reh6baMe6TvhryMrsyfeuxqUe24fA4XRMS9WOe7xko55zAEd3m-F6Fq2E03Ap4fdTNRhjHlsoGru9VURLqXg-NWZo0XIEFtCqre-pRWjC-ZTsGCw_SbQOZjILXmO6mhb1uQX_8eOsq9MoDduTw/9mOsmAWGqAdEyIfY06pb69XxtBHIEmGlTrb9PMUo4SY),,,
inffo-formation::print,INFFO FORMATION,Print,,,,
info-cyber-risques::print,INFO CYBER RISQUES,Print,Info Cyber Risque.png (https://v5.airtableusercontent.com/v3/u/49/49/1769112000000/3lkCyWAwmAe803CRvv9daQ/eiEijKe1FVKA2ez-navTiRROzBW9ODP95ICQqA8stnj7lHlivYaPgyWKymdPKRPWqwwJ2reS-BK44Sj1EbzRB7tNAWb6kVI41EgoXZsh6VNn9zL6PAcmtkTO4TDm2_Cfs0gavHxi1IrfdVcwD-UH4ITvcnH2s_Fn5dH4BNbtbf8/euNHSvG5YFUJ1wWZZajfb8kDZWtlJkSrTYJLR5wLPKM),,,
infoburomag::print,INFOBUROMAG,Print,Infoburomag.png (https://v5.airtableusercontent.com/v3/u/49/49/1769112000000/knsfrBeJE36ddpgjPTIYbQ/Vlp7jfvL2HX97JjlezxikyA9Qalc8ZJPZ0HqcPvDOI2H_d2TQ-yLjX8CruhF4pAAPm-iFyPnM-M4LvHfkGX-g19GS6WFcRqv0biXbdzSAAdlsAxh86kwIdYgi0g5JOIiTL1uro23jk7qhoMiHcPjhBC1Ri5pf1BEHAcJ5uPH7Eg/VExFy2U3134TgBJEsvgMIueX2Oie-LSUZ6NvCREa8-o),,,
innovation-et-therapeutiques-en-oncologie::print,INNOVATION ET THERAPEUTIQUES EN ONCOLOGIE,Print,Innovation et Thérapeutiques en Oncologie.png (https://v5.airtableusercontent.com/v3/u/49/49/1769112000000/wXsYr7PakxcftioWyMCCLw/qaSINWeMa7A4xGJQGahkWnouyy5TuJBu_mSt_whDDpgYYbIEOWlJDrOX7tDeRQ2-kofxI3_t8GzKDIYtQScgpyrhitBJmMoXPy8foFVec_ll1qNiRlLaIrBnID3srDNeZMh_42rMXgPAKxrR6khWHXqg9ALx7l__SuhlxgAncfWhN3gngspZxhPANr9eslUu/lYyZ1CahWgJaREEmByOrDSWtshcZrirK_doy-rz8IXY),,,
intramuros::print,INTRAMUROS,Print,Intramuros.png (https://v5.airtableusercontent.com/v3/u/49/49/1769112000000/IA883ZNiREwNaCAp7mTa8g/RCFUv22CQ-rhwaEt_7ErbbmXoOd4M1qcrfgvw6X0HZPFEy8Jy5Mbon7iMDgWMs6jswortS2ZQcQMrSYnaIfoHw7zufDNMzPtikd-lEEuCMVTfzh8sUcTUF6RPU1QjqiuAKrTk3733iVo45Skek-iRMMF4XHkr50Dv5X72WSjA1c/m7Xvg-xhA6Gds7Men5X9btRzNezlIAhf5_ydRjnQAUA),,,
investissement-conseils::print,INVESTISSEMENT CONSEILS,Print,Investissement Conseils.png (https://v5.airtableusercontent.com/v3/u/49/49/1769112000000/Ky4qKzvuo8_fMfnj-5xR0A/2ObKNEtNzm56P3aNHSQ1Xeo3yBKOAc5dh2h3Qzn3bBsLZO_Vy9x8NBHq_x0NBoBVhvWva6BcmGH1kPOTddTthWMKszmfeDAjQO-33gzRD3U-KQBRfihfr2XgTQX9QNCKrQsFIBj8BEpv0q56oUxdfSG7nTNK3CPDJi2YzQDQDdSQ8_GETb8vJIxid_q0Rg8f/Zx9ZJ1e-5pLcJ8gUpba22F8xOLdpTCef0mPh-O91GuA),,,
it-for-business::print,IT FOR BUSINESS,Print,IT for Business.jpg (https://v5.airtableusercontent.com/v3/u/49/49/1769112000000/uY3z_glI6u-w_siKuUYKaw/SV1WeR10DnCvSp4Ne1n-0ZTcx6bmBqdF22atcpnbwjnA82R6Q6SCaF2ol2mGdvTeC-PJr8z0U-6gEgLKlNJYhY0OgEqc9SJlIFBRhAJTS8ET8QBeFmQHKigFZ_YybcJF0oOo0K7o03eFpSKxUpcbA5-3P3Xq5JIKwNyR0o1pDZQ/zd6EhvzI6fsHFnLEF3aBj9vm7j2YO2sDb7eRqoIfRwc),,,
j2r::print,J2R,Print,J2R.png (https://v5.airtableusercontent.com/v3/u/49/49/1769112000000/EVCuW44o0qwUtRkN4A3SBA/t5h2jYilXUbVJ3PDzeCZeJGgSAimGLI8bpTs4uFLAPd6iwcRLLJU_qa_LEO4tDInGB5qQQbmZhIx08aX9xLtsB5uLZbupNrY9xrbw9xXhVNuSt9xdylx7VmfhUtPTM0PRmlceYG4B-Prn7up88kLsw/5iWSZ0ItGC0BXbeBFqOPPCFl23JCh10HwBNZEfl1N38),,,
j3e::print,J3E,Print,J3E.png (https://v5.airtableusercontent.com/v3/u/49/49/1769112000000/V7xryHQZJrXa_vmnQZWsHg/41h1bLoXWAC9v0SAyu-O0PKWYfxY0eMjzkigJ5xxITcAh14BnDtYQyvWo2npQzfUKhxVlLAn1eWUnEpE2ow-oe6swsHzqg3qpMFeeVa7A52f3_bI86MmHmeqQMbhGNpyjeuqKhkRbStbOWO8GwRZyA/Y3Qu_zzta0Jsvlrp-tpEJ27r8TCgtocTkQ6Dr3O-Iao),,,
jautomatise::print,JAUTOMATISE,Print,Jautomatise.png (https://v5.airtableusercontent.com/v3/u/49/49/1769112000000/Dmkb8wMw7WmpblCRqNwtHQ/nv5HuKgz10DRWAE_7ObfCwb1J7tTskuyAWwDkyVK_N7kv8_jkIVCUHZzYlmklDCml7jWGc8QayXeADvU5FtGFMZfyzsSUNAKSD7uXg6qI-ILL9sOLGOPYZYYstygQ2O6woPMpcLRwFLSx3MGg78QYN_GDprnVATWbVZHmxGjPik/oH38qn_26yrP-IFmz4LGML0ztko5IdC8VAuyiA1NQ_k),,,
journal-d-imagerie-diagnostique::print,JOURNAL D'IMAGERIE DIAGNOSTIQUE,Print,Journal d’Imagerie.png (https://v5.airtableusercontent.com/v3/u/49/49/1769112000000/ZUKv12_kvT2Jy1PLMLKqBw/7BOQoMaOLjlgyAOvQvWFjTqAowhTT5rffIgZiSSNYQwFfXhg2Opnoxf45Kzy5CBEWuECGSVSjHxOYiYWwSV_RzAgL20KszD8tDveDd8YAgMgApffD6IF8hyP7ywmxkuygvIPJP-rnYZz_pdhYFB4Oo9LlKaa-uF2FxIZ1jLxRdI/ZACWVV3Jrtx1lXm3PcZyTXVA9ca_HQBqlwhJotf06M0),,,
journal-de-chirurgie-viscerale::print,JOURNAL DE CHIRURGIE VISCERALE,Print,JOURNAL DE CHIRURGIE VISCERALE.png (https://v5.airtableusercontent.com/v3/u/49/49/1769112000000/wp0_VKV67mytvJXkDzd8xA/2x0syI36iu1uCwlqtDrmsXEtuhczBdyLSASRnngn1GCRAQDdZ6C7HIvdLbzu-cF9rruO0Al6xfGiG6SbeE4qMJ_9OFaQlVbUXFIax2us_S6tsr6xba_dNR4pIdVvySNoVNOjgIsumFOe9VgP3L84poFPNZPtrSgLROLYm5ppYw0Pr1BJISAoZ9US0P35RgQ4/yQrICpbOE-AiBC2yuAEOMFD4vkHnju1dgkKz9rLuN0U),,,
journal-de-l-assemblee-de-liaison::print,JOURNAL DE L'ASSEMBLEE DE LIAISON,Print,Journal de l’Assemblée de Liaison.png (https://v5.airtableusercontent.com/v3/u/49/49/1769112000000/vwUo0aIwBqddTdzzxKlY1A/wJvLp4ga9PDsjZanUasjprHUEP36nBudY7LPaRiVR1NdJ21kq1puFod4ueuKUE4r9fqVqBC-8r8okoAxyQdhV9X7PusO2B8YNBImar4eeGxjeSMTW8fZ4iW2Fq8co6i6e2wPKxiUoi703xYz9N_il13zKJrMW8YFdOs3dNL1PeElxaKRSlAtSYXfUhR-JpUN/PszTnqONXbkV8KsPjnEWPB56NElbak84quychBSlTnU),,,
journal-de-pharmacie-clinique::print,JOURNAL DE PHARMACIE CLINIQUE,Print,,,,
journal-des-communes::print,JOURNAL DES COMMUNES,Print,Journal des Communes.png (https://v5.airtableusercontent.com/v3/u/49/49/1769112000000/pdyS70zP7GD_J2VQ9w9lIw/BT7WHHljHvCaMurA2_kmrkqITEI4lx61ZeOeU8JruQ6WMNGcdXJdH3ZAcT5zsLF-9RJs75XKnw1jKcYWO3YAi3ivw63HDLmiI5Ts9fV2XMq5fGgI0_1ayYo1ECLgn9HiCiWlX44kB6vf4Uxg2lvfDQD30U7nUZGgbPBbGXUZVw0/l5p_n9A4jDvRpPq-7o1NBhGd66LjOaOEs4xmUuC6SSw),,,
journal-des-entreprises::print,JOURNAL DES ENTREPRISES,Print,Journal des Entreprises.png (https://v5.airtableusercontent.com/v3/u/49/49/1769112000000/iVo_2TPYor9tx-LT4P0ghQ/1XWgIese4WJSv1gJ7sBxWWHjXILi0anD--tL2_Jz5ZMh8QSYb6ttF7mf0Btyu6SkQ_wCOjFJr2q5puf5FF_gK4Cz9Ny8f-RBy5ZL_DtEjCfIOAgwQL6Qa4Z2AwXgprRk-Q2TooQKuAfhQ9RVEFEtNrW3kp9CK-L7DNxKFAci8GU/2CuPj7LVwYkPRpv-Qat2tS_c5MNFPRyVT8bQhOFsauw),,,
journal-des-maires::print,JOURNAL DES MAIRES,Print,Journal des Maires.png (https://v5.airtableusercontent.com/v3/u/49/49/1769112000000/yl26ujIdZ5zuFXAQF6pt6w/8OWj0ruu_MlJtldqMz1-g3KZ4uHbCLVPGQegdJ5hbitFLYLKKEbUWZ1ThveFcKVUZp4E3PtChuBHE77az3DcALT2mECiCBRm5vBCts4MXGNOpeBQa9oDyjdozkfGRrHNg3_Wzf5J4u8Tesgpjw1lke8W9_Aa4YdhxWCIgufmUOM/N3duzwZgwVvFJ7DC1wwu2RrCbz6Z4QtjiyE-qu_HoMw),,,
journal-du-parlement::print,JOURNAL DU PARLEMENT,Print,Journal du Parlement.png (https://v5.airtableusercontent.com/v3/u/49/49/1769112000000/3hnfaCR9V4j06Y6iKAg7Dg/Ng9McWu-JN_dAxdkxxEwjWTzFMS0jQe-Fp3yBgxFlVkNZP0-IWaoxaXbJrmnqeeztD1bCIIYnvJKMceAwsYBU5ENCmE32IFn90v0DSfptAe7nyW4oOvRZly05QUQbNDCHJz6Jkvh246Z347hm31HjTrhhojn94wyEuiwsPPOTi4/hOpDdIHsQzgbg-sZaZMweE3CboaSvlJuUD0GN3m-Z9Y),,,
journal-du-pneumatique::print,JOURNAL DU PNEUMATIQUE,Print,journal du pneumatique.png (https://v5.airtableusercontent.com/v3/u/49/49/1769112000000/qpQtQoJ1cMCPIioziBFakg/kjb26jrcSudd9VA5DqpASzHVD2riDHXdLAUfiFUzA4ikFQSvObmghrMt-s-pdl7ezjhJT_wfrgDgzfddvtdVCqmBRAGqgy9q_SIcFoBLXfc-k5UUa52xUGNYP58TgxLyWJj1apx_xKDhO5unm0g--Y5gQJ8lOMFoqRNYMPrZDnI/GOUZy6mdNfXXdVJvLRe7R-vHFbAtlD2taUME0_uX7fk),,,
journal-fran-ais-d-ophtalmologie::print,JOURNAL FRANÇAIS D'OPHTALMOLOGIE,Print,Journal Français d'Ophtalmologie.png (https://v5.airtableusercontent.com/v3/u/49/49/1769112000000/Zh1UME1oQLfOwTVsnb96qw/WIhLUACVSWa08E7q8S_Ze0ltmQJRIMJMLeMUy1a8lp_7L1anH9R9dY-2fqfaa8i7INB6NMvcRaNnyqb8cZF7Vm-CcDiaAmAHltfk2y9Nqm5tPLaBok31BRUbH9VLWXVMcMVIwaZtph_Q50BMIfnfPFVayOdCsAuI1qQq86QCyUuha74j2LFomSlLwIBTa0Wi/bpCVDVLFcSG_Lkrzvpn9o5BmeOHmePCx-HDzs09Hip8),,,
journal-market::print,JOURNAL MARKET,Print,,,,
kine-actualite::print,KINE ACTUALITE,Print,KINE ACTUALITE.png (https://v5.airtableusercontent.com/v3/u/49/49/1769112000000/piOMCTh66Czg_h9VCYqa1g/Tr8wBObqtiRLyJb1_cZCs8SrQAuZTS_7CFCFAxRMCOC1q1zBWUjnYg97dfkVgeepr3M4APjXA0ZFIDk5nH3ZPO-83SLDEEmbf7_U1cwJvlv9HT9j-iGOfHhF92NviotxzYij-wKSm_zDB71amR6492hAdGZpPwzepp_NdnAXc6E/Rp37RjvNMd5klSpwkKdrEdcveMFcHDSGkMzUwUQL18g),,,
kinesitherapie-la-revue::print,KINESITHERAPIE LA REVUE,Print,Kinésithérapie La Revue.png (https://v5.airtableusercontent.com/v3/u/49/49/1769112000000/4hgTzXpIKI4qXgn7jV7ugQ/DoC4WZfhlNTgptfPSO2pHdNKHWXW09xgmOgcL9aUINT1q70aBg_kUU_MglK-YzuTFPlpEy8fhkKUqgyWXNQmJR0bv9Kdkz-eVWvDav1rDaWqQNe6uzzW4uRUe6iEDBAjkCBFtc4w9205nxXFIEzPQME5ekt6b6qH-yFganGOTJk/KB-vG8_is4HVIoJuHUMKWCxbjiZo8guorP1MEwO2Ahc),,,
kinesitherapie-scientifique::print,KINESITHERAPIE SCIENTIFIQUE,Print,KS Kinesithérapie scientifique.png (https://v5.airtableusercontent.com/v3/u/49/49/1769112000000/NTDkMW-SyM7OVGYpWjElHw/_8SaAHYIutY9C2D9IQ2YUV5vABguqymbR8BIf1-NlQTPb5FkUf7pE3_feDM-3pJT49VVev2BC3Zjh9-RftGhxRTloqMheadlP_ZvypBf7fmxPWfpvVso4O7WJDWRXSuEjnZzgbNgTEuF0YHWJNeE_QaVdUYo_jC4EFI8LfZIyd8Ff1jB7Vor0oPuiBJkZJcX/n6Mb7v5HRDTSV1KEQTulemXnuLbQ-AiA0wWSbXErXrY),,,
l-activite-immobiliere::print,L'ACTIVITE IMMOBILIERE,Print,ACTIVITE IMMOBILIERE.png (https://v5.airtableusercontent.com/v3/u/49/49/1769112000000/CrzCBGXzXxZsWlZelb841g/BlkhMecYzwxI_50qrD1e-zAy0PjVMd3bp3-GHcfWtb1qHOo9kr2teWyPTp7dysTpyDCRH6eLjF5R7lBYekQnLYA3opVBq_f5kEli0bbEDdlQYDb3aKkKGQNV7N2IJEPbEZXUaON3fRZDdcwiWoez-XngGNLLvEALCkLE7Bi7Qyo/FUXadLI93xJklniNTaMah7x7ciko5s9f5MTA-NoBbBA),,,
l-antenne::print,L'ANTENNE,Print,,,,
l-assmat::print,L'ASSMAT,Print,ASSMAT.png (https://v5.airtableusercontent.com/v3/u/49/49/1769112000000/FU8hXqSUdTTemfALL0hbYA/j5D1cVAvSlWR4Ovith4ZVL3uomllo-RMj7goFxDha3-Oj_6D3GvXl0UFZkFwB-j5ezf5kpbcuPvXYuVjFCQiu3YLMN4b3aDSR0-w_mNtGR7y0CiYJpG5DV4PfS281bVH7v-XisOxBZRt7ST9RlSX8JQvTXi8jBRZVZjMzFKPfec/zvA_C_H1Oh_RXcinkVndcvU4dEr5juOLFFvJgPbNTNI),,,
l-autre-cuisine::print,L'AUTRE CUISINE,Print,Autre Cuisine.png (https://v5.airtableusercontent.com/v3/u/49/49/1769112000000/ncoVZDHW3cOhk6RlvcVR8A/UkUT95i0lp-aJGqEuoVKCqVNNI-eu4AST3S3ok1PZpgY378esw95lcRI9eXs_ZA4owVExUKFb5TL5374yYklATIRIskitGUJWe3MzT1RuiVQMb8J36UHTwIAaBcGyiLVUJ9nyLljtTeL0PFrnsO5HL66ywxzL7OewSlWhheLuME/MTOrJm4JJf88rlxVTJY9Sh2VYXCvWCJsWA7FC2nyo_I),,,
l-auvergnat-de-paris::print,L'AUVERGNAT DE PARIS,Print,Auvergnat de Paris.png (https://v5.airtableusercontent.com/v3/u/49/49/1769112000000/DVjt3GVsjHNxgNB3erS1YA/ysxPU5e9--Rc35dNV9J3J1nerqbTvZVXA0v5RByWhnyjHrVtnIfl6UNmtZx0g909cv35B5s5rfLFj2YK27j8gyqTG2rfR_jZQos0w3uhBiexyhfhtPHogsXYjl0XpOxTN0aEcl7DmQrNOoFKLV0QamOF3gTICohSRf_pqdkT314/EVbcOKaH_3xetsjgsI6oiUN-05nS4aKgthKfxYxKX0M),,,
l-eclaireur-des-coiffeurs::print,L'ECLAIREUR DES COIFFEURS,Print,Eclaireur des coiffeurs.png (https://v5.airtableusercontent.com/v3/u/49/49/1769112000000/jPMS4hYNAd1ilAeJ7h6n_w/l39JbdotZZ1zgwjJaLdMoh-5i3wFgHhT5RXJ7rLwq_qUQiskJureIU21A05QYA4FWhbQ_-KzdVFrr-btWOpBpeE2B01b4nNHBNWDKp517LmarHYlLl4c1U-oqk_tB1KNiNKQ_zjmcGCNAalnuc51f4lS3g11ncRA52U_R0YC4-4/60Tl7jlOVIMsUgZZxQceGcQ_6q2Ek0zL_qhJYitEqbc),,,
l-eleveur-lapin::print,L'ELEVEUR LAPIN,Print,,,,
l-enseignant::print,L'ENSEIGNANT,Print,Enseignant.png (https://v5.airtableusercontent.com/v3/u/49/49/1769112000000/mDWNkYK4Rq4ZnypRH3jZyg/CkihcP_dPWCbKetUKrfHOPWWQUnoqABR5BKkWieTH6f-CjUrKW1y3fM4AP57UmGZJEpzy-BtqfyZnJ6QuZsBcTzqBTfLRmhIOlWRu_lESbr6XWLe4HI8AxJyVjJExSsCFm1R4PT4nqqflpMt-j6MQzetImtlwHhEKHeqQTbc5PI/juOOIJecwrblhwQ2Yf7GsLCL4-o4Y0Im0wu1xLvCUbk),,,
l-essentiel::print,L'ESSENTIEL,Print,essentiel - l'actualité vétérinaire autrement.png (https://v5.airtableusercontent.com/v3/u/49/49/1769112000000/hTo43_IwZRVCw7J4YrtqqQ/VdTarE-c1cFcNBLoDPSDnjG5tgKm3MpOVIgBA8VZWbgRGbrXnM7fMPjcW3oGIr6JjOsEnp0ObImbdj1HCGUDdEXLN7IiY8lBDnuKvt4vYLLPoNsKirct9OvELwbDBQDE-y5Ahlc916HPCHPLehkc1uGTJbYdyW_sje50xpqjTTQpXbgKygEArnxr6N7EQVvA/aENNe8tbQLUnh6IPlx367ahtp8SFNlYgnm6kMAYT7jI),,,
l-essentiel-de-l-optique::print,L'ESSENTIEL DE L'OPTIQUE,Print,Essentiel de l’Optique.png (https://v5.airtableusercontent.com/v3/u/49/49/1769112000000/2EFmglC_3-UvLr3xzlbY2w/lhZJnv1lS4mDxVWx0mXz1d5PdTKHvgWeOk9ZVj4EOuqcEe8T88UUZqnaddPuD_NQCOpoimcTbGLAPcbmwTODdZPCczhrA-b_u459ZK_IPbwJi5X6DguhNRqJ2SjsD9ltzGpGrXGtDDYK2sB0iBSmxbhDXdgceOtK7_vLVWUalOY/KQRJ5FnQ8eujcp9_anlvWydl7GBLJrwPbYA15CqETeI),,,
l-hemicyle::print,L'HEMICYLE,Print,Hémicycle.png (https://v5.airtableusercontent.com/v3/u/49/49/1769112000000/08YZ3AFfsrOCeWUSFuDG2Q/Q-0BedQMGDJIOxWNLL3MA77-vmcy2_HE3fzUSCcZUSj0oOUM7ikDDdI8zR45HlIvv1YDNncceEAitF7A8P82Ho9Pz7BBDaym_RqGBwOiukTCO2wWIp2a58NSMhWRQ-5Uar3cJA_8d187RugyVBLj5JyVWWAx5e_gi7PdSuA3KmA/R2S9o6wSL7fh6PsoX9uajNNbL8dH1mEX3Hrv4SECVKg),,,
l-hotellerie-restauration::print,L'HOTELLERIE RESTAURATION ,Print,Hôtellerie Restauration Mag.png (https://v5.airtableusercontent.com/v3/u/49/49/1769112000000/aL-ApALisBwC49LsiWEroQ/FEaQzvZke1z-g2VIr-FdXN44OiR0LbhtvRqMpOac6qLxC5HJ_wzmOaWy3XYPiBEvQojrBnys70-VS6FpxzPvPxhADYMU0z13PRRzdg4BYRO6QST-klS8ROQT4GYFtl4ZWS-_7VM1fPW30nnuvaXSfPKOLs_qEvW1brS-gf0xVE0htK6GZCCuTjDx2-FT3ZDN/6VFfNzqc08A83auNNKmg6STeupd_zR8UB65vs6XajUY),,,
l-industrie-hoteliere::print,L'INDUSTRIE HOTELIERE,Print,Industrie Hôtelière.png (https://v5.airtableusercontent.com/v3/u/49/49/1769112000000/IYpEaOaqgtPEVSodqV6VgQ/tgOKgFtkvNcS_Guu5QxZ3_p89wZVebOXtwZSAHKCBcq2Kk2S2QVcJPGxtJK9IRuJBR0SwXuo27WnoS419n6ad4fxS0LQj5t8maF1N4AI-zzcPyWeZQ_UU1tEdtQg92X1yrCaOoPpYlRkgdV3sFqeIAuW2y5sEVUgJFaJ6MgQVAQ/IGvsOP6kmAn5mRb9-pF4OtwsDOb-w6kyJPscM8RTOfc),,,
l-infirmiere-magazine::print,L'INFIRMIERE MAGAZINE,Print,INFIRMIERE MAGAZINE.png (https://v5.airtableusercontent.com/v3/u/49/49/1769112000000/idx52XUNyqI3wALaY6szjg/S1V_Vx0M0M71K9IYX13weOf9sCGc-qSCFwqsIAtnUMz0Gri-AL8EKvo6QeO-3AlDwloCaCjYKLSpscWFxOyCblu9fYROu7_Me2xVNYRJ_dPwFqobeTHv4dVozAYIhSCt_G-dCupvHGUCVmqwDDyTu9fxMNke2cUcZHOsWJ0DWus/uuA8SwnBWAd-wt1LBS8JySw65W98xtDjeJtlVgHSJoc),,,
l-informaticien::print,L'INFORMATICIEN,Print,Informaticien.png (https://v5.airtableusercontent.com/v3/u/49/49/1769112000000/BfDSZP8KIGqqw8iBFukovw/f1dVyCrywae2u70Sif2N5RiK_pDvJZj7fue9nE3oUKgRUG2_Bjgr6lxGBswDTnztme92_d79BeBs2dekLT9SbquOfymKOi4lkQMdj_XL7zbQ-R_R4sPk86Wo-JBDkH_l4XzJaU7NvPVHYAG729Dl45E3tMy5Hofhl-kZ2HsrzSc/lxBci1eCmOVm4UB7CnZSfqW8lblf9GTio9Z1-jV491c),,,
l-information-dentaire::print,L'INFORMATION DENTAIRE,Print,INFORMATION DENTAIRE (L’).png (https://v5.airtableusercontent.com/v3/u/49/49/1769112000000/rhQhx64_PaDuA3R8R5N8sg/KfRJINQbfP4lAJLdxWwyTLRfVkUWkHzQM_iC-H2y31wtrmhHAXPTO2tv4h5nEyemr9fwR6VfV5RVMPqEszkm_VCnPztbn3qeAXcyZNB0NoHByb8echIToeXuCwxQVz09nWxQJLvj3hjHs-QZ2yoy6sCdaDJRnnq9BrXYTIikQaA/2LznqaCz_ohCYpypg9bt22WYbBkXW9ysv6R2hY6UsBo),,,
l-information-psychiatrique::print,L'INFORMATION PSYCHIATRIQUE,Print,INFORMATION PSYCHIATRIQUE.png (https://v5.airtableusercontent.com/v3/u/49/49/1769112000000/mUMIm3qypGQq2jGLWoE_jg/_UzJwQcPt9a5qWNu1RyLaCK0OEnxwCeUxo_jM2P1gtFdzEJG7q7F7V2S_cQSBLeBMHwd9lOuDma6PE2H_-2W7RFz-2CAX1hOFGbn2kzXBYO1_uTN9wUTul_cNCQvZjFkg81zkm_CEjTK-5J9jgcHRyc7k2-hhUfr0P0DdS26Euo6IVGNPx4twc66ChVL3qLB/JY29fP4NmscnCaOmOgJMzxw-kLZos2MfNmIJ3cR3vkw),,,
l-installateur::print,L'INSTALLATEUR,Print,Installateur.png (https://v5.airtableusercontent.com/v3/u/49/49/1769112000000/yvph_9BgiFkr_G37kfREIA/K9772pg47iFnMgfYPYU6Q6nuQR6hchgJIuhuAbAYsIf9I0OdvG2F5dfNrmEpDtxZSpA2U4P6cX8W1h_DoSozG06yJmjVzTdeRAwzgz2oSWoYAp8UBQERn5gQMWDrWama-B17d1Y1A5pdc_-HMj6fNEz7pd_Eh-MB3MMaZKY359U/0uFFlTjFvY03ixgBGoskJpzI06DG9xAc0UlElzlLBr4),,,
l-officiel-des-cuisinistes::print,L'OFFICIEL DES CUISINISTES,Print,officiel cusinistes.jpg (https://v5.airtableusercontent.com/v3/u/49/49/1769112000000/MlSOht3HAYAVEYIszgLbMg/OnHdf5ncDgnWcVzqHQL7Oca7hp_5CmV9xP_WDi0qAP4Y1dGm0-EewtAs_zYqIt3NgCTN_pQbA2oOXbatnH17DrgJNebdbNkV7Xe2KZBVWhuqRbUS9M1MuueVYmAaEd7t8V-j4fQOA_fmXGJFS4PHLBn3NYopW-0nCXxtQ2_x5yI/ZrWIxcKyv000-1WRF-G0didDZReGZt8zVHCSHExmfAg),,,
l-officiel-des-terrains-de-camping::print,L'OFFICIEL DES TERRAINS DE CAMPING,Print,Officiel des terrains de camping.png (https://v5.airtableusercontent.com/v3/u/49/49/1769112000000/2YIaR5WLIghHHHqeJz14aw/7vBtYW12RWmlAv7Ai-UCuFCGjaYcHbs3h9Ks98yVX2-2Ue36zbScTIxS0DuwavQaknkFCtw8eiXHNif3Oqj54EDtIYeRNR7Rh4EXXVFPxvy1sgDDvuZVV4_6L6gKt8DiiUYlrfQQrLLPbEy3u2YY4DpNjgAobg7hGk80fVYMXFjXfwRYtQaIdE1unk3MnH9N/YmOxXD39j-3ExrLB1QwbFFT8lY6stwTilOvVYDKd4yY),,,
l-officiel-des-transporteurs::print,L'OFFICIEL DES TRANSPORTEURS,Print,Officiel des Transporteurs.png (https://v5.airtableusercontent.com/v3/u/49/49/1769112000000/RgDjM3oKXs1rueGqR1Nopw/eM8PE4WbI-0patdFsqE_EdJM01W7i75ayekKWZWvdJ8IbC-YnbZiuuN4qS0R-HZBl0yIuk1IJe076HSVRnVE4g9gQKY1epiyTPiJ9VQEAG3STGZ9R6c1ZmZEvWIzGuLBSuMDf8BSUATaFSk0jYX961s8H3b1RBYqvXeUngvNloBWFYMr2TILz8uF78NM5rc5/0OQp6ZnyZkTHzN3Eq1bzv3P3Oe8idCftGBZtpeManC4),,,
l-opticien-lunetier::print,L'OPTICIEN LUNETIER,Print,Opticien Lunetier.png (https://v5.airtableusercontent.com/v3/u/49/49/1769112000000/1kaAQelBYZVwCC1lbR7VMg/zfHCxkzHhHvI2mkmo7LB9L2jj2Mi4zY4qzRExvdn2DDr-EA0G3dDUcWtfW_JGNld17o4UkT2rAua63AS6Lcnr7y7cR4IDUggfS5yUBp5hwoFzQ-fjCQBsE7qwEcvGIITjWT2HiYZOea01Ky7fv9Iz11dCANF4g_88rOBT4D_Zko/RjLvTnUpvKrXRP0bGKUBHZB6qv_wS6zqXtVmgHIvSVg),,,
l-ouie-magazine::print,L'OUIE MAGAZINE,Print,Ouie Magazine.png (https://v5.airtableusercontent.com/v3/u/49/49/1769112000000/SdpFWHmV5DnP-SIzWkrDuQ/PlIAd6iAAXVeCl1GpwoxZYswVZyBK-x67wiXq8HBFJ6wMGsqb-DlFvTv0hc6VRRjR4SP2G8wcXRKRV4yoUm_MwOLejIaJSfqg_kSXhZcwddNmfG5KS-Qc-WWEUFSUc_jZTOmCuLf4EBDu7mINBzP4ud5uyxeYw96QjNhvEfdPdo/LmVYvL4HNBl6-k9wl71IYZRZYvftx9O7UkN_ODkr04g),,,
la-boucherie-francaise::print,LA BOUCHERIE FRANCAISE,Print,Boucherie Française.png (https://v5.airtableusercontent.com/v3/u/49/49/1769112000000/uyibieAkESX9NGx3s01beg/hii0WfgC5Dtljp123jAoc3A4qoZzeQYb1NWO8N6IQa6dNlkp_o22JG3jd4bib0_jKZ1JcbFPi_LvwaRFUwqDBQsUf_Uw7kOSVJzBO2jhIbWFDrjkNZ56v7CSuxpnTIF_aR0D-mh78mQkwq9cFCihoCyjzb36ZeG5GpbyxUILDEE/Ge4GBli6svVthQh2IKUr49k89hWecijp2RqxVI9t58U),,,
la-classe::print,LA CLASSE,Print,CLASSE.png (https://v5.airtableusercontent.com/v3/u/49/49/1769112000000/Q_mZMT-MPuWMxpEOQ729ww/KyaAYZfse2PAIKe4Vg15Usjun3t-V5WwJYkHfdtm-I6BjpuG350Abx8KeRs61uF2FUItUmW1rYFZ4KiubJ6LRxJgjVFJnFQ5iJRmVsTZBbJtDkyBVj_OLs6oGYnySrBioJhkz4J_PyHTer-PRQrlfq-J4PJgbOxrq1gcRnf44Lk/85CzyakGiYeAkSUM1Wr3F07jbo4wdqzgMhDN1uWnyw4),,,
la-classe-maternelle::print,LA CLASSE MATERNELLE,Print,Classe maternelle.png (https://v5.airtableusercontent.com/v3/u/49/49/1769112000000/XWxmqTSXZ4c5nkTV2Nlz5A/sgkDDvw3hSOJPVj58Eq4lQVFmfJhl97nLeZhwlm-zPZr2vNKA_8hhKBp8a_fejDjhX8bO83DJyc56XfDOY5eK3qibZwGP7oOX8202hTjhzvjN1KzWJoW8xI3mTPIn_jWjoZEIloA3nv1pLvBxUnsHkUDZlK-7AbQewN5bKlf-Lo/ZUjre-aODxZ6-nGVeTAvA-6VlHUFRI5Q9mZsXkwCxrk),,,
la-cuisine-pro-la-rpf::print,LA CUISINE PRO (LA RPF),Print,Cuisine Pro.png (https://v5.airtableusercontent.com/v3/u/49/49/1769112000000/GayFXdBlaqAzX4zJ5C3tGQ/it5DtOgQhU-wv0tqMOyntAKqrJF_qHX9FSj4tgkRivTcPU4dnm1FpWZ4FTkhAWvaHc3BlxUaNBrnp08667MdMeJG_KPYAYQLc7MyJbJF43_UDOLalisOwhQIgY6laIe72rp0aZswTxYvs1ASvfTAfICThYGPEscKaJca8buc0Us/7mBPpGnIXR-bPyY6cWy1CfhkIj8VyaYrU918MU3tSTU),,,
la-depeche::print,LA DEPECHE,Print,,,,
la-depeche-veterinaire::print,LA DEPECHE VETERINAIRE,Print,DEPECHE VETERINAIRE.png (https://v5.airtableusercontent.com/v3/u/49/49/1769112000000/kCxjle0FACRlt0QZdpxLhQ/Y9JmUJ3uwlpW_etFwdq_9p2ovy5EAEgOcuYewvfjH3rTMl4IFYejkCxtX-dkEZaayDcJG_RoC9iezqbmJaKN3XBBwvRhepWL2iRj8k48aNx0PQ-QRDHNg0NhALrsOcbwWnZLUWhhbgnAEQlLmAetT4HDpzLICCjZqY8nQWeyeEA/qxozU4IfDtfvQsm4L5Ze_nFlKqvEZZoq6hDEyBEVR68),,,
la-france-agricole::print,LA FRANCE AGRICOLE,Print,france agricole.jpg (https://v5.airtableusercontent.com/v3/u/49/49/1769112000000/H-gBifXeOgaZSyIcx2zWnw/kJvdO83ayTxa9s8FXv2Fb6RtkRVdZmVQ3OLYBe3P5YCspH185b2qwwgUkp7diqaenbWmbm4g0Ps_A9Zmng7AJtcp0nmTcHs6e7Q5Dge29y9Wbz4PtsTOu6joI5Ykat9xU4QqW48FiWdsXAEI8Bk0XvI3zae3dsTaXiWL1kIQDac/pLF4vyE3rUv51NtFE0F0ZZAedO7M-OGnUIDjcsZ4_gM),,,
la-gazette-du-laboratoire::print,LA GAZETTE DU LABORATOIRE,Print,Gazette du laboratoire.png (https://v5.airtableusercontent.com/v3/u/49/49/1769112000000/KrqjJn4AbQX7QX4xR0Mh2Q/MmydiTy7sRw1XS6Ew7vV2ghm5WeeYU7SF7wFH3nvB9e-CsozUJq-OADs_lWYhBokkAF2Wh4dTzU2Nikt54hK3A2M9wSaKs-ct7BZKiUk4ghboEFvBFuI2CCpesBwEQcMspC-FHkZZen17Sr-l56puVCvQX4zE1TZb647BmePHg8/xoOrhAPxxH3xGU-_NZ5lYtf1Iat2hqUxznlNl11Zg2k),,,
la-gazette-du-palais::print,LA GAZETTE DU PALAIS,Print,Gazette du Palais.png (https://v5.airtableusercontent.com/v3/u/49/49/1769112000000/AEwbgAgq6CXo9-hUtrKw2g/Vx2FYTuiWMNAQs5ZCf_B40Hp_jr2e_91U0QikWDniUwO0lXAdwRtjrIpEBVGaOnki3HHJeRUivKaKaEsKA13uhR3A1-hoFuG_vHLLdUHJUOVSgu40wvydUUh89k2wh6eYtXqGPYnYYH5CvYBtmR6hNZ4c9KXHHBarBk01AANL18/d9dOL8zx_p7pgkzXpkrGwZAdg7oASIbS11nhyrnqPOU),,,
la-lettre-du-cancerologue::print,LA LETTRE DU CANCEROLOGUE,Print,Lettre du Cancerologue.png (https://v5.airtableusercontent.com/v3/u/49/49/1769112000000/p1zoCOFdIK75t7xTs-js0Q/_BDFaOq5pbqKQJ0icStyUGo5NUctk_vQivC-2vrZQiNHDNE8u8Ek8jeFn9ptR3W1pN9xGsVOhsmEDfZIL0gXw7q9BAPM46pu-WOVY5uKCOK0RiApU1TEVUGJY_zOPxnrWLvOrdjfc9IgmnMdB-9nI79-G61SumXoX1rSJ1SRD3I/C3jvRzFKwEBi9t4gdENpal8YmT0rnWQSAdnW5Z-5ksU),,,
la-lettre-du-cardiologue::print,LA LETTRE DU CARDIOLOGUE,Print,Lettre du Cardiologue.png (https://v5.airtableusercontent.com/v3/u/49/49/1769112000000/39gCzhPKAtOxKBO4IK6Hog/dn6xyJVe5jOQATNhAl16uYkrtFYkEqo8Bl9bXNBLfuYNyzEJLRHuB2LdUpoTOTUcYrpPAol7Mc6ABYr9CNnAri4WyZC4NJCxxqaoq-IuA33qd1-7YpCztmW7QDxs_k9WyU-qEwJRfMA3qKI6oHjIMuLb6ddu5E3CkgKI0YLUnFA/D3aoS0uF72TMWZ0wpX2Pd-V2_I8eGv1P_8eyc64cYSU),,,
la-lettre-du-gynecologue::print,LA LETTRE DU GYNECOLOGUE,Print,Lettre du Gynécologue.png (https://v5.airtableusercontent.com/v3/u/49/49/1769112000000/05Iv6i02ln8bfjXdoq1-fQ/OUDrqbWVeFPYsBwkbFpGqZSHrfkoVauwcl5XpLumLxg02x6tKrNld6YQOnwMakzhRD7v9hEtOSRveoiAjdMBOpKJ4plyid4QdWCQPOPYy8Fj1wIykaVuxJsx_Tb45xo2xO3reM9eloF4E3jXdVCzEI9Yvcfc0762RRtCRcJz_I4/CVZp0afPN97f3cNoFB0keak1GzZfazyRVw-7RgHS07M),,,
la-lettre-du-neurologue::print,LA LETTRE DU NEUROLOGUE,Print,Lettre du Neurologue.png (https://v5.airtableusercontent.com/v3/u/49/49/1769112000000/ir-UORwD2dKkEChQA59wAA/145e1n--GUo2yLFU3WqSxE6TdZhUJh0z7lcDyp2kvl-hOI22q6dIypmXqAnUxPHT42VnSYkr9cjFzvi4Ti2BVGi7_JRtdO_VyBEA5ITOmJSOuHHoLpgMs9yLRbtARePke41hIpfuA8BKysZPTkMgiW_k9yCahINMkEz5IUVuCCU/n6Cgd-dKDMpnzrhSIqfxKinHBAJq5yxwRMgZAzHrGKc),,,
la-lettre-du-psychiatre::print,LA LETTRE DU PSYCHIATRE,Print,LETTRE DU PSYCHIATRE.png (https://v5.airtableusercontent.com/v3/u/49/49/1769112000000/BZAuQrTSPaMkJ9aMjt09SA/AO3GlhunL_5DEag8o9RW2AsWnnCohUA32c-Esopbz800k1uScUxOJtx3EvsDTkvkUD0sXBYw-7W8eSxl-Ievv0gNirC4QYUfwiBI9cCk4j5Vwt0kIw5PgES-bvpeEyWAqOe-EL8w-tPwrCYaW6ilL3E-aW5p7nQCYX_07HAqpoU/amsq1GDDrh97_IDFL55Aabg_ka4rN8Tj_-h5goJl6ws),,,
la-lettre-du-rhumatologue::print,LA LETTRE DU RHUMATOLOGUE,Print,LETTRE DU RHUMATOLOGUE (2).png (https://v5.airtableusercontent.com/v3/u/49/49/1769112000000/TArRQvywCvlcsnZjf3uqHw/wX0hPA8zHO5tT9Liu4zJgVcyVAmnAc0RabEI6NLOLzwaqni0l6b8doZshXRkxNfiRKr2NP2c2LA3-VH_6bZmaI4yosXXaWLuH-5VDzoWCISrjRaVpo5MBZFG9cFL9bdnwgAZgzvqJT8wic6X5kD68zSslpST0n-8pUygksVorfg/cGFsZvTyjmHzjher_rjnaGpxfmK3xG5M4tfca5cW_V8),,,
la-profession-comptable::print,LA PROFESSION COMPTABLE,Print,Profession Comptable.png (https://v5.airtableusercontent.com/v3/u/49/49/1769112000000/gscoLrDkC9D80hEMim_xKA/Wbn9H7CY_cK2rsytgC4-Yk1Ra-4ic7X3F8iZhutaQdyZ5maRR-iwWLCO3i3P0MECxP0OMDrKUDumT3mnCuTOalO4vOGbIWTrby-RzlIr873jB2ux-zFR-SR939H1qgbjFydw943KEsrEFbRJcTQ7m8t5_iE3esdJwyED0goyKyc/9S94Du9InfcY84wmWNH32lWLdDAfcnRSQWGanIEKh68),,,
la-revue-administration-intendance::print,LA REVUE ADMINISTRATION & INTENDANCE,Print,Revue de l’Administration et de l’Intendance (la) .png (https://v5.airtableusercontent.com/v3/u/49/49/1769112000000/-LiWipizGuO-IxW4CY80cA/WjnpOItaY-doK-WwqdAO64uNOoui8e0YFlTNUvQUbj0Rno61BTcXC0wj9SMC_ZfwVLZV_Y3aYEFy4Q4rXszOAfAUr-2m_Ry1DVLnBe-Flj5sXefwDl6sPr4uP3B7lWjAj2S7nEj6gRPopyqUrz8k7sr3NuK9JyaiqBKrZ31-lVTXBCPXd-_PCh1sJNrYJerEBJdYsQh4mEiHxMmLJs0wkg/kMXm2ntu6D8hYivhMUlHMhxsvaapzHmVJEj0hQ_cL1Q),,,
la-revue-de-l-infirmiere::print,LA REVUE DE L'INFIRMIERE,Print,REVUE DE L’INFIRMIERE.png (https://v5.airtableusercontent.com/v3/u/49/49/1769112000000/pesuNj-uTLuA5v5WXnnzZg/ULrBUqbQf23O-FZwB7QUd-DzonJRS8IMJlLc0PM4_kQjexpvkQyW_os9BfBs20Q3vfFBpzbweXXYUdNkSNlAvd5hkZ-yfpqTV_eDoKSo5EpTJ8ARHIoSoOpfMEzDihrT-rjesMtqg0Q_lhjxJVIDQg50M08anhpigDbjRunVw_Q/TEj9G8OgCean42Gey05masgTZq6P0D9Cg0ve5SZ6cL4),,,
la-revue-des-opticiens::print,LA REVUE DES OPTICIENS,Print,Revue des Opticiens.png (https://v5.airtableusercontent.com/v3/u/49/49/1769112000000/7XLHGoXqJ1mL_81BFjTmNw/1FeiCkyXO_0yATs2eTFX4vf25H9kmK2XirOmlDbdpbkyUw5EvY3RSikrH1PElPfrQh4qiFxj7znMg23BJIzioJMrQ3baHCiCXiI-0Cu2RXErB1USCcBkxvW8bmp3er6yO_fg79Qy5m64-ezt_ZAddahpA05WTWrdNGdEZBcxoVM/jR1WnjXbWBxyn9p-hncZGmrthufLDVG908HQ5YFqq9M),,,
la-revue-des-tabacs::print,LA REVUE DES TABACS,Print,Revue des Tabacs.png (https://v5.airtableusercontent.com/v3/u/49/49/1769112000000/5K33Ucs-D5TN7iFpxHTxcg/BcwTT8eHL-7ybvS4yKQY9JtyuAcPlaY7YTOmkGWxhsENP3Wdd5AhcSnYSKhkj8IN9i16OAOdIiWJ6wG3RI9nIvlslDPXZ11VdWOtyjkb-pmnQwuVSuaFY57gZU3SkJ4oEk0UklqQoETCNfGG1D8lYbDt9drwXQcsnr5LgOVL1GI/vcLDGTydywDz4N1at_rZyJcJn_6GlRVXgv3osANqjnM),,,
la-revue-du-praticien::print,LA REVUE DU PRATICIEN,Print,La Revue du Praticien.png (https://v5.airtableusercontent.com/v3/u/49/49/1769112000000/pCjS_CURQVa4CZvoxDv4Cw/eKM3vhCwWjmsXMSEAOyCEwFJipU1mrfOQP6j2b4nrBRFYgwRejnWJK-8-QEd9aQYHxlWSt9_v0Tw1JlHS1nHhhJuk6yZREgGqWobjo0Rk74LoCZAS1nE0BMXUjYTtOwxu6PfMw9npwKNXUFBvkyzhwtr0z6WE4q4ttHxAKCLBF4/r93y2kVdUNslJz3NV3dn-eeXkO4I-1oXzMT9zcxCZxM),,,
la-revue-du-praticien-medecine-generale::print,"LA REVUE DU PRATICIEN, MEDECINE GENERALE",Print,La Revue du Praticien MEDECINE GENERALE.png (https://v5.airtableusercontent.com/v3/u/49/49/1769112000000/CV4Z5M0NL489Y8zCHYgKoA/TKnfPtUvz5KNZWtYIcu3jdUZN3ObpGXVboBKaZ5VklsBR_zEu04a4nBtkhTupyanuhHsDlwU2cdgenzD6rWvN8nq8F2CtKyUfz491QICumh_othWJjMmANLnknqy4OH8_nEA-mw524saj69DdAHkCzLOE_Rv-ed-p-CTNWCHYUtiy00HVEw8-stPVVqpMPYy/Sgl3ZJpJA3T5XozxNLou1bTP12fSTwkv1fr2E0XoUuw),,,
la-revue-du-trombinoscope::print,LA REVUE DU TROMBINOSCOPE,Print,Revue du Trombinoscope.png (https://v5.airtableusercontent.com/v3/u/49/49/1769112000000/1Cfb73SuBofYbLb4Bi5Dsg/_AwD-QIzPRylxwVRBUMbLr5pI0FLveDqkb8YUYOiFFOQU6i1JR3UCPli7AsnctTFbwShzWdLdh7peicTx7PO9bAJyUKT93SuT53yu7Y5ZZ_yluJEPfkEeuZqEl5-QrO32PVQKn7aZMbmw-1BkXODy_AcEtxTrVesYGMZJ6fn-rU/8xQoVcfNhZM7VgzIGwD4S2xVqx9PuNIV1REmnOO-9yU),,,
la-revue-fiscale-du-patrimoine::print,LA REVUE FISCALE DU PATRIMOINE,Print,La Revue Fiscale Du Patrimoine.png (https://v5.airtableusercontent.com/v3/u/49/49/1769112000000/CP-4KMBCZdA3nfNKw4rLjQ/miWqeuOTIBhOl6DJFdHrQEx5YGMQqu37GLxv7oBCmujZPtUSySqX9dX10UMVBboDjLBJSXJibJPDL01XV6Sh-VfEuBd2NiFvFngHxio29Od0cE5FyLyAM6nvolVGs52f9ED7L1C1jiUiow-JQAPIkZIM0MC6iUAAb--umkucH_HjgxMB3ROQqIHiKtLqiNfS/KqjxnnHMpAEy_kmt9G_NBI8TPdrGQnOmF8fWZXNGKH4),,,
la-revue-generale-des-chemins-de-fer::print,LA REVUE GENERALE DES CHEMINS DE FER,Print,revue générale des chemins de fer.png (https://v5.airtableusercontent.com/v3/u/49/49/1769112000000/HQfsKEO3mb5gTbVFM2A3hg/Ogq8o_EObs8RE1sOoW7wKC93FhKQuQKUDGafLtAhAE1QbOnUZ-srmL18dWjzmR0JHZVmLXFkD0msVWfImxunMbz5mFvTe7l85gjoxt6ei2AOtChD0srI7eHxSWw848pYatz1GubMWQ3p1oMA-05fQWxkM6Y-yc7ln2SXos9hKJx0IfNFW9OB02N7SeEeDOP4/rPhsTIj75-_Rc1h6lELNkDnP4XVkSzt4Rld7Kj6FrVI),,,
la-revue-pratique-du-froid-et-du-conditionnement-d-air-la-rpf::print,LA REVUE PRATIQUE DU FROID ET DU CONDITIONNEMENT D'AIR (LA RPF),Print,Revue Pratique du Froid et du Conditionnement d’Air.png (https://v5.airtableusercontent.com/v3/u/49/49/1769112000000/o8uyUYVhJGfyteOwqXGCnQ/-_NzqOmgXGHrXy72ySPLtao1DPWFpOQIrwOHHhf8meqF7RGaKpiGoluxDWyjD46lILJorVRqFbbC7nRAeMA2DoKsN2AnKkqQy3mvwrEw09Ji9ijy3aq-ZuBLRT3vRZExDyKB7g7i2cCT8OtHo40ET2UNRzuOhmOzChwAUgxSD1jMVIYX9AvH5SIEMuBXnBfnekQMnC53KSWan3LnnH6FDw/obie5dpgc25ArrOEMRoYMCxuuoS1bvb7oOxNvnfVilk),,,
la-revue-scolaire-et-universitaire::print,LA REVUE SCOLAIRE ET UNIVERSITAIRE,Print,,,,
la-semaine-juridique-5-editions::print,LA SEMAINE JURIDIQUE (5 EDITIONS),Print,Semaine Juridique (5 éditions).png (https://v5.airtableusercontent.com/v3/u/49/49/1769112000000/VlrxOXZk3-5di7AiWEne9w/R6OwPxmbHbRrJFB3FSF88s6i0R3xYiU3moQAVIhFRDhKyWZ0N6FIklBYJul6LG_SH76xho5wNJpRAOK943iX9Dai1PTSJ2P9yWkTASc-ZoYDhp58mKcUJhiqvF_JYZE5KJv_OeVC-DWNOq7KfdpFvRYnTWAMURBPu1mI0Cpzg4B_gZzVt2oGND5D-7trhTEL/MrcROXNoHOJMiVs3kJKLOREyeRwLMzqaH3ucsWRbjz0),,,
la-semaine-juridique-edition-administrations-et-collectivit-s-territoriales::print,LA SEMAINE JURIDIQUE (EDITION ADMINISTRATIONS ET COLLECTIVITÉS TERRITORIALES),Print,Semaine Juridique - Administration-Collectivités Territoriales -.png (https://v5.airtableusercontent.com/v3/u/49/49/1769112000000/uxY-lhnL-03EZlOvrWpBnQ/pQ-MjRcogPJTgj8DeShjxjlZRW_Ph-dm6L6t9R3hwRG2zMgN2olJNO7plp0-lw15z9V7bqJg5bAAj_okDSRP9X94LC0C8uBOrknzYg4Jnoyb2xLBMhrVkxTsqVg1PFxErHKKyppdBvpWWltgUoJx5jVw3zA45JyNo-89XObblFWRtziep4ZIUpFm-cV9cJYFRIkrOAIwbgeN6ZsrsQPbirh9l1NEGtC0MHnBVo9Xurs/wH1scG34WW7lGBfEPvyCE3nUeLCyEnwMBUCDreX3AZY),,,
la-semaine-juridique-edition-generale::print,LA SEMAINE JURIDIQUE (EDITION GENERALE),Print,Semaine Juridique (Edition Générale).png (https://v5.airtableusercontent.com/v3/u/49/49/1769112000000/Ss63DeQthR-skECiVtcNnQ/sIFyWnubCNFyFqs2-71npqgVGd3zqV8qSS_cmTgD_DvJURQg50y_mDPHHtwtmDrS0NG173ujwzS9vZx-EYP5ycMVm4SZnrPAeUbTNLBLZ1AfrGk44AqplNCFX5dNDycknkiGROy8XFnE2A4LeXRoIsEnWfH2AEF-dGtcXoxS-IPVGLerFmV9AC4O-W9Md7zm/lDLEZDQ7kZFqYbeJyhG4pAt9IyK390P5Q-ZK75Sfp2E),,,
la-semaine-juridique-edition-notariale-et-immobili-re::print,LA SEMAINE JURIDIQUE (EDITION NOTARIALE ET IMMOBILIÈRE),Print,Semaine Juridique (édition notariale-Immobilière).png (https://v5.airtableusercontent.com/v3/u/49/49/1769112000000/3_fNnD_yO8WDdbrEfxcsKA/mJVwnu312li6eoYWhVpqM4LfnezQ-1yLSZXn4ZkrxzdNm_ylvkDU4BpRXLsze9OsmvEPGFXdbyj1Q1ynmdPh76WroPyg1Lm77ef0jXzajnGVowaXSSwOdTScltmQ7Toa5oai-lNyyrnh-wd9F5DBhraucqdSnsqzgw9mKxf5_4aKgSs2iRav1YpkyVBqekjHBOLCge-wB7GXYap0N4vzOg/EZ4-uNUddFaYIWFszo8IX1kNu2vUd3nBIKrgO8OSIZk),,,
la-semaine-juridique-edition-sociale::print,LA SEMAINE JURIDIQUE (EDITION SOCIALE),Print,Semaine Juridique (édition sociale).png (https://v5.airtableusercontent.com/v3/u/49/49/1769112000000/vLyNZ4rRLQGSpyi-xagq0A/rm9jZxCVDEcVt5JGwr2c3CtXJxwIZx53zRDpCWkK4phXuVKfP_uaaW24y1VCW0bukc9CVZbKKdXrfsXjrHIU1i9rn0K9qB4SGdTYDOy7AXEy6LkJKlig6w2Nd5xVzI_5IKbVqKOuC8OiKS0yBRJGjWNv8KqLv1QicsBoF6VzadZczubtXX6H3dcj-T54YBBc/oh1SwPaN8vaAw4NEs2mlrgZIqnzSWF_pNBOP4-Qvees),,,
la-semaine-juridique-entreprise-affaire::print,LA SEMAINE JURIDIQUE (ENTREPRISE & AFFAIRE),Print,,,,
la-semaine-veterinaire::print,LA SEMAINE VETERINAIRE,Print,SEMAINE VETERINAIRE.png (https://v5.airtableusercontent.com/v3/u/49/49/1769112000000/eR-aPSC5hgjXGbk8909QbA/AkT6SEX1LkVy0vVLFlpUW0XX9Eeff4AH3mIh4fOHYvlofAgfbuKSJdoAEddbM4m7ro40WYwqUP3NRFYQvYUObZahPhacjoipZpPrryE1663oAxMh2Kky80eSZStwl1nMjcgrc7SAlQOGMXJlpRESMSknuMgYjOPYUd3Gn0F8l6o/N-8w7SvxCMwzSnnQlFJOavqPoV1x_VU5Q8ercbF38_g),,,
la-toque-magazine::print,LA TOQUE MAGAZINE,Print,Toque Magazine.png (https://v5.airtableusercontent.com/v3/u/49/49/1769112000000/hsGdfvP4L7-toJ30o3_SYg/K8FcWFzGtH7iO6cDIyPoJqtwo2aQtQCQ4NqnxkZQbpxlqEQr8N_bTZxJulgvoNW5pw6YXllLNr92taTREK9n_4AtYMkdVVtCQ73lWhBbJyxApnpT_YUTFuiYj3Ub0MSLzANPs4LR8Uy-T64eyZm0CcbTKfqS37X73DVth5-cMyw/8g-9AzKnn4z5Y74q5div7ChfbDDxHXWDLrFIqDLOlgc),,,
la-tribune-de-l-assurance::print,LA TRIBUNE DE L'ASSURANCE,Print,Tribune de l’assurance.png (https://v5.airtableusercontent.com/v3/u/49/49/1769112000000/1BXhKG6I4yVHQ8DbId83kw/U90j8iNlHFJx5KRgXMgoAN-2uFE9-KDDu6PuteF0k-4KVOPPyzH7eQG28fxtAK5jAOeu9dho-D-_sfNrWmYnr8v6zKmcdavoTvDpCHA5uKtGyJTTFYQis8Ed6i5dVX5tgu56iog7kI_oELa2Ovxcnz_KE6pKS4-l-lDlD6GBVqg/a9u062iWN6kXwhW7vZBL4d0gb-oSWnNSrQBuRJVV6zE),,,
la-tribune-des-auto-ecoles::print,LA TRIBUNE DES AUTO-ECOLES,Print,Tribune des Auto Ecoles.png (https://v5.airtableusercontent.com/v3/u/49/49/1769112000000/WYlMpgKvDZby9Eyxw0a4lA/4EcC3Rx98IHO0N1ncF-baEB_jWZ3bpLEUh8siShoc1ts-O4sqIHc04mNRpJk_3ZS7hXfSYffBXYxZXSGpBqCfaYHLuMNAm3hKGdshtNIRdR_N4DdN1MVKRgv-zksx8_KkBuT9Csrf58OQrW9SxN9Pzoh3m_hSxOtJrr2YTGFLxc/EU4BdtnbSsB6rATXfCljjCLzThN1q3L8qdT0k9ba_1I),,,
la-tribune-du-reseau-presse::print,LA TRIBUNE DU RESEAU PRESSE,Print,Tribune du Réseau Presse.png (https://v5.airtableusercontent.com/v3/u/49/49/1769112000000/SBpHXTAJbiX8QzN9moLXjw/Sunr9LNN3MjXvWkrZmnJnZEbuwtLvQYQM-BfMIcjSa43IF0-SbtnHNRbpT6-dqgPIN18ixPaHZ5pnGwDsMawhkxamJ5hHKklG4xCuiWScNNOL0zdXlibfRPZXFT5k3o-edpFtZsFKxFXLR6lglAt_JN1v45PGrczARnDYmKR5cA/pQXUDOcwWwy7gtNHzN2SM1yu_HiVWxzxX1SUIK8cQvs),,,
laiteries-mag::print,LAITERIES MAG,Print,Laiteries Mag.png (https://v5.airtableusercontent.com/v3/u/49/49/1769112000000/OVn897p0dhnnxBC9ZP1New/oWOmEnUNryWdMQ0shzR2S5Gn0lkdn2e7_40pCDPQMfl7lVGHQpc69oFIHds4PNJ23P_xZ2tl2PGrd1K4Q9lIOYXBdw08O21GS6oHZW5F_FGRTkEDXktQX8Q6j4J0-UFA3kPPY5HZuj_JvQgDfhQaYsspIQkj5slNBMGeYs3l6wY/VpryKm5INIqP5KAPqo3LuGXSStjh-BvCcnijFpM5tGU),,,
le-batiment-artisanal::print,LE BATIMENT ARTISANAL,Print,Bâtiment Artisanal.png (https://v5.airtableusercontent.com/v3/u/49/49/1769112000000/KgpbIXTU4Gefv13u5yoi5Q/BjKF4-aYxKTdJ1IBAVZPDUZ261-GzKGtrVLAXZ7mVx1a4Ui15DoL4EabHQfPCdL_wrlxMYq2Mjqt4ch6yar4aKNnBYPqyh45CFyAXrsH1sSr_zBiv1218ZlJ90banioFfBS3sYuJxiXj7GHlmGtxRqXkEv-K1p1NiljWJIfwnNU/67JQRCyhexfCff2G8y-664OEFSBo54yMophvRZmEEBM),,,
le-bijoutier::print,LE BIJOUTIER,Print,Bijoutier.png (https://v5.airtableusercontent.com/v3/u/49/49/1769112000000/yWvSKmos11fY0EhM4Vz5XQ/sS2Et_MYwifyTk7QhLQfhD8BKRUUYW2MfcNzWoQBppfjdoLBzIXuRR714oa1XMpaZE5lR26TWHK8UZ5YHZTRqJDy_hVv0qdX6PmUmy4WPJ6C6VVspdusIayXLLTKiEN5I_JzYJxuH6VgD8QtmHUDwrtUhIa0YWpX0sA4lrpZXOs/hn7T1ndoTWSF_JKT5SReXYa_ASUzGuvdynY17HquV5g),,,
le-chef::print,LE CHEF,Print,Le Chef.png (https://v5.airtableusercontent.com/v3/u/49/49/1769112000000/QATHKLLOsagnaVKfnKmLew/w5oShFP2JmzhekMp4TxVSzmrJpxh_m3spLVx6y858o8BEoAvWhnCdhjZn1JNreLOulRtaj736uM8yGCNblq32LUn8RqfTruckzku1dSAsdEZHukIz_H-8xI_1lNlWfXVspD_NRSt9mzhmYlZBCF94-3crmxl2OhoulfiZMClwd8/UejLgaV6WM1ybx-o-y5snurwsfytMoe7zSclSPwm5H0),,,
le-chirurgien-dentiste-de-france::print,LE CHIRURGIEN DENTISTE DE FRANCE,Print,CHIRURGIEN DENTISTE DE FRANCE.png (https://v5.airtableusercontent.com/v3/u/49/49/1769112000000/sACR_nvrwTM30ZXqDOYNuA/rYA8bBuy8SbWqFtecq0AVUQd4RJnM9smP3B-Lr-KAyJdcjMLFyHU3P1kIw6BTLEb8pZ4ZX-VvubA72oZosTH3s8dO4n_mDWu1p5-2Ay8gs2Ee6Eu-3dPlcGhJF2gBQoNMVAP4mts7xbudYukghyeBiYFtLfiURKUJ-nywEy1KhXf1fKly17gBPUNITo_n-dV/8huQJWNGFdTH8o0O0tnFyHZ_dd6O9xxXaOEB0GNq5RU),,,
le-concours-medical::print,LE CONCOURS MEDICAL,Print,Concours Médical.png (https://v5.airtableusercontent.com/v3/u/49/49/1769112000000/2UgQFX2sr2_XbBhY0q01aA/kWviEPQ2xlfpwa06KPN-3tsD9aZprhhFO__5ciiedbFT9e_8tnr12YqD-sDooh6p_QXEIauZCeNK79v5LVOT5dqeRv7yHJqY4Q-BWCmMqxxP89Dw_0ANp0Gj_06oZteR0Yt8drML8WGiu-EETo9YGgy9Zd2f5f0VZE7RSNCZcbc/JZ-0a2wRz2m6B6k2mtCWSQm5HlZ1asz08ixMTPZF8SA),,,
le-courrier-de-la-transplantation::print,LE COURRIER DE LA TRANSPLANTATION,Print,Courrier de la Transplantation.png (https://v5.airtableusercontent.com/v3/u/49/49/1769112000000/ZcJSfPwazzVa5mv8fTehqA/OUl0qCXKml-x8b1dBB7DWZlsPi-t96K8FYOKJD63_AF5Irbw-OWpeU-b9rCFRsxJj9bq2QtYZYyVyVqhvgq_HrgXKe-qh8XM-GMoKLadq6x5tmrcK0Oc2MgSuxzi7CXJpvb0IljVTPTB6hewVlg-GEedsHpq7vgi0ZU8Q0cMNmB3MHL1a3MPVz5PdbCMjWAZ/jhY9offEgdUB5VlRIKx6hdbvV4awwOqGh8AxNkBUANo),,,
le-courrier-du-meuble-et-de-l-habitat::print,LE COURRIER DU MEUBLE ET DE L'HABITAT,Print,Courrier du Meuble et de l’Habitat.png (https://v5.airtableusercontent.com/v3/u/49/49/1769112000000/uEh4tVNhNo62yxvB8Y_l2g/2FPZ7j0zU7_dXO0XcQn9fuYKpmk8hfJTFRZ2snpPh3rRJReWQQYulaZ6fX15hkmGcNPyuNMYOnrV7YxbwVM1MUzbGSVgfreeOJbfH86bw53ivJpYQyCWTqHIfWVXDnpZ6pGQ_bhRrzSYtC8ZcGP4e6NnxW0wpwWgVbmJGyAgAanMqte-eVEFqyotfxBgE-B9/7kHgxqA9Lvl_Vq-E_nWZRoenbhcdxEcH5rOkiSwvjqo),,,
le-journal-de-l-automobile::print,LE JOURNAL DE L'AUTOMOBILE,Print,Journal de l'automobile.png (https://v5.airtableusercontent.com/v3/u/49/49/1769112000000/vPDE-vZ3asm3JqZxPfcJZg/47oDTQwWeLeD7zVIit6L1kIVMZCqYcDJ0XyXhbcXx808n5yTiJh8rOyOGsWmcW8A-Nqo-CDFWmHLx3y8qVNZDiaVvB53dnWtJ-9tv5hZATOq_2xUuXr_k4BQrl7CCx8slDOa-COFeulfEzatzcz3z9HtY3t4xfSsY_Crdfplf5E/3Ntz8h-e7vDgHwEBJnt4TM4kaFQFEOlVopapcctgJos),,,
le-journal-de-la-marine-marchande::print,LE JOURNAL DE LA MARINE MARCHANDE,Print,,,,
le-journal-des-flottes::print,LE JOURNAL DES FLOTTES,Print,Journal des Flottes.png (https://v5.airtableusercontent.com/v3/u/49/49/1769112000000/FKnwJcISsFqrW2lZVDEs6A/Hp5PWGa-WOkUq-Yq6Ch_pN3pcD0N8qsJJUnQ-lzh6kkjCkiHVqDPY2DyABbO4V58RC1VoG-_tHIMmLKRD_EvadX9WB0hmIvuki-OjFe-DRFb0OQyvvLy1W_W8gTFThGn_2SqIPy0Oz-MzLyWAJ4hPNsv8nMxksigoGGPhcaog_c/9oOuHS_50uhXwlOWYvu46A5gKYtvgq64roDktL2tt4A),,,
le-journal-des-fluides::print,LE JOURNAL DES FLUIDES,Print,Journal des Fluides.png (https://v5.airtableusercontent.com/v3/u/49/49/1769112000000/xXpdCMxbHrzCXXI5eTeM8A/MfEjaJN7ppCCO3aUl9zpZokksxd8lCtwvsqtXgzMX_nBVV5L7ZStnnf5IijCOg5WXKoU-ZpMAw_TYDqezgaScbvzuk8RpyeDFImKvUT3aJFIWroZCpMyENrZPOmjp46Oe2c88l2ZVpbCsVeDKEEvIVO3VrL3wCzusBusxUE48s4/8pjwKFKtXWsvkdHHDsNHcWZJEn0ZOZ2n3-doHjdIxA8),,,
le-journal-des-patissiers::print,LE JOURNAL DES PATISSIERS,Print,Journal des Pâtissiers.png (https://v5.airtableusercontent.com/v3/u/49/49/1769112000000/WwDl_Nx2YvWyLohRn3-Byw/IVUgsSZnMnnPnRB-cyOJ5gzmYGuOio8FQlvveFF3zh7uvKZRKXuAVgLKZ8hgST6PjNA9HfOUJeIKp6Gyd09KlOfDdMkU19uRUfBt1A74jHRHZWC07rVkUsOvYYmd3utERuCWnfmlgV5Qa6_Z9RhLpbA_X0agi4TSygpG12r9BJw/o5EhdahsNxDT8xol1TycJBDWaG6DGWOs2NMUomL-yy4),,,
le-journal-du-poids-lourd::print,LE JOURNAL DU POIDS LOURD,Print,Journal du Poids Lourd.png (https://v5.airtableusercontent.com/v3/u/49/49/1769112000000/0JN-5rfX3ldFqVQvJFP4kA/wGaTW4D_z_47o_du8idfCD1JCBMggUxd13Fr1LqIZtxNcnL-1iny3yL1Ag-CquRjsLxoQ1mSeICh6Y9NyvtmOoGmg-lbecy_HokmwORaQ8SZLV2EEOm9gc0ke371g1bYC2QSg1NkEgn0awDQx1dmkQastCgfJhnYUd5keRx5WiE/6TJhCzUW9AmYFY9aEgdGHZYsv-AapocVpIG1DyLeHlQ),,,
le-journal-du-village-de-la-justice::print,LE JOURNAL DU VILLAGE DE LA JUSTICE,Print,journal du village de la justice.png (https://v5.airtableusercontent.com/v3/u/49/49/1769112000000/tPHNmyyJ-2cs6iLwNxa7yw/mDK7QKQyv5ZhCt7f2zQV0yOzeuYMeFJ8NOUkXaH51O-RcQ6HZDMN98KVamXg_zUePWg9zyPxG7Ngl_U5mC-w_18m9CFUjkuSjr5755q-dDfDkOyP4BJ8ZptFCpi6ZSkZ7ZdCiaxZOi1TB7-YPlcrd7A6y9x7JHynfURNxHqXPwdcos5aAY3CpYhEvRSEDZZ7/_0H8TuKxPB9ahFpUYEDs75KgULGOkbLyhubzMh1PctI),,,
le-journal-du-village-des-notaires::print,LE JOURNAL DU VILLAGE DES NOTAIRES,Print,journal du village des notaires.png (https://v5.airtableusercontent.com/v3/u/49/49/1769112000000/zdrJS1A78UkXouCeVvGIYQ/L8mL3dFDtWoAs0vqHJfwZLEvnhP288GVPtaPCn0c3H2qahTHvOUcyURCBjzlPKMJjX_aU7AVG_zj_Ov6f0hcjwASs37CNIzgbt5RWa-MTQIvU5XjfDfjq7huaJyGMYCkZmxESBUV4aTAfXBTUzqsCqsoOH_vvENZxrI8bM-il6hxpH_YQns5UukC3g_jZCD6/OXmLJolNtel7oT6flNQPWp1FJpwBcxN6_UjURz4HlXk),,,
le-journal-du-vrac::print,LE JOURNAL DU VRAC,Print,Journal du Vrac.png (https://v5.airtableusercontent.com/v3/u/49/49/1769112000000/iy6e_u9UgppF5_WTe_-3og/BZ0rOGt99vttLtDiC8w3Rc82NtEwt5KeHyeHuxAImp_urn-lB-Vjf54e3PIgzt2T8OojzhHTyFOEINIYkGQqI3apemlSaoI4upxsiBBizG7TVmMgzz4FUKnzd_4kVi-hFxkbz9Qc76i6R8i3IJlYre0kbsocsevNK8-NuSiR3ls/QLOTlPUscyo5VXLsruT_z29rGPN6qDVk0YnyXFyyVtQ),,,
le-lien-horticole::print,LE LIEN HORTICOLE,Print,lien horticole.png (https://v5.airtableusercontent.com/v3/u/49/49/1769112000000/M3b-SX0vZC5axz10ghSYHA/L3fuI7afS4jJgRQ3_ZUkxdJjniLZCRqIkcq_Di6zUFPvRDe8ffOlRBBCxpMmbwvnw6wZVHMeMiOpFXWFGbJZmWYdFTzLrFCZgPmeQ1oYHNhosBeMFs9iOyfpphWYvbRovEZSXjEve2sdgwnRFFCMiR9J1wD1_oW7Jq6Xiq3HzYI/nfUQFgGUdIgb211M9L9M1uLsQ4OafiYkzuwXh2ltSls),,,
le-marin::print,LE MARIN,Print,Marin.png (https://v5.airtableusercontent.com/v3/u/49/49/1769112000000/h929WuQGzqoHB4fd3gdLcg/ls7Fofw_-ICLe8mHExowL09-78_9aVyX3vot8VcZlCCHuSLJdjI-HeMv6rtJI6JsQy3AGhXM09U1E9svBTHhA0gqVE3zpRdTZTPAgZsfQdeNBcC9mwdvSIxdsN446LcplGOtDXPNohUBmTMotOCBPw/LmSsvFuMJtZx95XwGV4wbyrMI3hdnZMsJci8slcgwHA),,,
le-monde-du-surgele::print,LE MONDE DU SURGELE,Print,Monde du Surgelé.png (https://v5.airtableusercontent.com/v3/u/49/49/1769112000000/XqC_dqneX9dGE_5exxvbJg/hRD8buj9lpmV0g2t7B_waQlKEwm5L8jde5BamLiHsrhsNKHC2D0r90H0r8E7M8JaWtWR1S8nYWDVzmwjW_64cPsTjHPNpAtnkqLFw9X3wS1yWWAPfbNK0TaIzDbDokYRk_W5w8fMht6u1yQsPbPaFo3y5nK0Gn1w7uyWAyemTZU/p574Y8kFYWq2-vyIVp0gfHVkDvw_FZGD9npvM3reMrc),,,
le-moniteur-des-pharmacies::print,LE MONITEUR DES PHARMACIES,Print,MONITEUR DES PHARMACIES.png (https://v5.airtableusercontent.com/v3/u/49/49/1769112000000/0Cd9v3O3gjZBgrRtdPd66w/bN0eNR-iZsi1GIK_QjhFQ5aZK2EQSVcFxGgizQs2xbzjBj_xtyjk-zx69z8zg7o3zUNva_uOQu31f-C3NHYmpiveTWRCy0n2mvJh0YSel6Pfr6iiMRvspMmh9F71GcKuj7t1vkLfYt55UqFZuYhWWs65P5mB9unGFNb7oMyIalM/CJ75gWAifvAu5DX_d8uhiP0Qp3Rw6Hp_esRBpwCTjEk),,,
le-nouvel-economiste::print,LE NOUVEL ECONOMISTE,Print,,,,
le-papetier-de-france::print,LE PAPETIER DE FRANCE,Print,,,,
le-pharmacien-de-france::print,LE PHARMACIEN DE FRANCE,Print,PHARMACIEN DE FRANCE.png (https://v5.airtableusercontent.com/v3/u/49/49/1769112000000/_jhM5HWyD-SldakkMeTkig/4onzBe17sOTsq2BZT2djcQKfZWLUR7HHheChYYnOmbd_APn6oV5cxv130xBECawoOyCtjLvhkM8VisiVul1wmZbzJzdvKBNhBqrYBwplysRMq7oBuAH2x7b-1bXIAojqNkIWBREhvLDL8nEFE6NZPeW-ON335gu021E9Y26yDpw/L4mKV7Z6cAqKl_D67abhCSOu7I23pv6csaJvIodohCo),,,
le-podologue::print,LE PODOLOGUE,Print,Podologue (Le).png (https://v5.airtableusercontent.com/v3/u/49/49/1769112000000/YjgbBVOeZJ7FXg8d7_6D5Q/tNzCEKK3bvui2KCTWryrNO0I0zg2Onq7bZkN0Wn9ASCFqCtX5CvLXTg0l8x4fXYPPF_fz2IkSXdpHfKnZp73Clj59roOxelcwhi12_SQiXZfg1CM_aXVcfhLL-IynQacvwpX2vD2aMggY2FzUHId1OU01MiNZdjv2tMkJlP52FI/-9oJFhj6SWFUiLhIvd6pdzl0FOxCqb83gCLkVr46_Sc),,,
le-point-veterinaire::print,LE POINT VETERINAIRE,Print,POINT VETERINAIRE.png (https://v5.airtableusercontent.com/v3/u/49/49/1769112000000/mfmTAnfhpz6rmHz3SsyEQg/G-ng0o_pYADPWAq5qOvfdFNK6GPJtzLF27vcoJvyAZHajxCdDV0gHo6reMrrz0-FT4fDwhGmlmV1pbLVIKLgY6LnMkHCqMAuuFw0lZTeg_0AwSqYlSzWHjnd6QOuqhJ5XHXS4rdFi2EqKeZ9_D06dIovf7qibjOQvPVA80r7R80/D5Io5nyvxHtpUhMxStxJnXDyobvpkbpGkEgm_WFGuVk),,,
le-praticien-en-anesthesie-reanimation::print,LE PRATICIEN EN ANESTHESIE REANIMATION,Print,,,,
le-quotidien-du-medecin::print,LE QUOTIDIEN DU MEDECIN,Print,Quotidien du Médecin.png (https://v5.airtableusercontent.com/v3/u/49/49/1769112000000/NtUFz7Hyk5tTbsuQc9R54w/gR5zZEcBCulLLlb6HJNpvcwTnjfWoV6s0pxHvwYLK0fI_ZVe0bkRU9DHeRkQ8Sp1kjqPA6hzHyE1MvnR15MHrdIoowEOvru_fd3nq0UU9serJCAyIIqxUCglVwJ_t2keUZW0BitfPsaBXxKOn2QBKNzSYAmrG2spSw5qq6Wyxig/WTMkVWft20Ti_EvaNa0pe7pmehZs5wya0CBnYBKW5SI),,,
le-quotidien-du-pharmacien::print,LE QUOTIDIEN DU PHARMACIEN,Print,QUOTIDIEN DU PHARMACIEN.png (https://v5.airtableusercontent.com/v3/u/49/49/1769112000000/E34HxoTRiNUKu-OOkU_yDQ/Ci6joXOwLDPvjzNzeF3CTlOW_JZec7f-zMRUO2gdanMu0DQhVxBo_9ZCUOPBO9kBPQaImHufzJ0q8cORnQka7etc639suYcAYdR1JEP0OuvSLE6rcn7n4jpA3v_9zv3GPwzbol21RBCqZtCHft7XG-3T56tdSxzWTjvMZeYGMuk/HGrzBb2TZ4KZnBd5luB362lhAwLG3a99L76Nt4l_fxg),,,
les-cahiers-d-ophtalmologie::print,LES CAHIERS D'OPHTALMOLOGIE,Print,cahiers d'Ophtalmologie.png (https://v5.airtableusercontent.com/v3/u/49/49/1769112000000/8sfD0IFsacDZTOLuXvsk5w/0ncOgu2srMbDiNSdW2kXgfyr8Rh6_yvsbFSeScLbDI75Zil9aZYZy9Ix4a-E_OvA-K-rOnQQgb8v8Hl9WV2ZMhtGMLddQIjCGweuttrpKmto3jBAutBBarhvX8lC5kgAmkk9FuuWQt5jueiG-mfVUqFshKuGiZBoayYUKt3vxF8/l84KzxyGHzXnfeaKCDnhLF6AQ0JjFX52E1Sy3zMUPxo),,,
les-nouvelles-de-la-boulangerie-patisserie::print,LES NOUVELLES DE LA BOULANGERIE-PATISSERIE,Print,Nouvelles de la Boulangerie-Patisserie.png (https://v5.airtableusercontent.com/v3/u/49/49/1769112000000/zkCI6PfSZekqV2tc6PxBhw/tlsHfAV0Bl9ej9nRIviugKA5mqq_hKZ3B0rR7qtrlfNefQfApdbwa51UjL2eCq9eAT3RJ0Fym0h8SCcDdxnC4lqDIw4aQXlDKYERIfkqH8AaHNJznFqhR6bNrYf6T_9P23AZsKUlUxMlF8dkQUtNJHvsqg6g-bwNPTqRdAHGWdc0Gdd3vqBAHlxJEiFP6GVs/GmugMZBPihK6IkfJ5Ny268rBTSB6gaxlpwEamXPK7PM),,,
les-nouvelles-esthetiques::print,LES NOUVELLES ESTHETIQUES,Print,Nouvelles Esthétiques.png (https://v5.airtableusercontent.com/v3/u/49/49/1769112000000/pNjrcE7ixknfrNcy1FwrEQ/lRMKdhsPe7pFm_11Rqd2obv8tGyBKUupGbGIgTpgNaaZgH5IzxHXqvcN9X8Ux6OrougAjI5rTbbgKQx-A1I2zL8zeK5mhRs3cxr0IBO5_kbQAmZtCJH8zxjTL3s1s73CnqlRw7ywzL5d6YloJfdQfpcjUMd-vKIEdKW4tSqnfOE/03oRYz1SuuFtfoqaBmN85b_3KGfBRVeQwUGB8ToB9nk),,,
les-routiers::print,LES ROUTIERS,Print,Routiers.png (https://v5.airtableusercontent.com/v3/u/49/49/1769112000000/BGa-Gf0pn3vKJn-SNwQPYg/Fmo0Ykit4sFGW4FC11QCTG58k7Sm5plhxV1rs6ErJWa3jk-Kc9rqXOPWYC8Cdc3_qNGVr98SBHjUuyZGMCrDq-jeGNM9taVhJncxOizNgjj8PsEBJqhYkLZvULk5wXuDNBnCNV1qLmvOdZRmkGnYgWAFdFtG6BWfUPBCleXkfyY/pc35U51JYyfA02o9ROqkgCE3f3weO6xeqzBnTyimgXM),,,
lettre-m2::print,LETTRE M2,Print,Lettre M2.png (https://v5.airtableusercontent.com/v3/u/49/49/1769112000000/OX2r5KTp4ynw035-IV9C5w/qV5GtI6yx6phVMcHDnm3oWL_n8k08Tc4OBckfL_x6PDlIbK-Ug2uUknd3kqMu8YO9DEwnu91XwfnpX88rXKUgVSMEWD4Anb5QHZOh6_KKJ4X_DV0_meO2g8xy43rP8Uf_pPT5ZJ40MMJiV1rEQEeBWXrAOHDyMsHD7Y-fBj543A/C_Z64ACSoHpKIVFvveaQraD-67BDQK5iZ0hrWv7mSlk),,,
lineaires::print,LINEAIRES,Print,Linéaires.png (https://v5.airtableusercontent.com/v3/u/49/49/1769112000000/2KtZQLgyM5uDk35RUTSXXA/s9VoGppaaBGhagoYyMdrH1pc1-JNyI5f9ny1c3eGhn6SB7PjrnN_Lnci5tHDmCXmSj6MWw5uA7KfaPI65aTKVk5N8QTk3CiaYio4g_geBd_xSJRPST66YyBXQ7U_OXpAuPKvhleOFBWc11SL1n2lpVlRNYmvIwFTZta6tsbTyXo/w6U55A25sPdXqUpvilN-vB_yz3yRVAZ4dh1RxBpFvTc),,,
livres-hebdo::print,LIVRES HEBDO,Print,Livres Hebdo.png (https://v5.airtableusercontent.com/v3/u/49/49/1769112000000/XogEmTUt8GHl-huQqJ4U2w/pwJuDsbjfHCDmZy1MIYxXoBi98NeiTsZCV6KhIFKGahmwPUCZjX3THFwR1kLjZdQx2XKaXPxAmojURETuZK5v26hr9MpBhbX01YflATdbWw7v3Fepqksxd8EhOkgh2lehpshWjjyla-4aC3tuOIk8Wvf44GlU30QXZaGu8qOC8Y/eqVHqbizZYra8t5vauodz7dJMXsXb87WfcROPDbq3eI),,,
lja-la-lettre-des-juristes-d-affaires::print,LJA (LA LETTRE DES JURISTES D'AFFAIRES),Print,LJA La lettre des juristes d'affaires.jpg (https://v5.airtableusercontent.com/v3/u/49/49/1769112000000/N9cLLGEwnLnP2tL_tETMLg/-wbb4Q0Ug2h0zOho6Hz5pogady1SK9at9ZE9vUxaqT_ucoZ9nUBDnqf2Frfwb3dajVTGr1JOan1p1TkDqcACeXtjtZPXmJu_bVBRtdMuqqe5NUGNSLbH-QiDrqQSvWCorpc25iD5RPCaCPooA8AoU0w_xeukT80IXzNp84He7EVdyyItR-SboDz_H8NFIEdI/T_84Zxgufjd3ImlO4mQ9vBNBwiSDhMfWsW5Hoj1CIFg),,,
lja-le-magazine::print,LJA LE MAGAZINE,Print,LJA.png (https://v5.airtableusercontent.com/v3/u/49/49/1769112000000/BdkWk96ryXlfcFeJkazo7Q/pKEgkKRIwrHiQNRE7u-PPEKesKnMSiseVLpN2gp89sgzaLMHwXqZDZHjTeckR25L6RpHsrvBFSvJbvPAZGTLFOx1B2dF4jkZUboJuUzgH6wcDYxobBH7hmdSv51i4y9XA6y1JVhJjfl8UwCubNgO8A/NocsxrloKhChImuhDrk4KACKcSKaNdh89xWPv0C5GaQ),,,
loyers-et-copropriete::print,LOYERS ET COPROPRIETE,Print,Loyers et Copropriétés.png (https://v5.airtableusercontent.com/v3/u/49/49/1769112000000/GrGi9-AIVblQ3CIKtVqXSQ/-BX7bZWige9Y7Hcwc08Fs7FmEmp_ZJyBcoHduM5uU5inVpnWQOdeyaE_9_RFlujJiXRgj86XntG5PjMEx0QziL9RZwpIdr_x-RMqLn1nGWxX0euj9WUKbrUC7KRX_E7JMN7qtq0tTgjNaG-nMkh8kFxDCFnv4ZbrULN83qYVUvU/HgG8ozQUQ6OQPR5z_OHTemJt2Q3ktZXpQZMzSyat4kc),,,
lumieres::print,LUMIERES,Print,Lumières.png (https://v5.airtableusercontent.com/v3/u/49/49/1769112000000/r-pDqJqCF1VX8VXwYBZhmA/Vaft2xJEWvkKLxAvEYC98t7uyB4MhivRM-Bbahf5lptSv2lJlrqKfHxvGV2TsFBd2kM3HucwXunvr1MHZCIrr6MlMk3G0Q0vDq6tCGBuLeYmSh0IZrCpR0QgSVxklKZQFLE9GOY7UkGPf25Msl_8iXApM60qc171uQ1mXu2zkh4/7vQ17WgkVcpfKtTKjlQCUPlpIDVPpEgAKrF3ff3iHAI),,,
lux-la-revue-de-l-eclairage::print,LUX LA REVUE DE L'ECLAIRAGE,Print,Lux la Revue de l’Eclairage.png (https://v5.airtableusercontent.com/v3/u/49/49/1769112000000/DZCg8lp3tqNV4aYgHC7KdA/JZNihsGSBCoTpq--fcRj7rb56sd7rUBLhYBV3N8T0AaTwEauCxjEXZYcXeEKjPMaaUA3bkoh1xhhXfQzhTvcBlqcV5ohEiEx5aGd_I7sNs_2S4ktcNaj3XVj1aVz81gT1cZtF0Z-UG3Vv_IlG2RWTZ-frgbohUh7MKswlxt4L8BjDu7Y3wdoG0d2OK8QJdfO/ht_RmFOJRMVFnuAyePx4uB4CIADqQkx_kntD6mrwSGc),,,
machines-production::print,MACHINES PRODUCTION,Print,Machines Production.png (https://v5.airtableusercontent.com/v3/u/49/49/1769112000000/q6ds3xMVAPw9bF3XzdjLrQ/vjSAZv2uWcV1HPL-RGxYRLDgkqBPlVOxSdd25ZpcroFF7dfNugemk7ZzgrGQYBXH2SO8Uhc5ZeSlox8uiU4C8QTiWlWRBxVXF7-y5ldu7IccV20IaoFKONPWu5DdxbUqAcbFjgw3mlGkHw8imykXtrMoLc6I7CMTMuned0Wuft8/OPmAZ9DF6GHIkyACjqooVIn368_pgWZ7N64djDiZPTU),,,
maires-de-france::print,MAIRES DE FRANCE,Print,Maires de France.png (https://v5.airtableusercontent.com/v3/u/49/49/1769112000000/TNVB4QHxG9ZIGeITvIIMuQ/_ahEdFXxPcaNIe_XGGYtxXfJRbAomDmIzcpbn557U7FU-o6qPuHk33nU9P1n3qlDvv5d5YPSVAsGqf-LGZisvJ8f1mV1O48sItMnHKxy2gEhBmk1kpfigLnBSfRbCFg-qAkELSW4WufLtLxGbL2C6ROPHG1RkdcgqgNtIJszGEY/RhZbLOf94RrmxpYbSRThbDkKNpQ_4HseY8nIJ7ZHPhc),,,
mat-environnement::print,MAT ENVIRONNEMENT,Print,Mat Environnement.png (https://v5.airtableusercontent.com/v3/u/49/49/1769112000000/6afm1tkUJTYoS_K4YsL3Ow/k7tK6D8BrZlk4s15juO1Fz0pWRjA8f79lfqyt27zQrYKS5Z2AQ-7KlfC6H9LL8ghRIFn4fMgWXSZVI1WbRp7Kqaa7yhegs8RVp2dc5jeia3GKhfp4ooUTUW-A6p94hd1rhLLOm5GaAKi0LFJWFQgJC5ea7oXa8pFTBH_isV0XNQ/2GQklPXzKJ5LZOcmoD0EbZYneGUijDdumeTA-B3wDLE),,,
materiel-paysage::print,MATERIEL & PAYSAGE,Print,Matériel et Paysage.png (https://v5.airtableusercontent.com/v3/u/49/49/1769112000000/S30Z_Z-4Fn0Ne-4_FJ9aSA/gMTjcGyKd4FFirYax4bTvRSyMC96avb61C68I1ql4_A6dZyseaqckMn9G-sV08NheZnVk0zBSr6oBWnHI2fu8mbcCb50AWMX2qXfCBAMPHIhFVayAsr606hp3av8JdqkSYTEYwk0ft1DPOM3oJZbaIu-7gihge3M6BwcuZTNBOM/x1tkbNoFEfQEH2bummfaBHqJOdpAhBnpG1F-o7uHF7M),,,
materiel-agricole::print,MATERIEL AGRICOLE,Print,materiel agri.jpg (https://v5.airtableusercontent.com/v3/u/49/49/1769112000000/d2kOG7iJosYoXtuxz_WK0g/yrkRVxD1VflodDIS4fkM1owJ4AzvceENMYHqUFHX6dx-hPqyEhNcbIgCS__gZJwbwOcbmhKgIXUL5kNvCWs8DBUqyj5S_K9yYR-MCkj76R5sgHhIoa5XGEfwDI6BAjkvqMfYZVLMk0SgpqmFDFFU1wOaHb89u-VrAKLkn4VIgzA/aULDf-FOhwd5m9xzPa62OSpoihx0IDeWPBnttNDm3dc),,,
medecine::print,MEDECINE,Print,Medecine.png (https://v5.airtableusercontent.com/v3/u/49/49/1769112000000/TyiqI2jf1F0a4krl_HA09Q/RUA-3zG0_fBYjaHzbXaz-gx8r_kAes5XzSBBUPSO-rTZcRFqIs_IEPwODn__k2Ih1PU0YKuJb_GPhLemfxbuWFDb7xzB-wqLTg7A2tpjJLmhaqSN6kTh-fKHMGjaoG6yRwgkC2QHHo8OFdKk-XoSnAgf2-zk21YY6sX4GU3R0nA/HHmWAvyStRoMABKSjalhQybBOCOIWnq_4iSBeK3rgPA),,,
medecine-et-enfance::print,MEDECINE ET ENFANCE,Print,MEDECINE ET ENFANCE.png (https://v5.airtableusercontent.com/v3/u/49/49/1769112000000/D0c_xdnZpS0DM2ybv6IvFg/BsHvG5mwVtDDN4IYtjQtVTVvamaKwKjgyr2h-9m89Bo8i2MwaXrom2qZgWo7D-vF2epABDZkyfkvOI7NBoBuSl906GTE830EwC8EEWrWBg_mG0tYhdEKhXV99g9LHOLq7wyL1qB8fuq3R8ka_fX5xDeoamOVJzqZsObONkSnbAA/ZZgkzzhh4zTGVPgiTIO279suowSlNu-e2R9Y3APM4q4),,,
medecine-therapeutique-pediatrie::print,MEDECINE THERAPEUTIQUE PEDIATRIE,Print,,,,
media-cse::print,MEDIA CSE,Print,,,,
mesures::print,MESURES,Print,Mesures.png (https://v5.airtableusercontent.com/v3/u/49/49/1769112000000/AU47VdH23GBiSe4y25HqCA/PytuxOhSvtRHlk58byqXM4_ZICdtGc0CeEtY0rreXf9bUXATmzKfG5AG14htMxLeg1s16gW7szg_SC7S2iRv9PAYDSUMp_lsXXQrKNd4Ww4IMgLjE6PQXnQctrQ19rxPbGevjCKxso74gMA3FzIbcIW20d1KrAF2iber7EdEWtc/0eJPyZKsnZAUrc-42mom2MT164Z63bhqRJLeUEHbI6U),,,
metal-flash::print,METAL FLASH,Print,Métal Flash.png (https://v5.airtableusercontent.com/v3/u/49/49/1769112000000/p_nnapHkt8oNnaQGFcL7hg/n76kY6o0LRT21KPkUaV4HfRUiAr8arXaWUkLPacSkl4XQkvV_0Ylhr1F_XVuTDlEKQzO1zDoKgG4j7pIEodLlkcONZP7LEQE0u9Q3Rqj47o9eerwi3ns0nRNcA6hjoiNslFNPwh4MfA9e3tRCpXdSkC4jXhh-WlyUcYuQy2wuMo/OO7jf1kyiyqOltD8lhvbv1FRifvYLrZ1Jof_ZJY703I),,,
metal-industries::print,METAL INDUSTRIES,Print,Métal Industries.png (https://v5.airtableusercontent.com/v3/u/49/49/1769112000000/vws4QvtV4BSdMjcBRmn7cA/zRR1i3UEO_QoUd1n3lyRF_n8RsXEvFU3fdyLolVGGOpvxVIoauOw88_oZ8w4O2mHfe1Rish-hmMQ8h0gmHHTfVwDkqfaNUKCv6odmT-0fM-O2Op3ZB6y-AtMtE07vT81oG6WPIh77R_-mNhZywXKL685N0XbmpAZEng7Oga14cA/-ftJWgR06cgRrc5AQGDb_rUejdEeQJf3qtXuDBsK0ts),,,
mon-oeil::print,MON OEIL !,Print,,,,
monde-de-l-epicerie-fine::print,MONDE DE L'EPICERIE FINE,Print,monde de l'épicerie fine.png (https://v5.airtableusercontent.com/v3/u/49/49/1769112000000/dOsHYHFNrBs-QhibGsE2NA/Ns278BDZGunXbICPm31oE-bSxqTiIE6CTPIxQtwrh3JcZAYy69e-1Ko22CsHILd3i37H6H83uDyrzClCktiaeb7QY5nAsJUV2aQIsc3j1OYEvX3sVoE-8p8RtLmGG_zKeLdYOSjJGWMjzukduj2ArBLKXfrHliD_nqBjfRx9DZU/7Bzrl1_OJ4yt9iRWKRU9fnv-16vHicbQx5Nt1_YNIBw),,,
moteurs-reseaux::print,MOTEURS & RESEAUX,Print,moteurs reseaux.png (https://v5.airtableusercontent.com/v3/u/49/49/1769112000000/zMjjElgeG-dBG1_-cAEH2w/OfpbUYJlTv9jkfQbjUNcPL22cZ5PsVydzVuSg77ybddsGGR6GIn5GR3kzQokrIoQqd7lyLxV1QeJ7F3ujqnl7NdDT1xqeVDt-SSwenRtC8Iwe_1Q4RoTFcj46RiIc5y0ErORXd34AhyS90C1tQ2wfeTmJxpa5yk30ahDJPrT5MI/vVvJ-8KTDJBGgrvmRX8JZVpRZu5xLTVhv2aWF-FDlsI),,,
nephrologie-et-therapeutique::print,NEPHROLOGIE ET THERAPEUTIQUE,Print,Néphrologie Thérapeutique.png (https://v5.airtableusercontent.com/v3/u/49/49/1769112000000/hZ2gbTVvrfDp5ttAvL8LXw/lE1TiIh-mOITCgQrLbuvZ1eyVCl2ieSS7Cv65SfvJu2A7vAOxLzQfCb4hgy9t5GWods25kZHkhiTd3raef6LwpygceBr2w2SWx5LGtCZL-mR-gxr5jq0HV4n0yOnen1gCe0LVv9-8fyZr_xPwMD67J7zH9xAff7NogYp3AiurDYN4wzUPnob8Z-CWTB9lnLA/Tlx0JwIwbDNjYHy2MVkvGlBsQuw9_MR1FZcNXkcyddw),,,
neurologies::print,NEUROLOGIES,Print,Neurologies.png (https://v5.airtableusercontent.com/v3/u/49/49/1769112000000/YrqAnXRvHy9vTnEWDlq9ew/D916vSkPicSj9cHZxmrTlvAacXPh71AEqfA8adzFUqJ0Domre1YuqkuKZUzfj3-2PAyYkncU41U2qWq_0EJU1zNLcmF-QhvrBbp7C3NBQDd5utGWOAmlz6vsfhH49iIFDSgzmZVNxRu1moos8f990fW71JnbYWZzEpqScwu9b6A/MIL-G3RttqJeq9Zew1ORk1AEH5nlH_OOjAU53oOb5sk),,,
neuropsychologie::print,NEUROPSYCHOLOGIE,Print,REVUE DE NEUROPSYCHOLOGIE.png (https://v5.airtableusercontent.com/v3/u/49/49/1769112000000/0bkSWj_a25V0IExEr9Nbdg/oCjUR9sJqn0OvfOS8NnNG_OxEBOTS3_7lWSbETjQlRL_x4Q6coFqJlf9j5X_4HJSp6MalT27Zu2WwRLjYJjpouRkRkxIQlxeZde2dPXojrhzxFwXTJUgbbyvVqjTT6UqXThYqe03Y1I5GsAca6LnRTRjKPFtFG1jxMeUHms4GFsyB5bMtC1Y7XueNFl4nOHv/4CTcSgCNq2SpC0fYlGp_qfzxN5Bc_Qs6hGbK-NWWHpI),,,
notaires-vie-professionnelle::print,NOTAIRES VIE PROFESSIONNELLE,Print,NVP Notaires vie professionnelle.png (https://v5.airtableusercontent.com/v3/u/49/49/1769112000000/VfzAtbThqLnQ7ABMnA8OmQ/Uy5svuFKIK4tBi9pHLabvSPh5j01DpemP6AO2YffiiobuzCJu6z0QAd7-tvIvIM7M2CEXcfL14pSBzQ2ud2xHNKRqGRsSileq5yeBgFEGUsaM6RN0tBWECZWxjS74MlxPq6jWSYtd6nGa2qcot8Kzkpz11HCwJZuAj_r1SVbrzWcGhebaVhQTNDDBQrXKzSY/v8k2qn52liMkaa2_Edh7UayOKy1ZgGZJoL-9uVhPHFE),,,
nutrition-infos::print,NUTRITION INFOS,Print,Nutrition Infos.png (https://v5.airtableusercontent.com/v3/u/49/49/1769112000000/U21f7bjuTbV_ulgMNnDOBQ/qkDfrgAKUlnhSv8qztniF_Cjg8eifFUnQksOf5Nkj9a0Jn7FxeeIyOxI78EV8Fw9K_HtO_cLMHRCUkkf9qLDXsbaGoOwD7BouG-7uuUci75aTjR5KOgXVCpuf9KzaHcuWIO_2aOpC3lZA4h_CS03pyklf6ZsEW2HTJzMFIYKJ00/D3bpa4Ca1XQgYZm-NTRr7HrAknnq2uTF7VTYC1Uaw74),,,
objectif-soins-et-management::print,OBJECTIF SOINS ET MANAGEMENT,Print,Objectif Soins et Management.png (https://v5.airtableusercontent.com/v3/u/49/49/1769112000000/raSXBwzid43KhnLzx5JzOA/m_1YXVZuM-A7x2iYJ4ADyxahO3LZpQXzZYEXEVRRCaoJJWhnLHfbu4EOMSUbj7ro4QkaNs0AGcaXTqWxNF4j70jURHcYQSam3zRv6bR0oV-_EhOtVJsIjZZb_3aozNv5Dv7uqy5R0eFEwi1OeaPAl7P-Ughg_JTZG869Vn-HbxJp2eoQW_V1GbzDJiYeNCGl/8rVY50JRHhoIQhMv1ThmZdqvsNlUSk3NDHZr20W60oI),,,
onko::print,ONKO +,Print,ONKO+.png (https://v5.airtableusercontent.com/v3/u/49/49/1769112000000/wHbDqFwWML-CeDDbXfsdOw/ygviShY2BlfaoFYd_hd1zp-gkNWL2GkjHHzClalcmZAvR5IPFt8ou7zraD0SxeMdNV9Ku8rJNn3Ra7xv6UWZ4xuQc1yH5D7VhM2G9hNPV8nnBGL-NdlFc2eXaThfv6ggZthvMZc4Fgm8teXeYmK7vg/K0DA8sGVur3FFFwcgJLWAGuVkzMWSLuoEvNpgYy030M),,,
opa-pratique::print,OPA PRATIQUE,Print,OPA PRATIQUE.png (https://v5.airtableusercontent.com/v3/u/49/49/1769112000000/JCEhb9jLvfAG3ytjVcdneg/_-5-vc91sIBmyxHf5ukPxfJLpT_Mnv64GGwymvUMJO78RZCaB14qVIiFLkUA-zFdoJYZLl9d3M7yqHckmVojgGOuY-MnlucdJM2PnnJrFOYun4n2Q9O_0gf4eN4-md517PPKWHF106Ohc5tnhQP49RgEhA-BK4n7FRw9LfMs-t0/9dKjUbxvJozwZiiNCOsTt0bCc3RQqkdTTV0CokgB7BU),,,
option-bio::print,OPTION BIO,Print,OPTION BIO.png (https://v5.airtableusercontent.com/v3/u/49/49/1769112000000/Tvj7tKxiz_tjV-MxBIxS4w/SNUc-eYGMgwiAh3q9ZaC6NpDnUfjQnwWcgtIeOHjZI-KyluzXWqV5Gbyk3vd59dI_Rln01FfoxCwP95jQ_pFq9uVSPRIjMYRgOv49Obr_L9A0rcuzDmG0exMRPkEKVnuJEjC6vvJcZzkqMd0flvqDnjGMJbKpC32cCKoYgPdV9A/4dbIcMaWMBxGsVaZ5u9bkS974jIuCcU7n3TUp2e6EeY),,,
option-finance::print,OPTION FINANCE,Print,Option Finance.png (https://v5.airtableusercontent.com/v3/u/49/49/1769112000000/Qa7ye3s5PYOiTSRGzKvNwg/SqcMjheI8syhdJ0nnHr1N4qsxN07QYsRubnxAgCQXoxjZX98amSyk2IqDWyWZhfJfcwNjpDdi2iIzLCL9icu12IOGCm50WbIAhhmZP1GvYdjUoD4DlQqGhvLmtaLF9gdmYNJ4ZzChoQmLF9QpMgkXaQMczg98l3-wYKU46XszIY/EDyjB1D4wzXKn_5_43x6VtCAxMsNP7JiHfUXcX3jCH4),,,
pediatrie-pratique::print,PEDIATRIE PRATIQUE,Print,PEDIATRIE PRATIQUE.png (https://v5.airtableusercontent.com/v3/u/49/49/1769112000000/6JN_b0Wx9LrH7zksxictjg/oWmSUye_it1Nk4gDPZOm2T7Oxf2_gDxK0soGzpzq8VYGq3pKRPvxAaJrfulKHTV58DKSmNS6NZfTCMoAHOMP1r6uEzjupo-Eirpugr2mrRqCOXT103kcN-gKHXbouqFF6ah85FotlOFL_dDveCVEj2SLH5XOJruJNid-rQVtvR8/NUL4qJJzNEiF6Nz1zx89Z4bRLjVepBmwY4hNcS2o0ug),,,
petmarket-magazine::print,PETMARKET MAGAZINE,Print,PET MARKET Magazine.png (https://v5.airtableusercontent.com/v3/u/49/49/1769112000000/ihl_iPePUfNYut35udOAHQ/M8ILiPY6a1WJjy2fsi6R5ODw1l_uysY-HpcilNN2d53GA3sF1FeGb04HXPywAPZDehUEr0LLO6tUWF1Hjf682JJ5rrYD4_JVg7Ow8V7lMYuPDyQ00RsHENg57RPVHJXcbMxNVJJa3DA2cAbtr0SbsXuwHa6A35VS_dzdnNAkXXk/T8pdcQzl7msZEojrlQws_NzPkeZbTWXA0wWlxLBXlY8),,,
pharma-365::print,PHARMA 365,Print,Pharma 365.png (https://v5.airtableusercontent.com/v3/u/49/49/1769112000000/15e9Xt7rvR1rG1BRpAa-_w/ruROSykcqJK5ClnjutPyvXpmIUb0iHnYMACEA0wzft8-rXyCPwgFlAUlTQg3my-neSR8mGJyzcO7Ay9To1CRElrJuQz2ocyNFo18BqLLYjYKR6FMcHwRYVUdhxQFV4LwlqWIncG_VbuTwdb-4QPN2goUqMzrswLV1JoVnrlcjpo/XkpgbiXuBFtif5bCR2f59TehXJfdXBMhowK86e7R4mM),,,
pharmacie-rurale::print,PHARMACIE RURALE,Print,Pharmacie Rurale.png (https://v5.airtableusercontent.com/v3/u/49/49/1769112000000/KKxHG8zMxJTjA-Q_U_DK6g/Dv2gZ2QZVxjFgrmEkDRGJKEh63ubQx7ck-ID4jZy0N_EhHLMxlJ_AHkUeA2KuANrIVQamtujcld-O0phglwtTzAXbe40zW-Y2tdtIOC1eoLRRanVV_qPV4AMPAyXBkOdO8-81gCSB4rMrryH6OMJeuY__pn4SD-K5H4OU3-AHTA/lMN0v1FCcCBxITerVKbepwYP3fozryyx1sM-eYJ8G1M),,,
pharmacien-business::print,PHARMACIEN BUSINESS,Print,PHARMACIEN MANAGER.png (https://v5.airtableusercontent.com/v3/u/49/49/1769112000000/odY3-h7ISsaA9--NCfEoUQ/_0jQzP1ykjKeIeKowGT1sZhLX8k3oV9J74ZGcxYZCxspBk7UNqo3MTapRooXaJtjOslQKqsPR_BvQL7tsaWRCcJ9ecFKqHAXWGzUze1GM0_kg2d6HacBnlUwlNJdg3ZieCwxoapdzM8v6qjEsJMq2bznQBN6wU0WNguF7ohm8Z0/_6qjcFU1rTrMlEC4oy8nCFPpZWzClQfju44gpcMBrdQ),,,
phytoma::print,PHYTOMA,Print,phytoma.jpg (https://v5.airtableusercontent.com/v3/u/49/49/1769112000000/jEZ8eFAFlYOPIjF5wqVzaQ/U3S0eMpYOdIEot806yq0-tuJQ-MAhywZCuHclx4NtpCx4gSATvnETrzwfwqrxIstX9jALC7_VkAVKDOu59Q2CjwS5xOy1V50W8-XbErkv250PgjBKm4FslolHtl7Afur8_hPL1FuGBe9v1H7SeAlzAGKncZdE7xh504NIjPReWA/09DOgQrN9BChDoboaK7vsrNjXS0TsTOPbe_LbIoIqx4),,,
pic::print,PIC,Print,PIC.png (https://v5.airtableusercontent.com/v3/u/49/49/1769112000000/8o70CnM_LNGZtwsEjOUNGw/-MvTbQ1SYvmZnwRKf0gFwXJfELzl9ZWViNAVgUVzaR_NOnFMm3T63Qx9OHDIKBB4Kx8qJbX0DJlidGZtnqDQRNFmWYoYZCThITHW0RZqmP5V3Qy9DYbN-RNEKF-iL2P1-9ntrXVsis27t9giICwkEg/UxCZlcyCZlzZ2yR4D0VUdb77-e6VhunWROSOEaPeSg8),,,
pierre-actual::print,PIERRE ACTUAL,Print,Pierre actual.png (https://v5.airtableusercontent.com/v3/u/49/49/1769112000000/xSnIJP8C01hAafLt9wpIrg/WNd9eI2fDBqiZB2FlMBQVGnYj6M_owgAK_yoocnU1GzNZwH5ijNp3duPHsvfPvG9mBa5yuP9Rpvs-ExW6zcnoQ_hIt2fg2jRsxX85URjo4tnW0-H-wtu2gQSYSZuXfEq84lsLC3--DKnlTQFLbhKTAZMnoc7DCMcS_1cigo3jtI/wtUgwR0A2cmSWGX4AMDjttx1nYZohCq94al7ETv9Ld8),,,
piscines-spas-jardins::print,"PISCINES, SPAS & JARDINS",Print,"""Piscines, Spas & jardins.png (https://v5.airtableusercontent.com/v3/u/49/49/1769112000000/55lRmUvZpp887gMpee9zKg/qa6Oyx3sZujn-vbY_YXR2tlWr0WUsInXmdqYxiglcW472T2CfrVvWdnvu6vLw_U-kR0GDXk-uozbcBKpJagP501t3V4LyglEnMk3AX69VXRtYfR5PYPnKTVW8gq9qw2HjhRuMe5cHKrCywjZj-H7oR2xXua3PQlwXw1I5AeOzbc/2tyQDRcA0cMQ-eejOLMgqLPNAe2NPl5T3rs8DbP-5XI)""",,,
points-de-vente::print,POINTS DE VENTE,Print,Points de vente.png (https://v5.airtableusercontent.com/v3/u/49/49/1769112000000/DVRIcZdTAQZZg7j8v8dIBw/blOqW_8o695z3EJBZoMcZOw3mdqUaodK7TlOlpjfuNlL3tRahna2heEbrYXb_ypC6xg5_N-qxzeaahXUibqoNJWr59LManC2SLZm59tpPNM6vGClOMhwgPgOUVB1j1ZSngqk-OKtMVu8V0zDqDYmpNEL13djrtDgOJsfR5Fj6YY/1xIP1mO6Q4XGjGGp8kCzuOdGTSjEj1vxu_2n5LriNNc),,,
porc-magazine::print,PORC MAGAZINE,Print,,,,
porphyre::print,PORPHYRE,Print,Porphyre.png (https://v5.airtableusercontent.com/v3/u/49/49/1769112000000/kRGS4seFCou6lMjitG2qRg/GSPPyusrzt_YvHpO9dr2JYiBOQzT5-I2hL6UUWMeDTZuVjwGdXJvW2Q5amAPWcX6OZsksce4uff8du36okDBMcPhJ8Q0qYDrnL9vZICHBWuITaisj-gI3spqHqq7P7WYRM4sFBpQ8_VXALFbDbkhVYgYvXUzz-6oEQst42u0M6M/QhDbdD4Xxh5U2Ft--RUYysLFUbumUsFy9i36K5RsJEY),,,
prescription-beton::print,PRESCRIPTION BETON,Print,Prescription Béton.png (https://v5.airtableusercontent.com/v3/u/49/49/1769112000000/SeyJX-MDblY66VCM4UsQgw/DH5AT94fRgp96ve9csdodb4HMAEooF5OsxF4mYhwZ2I-l9UV6AV4h1CdkmbNgkbeEkKyfhA58cWFL0HSwi3F8wBPYPCZ8OKk_7KSdqIQxAvd6ccjUtKjW5FYyY1K20sbNYMphMtq6OGJnhadWKODuDbeeH_gSdjjiwXGJXJeaJU/51DhnrthPeYxG6lKaMPD9c_4xeS3thXOeu4YPLrGHm0),,,
prevention-btp::print,PREVENTION BTP,Print,Prévention BTP.png (https://v5.airtableusercontent.com/v3/u/49/49/1769112000000/TmaZK3DxGbqa-LLmhjyWbQ/DF1SL7VO9MFwbfjim29OFnXMFCBb431kdpHXGPsLR6n4C3IY11wxBXnTokPkdsI8Za5nlEYHO3IB_UTimLWWpsNNfY2humJz79t4LtAb4QDV2LkuUNClrEVaLpa-wQ_WVkrhzs28xvvyIK2zECuQpwzDiVbXMlCLRP9Mj5ot1sU/QL4a3p1f985gREFqrd_AbZBVhvIgJw9wKyP16GeJ9l8),,,
private-equity::print,PRIVATE EQUITY,Print,Private Equity.png (https://v5.airtableusercontent.com/v3/u/49/49/1769112000000/1GKvS_9AWJHoPh1bR0GsOw/qrIoOrrx_rGASLSVcFR6kDeuUyshNLD1EH1oMvzspD0PQa8tFJmvmf1fBXjvZmRC2-RKs-thMZc-EtK9F588NKUvq2PKoJ9NdF9mAuoLpj_D7YKOkW-gLHIMB5eLAPeXYlnhUVAb2c8eBAW-mceMswLxPuktWfIpXMkdEEcUC9E/mesez-gTiksdx8Uv5CX51ptyENv2j-Icm5hmXXXa25w),,,
procedures::print,PROCEDURES,Print,Procédures.png (https://v5.airtableusercontent.com/v3/u/49/49/1769112000000/q5apTRbPyWJfgFw5jq9i-Q/8Xq0egz-nnuP49x7QPFASKqUnQlguchIuN_KqdN4qBiKEGVjPAR_ZBuW0H8gl9jgxqOfWEfFdBgrK5zCmCL6pLjPDriaWY04pMvzUbqBb1PXlVTrbs6dNFq0FPWAExIFvmVwZrUKlmv5IZuNXjYmFSyxmXYBu6o773sTCd7G3WQ/E15An8YVV9u5IdIf3BG7IiDZ-2l_UkTaxwecgxQvzs4),,,
process-alimentaire::print,PROCESS ALIMENTAIRE,Print,Process Alimentaire.png (https://v5.airtableusercontent.com/v3/u/49/49/1769112000000/T9aNzHgzCghYbceIUgL6aA/-jTCqDMpkw9Gf1RkFJTPJmwlnRuNRZaL1VF92zqK12R8Rs1ZuOKZwO_-YVk4Co9npiQiSX5fqBzQMy4u4WrLHNmw1pHQ-ceRqe9L8LeXGy-c8oieY0UaESASNvWqoYZJRiHzQlH6NxEX2MiIIMb7uEaqUViT6rxGh_EYr8-eMEg/kvNkcTeU3VsMT5WE_HiFVk8nTz17LNFfA1CzZpEEpLE),,,
production-laitiere-moderne::print,PRODUCTION LAITIERE MODERNE,Print,plm.jpg (https://v5.airtableusercontent.com/v3/u/49/49/1769112000000/fFsL6dShyYPGRrGvixC0-w/63AMKH2U2oh1AoXKkGUYdQJGXqVZM3snSayp-FLu6PrOlQGLvyrfJx-RrumsYgRsiW4rwb4KXI1uQqOq4m8HN_cdNPlq9-E8Jf2RjfxuewR1WADHlck1k8OmSKoU07eLiApJSmjt_VOPNd7hQ5ey1Q/zwjTnzz_4OoixiGit1cTpzhFSdBf8RxqG973r2b0g-8),,,
produits-de-la-mer::print,PRODUITS DE LA MER,Print,Produits de la Mer.png (https://v5.airtableusercontent.com/v3/u/49/49/1769112000000/oslFJFJjfldMZ27lCmC5LA/xd9fK1yw3BzMhvw64Jgile1q9D3iC0y7pLrPqlF-WZu-4jQoCG0i6SeO1sZXcleKrDmiMjGMsY2Vb1hDuJG48C4YHGXJ6IaheZWI0mlR2gUIi7KeLlVGyL4ThILFcrXRA0E2XaE-b3vnHhRABoecv3B6bq9Ruu7pBb5yG_ABuMw/erjG3NEJ43DOugYgEm7qO5sSjk4UB7s6-4VU5Hr1guM),,,
produits-equipements-industriels::print,PRODUITS EQUIPEMENTS INDUSTRIELS,Print,Produits Equipements Industriels.png (https://v5.airtableusercontent.com/v3/u/49/49/1769112000000/mpbusC15008aAjm_XC2PuA/xzjgsm7JNgMnrwSl7BrkZu63aZmygZt46MJuxWmK6OxwF5ObfSNNp81A6cefeSHoPkYwgVN3D1Or9Jlue8NZnGaw5Mq-WMTmG3ELz9JC8XzOHriVU-WW4ab5avJCt3f9xpiM0SyckRspHOpVJAA5QRt69FQDkuy5cp_S9nwsCgxU7ofOBJ6Er3u_73xT6oHH/0GrcAUX9M3Sa9ePrYogIzTkiFotTAbq_DLPzWuDzUmw),,,
profession-achat::print,PROFESSION ACHAT,Print,Profession Achats.png (https://v5.airtableusercontent.com/v3/u/49/49/1769112000000/NsGkCk2dsWMxkmGxDgoz9g/I_VpJuTKPdjhEKFg-g6suijgZKjzcXiufJnTwGytFSMj8KWbUWHrerpe6jy5isE4EPWPYfATRUBeJ6VNOGPKuvcgXj4ORvA4PJm7nLtxG_ZH7NWHFx1qVhOd4dVfrS9SASMgqjMcJFrzOM_E1SKStO6VJ0ijSu-kQJCF6leXNI4/e0iut-5f2-5YrRYVPQThv-cE7Mjdu2d3bdzT-FMBRL0),,,
profession-carrossier::print,PROFESSION CARROSSIER,Print,pro carrossier.jpg (https://v5.airtableusercontent.com/v3/u/49/49/1769112000000/hElcvPMH3J7APwxIwlosow/-xTpso1wCQj2CeJwr6OPkbPx2i64YXyFEhndkde3mrv4yBDd293t_5MByly_lqLYv040pFnkjNC_bytEffBpH77YaCxt3s4n0IoqrtobY3tqLKZEWgtqzMqRwQX2w8h4nBgRMH4JLr8wnBvXkmEUv22Y4tEk2mOVi4F9mqZDxek/p_vHCOmZSKBgQjQjOouCwUi5T9OPboSZZvLdGAoe5Ys),,,
profession-cgp::print,PROFESSION CGP,Print,Profession CGP.png (https://v5.airtableusercontent.com/v3/u/49/49/1769112000000/YjtaoXaE9g0NpdkJbG1Orw/AsHnOK1Z_BW77j7ywp0gSCxHMWyL5vI1dA86LwIDgLV8dUz4_B1jgGhT89CzH_FVHsg47_XDGvmJlJNRa0bseKYV1gEMtydMiR9LWH3UZVNraFNoVR29s0YykLLCENbw-qA93bM4XXL8eAMfnEw-9rP3CBviAkeTNzlX0orgt9I/O5iKecbCEnFC3lZll89ZvnmNnjOkjYm4ZztyMSprYXI),,,
profession-paysagiste::print,PROFESSION PAYSAGISTE,Print,Profession paysagiste piscine spas et jardins.png (https://v5.airtableusercontent.com/v3/u/49/49/1769112000000/fXYHnJqe8oIp0TopPJQIng/iHl9LNZDTWnd_dJG9ZCaSLwFQ3juuqsnMyUrYBqQ-vrBhfwApJPa3mFSx-2OLhujN6-ev7fQKUyS357qZKcDebjxNBaWpVGAX3ZoQoICD_NwZBd6_WkGgHc09bgH6D8t0LGZ4GpA6E5CqzDRNweBCUaCegnmieEUDa0j-qNuDsf2-bM4jnIxSFcfMWQRrkYGyi8wC82GJC7t2yYG18T-YA/fovyBSXiYKteVnawazgQxf9qzRsI6k-JUllKx5dCuu4),,,
profession-sage-femme::print,PROFESSION SAGE-FEMME,Print,PROFESSION SAGE FEMME.png (https://v5.airtableusercontent.com/v3/u/49/49/1769112000000/X2wsvXUsvI3athBwIzLPNg/t1iu_GowWH1hhAt1aKHIxD-vHr3bpSOZOLI1XthOl8RVBpisx7uSdKZhc7P9e1VZMQGk4oIUMwlgLQSZ0o0CFhf17ZaUg-Q66r9VjYzjCfw_sD-XhVgDpAbIak2LEFV5kSRCOlCvLFK1OUge6hQKwCXt7IWrx-MCuJDB4W4VUYA/3z3MJc6nVpsrElz7RfH_HhxJg-uFzj2fx2EZbevGNtA),,,
projet-paysage-s::print,PROJET PAYSAGE(S),Print,Projet paysage(s).png (https://v5.airtableusercontent.com/v3/u/49/49/1769112000000/0paUtwstoNYhfR8re04Akg/5KqNLvsfiGqNyO5l7eY1U6jgN_EuHpYVi2-WBhy7TgRDHYPFuHMNpR7R05FSs_Ay5CW7NzJ29cKmeqZOc3s052JCsTixSRZeG5xXgJaAab52GnGEYv7wWo-59cC3PO4ReSQ4a__5XNWnm6Ef_F4yqHgl65Qs9GglExmWdiiJrg4/LEhzHPPMsUUZ6tDg4ubz_kMAE5dkgBrFOdRHokBchJU),,,
protection-securite-magazine::print,PROTECTION SECURITE MAGAZINE,Print,PSM protection sécurité magazine.png (https://v5.airtableusercontent.com/v3/u/49/49/1769112000000/SBBs7G8yMJ5wABIsWkzkLg/kVxOCt1--w6cNQG_2ahW9Km7jsHp8PJ1Rd6-TRvV8yazurfgh-3gvBmY9iJjt1kj72byrd-k4xstZVWkJIWiZP7EHwEF-VfG-H0-9We0ee8fFIB3Of42lqG3Wzea6av22LhjSEuTfM7NbwZpdbrbigQc30itUcgpOY5ZtUm9WbGR7FSEJ3sREnT8qNebfURJ/DUM1GG3IL06vRV93G6MalrucPLydlhD8lUneN5ZU9hc),,,
psychologues::print,PSYCHOLOGUES,Print,,,,
rayon-boissons::print,RAYON BOISSONS,Print,Rayon Boissons.png (https://v5.airtableusercontent.com/v3/u/49/49/1769112000000/uXALUhcrwD4jx_EvX1ffUw/x_CB06N94pQkH8VbfvxsxTWbe8uQ9jUCir9Vw2w6BvX8A30o6SGz7zWRngWWy0mhqqCf47y6ptLM8XdLKHxdiDaOQVkWIA8JVHR74dIXbMxoJ1x9FiT4n7MP4sjMJ5oAqZwhARgxiYMa9FL7bM21ufa82Hpch2S2LdIVL4pUfTg/POCkitJAv1u6sytc0VMarQXYXYXFRN0M6a9rvSP9Vok),,,
recueil-dalloz::print,RECUEIL DALLOZ,Print,Recueil Dalloz.png (https://v5.airtableusercontent.com/v3/u/49/49/1769112000000/b02GrhkZkf0PFwzlskJfoA/0mQmqR3dgvzKIZ056XqBoAYBbuF1grpJd6yRE8lEWu7EiRvugv7zOH8w2PPALTLVicJikKytVAzdZy3p2SgXF15g0-i_wE1kodZxNzPIvdEx7iIhI0DeCVyqlj1WZ6oMtuSaCGhkmHRmK5I_vRuSOMb0ZSBpYk0_SNiJ--mYJ-E/ov574fBlGx20GNrR3GKhHL5Ojrthh3BcB_2LlZWsBoo),,,
recyclage::print,RECYCLAGE,Print,Recyclage Récupération.png (https://v5.airtableusercontent.com/v3/u/49/49/1769112000000/uVQXN9qELEAsTqtBQM6GQg/Hw01uJmNxKe3BcA--VVebdW3AscCPIw1FiWcXkjhSYdp7D3Kd5q9kqKX6Mdz_AS3YJFIY1Gko3RCRVjC-R7ya5Dy_VG0PRKxlzzUrgpyUqzcPvUA9H7yYo1LFUf4SHrXlBJcxTlAkmHK1-QXJmOW4n92x6uESJVKvyWJ1suvUS8/GTiMhruGAMuuhtwWKV5fKspJ3PVkZg2DilRLyeVw7Ik),,,
reference-carrelage::print,REFERENCE CARRELAGE,Print,Référence Carrelage.png (https://v5.airtableusercontent.com/v3/u/49/49/1769112000000/17fEL6V2_LyBVVI-ScRY2Q/sG9LJmXbbjCDKRI2QSLgjHatjD0OkJQvhGMw7nCJDPMlyjd8Qcfc29-5rHtpiw_UW-U1iLpqaGQl-TGBsq5VGRuuS46h76-GmbfNfBfjNoaCr_R7MOJDIN9it4J1T4FUXJmX6MLJ-qgmihUIU35f2Qx0Q42xqnhzeNz3Ui-bONU/SLqGkoLgMP3S7Cv1Nb9WQlfwSEzzVLrw-eGvPNeiVHI),,,
regions-magazine-collectivites-locales::print,REGIONS MAGAZINE (COLLECTIVITES LOCALES),Print,Régions Mag.png (https://v5.airtableusercontent.com/v3/u/49/49/1769112000000/eaCxKaCHTcBhxf-3RrdSlg/EURStd9CNudtEh2wRy0FMs7C2iVu0DvKDova9UMglTGhpMMRd-agKOicTF6i1eB5pCPAOVVTnol6D55uXyD6yg1ltL6h62rVPxlRwWohQEDuOxtYukNU1seZOdd5-5KlMJcJ6OwaAHXPgFZQE-75_7T7IyNkFK-IgIkABa5QcEQ/2163dLIXRF0W1OvhZNuyyAFzB21CTgsku3HIKKzOCJ8),,,
regions-magazine-dirigeants-de-tpe-pme::print,REGIONS MAGAZINE (DIRIGEANTS DE TPE/PME),Print,Régions Mag.png (https://v5.airtableusercontent.com/v3/u/49/49/1769112000000/eaCxKaCHTcBhxf-3RrdSlg/EURStd9CNudtEh2wRy0FMs7C2iVu0DvKDova9UMglTGhpMMRd-agKOicTF6i1eB5pCPAOVVTnol6D55uXyD6yg1ltL6h62rVPxlRwWohQEDuOxtYukNU1seZOdd5-5KlMJcJ6OwaAHXPgFZQE-75_7T7IyNkFK-IgIkABa5QcEQ/2163dLIXRF0W1OvhZNuyyAFzB21CTgsku3HIKKzOCJ8),,,
relation-client::print,RELATION CLIENT,Print,,,,
relations-culture::print,RELATIONS CULTURE,Print,,,,
reperes-en-geriatrie::print,REPERES EN GERIATRIE,Print,Repères en Gériatrie.png (https://v5.airtableusercontent.com/v3/u/49/49/1769112000000/8BA2qKuRMjwQ1WKmv4yjJg/Dzjm3SCN_6GDsj8uzkVpZPppYslwtYwzGv9t1KpAD8zoUdGy1w8-SpT03Ja3owW3KP8a7ZMWo-eTgXFI8r5uPFOFI_72z1J97V9MQkWK3fa3JtN2wfIqkQcZFhcY9XOYjPvOijvVL1i4GdVa8r3k8RbzZ0x7yRxKrZsj_E_Gcbg/LRDjntCJV4WFj9ZulliYAEI_P_--tDJcdFPa-yRzaJU),,,
reseaux-vrd-lignes-canalisations::print,RESEAUX VRD LIGNES & CANALISATIONS,Print,Réseaux VRD Lignes et Canalisations .png (https://v5.airtableusercontent.com/v3/u/49/49/1769112000000/1TEgTEtl_CvIBlnr2UOzgg/Ls50fnnKx-J0euEiLHhsj4ZFgKStnhDszpssAJitChoK786uzyPCbkxpH7EbTWaze8bjvYVlv2HcnIXSBQZoe9C-bDJG3qN4WfZcR4FQ-BNRuxJ4Rtm_3xmdQGAzCgGYIuooX_dNU6A_dofFtvDfTBfr3o58lfnLcC_hYjZ_2wNHMg4t_XlpQh6dkyv4-wQ_/4Cqnja0Kcpj0pAgUtKn2ZAEiZd2Ok-4OJMDIjvXA9XM),,,
restauration-collective::print,RESTAURATION COLLECTIVE,Print,Restauration Collective.png (https://v5.airtableusercontent.com/v3/u/49/49/1769112000000/MmQ-XYg3ls9kuSmDq25DPw/mDrtgULyVtJqtdbyyNLIMSGiRmnJcipuG_T5Eds1TSTD7uCfqnYIUGZr_x2eVTpp5eLIgKrY56-wXvFg9A-YZwHjzs1w2sZhLEA6QlRDw7m7q76pAPuUvwYYqV-M9H6eg6b1HgoPIx43wcXkcbHic8wqCR1oC3H1CdLXk9in7fnMnVkrYEcdh1OJRf57OH2N/QHFMOCtUDqLJ3MtzMYvMkVfpBYaAeTcQBb0yMw6nDlg),,,
reussir-bovins::print,REUSSIR BOVINS,Print,reussir bovin.jpeg (https://v5.airtableusercontent.com/v3/u/49/49/1769112000000/5sQui_PqEfMHl66wvsiAuQ/jHYgCcAgscTFnDtJNTPRElMCFBTa673wxCEJuBubDb-mqLwNAOrbng0zjLw7wsMXxdUT7Z1ccqyJ-EygQdacMmgQ_PkBhBbYTNpWor_aLDQ00ON8PXxLMuFdqaVOWpCGx2pFRZTuUZCdPWXqKlXpJt3hNWINkgjt1InyD3cfovM/xJOZOOV5kaqNLn1wj7QK0OLHAy6l4CMBVP0MmZ2fQ4c),,,
reussir-fruits-legumes::print,REUSSIR FRUITS & LEGUMES,Print,reussir fl.png (https://v5.airtableusercontent.com/v3/u/49/49/1769112000000/DCx0Z8sZ-aHfgmHxayDmZQ/eXd8QOm23-TlPhKeH_Qlfs21r6GoPlmVxNpkwQtzUOvN22guN7xlJxaD9FFpOcCrvJjvOaP7d4c36QMORHY20T46CU-C9dRVcqa0ZmIzWPc6v4Vr1ph88lo6Z9Cgs7GgDG-KdKaqunZTuwLQ1XJjbRRBpSG4MzNpCxE6Tj96L68/1xOdWN68IQbkZs95eT0n6Nh1jfXjx4leQWy6MqF81a4),,,
reussir-grandes-cultures::print,REUSSIR GRANDES CULTURES,Print,reussir gdes cult.jpeg (https://v5.airtableusercontent.com/v3/u/49/49/1769112000000/PpHIX5UP17xj_31js4nnEA/bTV_BdPwt9GnqhMkOn14riQoGtBdlog_avErcIoI8htquoM72CVxUjb03k3wy9nwDsxmjqJKt-icAfsThmBIKA2KDUbEYsvxRqSJl9H_DrBmXzwrnWyRhiJFbLckRSH9btHb7Qke7zvfZBh-orPYbvC6w2CetUsOVgKoFDCJOUM/iSGCMQ_00EwF5NeYglWRFsWvycL1R6AAUT7oZvQ7A9g),,,
reussir-la-chevre::print,REUSSIR LA CHEVRE,Print,reussir chevre.jpg (https://v5.airtableusercontent.com/v3/u/49/49/1769112000000/kVAwvzA5588Ig636REtkkA/IqZIr0FLESHocMO3_K1b-q5Mg2DK5H45BgYvYKb3n5jRYGoZESp3-LtN0WDbVNmzUTv5YofLYsm977IyGciE5VANnsEyvBln_fW6PFFIZSaISfPAO6Md_rd-YEXXJd_fI_LWzXSyLeiroSPlB94kP_5VvZ1fk76n5kNuJl-VH8Q/FkjyeDszMdtf_Y0Eq_ZZxd78nxwW_pZp558akIQ_iYM),,,
reussir-lait::print,REUSSIR LAIT,Print,reussir lait.jpg (https://v5.airtableusercontent.com/v3/u/49/49/1769112000000/Y0TmtNYD_cIS96Ush0pyvQ/tAMwFStfSC2BDI5nXEtj0VDWMR4SwwuZWmie215IzKWwIs4RmiwAwJSAmYaJA1bXXAJ5G7WmvEBbbbvms6nlcV3fTTG7jwkBKdCF8ftVjY_x7jUuDPb_WeSvYnBLq6o0O1VI4TDVAIrvgf2bJqeFKl3bBUw16o5WnzPTIJyqfUI/kjex6Jd6AHo8jc3RU7HZzkZaYw85scRNZXnfGXKH-xc),,,
reussir-patre::print,REUSSIR PATRE,Print,reussir patre.jpg (https://v5.airtableusercontent.com/v3/u/49/49/1769112000000/05I8oIyN1ee_aHxgMTbfSg/ljP-iIe0rzw00mlea4ADV-P__cjP5IkxQbszzt7giVnps-JDSm24mDrWItXFcZcOsvxYD61NEh6B0zzOgg4VW05LJhA3Dcm8IHWGj9Bpz1rJurJ_nkuEB4yB1m76GQ-8Doi69KEfu6BYrnEg3Bo1Hv61n9SY8IEbna4ZnR7bGRA/ITrPuqs65U0fVMBuo6AyyeiggwPpKXxI-Ag7NUm9urI),,,
reussir-porc::print,REUSSIR PORC,Print,reussir porc.jpg (https://v5.airtableusercontent.com/v3/u/49/49/1769112000000/oNrSKVFeghTyHnw1AaBO2g/5BHx-Jzi5dBUv6mrkCyzyQo_L4G9XE6oHrleIBYVOl6I2iQZJHjFS3dNAWVL4HYXdEXwW_zYhR92djXy4G-9-WtFMyixeReqcSEvgwocWvWm2GHA1PIY3k7sfKmDKtjhBDtMUQSFFaWgOSD7qh2vQHm-ZqdLYHhJ6hRFEXZLsgY/Gn-qi89h3SBYt_ZaSYGb5Q2EbCxnIjEnaCvMB5Q2rxo),,,
reussir-vigne::print,REUSSIR VIGNE,Print,reussir vigne.jpg (https://v5.airtableusercontent.com/v3/u/49/49/1769112000000/46fTkaub0Hp9z-8zigPADA/fLSDto0A7nvFpoELcp3aqHaP5oaWE-ITD16DqtNicfEnA4k00E83gaS18f33HKOFWM1AhiDWY96BcQfVlEdhTY9v2eeh7kxB0H8btdPVDiz1djFqx0Lyg9Ym1i0HVzz0L-KCYok-QzjQ48vryuKgzTejlO_ccyBjIa0kdaRD-tQ/4dNmCWmZNIe5I7-FV76Mxni6ROB8-5tw_658P_DVyik),,,
reussir-volailles::print,REUSSIR VOLAILLES,Print,reussir volaille.jpeg (https://v5.airtableusercontent.com/v3/u/49/49/1769112000000/-QA8NVvrvf821RW85T31bg/ZlWemBuMvoA-QmXqjUdxnlMz7RJP_5WUgqvBEr9KnSiHS8Mm4Boy3bDJ5swNTpJSB_ZXbXW1-kZ-XHhPJwqY4IHDnhJLBoN3_5SKWya0RgFzJK8BDJV16aICxSj1dwaCDVzoDBV-IqAN7ulNEw2724XHMmoxk6o90YB_8cCma_c/nAvF0pvnH2zXHk8tUvLaSOLG4ssR9kYdvzA6D_sGkM4),,,
revue-banque::print,REVUE BANQUE,Print,Revue Banque.png (https://v5.airtableusercontent.com/v3/u/49/49/1769112000000/deEtFU-7xPt5zpsjQbZKwQ/isLvjGmtQpCsFcXak7EPQOYAKXIni8VoXlxIbDXPemiyiAozhNihISnRLqflS9W0b79PHGUGK9x1Xzwkdf-owzcaA3jM1JYLQAUd1WVlw6_AJQsFT5H2XQELNl461PayuDpg_gF_MKkNl0Ujnmr45iDGyTQkRTGBczrrgEIQeDI/LpSATfEgIn6GwIY3LqqTtBPE_yupP_fnAW6-484hrzY),,,
revue-de-la-pratique-avancee::print,REVUE DE LA PRATIQUE AVANCEE,Print,REVUE DE LA PRATIQUE AVANCEE.png (https://v5.airtableusercontent.com/v3/u/49/49/1769112000000/vG305zs5CAnh4k0GiV7iFw/VFlOOS6Cc4SsQ_6ZyA4dohdlv8aV9FzdzlWitsP6Sv1AS9i9S0Ysf7y13JUYMu7A8eDWnwEvJZkrpV7qMqMMjAZiD-FjcYu5aEFh8-JyHDXkwgM2hqLV5DHwRyvq_qb7vjJhnHN4SWB-RTIItv2l7v9nuvhCuJ9nLY2TgGaHmEnoLOYoa0AaZn4mU813xTLs/TgNHZ568m7eKmO6iq4bun8xwGQRe-wy6Gms60n7gsIA),,,
revue-des-collectivites-locales::print,REVUE DES COLLECTIVITES LOCALES,Print,Revue des Collectivités Locales.png (https://v5.airtableusercontent.com/v3/u/49/49/1769112000000/_esAV3ZYhDviECXwKX33iQ/8BvOg515DeRPK62jqJX5mX5dCn3LlKSKkCVB2iFG2jJ-2ISVKeLI1YSOKLgTUpG1Jckk1RUy29GpbmqMKq-J0ScmwVFSkaR0SOum_63B79OoWRjCmfsc0vxVAigq-TjutGr7IXEPQjAS09RQNRVNvuOqn8eAIlk87ahatQguSTHgbLqj8abY9ixomC1T3zPw/rDQKAxAcn20PyMQa8VDcczMU27ZiRpWBm2Wo1ahlVEE),,,
revue-des-maladies-respiratoires::print,REVUE DES MALADIES RESPIRATOIRES,Print,Revue des maladies respiratoires.png (https://v5.airtableusercontent.com/v3/u/49/49/1769112000000/i3mwgEL0YOD-2YCz906CyA/g4lSi1uSgdYlZxFVa3SrKGCtvcLxoIsUboJKtmNaJW3dDkkxVE-X-SThqGvLRsk32PjsHNBeee3REHVYnZqLxu-IjZ-qiuIArpyYzCeoEKgTi4KncArfDml0duYHBAHvg44rQ-0tSzAmJVGp-N6P2imQlXr4t92MGL4g3-BGO_bMk_fgQ6tHN4qbYRrukEJQ/yAdXkPnCKQo-T4HX_yo6LFLueIaQPzyem1XucqCqTC4),,,
revue-hospitaliere-de-france::print,REVUE HOSPITALIERE DE FRANCE,Print,Revue Hospitalière de France.png (https://v5.airtableusercontent.com/v3/u/49/49/1769112000000/lr3thYgCviRmu6KVeFEaFw/5pZ7kbwnkeASOlYKaM99WgCh9GAbKeh2BINEW8JNM_pi6T7x7HWOBuGBirkGSC8ZQc_51CQs0y1Z44Zv3SERNTa3stoRyGx29t-XA6mUV47UBPbCpVItPFKbphix6b7uUPM3d5PG0DkjevkATFx9NjJd0pc-OGmnWYn_C6ffk1CCX_L-zAXvLmYXgW4wHAuy/8QEiOU4DVzJM1Ww6NhFQ_5kiDgGP94G8uTDl5kY6wu8),,,
rh-m::print,RH&M,Print,RH&M.png (https://v5.airtableusercontent.com/v3/u/49/49/1769112000000/KjlO5bIxwIHPaud1kd2P6A/TuwuCIDRmVBTqPu4vJXoDP3PgbhvrGjwRP1nPMFM5z2aJ6KWIwL1jMZqX_Pj6n6JfX5tcAuPSNSCSHnmQ4rC4SWsUwXDG-XBsoBWs_TuD_uj_xCsb6gl2EAIZJcB5sTYgFF_SupIUDT8xu7jqRxbIg/NMnZAvLHpI0W4fyFOm7XlRIw8XEQAFEWMvQz5CqC90w),,,
rhumatos::print,RHUMATOS,Print,RHUMATOS.png (https://v5.airtableusercontent.com/v3/u/49/49/1769112000000/6Y6imRU0y2-msqXcJ0HPKg/boCgxYoMcjaYk6jkte9aiHVABM5qHxXOKGykJ4Y9mcaMW_SZkBPwoZxRjJmu4USaYVtVkIXqZ_R6Kwwis-1RPYaS3PWl4a20RGdddEzYP9jIvg6inNycUQkTPK3SOOVXUE07fsVVuYecsCHqoe97suUz3QvLi9r9zi-yaOxE2Q8/ycaV8HICkI9HSCPRhY1QxI01owe9xewHQwTxR7JaGNg),,,
ria-la-revue-de-l-industrie-agroalimentaire::print,RIA (LA REVUE DE L'INDUSTRIE AGROALIMENTAIRE),Print,RIA (La Revue de l’Industrie Agroalimentaire).png (https://v5.airtableusercontent.com/v3/u/49/49/1769112000000/3Og0azDPc3rrY_TrtXUiTA/sWoChZZWianBWihHKABZCUDHbnFZ4CbYxv-ppLB_KD6eknEj245C8Sfm5VXddTMknOVZOS02IH4wPSt5A0klPnxAG-0KhGEz1pC5ZjRtVy4RFhI_ykWKsWi38rWIrxeTYuCryAVgZm85IFrfqZn155A18xFnXQK33HuDiQwvk1zkGjtNZG2XYAIWrwsh1tNV/rs04Vs0L4C-UR4ew9Vaz1WRT8UAhe8O_u2gsAfuS1ns),,,
route-actualite::print,ROUTE ACTUALITE,Print,Route Actualité.png (https://v5.airtableusercontent.com/v3/u/49/49/1769112000000/_u_lOVWdj2J-nD7wtazVPg/E1JSibX5mly8BeFcKB9VOwhjqSjU28EgJcuXZ1EIicnm6EthcyJIXwNmK61k620-ogolv2KOanTvAbRvZBUPQgV_3DELqA-vAYxGnsq_EPiCAwFa5eBPFHIc4HfgatQJmRHTEsI0PAX1I_WDVI2gI4uUIUf-rUN9hHoKHd-_HGI/lNtA2iv5L7cGlQ0cpqjd2yKaVJbD9Qnk_N1qSHNmxWI),,,
rungis-actualites::print,RUNGIS ACTUALITES,Print,Rungis Actualités.png (https://v5.airtableusercontent.com/v3/u/49/49/1769112000000/BI1_0eXce2djqncfxUD1_w/TLGAbNBSJMnuD2ks-88HtGBTGt0JeO9Roa6hplKm-lUN0po4K4ZYfJDbvvrGElPLTAfiU8ITNJPT4RypZO8xn8qeY1344WwUt_UbvfQhlivaL67UP8gqYJw6iRZrIM752SvlWkCfrr11UJxFz-TEQKWIQGieU5-NiIAJXEplJdc/1zfz1uVFCB5Hk7t13omilhFqjRl6uTgQiWlZnxafOGw),,,
rvi::print,RVI,Print,rvi.jpg (https://v5.airtableusercontent.com/v3/u/49/49/1769112000000/QM6OT4UFw9bhwdTsMK7UtQ/_Yohgi3Holtmonl98Y0rpzA1MZEzNebuwA2kYgVF-nk3A0SBJ4VB9JhYaZgtRE0yH_scWmToRw-dlkWnGm0oJuq427ADreTmNnYjWxAZ4QrfJwM484kZ06xVbJhkIE0er48hNv8zwElD5KgFGVdrOg/sNwa8tdf4ZJBEU_cq-KTDvhLBS10YU2O9bB188-D95U),,,
salles-propres::print,SALLES PROPRES,Print,Salles Propres.png (https://v5.airtableusercontent.com/v3/u/49/49/1769112000000/giS2d2CmtqWxc-opWowZbw/O9qMEmpck7MlOPnUlSpX4pUGIFxRwLfl1F4JdAoYXDFTr4r6Vo9KytiIuUVjMKEdrW6LOqwmhO9Yg9RHodDPqFmTWvx8uKLm-TlPpVU0b8DdThzVe-dvdJTC_U_cejrtw2MzVJlYd8pSy5pxnmv_6LXDNZHKfaH0inF2CM8mfxU/TUCc4zd66kRL3KPrab-c4ob1rEmBTdwkqDXRhytA4d4),,,
sante-travail::print,SANTE&TRAVAIL,Print,,,,
services-proprete::print,SERVICES PROPRETE,Print,Services Propreté.png (https://v5.airtableusercontent.com/v3/u/49/49/1769112000000/YQCKdv_spKuWi55GS9phng/71ARJ5jWfYntw3Ub3JCa4nnr3K3wJxQielN-_HE_pzbVs7ZoHJj4UBnsLxrXtQN7fyhjNBHJGxpq1hwW_y6vqCjqPq4hI7XXipLwIUd5ebPr7q2RO-MhgW4O-VUtkEZc7IsFNFmp5clwH3FyW5RDr57C8e6HL7o-wXwCoeBQ0i0/QtsPGuo3NIJf94Gq6qJJXel_zEfGOoUKlt9bZn7bYVw),,,
servir-alumni-de-l-ena-et-de-l-insp::print,SERVIR - ALUMNI DE L'ENA ET DE L'INSP,Print,,,,
silicon::print,SILICON,Print,Silicon.png (https://v5.airtableusercontent.com/v3/u/49/49/1769112000000/SqqCKDrW9zb7Aq52-Wtcag/7cGbzxDbOn0rUeRpUH8DKfPuzA3Bo9cdIJ1rINTjRLgVYc518CetK3a_t4dUDTJ5ZHiu3Q2MclLmezGJDKEYY1bo0Y_kdgBea7Pmd_x5Chu0Hbs5I-NEIWGNJnyKSZ4MVNASyI1TFSzIeNudMZylVkaXShcWZ6QSlH4wK2Z2O0A/89U8J3nMI6EmALL6N6lTVCazW4Gqf9rJ9SM-BZAE7YI),,,
smart-dsi::print,SMART DSI,Print,Smart DSI.png (https://v5.airtableusercontent.com/v3/u/49/49/1769112000000/E4oBSwNXZXP06Zfj828bsw/CuV1POourbFvXt7b-4137gItJH1SCONXcijo6fwLHwHGK9hArDdi-VfWmwro5RMspc_q5YqmSE2ihDVaMjK9JSVkaKolmyWTJ-EstaHo8n2jKXB0o2swsjk271VhtcWhWUTvhN8hm5Z2jLFbIog9ijafaW8B0YhRymAHyWwB7wI/UKJJWN-sS2UN3ymvYXDHiIQEpNA0IRY0CTDACSBL0Bo),,,
smart-integrations::print,SMART INTEGRATIONS,Print,Smart Intégrations.png (https://v5.airtableusercontent.com/v3/u/49/49/1769112000000/qyCArLHpAHMh-ghNuZ-jDg/F8DJ-pLS-GixUDzA-VHwedJORpJDtFjFL2ihDYIm0544JhYzeX-Dfg_iwi17qDEUtNzH4HnSKvzap-FExrs5gPiNVBi-tIw1VrczK47k5vP68v_bzt59-M9ljvvqoejVJsLtt00c-AWE1HbbH-lUtHCLEmaiVmSjfgWYoSB2lV8/i0CV2iWnDLJvb-ayF0lLSNMZg5y47jeIyeZAA7IN0IM),,,
snacking::print,SNACKING,Print,Snacking.png (https://v5.airtableusercontent.com/v3/u/49/49/1769112000000/52YSQWPu-CIHlT3Kr5nlCg/RuXJv8ce4rhELfY20Zm0y3WHVHI4h1rn7AgHZ_lprKT2NFB9FwyArEnQlRf4l_5a3JEgZlCM3sdWtz0tTG7ZNNrMvy7luA-TWruExrB_F-nlyBfv5FdC7-w_9v-ydcpjM5XEd2diF5LWZCf41FBAc2J864oIrxw3qzSL_6GWYMk/uy7douNROnVww18Vp44ANBtuT3p7xQjmgm_f24H1lhY),,,
snptes::print,SNPTES,Print,snptes.jpg (https://v5.airtableusercontent.com/v3/u/49/49/1769112000000/Ro7A6W0IvYQSqAfsFMP3EQ/7_tLVTkM3Q9u4yySUy-WiEEuZHEfFTmDyc7vCZ58PcZhpbcZOseoPay8cxO0A9qkiDi4BbhcRcCrKlKKa5mXBPDsbmOJ0tRj6rBXM0kZH2vkPkVs6mBkgAA8SkTdWsYAU5xnLI6gRwXYhZ9f4t7SBInDpJRhGvokr0RvByDcE4I/I9lQjYrfr2-oQFFzAhuO0nLTt2Hvyw2316krdl_Kfdg),,,
soudage-et-techniques-connexes::print,SOUDAGE ET TECHNIQUES CONNEXES,Print,Soudage et Techniques Connexes.png (https://v5.airtableusercontent.com/v3/u/49/49/1769112000000/di466LGZxJcZ1Sj-eceC4A/JiYAqc18bIf-_FAwZF33Ze05xM3DiF_dqJtGo4IyRm62Nq97VQFHUV_j56ndXllGRSyVz3_y4B4AWhwcjDLJJ1FMAVRB9RF-1p9JwXcQ7YBAEi-EOCO-sN5z07WcA6xdLrr2Jq41fyH21LlRvA0RBjhafpOmXiIHx0Diq8SSB1WaFozqC67eM0Qg6bX6RiSj/hGkyZeKhG7M5PGc-lJo7GEUwdvRc5cwjOJo8e3zA_xA),,,
sporteco::print,SPORTECO,Print,sporteco.png (https://v5.airtableusercontent.com/v3/u/49/49/1769112000000/KxTj1BRDXyKrMn4FcHgOyg/2MymLdkOssW919are6fI4duNnRBOmdhTumeQ8HwNwt1CeG6QRLu3DhhF95Jbpq7LATy1n0AV4JdARIKh_DOaYGAplxbK7GvxKxznTl2-O5qTu8G9d8w_9ZuCOIY2hUzJnx_sgrZZ6BhFu-jJqAoiN9HMu5-V6Zzdwze7E3iJck4/oM4HMrb5z3HHJ0AwIfNeXs_iQHeoZtMIKmDD7G9rf0c),,,
strategie-logistique::print,STRATEGIE LOGISTIQUE,Print,Stratégie Logistique.png (https://v5.airtableusercontent.com/v3/u/49/49/1769112000000/9nRJtoypSS6cWF_HlIRz2g/0ZooqduwLlpR995qhUcEUVW8liQjmAf9Gu-eHvVw491UMPyGkvLlu105NBRWO0TDVu6o4kdwyct48cJLoc8-fdOWEohxDVkQ5Q7Ze0bELan0e1Z_ST4VVHMkb6ZTxEg534jxoBvMIWJ5SJL48cr3WoxGkFQUhFaqJ83_zzRxk3k/4zyFnp42pctW5j0XQ8J4bM9vr7W4N9vmVbmiUgPkiYM),,,
strategies::print,STRATEGIES,Print,Stratégies.png (https://v5.airtableusercontent.com/v3/u/49/49/1769112000000/3ohoCQu2TebWgqJ8AgOg7g/RV47SEm2Z0_OuvDP1IyME_2U02MpSIz1hREmEjNzBTItEvfm_zw7ZaiJqCEvfCkd8-vEk553l9Gxnsvl2iNHUd1k21EUv28vidV92F4rSf1JUoCS_6JR4mfsPfcIKO5zqgwn_T7D4ibUUCCYF1OXWPe0upLFBgLVp-o_lzj0Ni0/RMP3Tn4dbPYPBm9ChHqw4V_uiWYN-mXQseNazwW-ajc),,,
supply-chain-magazine::print,SUPPLY CHAIN MAGAZINE,Print,Supply Chain Magazine.png (https://v5.airtableusercontent.com/v3/u/49/49/1769112000000/RxQr6mCSV4JeKOPq_rZJng/Iw79QEO1kxR_T7gfKx4vX8mpnFDSYOfBKerHFzHVPdwHbKDIbDG34SsmKdIBQ7rxGYZRQeCUcgDaUmTWrNXuH0uSS95b5_4PCtpQEccfulIeCG15IyJoheZO6jiQWbvccWHjvaPfQSyjh29-UsBUt6Ennc1cvhwByX9NySs7C1c/usq1Uni20V8qF3s4Fy44aBmaJ-1DHZSVhBMUPVaI0Q0),,,
technic-baie::print,TECHNIC'BAIE,Print,Technic’Baie.png (https://v5.airtableusercontent.com/v3/u/49/49/1769112000000/60vLjFyK6QYZpdoEPoQPYw/9cdBQRskc5L9VgNxpZvcmG0S35bhSUThDbakhkIWnUUoqgbzaeUNb6dfcdMEuU6GsSPlbP-QJO252AQiaeCxvwy9jvwOH9DNaydhDbgsL0eeczUAei3bsxb_5ERp021aZsLpgq70RxAaeK6xqYcp6VNHH0eWmUVafMd7oQ1NRdY/0ewIGwPNI8H_cwjNMdObE_fiutUKjpttTK70mno9Swo),,,
terrains-de-sports::print,TERRAINS DE SPORTS,Print,,,,
terrassements-carrieres::print,TERRASSEMENTS & CARRIERES,Print,Terrassements et Carrières.png (https://v5.airtableusercontent.com/v3/u/49/49/1769112000000/INiz2K0uQvAjhRjc9fqwMA/DrEnbo2OTox6w3EvhNSeLyLijbNAKVAFdn6d-vTLk0T3XKyZrrAjC94ujuHA8XBeAEKIbmg-eTfkcnSTuU2jYFf--nTcTZFLs35qZCCXvH9Lh3uaALnSujx8fhvtMNhNH-J2ji-nLCXx8JRfUGkApHxtujpRjZN_z3S2seRqHl4WzAvxGlHOqJA64C831h3e/-xnC1BY811Zmqe1h2iiv2D31Q1WprnnE1llkbb5FRBA),,,
terre-net::print,TERRE NET,Print,terrenet.jpg (https://v5.airtableusercontent.com/v3/u/49/49/1769112000000/UjE22oatQzlB8_5sFpYvrQ/4qAy50FmSIDCjM3Al-V766jmKbTdNc8Os1kyMl8KaHBYxtImk36LCCUOW7_W5O7AV8bkN4acERlRbBGbJg43EMhdbf2zdkgIlz_hTtnL8G3iAhTtSwhCHOPfrZNqkuLxlwjSzK3Gb4cwvaKjU7GcLKoDZxYOcXYohaKRDl53ooA/dHR5Im8z6AbBpsUoTKQNOXI1_PtAalCuG6uFXjDcrcs),,,
territoire-hydrogene::print,TERRITOIRE  HYDROGENE,Print,Territoires Hydrogène.png (https://v5.airtableusercontent.com/v3/u/49/49/1769112000000/vQdvUTGWmzBaQJgshsnDWA/WYL49rL4eJYJG9pWWCm_AkDDoKyxXO3-7qzoJZX8Y6NX1mVNLq3Dwp81AbLY_hvRuJyVlsqoVAsh_AoZypatx2GMkjHEqmozkfG5vVmII9FPLccdWirD738WugcqraXiBSlzrrAbHgZeYnZaGn3RjHQukrWdAR4cK3055KbT_Xo/INuOTWNGXfhYMT0S64NbppP81ita8aK1Wrhe35MXX0s),,,
thuries-gastronomie-magazine::print,THURIES GASTRONOMIE MAGAZINE,Print,Thuries Magazine.png (https://v5.airtableusercontent.com/v3/u/49/49/1769112000000/LdU5yXpke_NUIqx0uj2J3w/7C-PXTTv9jyks1lsOBTTci0OH7srPIrXGQj8X7_3Dq689v01tivfxu0kXOeE-RAjHiBH0cJAlCowZ86GX_5K4_9KX4dacPUU5rMv9J6zps35vrPA6jyyQj1WFIQVB2FyF_wpAJXd7HnmS0MGYu3PkT1KOcUQqRNdkN_ikpqP88c/hItNbTa5LEQzcm7khB6EGrVt5kJ0hwoEqOyTGn0t9ks),,,
toiture-magazine::print,TOITURE MAGAZINE,Print,Toiture magazine.png (https://v5.airtableusercontent.com/v3/u/49/49/1769112000000/8_aSeovJwfGTPLFh31MuXQ/C19obNAyE2a1qNmKm8njt_Ln8pIGLO3vyOz0FG9YSPYRo4I4eUgpMmOigTcD13KSQZgPX6AXcQP8K4rGF4TIW0A1BZND1HZZH5uTb46GUkYQBQLWPpOnwBqJ9ImoDSAoFrIqHi3hA5KR9w7W9Zxd2qvj3YIvynw7KQOfV3wULmE/I0oP9QQg1mpUKkHPHysNIzMmXEYMqcF4P__2re1wXWY),,,
tolerie-magazine::print,TOLERIE MAGAZINE,Print,Tolerie Magazine.png (https://v5.airtableusercontent.com/v3/u/49/49/1769112000000/RrQey0m1TJRh7GJHc_RQUw/7nAvsLR4SOpuf4Isi9-vvAeV2B9XfOJGG3WJzs8MR-OuZupcNtfO9MU_720SAwfTTyeFcabRks5keeK7svhRxwm1LvnHZQzyLapTRzUHjVVil0dBJBjvB9kQKoTv84AmmkmYg3YEhIw4UUn_FVxBSELjxPR-hiAMtnzTukVHU2s/4-_8WIqFrKeKUOjO4IruMWjWfFJZUHGJlz7c5RMH0fE),,,
traitements-materiaux::print,TRAITEMENTS & MATERIAUX,Print,Traitements&Matériaux.png (https://v5.airtableusercontent.com/v3/u/49/49/1769112000000/PXu7WA7hCWIZvVPMfVA-KQ/aNrSMMZhwS5nNspKqyHRor4J-HuMQ6hPdCfiSe6XuNHmf5n2N2fbfUsYJWt6X5FEUP5EgayRA_jMcbNF4N5sfzMewmKbnrTg4Gc3tHG17rLHSKt91_HN3DPDx_Z9ctYLa5JlSMagIZJp3wbPSKeBuArzEoVfSrSaYPsnZ9AUmk4/qdWFQ1cQsloaCf3EteSnb9fwc7BoVcuYMVUrBH6Z0Bg),,,
traits-urbains::print,TRAITS URBAINS,Print,Traits Urbains.png (https://v5.airtableusercontent.com/v3/u/49/49/1769112000000/8gbR2350EjYEcIeZyXfoTw/J7cPJO1jktO_CabZrfkjUmCCHQ2uZfom0C8fw7jdJlgDKodjBTaqvSvca5dMuCI-iyLW0C98dKp41MAuiL1ogQKnZfWYPmSHqdc6yOXInsZSBfmb5-BPDsniGDXhf3-VzM7qqYEBOf614hSR3sCz5iUaIlG09BGK2p91g7L4YiM/9UrUpKDbvyudKDBL3QdY2KjOcu2r0tzK29wPRGJMHh0),,,
transport-info::print,TRANSPORT INFO,Print,Transport Info.png (https://v5.airtableusercontent.com/v3/u/49/49/1769112000000/c1CPHdGgEMGS0NQOs7yAOw/jT5qUTF5wpWVOSNcrIRDW9rM8TjR5aJ3Nl5lYJkrNjfO72sOxwqqipiFEOjmoB60KWgsBQ_jDh-TaghT7dHzb0_6H-keCoy0nMb90YS4-T-8uzdVxguzDPaP1UNKtZepjfhDUoXlrLDwWINCGfuaSWkqRQTegg4Ndj_t_-91jCg/HZz-j0XtKkvs-6qJIuxx6wIrugUpUUtrF_4WGf-p6Pg),,,
trends::print,TRENDS,Print,,,,
turbulances::print,TURBULANCES,Print,Turbulances.png (https://v5.airtableusercontent.com/v3/u/49/49/1769112000000/pUhfiLGY2mtPuQ82mcaYwQ/lPmTxS1I_4eU6csTMtLKtfqSr9SdS5wTfH4eluJUmjVFYsSjQaPAK2x5SGjzNhEaUilaqnGQeHcM7KM0fqPTQoFl2sfQi2RZvSwA3Rc6_K7Bks0xf152phZ69O8-vL7Y9dRt6VDvfZJxj7p_mb9QsSlwNGmVf1Z3PAOU7PTupjA/kA7zm5VPe_W-i-MEfJU-KSCK7xEmpOjN2As3FxC4jp8),,,
union-presse::print,UNION PRESSE,Print,Union Presse.png (https://v5.airtableusercontent.com/v3/u/49/49/1769112000000/8TlAz_F0t-vIvbiDg2EUqQ/1lt82fh9GVr37m1K-Jf_Z9xlvaaJCwZdKVWZxEe148Yo0pMxeXAfWT2-ZOWBWpbX1pRwxOyKII9JmMRvWa9F9SnsWxLh_b8ZjqdOCovKdbrs06-J9MVDzt55PWNDASI1GAZUPnzHiG0xZFl1hLnSAly6X33m7_cHprtuEkw2gIc/ZNPSJKAow0V92BkJkGd_XZ6OEcz1SB6wxlK61r89J88),,,
urbanisme::print,URBANISME,Print,Urbanisme.png (https://v5.airtableusercontent.com/v3/u/49/49/1769112000000/9moEaskIFcw4lBNxXHPWFg/Ff5dL-gslVNWmBK1U89cC_0dXldpWpLYTK7kGLHVdu_Sd3vMwkqzFxtJ8m12hl61CSq9ZqhKXrMeY_Lmn1bGtpc0BMGE6R-wGzvpJC8DNCJ-6g6-fFqM8WwZ3wKy7GgflqmHK6Mn6eW2MJBCgnKdP7YbIRqpRJt_XLy-Jg9AQYo/uT8wB-M2fLBrPTythVWJuOS1naP-XJDN6vqNwhjGOPs),,,
valeurs-vertes::print,VALEURS VERTES,Print,Valeurs Vertes.png (https://v5.airtableusercontent.com/v3/u/49/49/1769112000000/bzb5UUSi4az8DWq4rRh4Gg/LKEi3LaRbtak4mZLFL8LvwbQwNtdnHOONIcWrYGe3D2UsHY0kAYIZvKCd6kfDEqH2anHOVczcSs85ZaahGyQY6N3HcHWW1bgVTaDuP0X7r0IabJYKW6rWWhNi0k5wnqB2EF8kPpnNUHSnf3SWqKVer_3HfEV2ZU6NegMeFkcTC8/xqCu7reirTtlekBi6sENJuAfCkUDZMMYQlPXZ9MriKE),,,
verre-menuiserie-actualites::print,VERRE & MENUISERIE ACTUALITES,Print,Verre&Menuiserie Actualité.png (https://v5.airtableusercontent.com/v3/u/49/49/1769112000000/Js3_KV_Rh5xIaa9-IDSmhA/DpE9CLG703piuxOfoAMz6i6R-Y0PGNQcBx6kYLoHE6D-WV6m-2N38Ioqs2_FhIq00GNvYQvaTYwM-GtM1VKe9XmOWQcS7PUUpnvyF4pIqHNRGlMhsWG72tuXU0r17sn_PFFC94Kf5Nlxz-zMFfZoH6-5xSvvmpoRr9BKrnAE-kHVT_49N8s2vAnY5jbFpmxE/EahonsZPVfQpePGvltqfP64OtNJXqsGph51rQFij9Rw),,,
verre-protections-mag::print,VERRE & PROTECTIONS MAG,Print,Verre&Protection Mag.png (https://v5.airtableusercontent.com/v3/u/49/49/1769112000000/xVDo31C6vkbbJ0ocvWlaTw/irA_eHqYKUH6Vqf5PdWH-shk4cA3aRNGJXLetueEmHfPjBUpRPIh-qGW2fzHu6TDsqNUkH1J_vCvgRw7TL8vYMwfC_3i06lmnAChuT1iFvKSqk0QpJ7cRGSQPgGM1ekLYh0kbk3uxrrwA4x6HwmbW2bzv7o5JwaUTRZJSP3jbzE/jpyWH0sOqZKS5yG0xR1XHG2RF1Wn4eEiCgt1h6gVLMw),,,
viande-magazine::print,VIANDE MAGAZINE,Print,Viande Magazine.png (https://v5.airtableusercontent.com/v3/u/49/49/1769112000000/fx8yPYhFxOWHQaCbyRn0MQ/_kZVzJg-sfb8b8DhhsnkKTTOaGsA78BtygS4EmPMy0cx-Q4W9272mNo_1uo2u6g4zcdUDr3N9ulHy6aRdp86UG9qA4zkG5BCNqzT9KaF-n6w1AWqMNswscxjbynAHsfgfhHaQ3NZ8T843nVLWArgKnnrEfnNLzp1YK7mDZ0HfUs/ZtkC9VAwopKhicYwPhvdBntsiXU36TRSLc9cPnflrHo),,,
ville-rail-transports::print,"VILLE,RAIL&TRANSPORTS",Print,"""Ville,Rail&Transports.png (https://v5.airtableusercontent.com/v3/u/49/49/1769112000000/btmOubO_vzSadOHK94jGcQ/O5QVIHRfoYMbbE5pKCgVTZTHYTrehkG2WQa-0PEMMncjNWfhqe3J9QuhVdzJ3tW5STjAkm_coa3l-XZ_vNtQTkOgh_jOJxww_mMB8CIYm6o22omUQXPu86ZILCBQcmFec4QEWWSCImnwtTfZCOtYJYBAjzOc29It29SW3AH8scc/eeo7yqpEn8WD4IQR-Ym41a9xi2DHyKqg3ndEzNMcCJs)""",,,
virologie::print,VIROLOGIE,Print,,,,
viti::print,VITI,Print,,,,
vitisbio::print,VITISBIO,Print,vitisbio.jpg (https://v5.airtableusercontent.com/v3/u/49/49/1769112000000/32k_3xx7vzg6Fun8_D0W0w/HIjwDCUeTOLpK7k7UoNvbZTSBZXtXzQagTD04f3U3q6gdDz8Lc6OiMPF6WcSA6gfPu0tKDkLWxF6FsMV4AP6Bl9SysvI0K364oNKqhF4ZHBEjjrHMEvJaeafAKxh8cIhSeOcMzogTX42qOyTMGng05kpdc3j87c3YWudsV4bIAQ/Qll_EtVXH8spw4WLq-crk1KEb4wRAxgzr9tYUVGxg-4),,,
vocation-enseignant::print,VOCATION ENSEIGNANT,Print,,,,
vocation-service-public::print,VOCATION SERVICE PUBLIC,Print,,,,
weka::print,WEKA,Print,Weka.png (https://v5.airtableusercontent.com/v3/u/49/49/1769112000000/p7JXwUKNmQsMrdo4WJbWZg/NuRrfHxTPGOJyV0itDzPsfjrL1W8o23rHXPNG2KO1JCP8k3fqhzfzR2Yb-c_K4K30qwYJQRxv0DsZd4WSCsPDgclXgRlCrDfifJ4kqtnyR71_HQZTGVJVIS0CLn4ibfNjlTYhmFLG-M5rg5zAM712w/8sW1Cy5Zc6_ULeeje5cL2ejjQIEwRiN7upTsW6q3StM),,,
what-s-up-doc::print,WHAT'S UP DOC,Print,What’s Up Doc.png (https://v5.airtableusercontent.com/v3/u/49/49/1769112000000/2DgE20B2vexEPAfaYyJ62Q/9aIEqKy9BASa2EuwRil1cJ3wUYUCXB0BX4PXupuoXRbjsVBevOp7zMtGip2RD0TRq5QEXVJEgug25PoUu2fAWw1HY8hlu6DOc-PENOnAbSwl6eelY6zg8hKroOasb6nOd5JMsSVDHjJH5jP9H7vMg0o1xAIApnazdGmoby5fXw4/iqgtnD92LzH-hOitFyDlm0-DQjhEw7SaFXeBklo_KJk),,,
workplace::print,WORKPLACE,Print,Workplace.png (https://v5.airtableusercontent.com/v3/u/49/49/1769112000000/WLnQSH6Uw8FugoEKJKi0DQ/fg3rid-i2DvjhVRAjfkzr6SF1oOLj8oqUYvRhgakIyDielgY-AnNok6B5pDXZYvBD_aUtVn1-YRQ3kglxIWFtsCsTmn6S3i6Pi6JX01yumabzDej4SXRWUzKiSldHTCOZQeztsf-WAFZ6rp0Vuepu-Oc3IzgTFaFT4TExFeJFew/W7vBIqAi19kmaS0G-sb6kakHC5p5p1m7UKdKf6DSCRs),,,
abcdent-pro::web::300x600-300x250mobile,ABCDENT.PRO,Web,Abcdent.pro.png (https://v5.airtableusercontent.com/v3/u/49/49/1769112000000/aEFZlb9NhtjOZLmPnWSOvA/iuuILSRnyPvcl0rsuCS0ylJePZwv5KAbUSvxxMOjkPNOi_w_EEjkaQj4aTcn6PjVIR_NvO1Aw1Kv3dQt7ukxPgMxktylAcr_cZbqShPWNe_SuOcaFVCAThk0ff71Fr6F5n8RQISFDiYmQtbWWAC4W1DwLNDMhT2r1R8ItMBYfR8/97VeTaDyJ4sNKn_H0Ne1jTBb0OYwhp0a9A2TWJuldJU),,,
abcdent-pro::web::728x90-320x50mobile,ABCDENT.PRO,Web,Abcdent.pro.png (https://v5.airtableusercontent.com/v3/u/49/49/1769112000000/p8kc7CnkncsytpW8zjFS9Q/IereHrdORLjVabzekAmLWRjhZRbK-eDBZVl79laqoNRsXXLorRZYpH_ueoHAFhcga5tyqhI3DIC9ZrNPJz_O9yCUuOEMvTMaUDH_acb1EMtJlV9URK74sdGkUcNN0qsxbJrlco_1IivGdA9pH2_sajYYgtY70xd9WNB_ugqmQRw/PRm9QeDKlYfeBTcn0m8uLD6l5V--vBm0VV_2TftArto),,,
acteurs-publics::web::1000x90-300x600-300x250mobile,ACTEURS PUBLICS,Web,Acteurspublics.com.png (https://v5.airtableusercontent.com/v3/u/49/49/1769112000000/9-05GKDVn3GDw18t-JsAUQ/biPYerpkPQXorN-SRp77kvvu2hvUb5T1QHFvjgLmx42UxeF0TS3OjbdiPaOGkj3xFoxnwMF9Y6whXQqMfh0DMymFrQlTgEspsYcSaOqYuDUOm2tF8atNI1o7I8Uspx5QvZKm0zJAJa3F2UpbivhLsd13LGOpUX2_We_UyKXJoI4/66NIlRVPU8nPrb1aLHYZXIVQ_NuxCxIDrFW5v6D1K4k),,,
action-co::web::1000x90-300x600,ACTION CO,Web,Actionco.fr.png (https://v5.airtableusercontent.com/v3/u/49/49/1769112000000/Xjox7FnwUOSVyU3SYjLaiw/qiQMIOY30wLuzPcQL9dvBxkwnAoPxrqf7DRdEix0QiIxjkEfF7M7jlBWYAyx5v1ZJYNNydWmRF8E0Mw2FCRSiK_ZBuMMmVGXFyF6NUIXJLh5zHw5dRUedH_oUDlAvxTfCmJ-IUnWnu8uOPsOJLm_vBB9GWjKACcNV9C8xSziDA4/D8g3ILiTSRr_jfRM3zz2yAZtyg2xT_rE38FZutABse4),,,
agefi::web::1000x90-300x600-300x250mobile,AGEFI,Web,agefi.fr.png (https://v5.airtableusercontent.com/v3/u/49/49/1769112000000/A22gvSZkYnJKCN2n5u59DQ/YpeuLn_waIqn8T5WVvkoticS7UfSOK9iq8ePMVBZVq1jArBJ_RJvL0DQ60L7OdO_z1cd5vqJX4l5yA6t85ODig73O7uc3gVUd6FUE66kJwLfW-EK8PS1xORR4RsElgTxOsC5oaLhJS7017z7oprDfNjKVx9sJ0Qdqx6s5_yRIEI/F_TUsvQKKlOk3RQ5_8Jb_U9z28S9wsPqk-4l-1KEKQQ),,,
app-ines::web::300x600,APP'INES,Web,appiness.fr.png (https://v5.airtableusercontent.com/v3/u/49/49/1769112000000/mClpccR2e9Uz4ch1C0B1jA/Qee7UEcFMJl6zASclr7BtkEFCiPCPD9UdkBcfX_g1YkDUSfryy_js8LdLuUPYLGOLY7y_9gLQ6KxozdpED0r_8KPJ9ypY0CucZiFKexpkxBTAhQlVBqORcgrTeq037rO0xVBOMkzag2veNrt6sXoktpneWtZihQLtXNRN4GJGSg/hGHhypaTRztv6_s4Z_U8oLipbq4Mpm5qz8YCPXnY_Bw),,,
architectures-a-vivre::web::970x70,ARCHITECTURES A VIVRE,Web,Avivremagazine.fr.png (https://v5.airtableusercontent.com/v3/u/49/49/1769112000000/dgnPXNGYD5iJ_cxesHPnKA/nRIsMnqRy4lFfgZCZUDbDUt144IctjYv6DiFJA6MHobdhV80iQgur0g52N_KVh_rPXP4j1Nniw-HP3O-l-4uJCBK2ge-KbnRqhsbkomVLnzB74X5D9EkgSmyj52XrORIBoGRuU685lL5c-5AmIHYYPmpMtYwq_4cDC0EPff4454/pLvbsuwy1Rc7apozsyffAxTtWWU3l0br58KHQJnI-Kc),,,
architectures-a-vivre::web::300x600,ARCHITECTURES A VIVRE,Web,Avivremagazine.fr.png (https://v5.airtableusercontent.com/v3/u/49/49/1769112000000/gvUHDU00NVncZluHznebog/d0N6IwDsPcRhNqQzUNzI0ITznmZWP9-uuX5KOeWoyOU1Bu3H4d4dbGhhDD1g7KVbRFFgUdh76hEj_ejjVvxw42TMgE8ckyB5fVqleOAHC28PXWyiLyiN0ZnDeIpHeZqjIOQqaq6sGoHN5xLP12SMO8rFvucvp-sup9OCTAV0LF0/_rwf2ZbBlxi30X8ghMpm66cdSeA_-o3pwtRGuR7GeeA),,,
au-coeur-du-chr::web::1800x180-300x180mobile,AU COEUR DU CHR,Web,Aucoeurduchr.fr.png (https://v5.airtableusercontent.com/v3/u/49/49/1769112000000/TQ0bsiRfHBZ3VH61Z7I0lg/-TcoHfrJoK8JUC-OrEAPOkGwwOLdhw1gUK4WUvp7l05ElnrvFadNY7ilwa8Qw5DrMhsJA6c4tzJ1xnV06U8Wd8x8uwrQSGwbaP1HvGyQsf5mj1JIXUYTShIwUnWY1LhJQZqiW0CYMIiAcs3O5nI3k1kvwlXhO1VSrvWviEmmWR8/ahmZWwpYpjC21t3nyfSViOA7pnREvWNIqUIlrKVGGJ8),,,
batiactu::web::728x90-300x600-300x250mobile,BATIACTU,Web,Batiactu.com.png (https://v5.airtableusercontent.com/v3/u/49/49/1769112000000/TRaUvHMPXCRWs9J3VUwt2w/IMqAIkl8mkMNCx1Cc-i4v8u7PS7zdCg8OPc7JE08iaA2LlLGzYCyBTPRCKW5QDtpjd1emPdtUORxSuiEdEIq2kp_1GDHwCBNqhQ7bgOgSenTVyYAf0bxv092BxWRuxcPEhi5CbbSydgUNLFWoh7AWyJLTgyJsp_aietg78jWmA4/lddS5x2hLVEbS3TApGDRaXzO8KOBcRunlRSx3oVcK54),,,
batirama::web::728x90floorad-300x600-300x250mobile,BATIRAMA,Web,batirama.png (https://v5.airtableusercontent.com/v3/u/49/49/1769112000000/PMHc_WfM1lQlnkUyjjBe1g/ylVu10RJeTPE5y3rTJIdLUY85GdoF_2D_3LXxWLuu_8bEOTyQ4Dfic4hE-dNXgo1RlyD0c10NJuwfiA68LDLMDm6AgEr5M1VQf-vLUDDiEqKooOicp6Y6shc6ZYGOLjweSyOOPON52UtHO2bPBL8lC0LVbuGcZLw2YMcKPYuIyQ/wpv_cd9JJVPXwsJfqyuJF6PDNcfxbFEuepxGaIqwiTE),,,
batiweb::web::1000x90-300x250,BATIWEB,Web,batiweb.com.png (https://v5.airtableusercontent.com/v3/u/49/49/1769112000000/J1Eu5oG7Uctq8Q_Z3hhCcg/cwE060nGkJ20VXnjZ56qjaLoCTVyvqhyAJ0kM1VBpV-Ur2UqAufPklmuwX_0pG6Rsc56mrY18AECSQYjBZZm_oKKieWFoOH15Nuleo2M2XMetis55mhEna08iqr3xH86v_FDKgAjgvZLOhZAf9a3ziBJsdl03mpQF8yHQwEyZ_8/mciFpmVXeIDQcmbWgkeTy_6HkFejVJoIWv5cbWtfpi8),,,
be-a-boss::web::1000x90-300x600-300x250mobile,BE A BOSS,Web,Beaboss.fr.png (https://v5.airtableusercontent.com/v3/u/49/49/1769112000000/RHeRya6IUtwQZCLBaFBnNQ/eOdkEUs-OmfB_QJ7ywlqIgsin17oAfe3kBkind_P6a8mTZqdQEfPL59J5qQm7-7pJnRxusIvNxunW4v14M8sW4VD2hIFl0ySiLO_qfO0YqHEdU1iJzzPrUTc6QHtwWGmltzEIFsvxeWdI3hGwGnvw5ZBhuS-K3vER11Tc9aaY9I/fS6WPzZckMH9-sVlJs08xIXBY9nRMPiutdBzKjq7FNw),,,
biblond::web::728x90,BIBLOND,Web,biblond.com.png (https://v5.airtableusercontent.com/v3/u/49/49/1769112000000/vsA6ldK7g90mu0IwnXlEmQ/0HSvZJEoLhhAb70pZ0OITbdH4R_oE42YXmA5o2LnjIQWC1pRWaqJfqjh5OxEsFQ_dKJB0Irpq0SMgpYbdYb1PidHGL-PDnG_2wx8jbGb_DmzI0EestSDvZUseydm3NKEqwpCpofbv4XuaQ_aesTnUAglmcc0VSDiTySZcGhAWYw/cE9pJLDY82IgKUZtVY1PI6-qgnZVwFhZu5F3tjpER3Y),,,
biblond::web::300x600-300x250mobile,BIBLOND,Web,biblond.com.png (https://v5.airtableusercontent.com/v3/u/49/49/1769112000000/cjCDSOsz2MKFf4mfdgaupQ/p5QyqvRp2Mo-KaBCxLNssrJtlxsYP4cwK18T84tZUg28WwmTfJgp7Sqmez_YbjUJO5pV2bEQZWUUSHf9-VQnB_4wBDHPbQAQkbQtJj1EHtNgjT49CnQjgU1zlBr1yY4F0n4HEfpB6MVYkdbwtPzOn63wHRXb4gs7Dsjy6LMAZvY/TDHovA-4lucGpuQjAiUWp7gb-MP7wR7X9zeHftgnBm0),,,
caducee::web::728x90floorad-300x600-300x250mobile,CADUCEE,Web,Caducee.net.png (https://v5.airtableusercontent.com/v3/u/49/49/1769112000000/6VimS9w1NLybTXCc7wl9IQ/mHQRyY3F9z99-Db65Ty7_wbwijWiOLvoLE_71bvycgx_kZ8RsX4g7suo69AYiiyblDeQrMd9dq6QEVmGqm3QzojS5yXkYcaGolhMhf3EFEa4wC8CHO3C6ZCFWpotPBVC4CLvw93e1D0WsQXq5ru0VcIs7pBzyNXyhsOA6EN3VRo/3w0ob6s_u4q3td5oLdtE4L1jPsTuXaQJFQf2GIsq3DY),,,
carrieres-juridiques::web::728x90-300x600,CARRIERES JURIDIQUES,Web,carrieres-juridiques.com.png (https://v5.airtableusercontent.com/v3/u/49/49/1769112000000/4o1mLPlh6gCVGXCs3yOu_w/56aoR5cRbOpCxwg7W9gwn3qNJkStKH-3UCK0sxfX2zXKNCdBWG4vQbQWM7QU4dSUH2lWtUTQ2_H61KEIYYnh82z0L45K_Q9dR8UwWsGH1-yFJ61pezn7J28mx-cc81m7y02qqTjF8NZr5KGvwO9fHkCgFB8sAax77LzMpcaaRmgs7K9aliD_13cvAZdBuUvH/pS30bQP1AIkwebl0Qkk_DLDRXGRcFiIHN6lHFplUF6k),,,
challenges::web::1000x90-300x600-300x250mobile,CHALLENGES,Web,challenges.png (https://v5.airtableusercontent.com/v3/u/49/49/1769112000000/RsOSp1TMxUu7-yzg1sN0vg/7le4-Z4EfC2RsCwfCISpsh3_rABZta6E9LmqB64ChMuhtFiuwGWn_RzM0VofK8s9v3WixWnN-rkzHAvBFujiAhNUmW5Sj_h4uOhsndMFvVlxa_Pf5-TQo7tS2M3V6R2h3CnGEngyfex5GgcDI55bjmDw-ZLvFfaX1tGH_CFG2F0/WDviwupjSzgBUxIE5ta7v7TToK3ETP-h1RyhhUXPBjQ),,,
chaud-froid-performance::web::728x90,CHAUD FROID PERFORMANCE,Web,lebatimentperformant.fr.png (https://v5.airtableusercontent.com/v3/u/49/49/1769112000000/CzPrmV5renQubyWwH7w1iw/ZwW8rO70IYI_X0dRAG53JrREL2ivM2bxsVdN-ypFRtO1t82KRske2unUr2HSapmsVxO9a9Sy9mXXnWWU6PS4dUckxGM1xmaR7ulUaUQEfNJWIqIUpYtvBuAYf2xMzCcCnuxMU0ZMMcoDwz1PxP51TbxUXv_YyyQTIFG8hmTpqr00rc8SfNPKQJHZBGL5Yugn/T7Uctu48NjdojBYz0VnN-Nq6hPr3S-D9wU9PScMFbGE),,,
chaud-froid-performance::web::300x250,CHAUD FROID PERFORMANCE,Web,lebatimentperformant.fr.png (https://v5.airtableusercontent.com/v3/u/49/49/1769112000000/q_4ef29Y7TDaV21iNXQ17g/lkemzIw3OtDi3YTeSs5Gp2kjBMRG8s8_n4H5wBXQCAp7ZyCTWuYJ2bdyE6WCYa54p3iFVfPjmPu8sT0GOi6220y923HNX4LDG7vGIytimgZpBEbm9tDCq76wbrHdSfooKB4slUDEaKqX82E_U8kOvEcPQ23cfxtATronF2AHe6AO5R5lZuTU7Tn0eYNDwmTb/MtH_puDQDSOOXmOE4WPv6AHyUqTL16gxMjtSISlFcvo),,,
compta-facile::web::728x90-300x600-300x250mobile,COMPTA FACILE,Web,Compta-facile.com.png (https://v5.airtableusercontent.com/v3/u/49/49/1769112000000/26gBUda_wDevZSigmdkmYw/uszOuuubKl3KNqDWIIj2Sk_iuKBh99NqGnKVjf1cDKSxKzNoKB2w4nt1ahCt5VhYZ7e5eZgjmH5FzhFIkNP2C2Vl62zfQREENSsVzn5HGWsYTfFDqulYl0HQv-pI4yD-Ao_ZStCU2c15J1SEDJYTV7cuQ6GELYIB7EJ92VDYBvY/PCbEi7b8Df87n9jbgjaTguiShi9MFhRFaBH8Ulyy0rw),,,
compta-online::web::1000x200-300x600-300x250mobile,COMPTA ONLINE,Web,Compta-online.com.png (https://v5.airtableusercontent.com/v3/u/49/49/1769112000000/k2qq5v2cx2rXa4RcPf5WNg/Yl47qh2_Sqn6cYWLDScm9CWViQNH2rbMskNCLJ3dcjLqkQBT_T65GflaMpGjbbtv5jyRc1uOBPcQEErsNcKylxYvYorlYWf9RTq1QU6Xz1abJWNDIV8Q1ZuK4P5OIRY2XgM2f_W1VTUMht6y4_ciR7b9dMFb7-VDJyB7ioLoHEI/xnBmMRCvkqn2E30Ts-OB5iTlFu2mxbFhXTDWnABYCdk),,,
culture-rh::web::1100x250,CULTURE RH,Web,Culture-rh.com.png (https://v5.airtableusercontent.com/v3/u/49/49/1769112000000/fQejuNcc0K-cB4PGGQ_Ouw/1UEUebif270w11WX_24grf2HdpVrOKd-1fZk7HOjMPGiKyJ8hm_Jrr_7jzqk24GUJqqHn5GD7pfEHehnR_AG-h3kAR0RZykWhv3W7UNLYwws9EJa7dvNSi86dAciqOV0TvJge1HSxvje4lcHEVNesyv5-nME3v-y-3tegyUo210/z1kdm0ABlodfdGTytndFCDrH0tLsPLlRSEX0winJpDs),,,
culture-rh::web::300x600,CULTURE RH,Web,Culture-rh.com.png (https://v5.airtableusercontent.com/v3/u/49/49/1769112000000/joZDYV5n7_nCf9FLHLURew/b5h8aVFzcF5UURGkG76rrNYLgnZXFg2dtejsySwRfwhvMVxsCMvaFT5p4qf-Ol05mqWyQ8cq-s0AkPtRbfT7PWHvbmF2yPfCDgid_0q3VyfUjUZt6ADG-7CpxDdmWFKw9W-o1eoS8cp4wcXFw8VZP01NTcFSOXOwq4cH1OSCGGk/H8nFIGomC9_qUYDDUy6dmsfPKCRT35UQ-32fQcg5o_g),,,
d-architectures::web::728x90-250x250mobile,D'ARCHITECTURES,Web,Darchitectures.com.png (https://v5.airtableusercontent.com/v3/u/49/49/1769112000000/aKUSEiMHsq-fB038RZVEgA/aJtIVY8G-SkBJaD9glJg_mJhBR_afNHOS7wGhWuPir9e1mbN1InsLQMV2p0c0E5M1PwPK77ewmFfldX_jMxjAeueaVXkL7aotif_qXPJfEYkCUgqwmxOxePyJXd2VKjtu49FwXKSiNzFQQ5l288NmNGi0mxOBjaa2DmBhNx_PyM/EjNtgCyP-wIqtg0IGoXqut8iZcn0XJOOPnxojyA1WFc),,,
daf-mag::web::1000x90-300x600-300x250mobile,DAF MAG,Web,Daf-mag.fr.png (https://v5.airtableusercontent.com/v3/u/49/49/1769112000000/VJQMknBb_Qp4DygsLjfmnw/1RuZmVWi-rk6JkBVGf5IGJxWzm3dURraKyfK9k3ubaOat0z8oQHorjmoTvqoN1HpBCIVC3aWAzWRsSmCAsRDqPYvTxOxTaGxNh_P9XJGffzE7PG-6_4Tmy1Z8sfg5NyUe7e1cHcJWfNzjQwhQA7CnXrwx7qK45HOldSJUv4Sb50/ZvmRLsvCSKnzFnY8XrbDzOkjw6AIZ22EGb10Pbbt4Rg),,,
decideurs-strategie-finance-et-droit::web::1002x128floorad-300x600-300x250mobile,DECIDEURS STRATEGIE FINANCE ET DROIT,Web,Décideurs-magazine.com.png (https://v5.airtableusercontent.com/v3/u/49/49/1769112000000/YrYAlsU1jENsnHjsSX6bFQ/GgCbwZeGsLHI8QV8-HoGKfPz_VOvVkdYKcKwPFWY_qj2ize42eNOxj7yko0IMpn6YCJ5t4j7IGBd4tWmHYsPpFJ32hrQr8WzgybkSskeO189OtiD_Pzmm-gYPQHlfLvwCCkCvWiRdAK6Ehdny2Aep6_tG5ldO6ooCJwFI610NJU/JdlY4bC41zG5IRHFGzVT-tAmaLQ4fhROrPBnK5uM1k8),,,
decisions-hpa::web::728x90floorad,DECISIONS HPA,Web,Decisions-hpa.com.png (https://v5.airtableusercontent.com/v3/u/49/49/1769112000000/3-0uLo8G12As6-1uyY1uIA/zOOyHPoJ6N8s9213Fl4tez8le_3MvylqfFi518Tv0-orC1IwlpZYs1hg7uWAI8W60lJV9U9wGxW4yty8dq_4HSKp_Wc8Eb5MwDRvUOM-BvkgGNSrN1BJDMaynnsXkQbbs7CN5vNUgGwfOxxjHdbPWumJsjJUIWcbjEPM5cyMrEc/IknIVauDAdpoMgrFDAYP4IH_NQxMOZW5B4MlnY1top0),,,
decisions-hpa::web::300x250,DECISIONS HPA,Web,Decisions-hpa.com.png (https://v5.airtableusercontent.com/v3/u/49/49/1769112000000/PNjXREFuFaEHUT6bGJpw-A/3rHaVDL-fyVa02igBei7cEbvLTRAA5U5F8mGbPxHv0-2XiWRRXkOEnK9yMoC4i_8yEN7iwKVbkSLpWchju2128YU9IGk0419nw1DW9sqgHBudFwltGXHiSzCAMezDhlENUH_KkQcuHJQ1bWYuAlbuT01egsM8aQPJoclzXEbPU8/EDPUDcuL0xj-7BQ65FlSYoM76x9tE0fRQU-vjAo7YlE),,,
developpez::web::729x90-300x600,DEVELOPPEZ,Web,,,,
direction-s::web::728x90,DIRECTION(S),Web,directions.fr.png (https://v5.airtableusercontent.com/v3/u/49/49/1769112000000/3KdzotEBDoSOg5nBLp5MKQ/Eo20rcT8srchsFPD6pniWPHSE_pssyPrwmCdEQqFEol8i8IqrOWo4Za2Bq-zYPkJTEZw5jq_Ze7PMYSzwDZReNJNKAwogtXjIzWmaMMs2mqUbZTtDQ5rvX7wT7SeDCanziiYgjlAQ0LvBMUj-WaiZS3tJBkyYgqz5GILIzZmT1I/h6NdZVVOcjFN5EHvlC9EAaP7UNzdg2S9fFLkcLx4gLg),,,
direction-s::web::300x250,DIRECTION(S),Web,directions.fr.png (https://v5.airtableusercontent.com/v3/u/49/49/1769112000000/Xa-CUC1ZiCRuDH0IhzdBVA/pqk-lChABGwysgPPMJjGHbCEq9ROZ3t0okHQ7ubRMmqCuFrdlECj4ThvKE9RK3lGS9m1xt7Ki5xTPEwwC5evEcdOq-zZWkG_6hf9G9kdFT3AO_4rCaTJzq3yUbNMob9qK_QVyZysrcaI487UpCSS11rwLuMago2swF4NA77WPAU/-hNW3NV2ndk5QTOWCTKRGWCV7RwiSeB84Y4QdyM_HuA),,,
dynamique-mag::web::728x90floorad-300x600-300x250mobile,DYNAMIQUE MAG,Web,Dynamique-mag.com.png (https://v5.airtableusercontent.com/v3/u/49/49/1769112000000/QAAVI41tzpHqjfnVBaZg5A/mVe6SjK3ozgHz3CeZERInwJmCoviME8KmC3uzGsmAAKCIi5R7MlCzXQNfsQ_-EabaNPmZc01UbrEDCass6Rbm4z0Sc3EDvyRmkeWr53QvBKIn0KlYCG5ja_GeyZnerEx3P1X7cRYLKKhNVWOAdphx3VMeAc-A6yPq5IuHqI5Hhs/y3YG7LNjqV8EyIu38M2ArdMdEyU_kt2wNzHNrgqlAf8),,,
ecommerce-mag::web::728x90-300x600,ECOMMERCE MAG,Web,Ecommercemag.fr.png (https://v5.airtableusercontent.com/v3/u/49/49/1769112000000/IB3SEDiyWpJo_aeV5ECY_w/jBTy2YOux2Qqv7PW5iL9vaBUKhVPr8GmMhsAvepVeGwLXtJVtMJ155m-7_4-Y7eO-b4Aq9ykwoPuI25RDrEcLtwnQB7-J7iqmhU4shAyj3R1RGj5VCb_f2CqkkrPNhz0DdEEyCbRBrGezrejXQU41jbmZ6jr1Yf3zIMhjoPqNSA/lrpAUApBoGN6QJPkmaDdHX9GWCagF6u3W88ruux8SVM),,,
egora::web::970x250-320x50mobile,EGORA,Web,egora.fr.png (https://v5.airtableusercontent.com/v3/u/49/49/1769112000000/aYj2Q4YSEt00epdayBjOhQ/Kco0LTyDZ515SShmbGY0TYDk_PHfb5R3XSCzemnSxsOU-_cjb5viO1tLDuqOAVjeAAc6pQlSTRy3FUCG_XMqSeZpognnhi0e2U8nrV7AZB6Uh-24-RIrH6CvfGwG53eXDGxHcZcID4FazMpsBfAiQ8myrtQJ-1jXP5y31-wAO1c/1YdffaseR_ePrr5HImBcwGKqeoWEx2PcEL1ejW5PZ2I),,,
egora::web::300x600-300x250mobile,EGORA,Web,egora.fr.png (https://v5.airtableusercontent.com/v3/u/49/49/1769112000000/Ii8aWnz-VQ5WsWsTz6OBIg/gxZ_9cK-Eg6rhsoLSdnBw-gjR7v9lPM6qhEbYVOYoT0dx8rVBPo7idbYkZap_DcpT0Gf0GpKNbv4DFupkMmCgvpDULoPx07dzS0meyu9tDPVZsXfwB4AvdUuRLi0P8bGkA2OOI5zA6I9CBjRbNfleQfkh7n7WmWtDwRi3NTyPo8/-9WMR-qEKn7AMNNtWgDfZ4AQsPu_c4TkzGjISeDzGW8),,,
egora-ethique::web::300x600,EGORA (ETHIQUE),Web,egora.fr.png (https://v5.airtableusercontent.com/v3/u/49/49/1769112000000/P8lHT3EEC1IhefcJbQCyhg/h3ypHMJ9tE-U5Yer942X6beys1UJwTZ4sXtOQw1uf0h8s29NJWEXo3wbBGyCsWTJZvrq0H23Lc8B4S0tddmx-ezA-kWsUG2j3yKxZZ5YtJkzYFHI33DiwuMH5LvW8VTJaJWMAP0b87NBMYvkFFQRY7TRpGLQol-nmbSH1roPfyw/ZigRjff3CCX_umqk3BOgJiKIYSeWn69c4nlIPcJItOo),,,
egora-ethique::web::728x90-300x250,EGORA (ETHIQUE),Web,egora.fr.png (https://v5.airtableusercontent.com/v3/u/49/49/1769112000000/qzjZPoCQbTCHcYm1cSOzEA/C7MGAkH9xfRb7CDwvZ4c7TsMsik114_Hpuuy0pxATpcFCtCC7K5o9ehY3dlJRJLMF_DBq-jN78cF5VVUAeGf51GwTHdgnm0furjZUK8_HIJvE9NB8aON3TMMrbjD2P4I6AqSOa62y-9eoSTqYfcJ4ByHzo3Froty_injFJVtVJM/tkIOsNjUMw_jsqMhHvO22wJa7s4LWcJVbO5grX_7DVc),,,
electricien-3e-j3e::web::728x90-300x600-300x250mobile,ELECTRICIEN 3E + J3E,Web,Filiere-3e.fr.png (https://v5.airtableusercontent.com/v3/u/49/49/1769112000000/ckBBUl3t80ubqJWBUUJ9pw/Ao65pMDAbCk-BwH-YTW5n9UF0kroPEyQDl5nNv7lEsJht4eP3TmfRyhUKbmnmHXg4zvhhfcvpgcJVO-_SKAFUa9DuFEkOn4Cs5ghP8fi8Fx8SPQKyX819xFIyXokHb-shQu1c-Z4gipACzep3vxAMR4ZOrHvjgvEm5L30AKVfjc/zAx7UTEwNFOV4z4jfygFsy3v1pfXxv6GhzPku_M37R8),,,
entretien-textile::web::200x200,ENTRETIEN TEXTILE,Web,Entretien-textile.fr.png (https://v5.airtableusercontent.com/v3/u/49/49/1769112000000/wnqV1kbgN2wYMV4_i0ynMg/bOiPPMMbqBq7bzs3H8elLAHutQzTf16zA2LYEpBYgYg8i2NUI6RAkLfdPEq1V-3CQ-r5-FToWOaRCcUYycile-y78T4UIpgDvZ4bkHIPoRV43Gtqjx6d5Yd-pHK-jxtibGR57o__XyQz_A0VANHte4iX6AY154I4SdmVESEiaqA/-s6EILwxs4nF8bcfKgGG36Gnuc00qWJ0m2dbtq-ZqdM),,,
entretien-textile::web::728x90-320x100mobile,ENTRETIEN TEXTILE,Web,Entretien-textile.fr.png (https://v5.airtableusercontent.com/v3/u/49/49/1769112000000/sseE-G38QUcwjGf7bSMddw/E_6QTJ7PBoOgHnpja-2AuquLdSdKiQJv2XUv4bfL5EoIq9Ce28CBnvqITcnxJ7tH8WD9exi9EEgyz02GZ77LCO4CRR8jb2kem2p7o_gJqS7vnLx0vRydfnMgzk-sK-EtNdXThRojJdKB7i8lySCx4qmUEY9K9LsoHbVe-sdLDR0/z457G-YtcGd7gGYcazgQ5c3L7A4mBaASgt7MB30KwHw),,,
environnement-magazine::web::970x250,ENVIRONNEMENT MAGAZINE,Web,Environnement-magazine.fr.png (https://v5.airtableusercontent.com/v3/u/49/49/1769112000000/YAjct9UYOtAj8WBo0Y_mlA/B3fg78UCC6Z0IBBiglO6eqM99z2tzHQiFvvyfK047V64BXQso3QKMqnfq7kyK_9k3qgbkIB8h59N6uK3pXHt9-BCu7QmLBqEJyBFia72Jx-0B5O3EskkuDNSs7Jn46CE2iAC2uOvZljApua3-EEoo8Bp2Kn8Z9fZXACNzLok83mZoLAeWCAC_qQ8GhO5viGp/RFFIRvEhyLfRMMHFDOkurATN1ZO21Y_GlQmPhr6FHwc),,,
etancheite-info::web::728x90,ETANCHEITE INFO,Web,etancheiteinfo.fr.png (https://v5.airtableusercontent.com/v3/u/49/49/1769112000000/jd-ovsM1bALQfaaG-LoSJA/kzn_2o5_F-YmIMVWX4m7HX3UPkXhSH3JPbjPC1mG89O14k8XPT2XFezj323dt8I7xxVb67E6qagN5XCYgC0heZmyfNXt8yz30y6C4QwMoScm6xDMD08tObKVX134Xmy5Pes3U3yymXhFWUvk9I-N1ipD6Nsp_K0jNyBKJ1GUe-s/7ydw19LCDrPvnVu4WVvjSrVetREribOj8CpavPIX-wA),,,
etancheite-info::web::300x250,ETANCHEITE INFO,Web,etancheiteinfo.fr.png (https://v5.airtableusercontent.com/v3/u/49/49/1769112000000/w2BC7irYL5VDYmd2UbfH3Q/5OLS_-PT8tewH1uSuG0K1D_VFOd_shgVmp5_UG2XUKrcP0N73jGGs50cvzjfIWc86ASDOBgYpmDHa1yMSfFb4-RSzeEcZsi9rj3qSmi71eLilkMr4iFp8PYddcb4z_wYZhi8Vdetc8FOUNknzM7dyj_ATy6h-jgPK3qsQLYMDGw/xlLPhgahFGhLz_SrOYy0rFSf0v7XFsR-mPwvXukQb9U),,,
flottes-automobiles::web::728x90,FLOTTES AUTOMOBILES,Web,Flotauto.com.png (https://v5.airtableusercontent.com/v3/u/49/49/1769112000000/ktGhgFJjQol3Kl9bQbHVog/Ltdca4OZxDBmbG1DO3drftWIJU38x8pCgmKT01boqKISVY74p-HngLJU8n7zmoLdl-J-7m_gq3vT7PoFZ5dXaQILW7qcr5j51iPTEQ5UGUso2Lwd26lAVxP4JDCzjD6JO4ZqwKBp6fb2KeDNB6gJvVPZVNoEIOk4hq9-BYx-S7s/Yvg5_eOdpRgwy6ahHZGRmbOiJq9EKIcqh21uGmdjUgM),,,
flottes-automobiles::web::300x600-300x250mobile,FLOTTES AUTOMOBILES,Web,Flotauto.com.png (https://v5.airtableusercontent.com/v3/u/49/49/1769112000000/7I7VHxkGzIrhaS6fJ7SRCw/KiZb76bZP6mmFt1Y87gorOvqOteueHLGVY_m7VVJbVyKdKDGStpq-w39Y0UBrQP0obggMKyrzgJd-wpC0ne5Upp3KSNcaqx8IU7YnXO8lMw7C-osCg5yi_sbUPbEoMWZXolUyXhzx5jGYrdLayuYGqOTIHdyJBmTRlvUdRmoryQ/W-wTI2cMZFWK3VSoXgEVaT3fHZE7yzuwxuOJFKTHgB4),,,
france-routes::web::1000x90,FRANCE ROUTES,Web,Franceroutes.fr.png (https://v5.airtableusercontent.com/v3/u/49/49/1769112000000/sV15uX1BDVcnQHpvE8PRYg/4JoPRgPfXpM1ZGMd4jJyUibcD4IIr1gXQ8wtPsxGSJFobLGJfNph4pTSkCk2Vw4ZUKo0vVMoJe6PUvmkyGIl42WWhw5nNgwjMZcm75f0VMlW3PqXw5oPy-Xb7SUpnyhaL4x3Ztm_Twqvu6fB6Gaxyk4FksUO8ixUdLTSqN5gwJI/3jfe1_bWzuh3Kx_fKPj5FuXaelNWzZ92yau2sFVMTcI),,,
france-routes::web::300x600-300x250mobile,FRANCE ROUTES,Web,Franceroutes.fr.png (https://v5.airtableusercontent.com/v3/u/49/49/1769112000000/aofpO4poMJmz1QHCjdcZ3g/sRhZF0NaCENmDtoBQFB51_CZoNlUP4-fuw52WJpxJMXx_u2FDbS6b_oY63idErJQDcjunslVC8e7mxUZGOtXXSnIfKa6TzdJhlUiIrs2eb93iflWID0MzjoBo1haPU-jeRPbY-8qAh3lIZDk9Fuo_Go3C0hTNZiF-JR9KmPUbb8/yVDizLGgRXafUuef47EspYQJsufJhFNREbKfBSRw1AU),,,
fusacq::web::728x90floorad-300x600-300x250mobile,FUSACQ,Web,fusacq.com.png (https://v5.airtableusercontent.com/v3/u/49/49/1769112000000/mGiqug0d_FJrrDVqFP07gQ/6F1Fhxk9m2IMoPE-p0eQ3R0cQ_uPH3Lu-JkDbldXtacYnReFMepKhPm-22WdYd2rpi8a38gUPCFcAvJhW6NJJl0uRijiUWbNu8URB1HG4MUqG-Pgd4iphqC0BotOObG9p2AiCPXgPAxNM-8Dy0Fp5hq5SJJ-NwjJ8iYHVCCY3Ws/2EBOvXdbGdoGXw8N3sSPIItszeA8-YyQUpn5dcdW2FQ),,,
genie-climatique::web::300x600-300x250mobile,GENIE CLIMATIQUE,Web,genieclimatique.fr.png (https://v5.airtableusercontent.com/v3/u/49/49/1769112000000/uU9nn-a3W4V_shQ1LuCp9Q/k3YiDRszb7mNoBFihH3oFnGuoiv9FpB1K6dORvaUiFG5NgEl0tpW1mhsrJDKtCYF3FWyNq2XXTcA6ckWYMpfaiirUNUto2fGJndTx0W5Y-qpAra6R8nnCxulvGiaRaaL0nSgVMI_VKTif8832gob687EntabvloEfENDoMzRtXo/cc0V8fTmIqLTXaE2D2mLiQ2rPOk5iDVSIxa4yZEnfsI),,,
genie-climatique::web::728x90,GENIE CLIMATIQUE,Web,genieclimatique.fr.png (https://v5.airtableusercontent.com/v3/u/49/49/1769112000000/VgqUN5dAq9Ee1VqCXIgftA/Q2z5lSXjSeps8boWgigZRQQWvW_v9AfZKQrdeufHLgAW2fO_du3kMtkqAs_nx5zub6_00yeCB_ppzi-mCt-JlTS78dMxKTNR10XehKzAYYbOAyvNuCugApATYgBHtL_p0LUOOLSiEBP4e6QbikSPMsiYxx4jaEO8AxPZKgccHr4/Tb74EzpCQg5pv4Gh4jSS2BS1ux6b_wqsx8xZOiGz2pY),,,
geroscopie::web::263x237,GEROSCOPIE,Web,Geroscopie.fr.png (https://v5.airtableusercontent.com/v3/u/49/49/1769112000000/1bRevu0ndASV9FPIglH62w/TqsHt4Oo7jucIKAvhsD8wsflvwj_Gmuafo9mtnBD1i3f3DurmzEDEvhMnGGUsnkR_R6g9_7eWnoNoP7P2yDqfitNfOHeIpgfaOkWQpecnzW2YQDjUp94rimFe7K61mnqEz_taw5AImD2wfd1tC9mypdkrz2R9q37Hdbym9Bx4Eg/52YH6fNi8SUdlmrMMGuZTGFpV7AjpNJ7bM11kIVF8tI),,,
geroscopie::web::728x90,GEROSCOPIE,Web,Geroscopie.fr.png (https://v5.airtableusercontent.com/v3/u/49/49/1769112000000/Ot5TNxOsb_dup78wsh3WIg/F24qtzg7jePYcrIgX-CFs7kbrWU_Fb_V_KuC-45xLj2g3Jo78MhVyOrBFR26zKZP3sxijal_-UUM92aGHdJkIqK7rE0_IJKf8btc9hroou0P_SzUIvS6tP6KjVEORIhQxeQw-Fgk_LDIB4qLd1-00E8jMQ9Wdxq7lykct1klWGY/bopCUMpvHvnBInorosibb2j9eQ-3h1WrsvT_rFezRrE),,,
gestions-hospitalieres::web::1140x90,GESTIONS HOSPITALIERES,Web,Gestions-hospitalieres.fr.png (https://v5.airtableusercontent.com/v3/u/49/49/1769112000000/qnIf3KwdMb2Yp61L6fFl7A/6E6HR3DiQuVZ4MfNUb1iW3-8M9u0eqr2-KSvH44z7A5cqnotT3CuzjWrSAuJXtwVYekrTxxn8YJWTl9xAHtoWvndByKE5_lESmi_f3onlbC6ROtraRE-ANDWwdQgATXodhj2iZrckNgwZj0a9YJIfbBW5fK6-hmuU01584DMe8YrHnSO-_gn1lylWORYA3hN/DRep3GbD69QfVNOhtTOCsFaWc1wsEy6Obd6PyW-cS4U),,,
gpo-mag::web::728x90floorad,GPO MAG,Web,Gpomag.fr.png (https://v5.airtableusercontent.com/v3/u/49/49/1769112000000/cx4rXsI5Y2jXfGjeoLTBzA/7qQrJrT5hoMIvb4QQ_SRhSUn2DOgJ3pQ5DvTCerudhIT_zRbI7_JqbTX1Pq2FcH8oBGnaq0ko_WtSDtTifvBPak_Rzv3vqwEgxzA87TZRHXVbwqH8S0zZorvIhjFgcrMMOZzaBZsOqStKz3gXbk44DBZPsePFjtNpR0ShnqmRro/uSwRJqRFU6C7Y8ZN1iURlW-Z-yb8V43aHJ8pdf0asx4),,,
infirmiers::web::300x600-300x250mobile,INFIRMIERS,Web,Infirmiers.com.png (https://v5.airtableusercontent.com/v3/u/49/49/1769112000000/Eal84peey09Ai9EcWQORGA/Ph2fJ1YBKhtl3kNIVQSi9aJKhdwjBMmgDWiskKWjQDNp2Sukcv4K4d0fz4py8IEUYlCdFSgyRAlyoIIIvgbT9Ap38PRfz5RlawXAOfdZ3RHsgT0cYSn_kpyA5lS5Q6xJ_120eJ-VVS7v33mjNpEAzVN2Cli3UBrdIwFVHNUV_IE/S7VQFj4yQsGrq2FF4udO4KzPAFNV_KVNK67WycZxWOA),,,
infirmiers::web::728x90-320x50mobile,INFIRMIERS,Web,Infirmiers.com.png (https://v5.airtableusercontent.com/v3/u/49/49/1769112000000/GkeQkuzWD0j6NhyTjKNbAg/tHCv1DzAN5jwQu5RR6aPFFAztVXeATTCCYrQuYaQmqUX9f8YeOK1WRtoMT4KylNrMO4bjVDOk7XnpqQP6U4KxHDXvqnlcRMrdVH-Xn7wLRhX4F9s9UWk6fvWVeE1P4p3JeXGPCKmxpG2pnToxqjVsdeM_7kXy2pW-EYlokkP0t4/Q3D3cbGsK24pmsbuIDDrRqffhNVFD_CkAeN2JsHdB0Q),,,
investissement-conseils::web::250x250,INVESTISSEMENT CONSEILS,Web,Investissementconseils.com.png (https://v5.airtableusercontent.com/v3/u/49/49/1769112000000/j6NfJ2BCQhgGsaivzOUglw/32mjLMou93M6Kl1ha0Qa45BnRZ6GYuT2AsvHZVf4Pre3nHwwCEO6cpaKhrmD8DUP8i5b8hYpcfhvlLosKHeQh9OLQtHWLAl2S3ZNMXUXwY9AZm0XFZ_o4zWozgHZyzQn5Kj92cwiemZRiGXTnJ64sKuAbb0zKMRkuJc9-vtNygS8kMF1ZG2WHdjLGszC26r0/_13XBAg8wuvHuG1-dVxKIzw6K0hD-KnSUNTUSEkRssU),,,
investissement-conseils::web::1180x145,INVESTISSEMENT CONSEILS,Web,Investissementconseils.com.png (https://v5.airtableusercontent.com/v3/u/49/49/1769112000000/0LKB0Lie02xkNxoR2j6Y_A/YR49w79MWHLAL-y_MS6ABHg7ZMs_Lgx-3ORNo0A3-su4tofQrlXBWELXXDJ0ZZLajCshtTWEI6f_e-RGOhRATPy8YcP8Fdl0fEgAX7i2Pix2Nn58EXeHyBSd5w-qZP0mGunbGLkLiyHW3PVm0GGk0IOJq8ATjODzlA93qMqmY_2M4sFyYnKwDNjGmzcFJKCP/VYd5fmcv_6rUJnRTBL3PuTJTZsoC2yej9TO8jPbaA3k),,,
it-for-business::web::970x90-300x600-300x250mobile,IT FOR BUSINESS,Web,Itforbusiness.fr.png (https://v5.airtableusercontent.com/v3/u/49/49/1769112000000/hOn5TpTWov6yR9dNroeGtA/HCLmX6vtzIH8gc3RMhOdPlbDGt1PryaaBBJuJU06GswJLIQc_6L5Yk5hE_3oaXUHxnXZxuSVxvdLiOtj9ef9r-Wc7mCHpDyCRuB5dfEYspWk_eL4S92B6ym69BuqZqnbR-0Z0C7GcFdwydICVaSnEdI0VvUWYJG_JRPq0J-egjg/ZDccvvYpZHsybJNveMM92sVTIFDBH5Ht3Xe0-PWxhdE),,,
j2r::web::300x600-300x250mobile,J2R,Web,J2rauto.com.png (https://v5.airtableusercontent.com/v3/u/49/49/1769112000000/rdLVS9F4bKG7loLovKNNJw/ci4fPiq_-9WwU0sRaGYckZEVeEw9QZQNPslwBbD3QcLsOqcKYzXTbcOl3tmPb9oUmbAKeOe1YH7alxiG7bZ4CH0AWbB_7Ixvkb5JbMU-AdkKgtpM-6umwz2NnoKxBFhDmSj1XBFUufBv8QEsieCuJg3vDHRdwhbmqc3QC_JO_F0/Toark5zNRcdTeGu7nkSUqlSiimZzEznTrrQQNN1KTWo),,,
j2r::web::1000x150,J2R,Web,J2rauto.com.png (https://v5.airtableusercontent.com/v3/u/49/49/1769112000000/TvCzl-OHjvWSje2OiCsZiw/ovp1OR8zZxvThqZfVu9YlzzuOHvGzDmkXXKYXM4UI8fHJlhwbcivwrORMmnymh76jIePmAeCUtzMjnrEBPch0QarJuN9SDHReA0yjUtLMCp48kl1OnSNRZE9Gqt97H0SajnAngcNlEd5zjMMWy2Cf0Kl9sW9bY61Z_HDzwfA6K8/ctq58tnqJnFm3XwlVRLjLudBLiB10eJvXhkPDEPj-r8),,,
journal-des-entreprises::web::728x90floorad-300x600-300x250mobile,JOURNAL DES ENTREPRISES,Web,lejournaldesentreprises.com.png (https://v5.airtableusercontent.com/v3/u/49/49/1769112000000/BqhDiBH20liffVzTtqhwcQ/nzV3VXq-l3NEQvGkBzFRZdOWlCyaJs9Dq9jJVLQoaE-4N1bmiSMR5UhMPMRSs2HaZSNeJmaKpO_LCGR1FYh2j5ACjcw_KIrY2muekD_dmBvPqgLjwOT5q1-LB6whZWI5Nr8KSFb0WRsoO4En4142JS6FRaKh08s_nklapjsCQ0AuxmuV7_ebVGOOLIOo856T/8pUevILMRxXW-9lWASab5Ae3KeADAHNL9uhVQgaLLFc),,,
journal-des-maires::web::728x90-300x250mobile,JOURNAL DES MAIRES,Web,journaldesmaires.com.png (https://v5.airtableusercontent.com/v3/u/49/49/1769112000000/yjI1ETOtw2AiuxUZYtzcGA/4EXPIhl2QyeEkWAxAGDsChrXPTUan9qVUJfMe0K3NdIk8npt75wnWG_813C0OtfPk-7uUqdlF2O9gQufso_LXbm9HHLq5B1luFE1YCiQ-nxOMSfTEmdHyQGXbSoSZ6quvORhcq8ITisViN7paCRgBuwm0v5N0I0Va5myMFjnqVo/7lt9KiBeV6_p8YGJ2D252XdasaYxMS7s1ptQ2hM0tZ8),,,
journal-du-pneumatique::web::300x600-300x250mobile,JOURNAL DU PNEUMATIQUE,Web,Journaldupneu.com.png (https://v5.airtableusercontent.com/v3/u/49/49/1769112000000/L_QumXZi4BOXB-HoeHbbrg/79JzMhzpnU8l1723Ncglnfl0t2v6SgVVH1VHOAmFo2BzjP49SckgBE-OxjM4XmVGmVdHAdHx2O-lhenYvl14VSX5gSwTBmnp7zSN6CTeOLtGsyQXiqh5rRTkNKWOJyajmamrzBD4XVSW70N13orzcrkQwAZ8PpS9ARo7g-0IfSM/fh5kLf4xoS1YnsgR_Afdn69N0TOe4HJpaIhPeRFgqlM),,,
journal-du-pneumatique::web::1000x150,JOURNAL DU PNEUMATIQUE,Web,Journaldupneu.com.png (https://v5.airtableusercontent.com/v3/u/49/49/1769112000000/ikOvV1x-IGUE43CXOGVPug/7Q1NvVcmYeDV6fXO7RhGcS_aGGe5ttvTSEaQ9af1joIwj1HZSjxJBmQAY5EMOW47Sy1bRBhagREFH93OEyz0N8Xt0etVPqLZbWH07PBka6lhB1u0HEcTRDWV7hrCd52N9a_FpOT4L7bUO31gytfLF5WqxonCRb_l5Q8l9-ARI0c/UQSUFXCU_Iv-CzBsT32Y0RBv1NywP6aAJg375GSFgOo),,,
kine-actualite::web::250x250,KINE ACTUALITE,Web,Kineactu.com.png (https://v5.airtableusercontent.com/v3/u/49/49/1769112000000/VUcK5EPRxOHTZRseyPAXpw/Xic9nM_WhZNk7iqdvH8HFQKnWHaZXwoTzsHII2ko3j-xQFiMOzRzCumC-OPju2YjHFAiP2DUJZMSf450gsLwvZD94VkVcN8O8ef1JokVLnyvVaf9WNKh4jrGT8X4zvyFXz_HmBrrNnD4VwHPEEW7EDgackNQ3t7q5xdzz1OMmwM/H5bcVx_u5kTBE9XHyeqbo14761Fc9H6S0v0Z9Lnyl3Y),,,
l-eclaireur-des-coiffeurs::web::990x180,L'ECLAIREUR DES COIFFEURS,Web,Leclaireur-coiffeurs.com.png (https://v5.airtableusercontent.com/v3/u/49/49/1769112000000/9_pwyJpu_lU32urqNdXQKQ/GFkUadeWgW2Nr8Qgjpu6krzN_HnpXa-9zjfkfrgrx8h9bpiIda_eh5tFbpsh9Tr9kqSK1WOoof085LAk--SJbd_FOvygLYa3EiyUxz0KmrWooD4a6sffg8GQlxhjwoCZmDk8Xsdwy1Tp_F6U1G75WIrPEtT42GUjJOZ6aCuDBe2_fHLEsZSvCULhKHBYT273/tEhzhxRVm0-iAanL_eMPO2hOTqDN717Lz9m0xHPpH14),,,
l-eclaireur-des-coiffeurs::web::250x250,L'ECLAIREUR DES COIFFEURS,Web,Leclaireur-coiffeurs.com.png (https://v5.airtableusercontent.com/v3/u/49/49/1769112000000/uuA2YS2fn-ZVcCoz8cg2yg/HT3p7BrwUlNyGCZUxEXIkZu7DSgI__gm7k-Y6VmNbT3BEe2pIK1ELsckg3a_Gu3EbV5fmu315exvtL4hG_jVaVRZSWB7X92dGTx0aqMBEkEjF1Tn1PR2T5HYgtd3VYRE-x-8_qMjYLKCEjBmj2aToGX2XquYS1FHXEJQKD5KUjc0l5mizBnsvNqL_s-vHiMt/7ETIlELHTl0HQVfz0lrRmOtt8K6vgK3ZVzKV4mWlGiw),,,
l-express::web::970x250-300x600-300x250mobile,L'EXPRESS,Web,lexpress.png (https://v5.airtableusercontent.com/v3/u/49/49/1769112000000/SUrWq2zkIiflBqMfc4-c4w/CnQ0t0_xJZV-427X4K-0xm1bqWexbF_dCTzo_Wr2ALWiEK7Ce1nQUEH5pPKhHOVqJgQdxAXXyH2wmI1vC5IzaCGyyE4PinSRAYtgtcL6ebwnmlRNhCaHFQEWtmbpKHLbn5lyICpMcepJePJDCP2hec4iIm6Ewg5s3T2sre4Kx_c/le9J-3lnmuImZrfJM4uiKKqT3sUUsI4YF1R9UzAiAe4),,,
l-hotellerie-restauration::web::620x90-360x60mobile,L'HOTELLERIE RESTAURATION,Web,Lhotellerie-restauration.fr.png (https://v5.airtableusercontent.com/v3/u/49/49/1769112000000/LJQEGoW2sp3unWfirEhz_w/i49xFhuJTYZFd3ADmqZumZ7Pv0G_Lky4bWOef4-Ve1ABfwiUyPMQmyq6TC_bMb1_AYkQplBwpIDo7lBXR67oae-Ni2mJkTksDco14p_PRHMk84wck9fW7xJHvQZHKe8pb6_HgkJpHhXb88vvhifuSD9GI5yAiafHCSll8ZQHCM96fv9_SqPT5oJvT5YdL3qg/YND4cpclmuJfxWZIQEbAXi8YVKod3_FQGVmTA0mgsrQ),,,
l-informaticien::web::729x90-300x600,L'INFORMATICIEN,Web,Linformaticien.com.png (https://v5.airtableusercontent.com/v3/u/49/49/1769112000000/V_owYYvJyT2jBlhaby5M8Q/-5UxL68uDs8VOTfn8IppEmEirUfY3Pasx-MArVNn8RSJ9aBLZDzXLySNBvi0LuCsqk-UFDpq_1UpVV9hWnpde_K6FytaIE0YBLcVpIldElPWgjBJmXD4_d30UOkq58BpkCZVG0iUnX3lIER3f8GCrnd8qRwHaIZPQID4K7tsik4/Gm3hB2EOJNJ7_xAqHcomL-2czpYh5WIS1i2t1ZLmGJw),,,
l-information-dentaire::web::1160x90-320x50mobile,L'INFORMATION DENTAIRE,Web,Information-dentaire.fr.png (https://v5.airtableusercontent.com/v3/u/49/49/1769112000000/tccwZ_Mvd9SbxsYoynR3yA/9aMvmXTjaNbRzZDb17Y5ltpj6uPn3NqulkNPEz6E-e_LxF1AHLRdeWKsz5FgR0ptJM8OLKeql45w2UYZRU2I8p4COE-y-XsE9KZcjFjiYVsQ1QK7NjiMXqJMWcLRdOJGEWXgRQ6RGhzANl81BzFFVYy1HIqs487GR4cnXIpCMOJCCj2-qWJHgrD8zxn9DfOi/7nXCr8SXISsyoDpXfaQpR1RUk27c0FDf0HB__wrhf1s),,,
l-information-dentaire::web::300x600-300x250mobile,L'INFORMATION DENTAIRE,Web,Information-dentaire.fr.png (https://v5.airtableusercontent.com/v3/u/49/49/1769112000000/D6U7EmBS-aqcW2-lAB4Nzg/XlOCt1WWsk-qcEBWK7mqK0sxCuB9Ye1w3HbDXIJ1aSnx2gkpi8-sjfjyxoSeVAMmtbNXvrZb5AsfpG6Ta6voOFj2mLZdRxTevgFSXnIzh5yepzzD0uvnUIr2pUIMEaSBh2iKh-zcNvBHR2nXDhq6SRB7D_BV0caBQCCObT5e0c0209gTW9AOAUKPte3CJBXM/y_WM6-CoB1kW4sXlOQohL88Hx3VBNgUvh6RnS6fYdUU),,,
l-officiel-des-transporteurs::web::300x600-300x250mobile,L'OFFICIEL DES TRANSPORTEURS,Web,,,,
l-officiel-des-transporteurs::web::1000x90,L'OFFICIEL DES TRANSPORTEURS,Web,,,,
l-opinion::web::1000x200-300x600-300x250mobile,L'OPINION,Web,lopinion.png (https://v5.airtableusercontent.com/v3/u/49/49/1769112000000/K5_MWOasf9RBMt9PgOpATw/8jC-0MzKhfOxg5s6OgfHK0HMHkSpF1xDF9FqCApcIsTghmT1lRrDhkgsK_SsFLJq3lWhU0vLsIEvA_yp7qDcUq3u7bJ6UgzjqdAR5lYvErJsnhjCHB1-cDgcRTqgW3UZLBL99PNl9Qw_a-0k3fcVFV-OCyIOBPs2QANmuR6D6Y4/wu-Ngv0-XllFMpl-TofpjoCa96fpvfu_RU1bG9iJ93U),,,
l-opticien-lunetier::web::728x90,L'OPTICIEN LUNETIER,Web,Opticien-lunetier.media.png (https://v5.airtableusercontent.com/v3/u/49/49/1769112000000/cDIyH8NpjHpUX6mHN-h_xQ/Fcr0NcQb3-AjoGQ_nFXfkF17iw78lxxArlAKUcxeRJCgMse0MM-InaS5Uz9DvdMrC0k7_5V4arJpPN_-UzcH2kA05AvvhIPJUEKbgHtPki50JvWcbEeQ3uS6ErgLi21jg7Oppsxbzo_OQJKDrVk2OVJWsm1IzX2yaZbrzdRA5_k6zkcCEq7PleUXXiEPxU3k/_jKjHtFHfEK4AGY4LtdolZqGDuxSKZQNvz2DRiY2HlQ),,,
l-opticien-lunetier::web::300x250,L'OPTICIEN LUNETIER,Web,Opticien-lunetier.media.png (https://v5.airtableusercontent.com/v3/u/49/49/1769112000000/V5cQxuw7OHIHPJaGTP8pfA/FBfMeNbhLgVMxfqObgy_KCIsvkmqjBGjaak3DcboTj-FGk6EnVvF8_3opt_etnO0SjlouAStUsrm_V910nddEcOaLQPPfocxhCJP-OkbwVGGzXRjTdGLwD9uBAX1k0wYXte3b9ZzJA3_xwfLnEohyrRgk3pq_QLedlVRXwAoe0_GRC_N1axFa-yTe5hWdMCY/-my2VNBtWdr_W_zPakpzTjXsD7C1FIIKRAYRrozJvaQ),,,
la-classe-fiche-pedagogiques::web::300x600-300x250mobile,LA CLASSE + FICHE PEDAGOGIQUES,Web,laclasse.fr.png (https://v5.airtableusercontent.com/v3/u/49/49/1769112000000/e3qe4D2JC5-saywsisoZ2w/gwMC9zwT8NyuhnDW6gnfETy42ddTllTeivOeLk9uYpPasM3N5WwOmZhWsSctGahA7KVmk34hkAVA6qhXAP1ckW9r1ie3_KK4bXkttbXMQQQ69fyuB1wQJ5Kz7EVR5Kkfej8HVLtwGgi8PuaN5pzO00CXvgU3DgEUyu1tI4XCjqs/Srre2OxxB2oZc28CVYV6E4CFl9CCVL1pi50L3sLLo7U),,,
la-france-agricole::web::300x600,LA FRANCE AGRICOLE,Web,france agricole.png (https://v5.airtableusercontent.com/v3/u/49/49/1769112000000/I6PlINx9yFxGdwfOhubg7g/_2Ex6OPtmViDAscMNd7oGitTkhlbr4FAVhaCJIiXQ92PjZFZjCJjQ3NW6ymieQGmtwPEtJ9Q1UHdxiCbeEX0WUOl9O42Bf-AKEeon6JJuhcMpwPDTpJFeeXilJzyZix1rRe_nJL1AWaOzjAF505h02YfFbi3Iqu2hyAyIaAiwy8/9fH1sLgCanB55Q1V1C_hQyvlHXhFbxrN6yQt0V7hp2c),,,
la-france-agricole::web::728x90-300x250,LA FRANCE AGRICOLE,Web,france agricole.png (https://v5.airtableusercontent.com/v3/u/49/49/1769112000000/iVJC525qv6JRyU1Jv-Xdow/bk7hD0MDrW1jZnfDhisWl3A6HcgafQQVLL4dRAtff4GiVz0wIIMh0p6Sg_kuO4cPYmN250oTJYt1jAFciKSMJ8NhYVbaxL_Hr8DI95zWeab1zWSPYA1pSBvxbDfJwk6lMqdn-nYVE5ZMpaI_xkrBKFIz8vvjpKLuqrm4__UYo_A/skNSrGCDwNtosAbhkfAw7rNZX0KxgX2BvRfGf9lErHQ),,,
la-meteo-agricole::web::728x90-300x600,LA METEO AGRICOLE,Web,Lameteoagricole.net.png (https://v5.airtableusercontent.com/v3/u/49/49/1769112000000/TFKuHs0GXIG7gzAf_gYG0g/IjIoNrlGGbz-xuPHHVVV9NHX3E28VA5tuMOD17uPsTWceiMO8Ct91DvlKLhjLL4gCAF1f065xhcPVS5TuqVtZgQwKcEfZosaUHZEQZZkmSnwfGs9QDKgiWJeLT4hMf38E_VG4I4fK1pLAVyp_CxK-DS9bEGSxEhQD019Ze-zBP4/fXFYf1pNayaNUbiwLTMmcY7seMrdPOdf24oQhoZY2X4),,,
la-profession-comptable::web::728x91,LA PROFESSION COMPTABLE,Web,Laprofessioncomptable.com.png (https://v5.airtableusercontent.com/v3/u/49/49/1769112000000/zoyenPqxUnWBWAkh-Ez2hg/nXMtgtOwgpCZL1EJ9dHW1S2vuR7nT-hfn0QzZB_Lg4i7eVKD_wOBqTGJVe_FaAS-V09Ry9oGEjSYxJ5w-TBVp5Jj7pi2g-McAp38DCdZjyroesaB28HNv4VKO_sC-YLLn7isMs487lMnvb3gY5Uh_cOX1liW9iGxdIsleuaigC7HyKJO7ygzKqudIm09DA5N/H4k7c6t1a7QQQpHQ_Ko9eMY7iatACvGQw7rZNk4bc2Q),,,
la-profession-comptable::web::236x472,LA PROFESSION COMPTABLE,Web,Laprofessioncomptable.com.png (https://v5.airtableusercontent.com/v3/u/49/49/1769112000000/ratk9c5_hdsLUorNVtE17Q/x0eJnmBOgQwJOjjd_OnB-ceDamHwJEfh_7F1Fy_sde86qSLI_SaxNCrvYtSC9KX0dlErQafU6iVCJTVFpWqNBXJtyEEBZ4erdAz-o9U-BoorGZGUQYv3kiA1aoUckS3bJiBcLvnL7kUcq3-BJ4J_kUD9hq2QuZ76S586_zz36M98v8qe367zczju-nyDbYar/T51JoPh3SlYOoJ3lx4eSLzk23IHaYQhZMNOMJDor6uo),,,
la-revue-pratique-du-froid-et-du-conditionnement-d-air-la-rpf::web::300x250,LA REVUE PRATIQUE DU FROID ET DU CONDITIONNEMENT D'AIR (LA RPF),Web,Larpf.fr.png (https://v5.airtableusercontent.com/v3/u/49/49/1769112000000/vw-Nr76dWYauG5ucX-9eag/IWDIFGVKWHpG6MHdb-Ja2T-74oyC9x40-NaKvwQBDc5Fcg4rxKfbwUP5PZ_GUUDeTtpdXUl9779daGHlzY-SuvCbOjqiq0xLX2uyW308tHeITiYvvG4sgiYdffl5U9K4N-r3mtSosJ7ip3GAWjmw3yWzIZkDFKtZIAyagVdq1Ug/G0Rv7a1GVZdoIYCV7ZzcGum7gCr4z1MBnN9jO9hQSHg),,,
la-revue-pratique-du-froid-et-du-conditionnement-d-air-la-rpf::web::728x90,LA REVUE PRATIQUE DU FROID ET DU CONDITIONNEMENT D'AIR (LA RPF),Web,Larpf.fr.png (https://v5.airtableusercontent.com/v3/u/49/49/1769112000000/XmTsPMkB0WvMCPVNX-ImfA/pJnF8mVsyPzF6Tj74Urgkk_-OSHwk8tMx9Uf3VLWwsVkPrfm1B6r-RliCaYpdV1AI0r3qnN9zFD3Hy_PKBtmzRu-nN246vBwOCGaTAdWQsh1HTs676_f3Cjgx_wuhiCCb0LvBhfU76uRjBrwfJ4jH2BC1Ip7xfuQ5EvWKPFm00A/e_pFo0jcpw-5ugHtUO2CNEo0__S0nEGr3z1RcQygPjw),,,
la-toque-magazine::web::1000x90-320x120,LA TOQUE MAGAZINE,Web,latoque.fr.png (https://v5.airtableusercontent.com/v3/u/49/49/1769112000000/WkeJi81w9j0-WYfgGdJBcw/38nXLoDIg_-zpxm0S2rT6JeUQVBeL_ycNIMX4XfMna-WYgJyUQG0rbW58Ekob9b83hXn8EYT28aZBbW5Fp1kKVT4i1_GSXnOBYMjlebDFAGk9XwB2LNFAP_0rBQd1Po50upKSmEQVRRKA9fA3Nf_0a4ExJn6i8qw20Z5MZIFXSg/MNiKWY41vKmb0CtB1gA-Y-DFOn4xUwtZ3b5R4RNBDvg),,,
la-toque-magazine::web::300x600-300x250mobile,LA TOQUE MAGAZINE,Web,latoque.fr.png (https://v5.airtableusercontent.com/v3/u/49/49/1769112000000/WDlFO3-Gp4ym2ZpS6ZIBuA/jNl1DTQWDqX1oGVlV8Uh0L09YubffC25jFTuvF2wCuBP-fFFZ5PJlVN5LPyMk15u-CLO08KZVg9tZWx4q4xKRumagEO9QrQ3hnoLxuBLz68GWFJomSjqbpQZ9RMPm67N95_R0h1zWcaO9-N6M7wJxHoshi-dpuKoXfTLUPUT5xc/OR_POO1IC958WwNmutN9Lg-VtnIkVM1bwYVyPUYqbho),,,
la-tribune::web::728x90-300x600-300x250mobile,LA TRIBUNE,Web,latribune.png (https://v5.airtableusercontent.com/v3/u/49/49/1769112000000/yUMkgPEaYcs8Ks6HguVfSA/czC78liKPgX2NkeiU6ILW24hl9RtLAJwD_hmIN0qJQ8uZPjNI6-mwoRDHIfUdqP2Ppn4KzZ60_Ce6AtUyAcI28NrOtgi3Ud0IQYj7C3gdeKhssLwxBI2qZf0VBOSmqIvf24kUGq2loqWs70JeOcCr_z_W3Bpq2uP3e2bznlLD7Y/b6xQ3zoG13uuWQmTAIl82GLnf3CRT2_QQS5ZWaCXLKs),,,
la-tribune-de-l-assurance::web::970x250,LA TRIBUNE DE L'ASSURANCE,Web,Tribune-assurance.com.png (https://v5.airtableusercontent.com/v3/u/49/49/1769112000000/8HIexqMdxq-1BZAEIBzFYg/Oq15HiocKIuF3aWdcyNixnBhgCo-O-YAbzHyZlaqxvgGYTwdL1ej7nXCwKCYNvDwylfxGFE8_xdGAuwlerDHIINJdMeJgTLB3z3KG4gW2p1D74K1nJBHtzJgR7dZ7gDEn5YtjRVrgzV4D0eKIWxl3jyjVoWGd1P-JV1G1Pua70c/ulvKGw66jrJ6TOeEsMSFg4kqCy-0ZvJFJLQvCc1e_zg),,,
la-tribune-de-l-assurance::web::300x250,LA TRIBUNE DE L'ASSURANCE,Web,Tribune-assurance.com.png (https://v5.airtableusercontent.com/v3/u/49/49/1769112000000/t577y_sQylLHdMABoqOHkw/HOWx7QMLsPFfsIMMIm8pxcAYQdJf1csG4o7ADTwt5-qC7M6JvoEwnmZR359J-Q-_L6-VG2UFTmZLrIIx6pGbsjyJjakOoVXMKPLWOlR0MYjcmRk04sWWK7jYBsRmyWTvYTv8yZ4zpOpJLALCHiDilbfCCWOUQm93lfOf_Vl2bGk/uTLPiIt5fM12hxtDyn_O_3K-nsL3piziK0gL1laqfHQ),,,
la-tribune-des-auto-ecoles::web::322x322,LA TRIBUNE DES AUTO-ECOLES,Web,tribune auto ecole.png (https://v5.airtableusercontent.com/v3/u/49/49/1769112000000/f6lvgciZ8m-qW9cEZL-ezQ/Cx-Obv36Vlxn6FvzO41fNhzK2KhghiKjZpPLaYenBEMN3l0IVX8dA5KrrsSw58q6sqNdFpjiAkiLHHzU-afvXtkq3CdAymvN_xbnDMadR8Cp6H9YvveIBQUVt046L9nUaeI9Fyj2gc_hSkzKAceabGdy_eKD-JU2TPDw4-pBdO8/Fcc9ptXCsrKqDmsSAcs0chEYcpGwxNAFUUGUfOrvt4A),,,
la-tribune-des-auto-ecoles::web::730x90,LA TRIBUNE DES AUTO-ECOLES,Web,tribune auto ecole.png (https://v5.airtableusercontent.com/v3/u/49/49/1769112000000/bHbbohWeUXJH02Ch7BGBmw/AzvUbe9XD_KtBVccbKynXnCYaSlPDLZ56eiW24HiKie7Wl3274t6fF3-cJRfwJF5djfL036CFn-FVdEkxgsDYuujzvzwmJSG67TxHiZACjyy2_f4QrhQUuteJJo0iBbvMZK20Ik7GkQvXgWED5JQw_r2d_h9H1mSqcRhhH7Hue8/hVz1mCoRpfbIwZhwkteKssEJiElqN-3VtCJfnafbvcQ),,,
le-blog-du-dirigeant::web::728x90floorad-300x600-300x250mobile,LE BLOG DU DIRIGEANT,Web,leblogdudirigeant.com.png (https://v5.airtableusercontent.com/v3/u/49/49/1769112000000/6AY4KGelLHmYOq6a9UjtqA/LpdXv5jZg3Gx5qcFmwAa7BblCp7Vkuivi6IrNT1IX8m7UvbO9r4sEJ-8b9LJKf6ve5P4BTCGJgS7TKwHFcj1BThTCUjjo0_wniFwWXI_FQ-GfQnRVhtA_qqIopK1auuF7_bw2_fXdzoSskr_jliyIBLvcL5_f2x5kbrUHoYwM9k/f9qT5vY5ZO-Owa8tpXTMQgXh9WvH3gYonjcmj4vqvdo),,,
le-courrier-du-meuble-et-de-l-habitat::web::728x90,LE COURRIER DU MEUBLE ET DE L'HABITAT,Web,Courrierdumeuble.fr.png (https://v5.airtableusercontent.com/v3/u/49/49/1769112000000/spTr_1lUqduaLUgAPiFmEg/W8ZogT1sxvFetkcaFNa2q5zMFqu2MyiDG-I2SPkHKOS9NlyDhnBblR79NcQx8r_L7225Q7-pdhVwT6abXriGQ_zrsqCeWuLWd-qyzTwYAefLC-u8R1kXNfR8Aezp17lzKYfz9MF-K_ACZNiqA1waIS9sqrm08ytxdLYYUWjUCOw/3hjtbMmLVjPuAYvzDmYoOFQ4oS8E4JbaG45XRxywE94),,,
le-journal-de-l-automobile::web::1000x150,LE JOURNAL DE L'AUTOMOBILE,Web,journalauto.com.png (https://v5.airtableusercontent.com/v3/u/49/49/1769112000000/jZE9NkkXTlIpWipm34my8w/NLXDfeDG4z189ib1wIQofijlL-CNGTLleu9YjRU6edV60jRADhhnLr7i8-xNayBWvOVmPTJfz5z9lj-dwvZFoTKrmLrngB5Qx81QAxb2LjX97QBaZVTN5A7ouI5TnE-iVq531w-MyYJBz9QLo8AhZazCUsjDcuL_1xd4XR2R33o/CzOSMpvnBLHH_HxnGFl62MWxcjTnz34w5xMBYS968I8),,,
le-journal-de-l-automobile::web::300x600-300x250mobile,LE JOURNAL DE L'AUTOMOBILE,Web,journalauto.com.png (https://v5.airtableusercontent.com/v3/u/49/49/1769112000000/arkqvRfz-tJEPSLJBo9DWA/Co-jDzFaZ7eBGszobTmT6fBPHEGLv-EOjwIILBTqTnuIv-ifO-9UYpWwCFdjr6Krw_1KCCc9JjFRyYWPDmuRFJ_BJuJSlzK9Z_sfGHffosLnBCG7SFP9mAVubFbcbMSAsYQ7_FPDDa2wTrbJM_-c4xlHx7W56ThOwsdCQyMnCjU/oCZws4mXHcpcyQkHRFbugJZoh2s_MgEGzeB6dMc8Iqo),,,
le-journal-des-flottes::web::300x600-300x250mobile,LE JOURNAL DES FLOTTES,Web,Journalauto.com - journal-des-flottes.png (https://v5.airtableusercontent.com/v3/u/49/49/1769112000000/0x5K-E3n8hcOj2EyVGMwfg/FHz1TrRB0tk000gspPlOO7jitrmixgS4lwLrFyZKvGshn24sETUA5N_UrzNSzqm5MYjSTIYM80g07hMlDR0z4bOLwhIHYwkCkj3tLb4tB_0XKdEnlUi9swtjxBG3ZKDRm_03DaJb5slig4Jmcs_3dkZJ-pH40JqlwAMivwUNTmgW6rRZIXYZOsYmifglaeQ6/Kmz7Z-Jq82csG88U-KNWPC1UauGHPX02yUKOZOYJnuE),,,
le-journal-des-flottes::web::1000x150,LE JOURNAL DES FLOTTES,Web,Journalauto.com - journal-des-flottes.png (https://v5.airtableusercontent.com/v3/u/49/49/1769112000000/kN38q957Ui3aHtb0qOW6pg/Tn5yZuSWZDXszJVaBYD7vgGSb7878XSw0p_rrhPnUmHxXF0wo8W88zVFsQH-RRNCP87QLX2XFGposrenmP18CeCmigYP1auStPfXsn84YUlnYZDhm6h1BWWDFuKYfF4Ocq2DkW_zmfiLcVHUy8iTJKl_xvdcpWdMsxCTtrsX8yC3hvUTD_j2c5s9M1uzF-1K/Ahul3Abma9Qf_7oQHFqSr7SJpMiMGZiDdJyF1LCYi5Q),,,
le-media-social::web::728x90-300x250,LE MEDIA SOCIAL,Web,Lemediasocial.fr.png (https://v5.airtableusercontent.com/v3/u/49/49/1769112000000/rjOlWYhnYNU9wGYy0uI_cQ/lNUCxN2RR6r6efzutwqn7BVotPE_9bpBbG7me7cs3oqblabRcgNJv0DhDG_7crCC6B0MNJDyhlfvvSNAYuFtyEz074tMN3dMjXFbqu8uPsqCI7hE26gMDbhmlCsU3tA4mnfO5ydAA7cmXzK7vAS7XWXHZWklfrfecTA-YuV5b6c/uU5c5BwRPqi88VT_1-0ibbr8z9R5XrwtgacfBwGclrY),,,
le-moniteur-des-pharmacies::web::728x90-320x50mobile,LE MONITEUR DES PHARMACIES,Web,Lemoniteurdespharmacies.com.png (https://v5.airtableusercontent.com/v3/u/49/49/1769112000000/kUGx9hGkdJ6S00Gi46catQ/5Jo81AxJUyoiJ8cM21P8r9qWHRWLfZSoiOf6iPx3T7MTvW59_dFZcNEt_fpZziUzPn6UJC4A6KkOhq4Ya-R7c_tmy4eOC4qC6vuAhghTMJ8wV-SUx08AIBbJx6wV9KFokzYCvgD9PV-6ADLm45Nj7GmflMR--Kd_-3kj2myU1bkgR_rbiKmMp3dNKJA8OCtV/sILoEWgDc-bR4TFKQ-j-MLKUXgQU26jRkQ8LD93bTYk),,,
le-moniteur-des-pharmacies::web::300x600,LE MONITEUR DES PHARMACIES,Web,Lemoniteurdespharmacies.com.png (https://v5.airtableusercontent.com/v3/u/49/49/1769112000000/GqtanXnyYiHxlLRndXVr7Q/crIclWJjQx8fdJ5vC4GwAeJ9nbGY-xv-fp3EAOVU7Y7FqYLAaOlOiJ6kaYEj3MiJ2KCt_NH50Rx6VXX80d5hJkExcZiSBvaDAE4nwnqY0Z_V38RfLdAJJriMXKULyjw6c19XpAj1zLD1JrJ5rLbmWP8jnO8GgE6gR7V9In3fsIKOiY6b0xLMRPyRAGSoVLgL/OZYTCMjRRyuzhWFWNhMOKBsUWvlPfVDv4FAz8Mulvgw),,,
le-nouvel-economiste::web::300x250,LE NOUVEL ECONOMISTE,Web,,,,
le-nouvel-economiste::web::820x250,LE NOUVEL ECONOMISTE,Web,,,,
le-papetier-de-france::web::728x90,LE PAPETIER DE FRANCE,Web,papetierdefrance.com.png (https://v5.airtableusercontent.com/v3/u/49/49/1769112000000/CH6Ec30g0STLM8jB_NdQVg/wscUwyYjru-7hhihnFEIPG_5IsrCzMheeptOwr2hoP1fMts2G2PMn_9kq2Qo7vBdSAwHbH8OnWnCMTO4oJqXQ-dYD13qDJesAjCwCMKg-KkXOylPILiUJ_5eZ0_Zj6vj0hT8pDvc1JxdOpR2aIWnM2JvaATZqFxixhqiU5VThxo/ekDidmHE_pNoFIYaxF5BQiRWZgLA2yu2NWuofhPOfpc),,,
le-papetier-de-france::web::300x250,LE PAPETIER DE FRANCE,Web,papetierdefrance.com.png (https://v5.airtableusercontent.com/v3/u/49/49/1769112000000/c6J7t1kC7vJ_0i-d31EZ_g/U8F_gHCWsB-NUepaf7zpAgQmcrsUjIqt2xirgFx-fl6-WbLpL2mWPKYSInkiMKzdyEn_y3mEC8pgiPITCYLx3l4b6Dl5uEIVK-ezT5B1nPzCpAyfIOgChNSPDdQLAfCKgwDMRIlvpLUmzmp47wnowZXdD_UPUpTcNEmhcYg16RA/Obu2N_HadpwQnhHznm5OhA3Z1DfmSK4vC0jd1rMrra0),,,
le-point-veterinaire::web::980x90,LE POINT VETERINAIRE,Web,Lepointveterinaire.fr.png (https://v5.airtableusercontent.com/v3/u/49/49/1769112000000/TzMgjK0AAl2oaZTqYF2yOg/iRWR7xKrIyqKWD1CL6akM5md4v0mG_u-MJKC4mgwZVNVwfAinpuOut-r9mERNF1SquViptUlnWSaFDjeI5ieMWDwriN9_Evu4JMPMFNJ89UL-SgbGeu2TtE9jBO486XMho6qPhT1FIR_U5qWNs9H_AA0prOpyH7lwQ7jzIK11sk/CuxI4OaHFQqFoXh64Q79YaskPR7PNxobLDbt3WBVw1I),,,
le-point-veterinaire::web::300x250,LE POINT VETERINAIRE,Web,Lepointveterinaire.fr.png (https://v5.airtableusercontent.com/v3/u/49/49/1769112000000/l66Jc1INHuZvzAa8GozApQ/WhCLoLnsB7BFYyXSlcA1ZiMQfXPFZzyXN7lrf8SGugCYC7w7qZmc6WJwSEZXln9ISm2uNxr_Nek-ZbG2EluHHbNTb00BECt5Ezy-drjPxzEn11O6VRgfSC091XqgKjD140xBqWOV1dqBBcxAR3Zr7YiqR7voY1SwBGe33rckGZE/u8iG8BpmPYX7AzgQr-tUCAkxe6kKoPmSiuQGYyVqLa4),,,
le-quotidien-du-medecin-ethique::web::300x600,LE QUOTIDIEN DU MEDECIN (ETHIQUE),Web,lequotidiendumedecin.fr.png (https://v5.airtableusercontent.com/v3/u/49/49/1769112000000/QxhtUF0pQS6L369JjufzGw/tEkYJmAceuRhO9Ewy3oNaDITFbB7iUcHL5chGSQ2Xyo6BILHtu4uJj_-fnw26xIuBumD83GnPhHutbRKryKdEvYMeNq_VbPFMtom5k2gL1UA_UoyI-nbQ8kSwE3c1w5hzlYcIdxPUg6VeeJm6kaeQfVdExTZ44l7tmQlgewIgsPJsEmcX9SENiao0hE9pGY1/9BkJueY7FFbqDgiadcMfbh_I0RhK3OdOn7AILtKoFAo),,,
le-quotidien-du-medecin-ethique::web::728x90-320x50-300x250,LE QUOTIDIEN DU MEDECIN (ETHIQUE),Web,lequotidiendumedecin.fr.png (https://v5.airtableusercontent.com/v3/u/49/49/1769112000000/PXgD-H1bYdfhEpQyyZae5A/Axj4kWQ7gUSabsmNfE3N0Jxguc9lnDCZWksqtlQDJ7DwPVNRQmZlcJWLdzTznqv28cj5TZlg1JEug5JjWL2cQupaPmTqpGuz4MUMDx-TydDiC94VwSXQm7IjLBSullOsd-4DXcTLnOk7hPDjKHT5ZfRqpxeYdVaBnVExLz1uqYLtP2Qx8Og-7gYScaxIE1j5/32toqS6HrYZBUVoSlts_CYQVNxv6cafYCnnb2tR0hOg),,,
le-quotidien-du-medecin-non-ethique::web::728x90-320x50-300x250,LE QUOTIDIEN DU MEDECIN (NON ETHIQUE),Web,lequotidiendumedecin.fr.png (https://v5.airtableusercontent.com/v3/u/49/49/1769112000000/RxEMzTDxhG4zSBv6CfE9AQ/qDeqqSbnSOjT5TJK_tc7stVr4kA8kGba3n28L1rZuHlryiut2pCjmSiJcHvfYYCoCpCRN1pCpWK_t0ygER7OpVmwf0y1Yg-crdqQQzYJvNiH_SnFtoAQM9dOYh8JPFnOD4GdXBXMBiIt_51KHOm8FAm4RDKl3YKcGicTUeB5Lnxf6fCZpJ-hFxu2iyYdiBvf/u9uYATgQ0lepp3bsbcEsVdi3TUnBMTraR7EgdeFDaGA),,,
le-quotidien-du-medecin-non-ethique::web::300x600,LE QUOTIDIEN DU MEDECIN (NON ETHIQUE),Web,lequotidiendumedecin.fr.png (https://v5.airtableusercontent.com/v3/u/49/49/1769112000000/qKZXU-TMKATVtC9k9nOYDg/p6YiOWPJbYWa_d5ea3qksnoXN_xHMqzBftWsN_l9Y7mp5_MhPFhB96nuug9HTQalvH-_UVpKO1s2aNJRv0i_LOtgYI9sGckCKVeu4X13CmD30L-k4z9XYvHdsZPNRikVMbgeo_71vKHHuubG_mFSlBr7datx_2J1EtRIduyWl_8MGtPdTCEqM3gCgaVxHIR8/fHjtpNmCAquo8T3In5ZzFUHskm5BpzjPROC5pkA4piE),,,
le-quotidien-du-pharmacien::web::728x90-320x50mobile,LE QUOTIDIEN DU PHARMACIEN,Web,Lequotidiendupharmacien.fr.png (https://v5.airtableusercontent.com/v3/u/49/49/1769112000000/7PHiet8PsQJKIxujrdl72A/sXb6gP9p_3UFJ-dxMMdfYxUS5PZRB2l3IMFAFSBqDp-XFXTAaA65CF9bNgTyDV6LCaM2teBJrYGm4oBBuatVTisWYJeRM9kj8ZU024Q22g9FnSchGTz6R8HX4DbY4I5gheVeipHF49lpS93nYJzCNWubEWXLrDStirNiDgX3hePDCFQJbNpmMlp_waLSvM_5/XAR2J7RT9yHRUeskXw0hI2M4aQmLF9rPSTFYULM3AyE),,,
les-nouvelles-esthetiques::web::300x250,LES NOUVELLES ESTHETIQUES,Web,Nouvelles-esthetiques.com.png (https://v5.airtableusercontent.com/v3/u/49/49/1769112000000/ZfRucRBHiP6SaXd4iDfGdw/Sf4Mb7OOMD5hqdXNgCee-mCCywS4atJRSLjAASMK30LggLr3baPx1Wvqh7uwM8ts973Rb47uHNrwu19UEZJkID3AHBkZsJA_E8f6xpUg7BpI5qrbjEF1ap2Oy02gMeqrR-XOHHIf4XzZhpiIQiZLjQK-tED-C9_0REZILQ3cEK4pdSC7tanyhn0fgUSisEmW/cXDdH9a5cp8yYr5zaaR5UZLsfBmJ9k2ftEd95GOrU7g),,,
lineaires::web::300x250,LINEAIRES,Web,Lineaires.com.png (https://v5.airtableusercontent.com/v3/u/49/49/1769112000000/WTkbEt83QawMlITfEx5XrQ/00-gfjEDTqpBIsjNGexzOXiA6m_alB2oH0mwKdEQl-b91P-66JFsM3EaELf-BsRABTJyjzi8_oDx5bZHFQn-Oxnc1F-bt_eftzTmi0HtfW8coJAbgg2lo8qg0pS4nvV0jkk84WNf8hqsUoFEsqoNbc_A_vzgMWy7r67UwwIrNpQ/og9wgVkq8YOmtejeaB9pegfAo8bC1Mpk0FZ7RURg2-c),,,
lineaires::web::728x90-320x50mobile,LINEAIRES,Web,Lineaires.com.png (https://v5.airtableusercontent.com/v3/u/49/49/1769112000000/6_irlWtddoTW6GLsgCpKMw/17A7n_6I3xAvK-t4Y1-p-bCUyKO48G-sr1-P-WE8Sj3zKwVOIEQ5X8GppjM0hdoTj-Ray23U_D_9hyVsY1iFmMvwDfdXdgVtxQMlmGTCjQpzwAWxYH7uDRh5Y-5SZXJJ7CkivOjSseZajbuASLKCZzR--f9IvKqujJ-JCudjoJg/2JFIaNyO1lNHcP2xQ2U2d9Oi1HTAzwXNbtPU4Din63w),,,
livres-hebdo::web::300x600-300x250mobile,LIVRES HEBDO,Web,Livreshebdo.fr.png (https://v5.airtableusercontent.com/v3/u/49/49/1769112000000/149f6BvfPyjqcG194iYxrw/rR2koSs6P-ltSCXP6XoUK_YDVhWsjy1NA87WO7Pwi9Odn7oLUeerEMXJfk1YQPFjNe0gjsC_xqhiMWisTVdGLA-MDiMzxb9qoqt0zR3ttNjwSkC8_IOCoD2h74w2tMoIrzFllOauT2ZwkXJQhvUBIlEL-LRoLrkfuxiFXsjnglE/CGFGSx8HXkZgsZaM1lK8qAyjHfDlxeqDM1aeFwoPxb0),,,
maires-de-france::web::350x290,MAIRES DE FRANCE,Web,Maire-info.com.png (https://v5.airtableusercontent.com/v3/u/49/49/1769112000000/Ctdx-R7DdD2Gk1910A9_Sw/naG4D3IcU-PIjrJOCN925GgpHqkNcEWHkmOV4Rmiz6dLOYczcVBEBO3ZgEKzr_xw6_23vilS7eQBAVmloN-POvfyuslJ14lx4Iq_po_DbA6OIGrkF0izJrdRinyODI3T4bT1YT8oHXj3Zd4Fbn0LePDAgsHa9_xLbE1RYzXVBzs/euV2eIWjHs5IpiLBnzgoZY6cRzCr28u3PkgvAUdTyFY),,,
maires-de-france::web::920x120,MAIRES DE FRANCE,Web,Maire-info.com.png (https://v5.airtableusercontent.com/v3/u/49/49/1769112000000/pt1VDBfcEmTSNgAsjRXi1g/m6fhK179txZ9UUFUpetBSryefVgs7ghfWy0NayjEF8rrgOKugIYVEPq82P84GNLMwPaM917sIrteVS5h8biQOdf_cHKzOEwXOkZiFjq-kgOtQGJLLBzRvBVZ6tpmKC9a4VQedGIMUKwj0uHRb6KaquLnAzex-VVrwCYs6P1QGzU/D2nDJFS70EaIOl02xj3KQ4KrnXFPlCVOXZlmDzp8m-w),,,
maires-de-france::web::728x120,MAIRES DE FRANCE,Web,Maire-info.com.png (https://v5.airtableusercontent.com/v3/u/49/49/1769112000000/x8HSRXmchIVnmj8at01AUg/xcQdgYrAtlf2ugMzeVUoEj2TBb45Omrjv1bJQqKAvfXgOj3C1atphdobyXAWUq06Mt_9TpPGSoWd4b0eY7Ss3ooc_tWo-EuuvZVGi1ALy5rdelht8DqLxJpGiqokcZe_rKJITOFZpg6e2ou9lHvnKGCMKx1gvAjxB9f3D9fGk_k/n4Ll-avvGTQ7vPNn1kxZXWWHdPIH6p-MStzeJLKRBzs),,,
maisons-et-travaux-pro::web::1000x90-300x600-300x250mobile,MAISONS ET TRAVAUX PRO,Web,Pro.maison-travaux.fr.png (https://v5.airtableusercontent.com/v3/u/49/49/1769112000000/uqvYs--HX8ccAdyiH5VvGA/sEeG6qtFs-g4dbqOK_YY2H6mUdq-rYIHXxx8WXOedsMeAfo2zLw-HcUHDzRqqurRtCUHJg8W1TWX6b99i-GHEtUeE4UznElUqxkuStF6u0nfq1MI_ggAhxVjccp4_Bc1uZt9jPDypEXg7UTOt6JDIoLpvYMQAfgAx58AKsK7EFQ/CcE2tdAExTod8cFWM1t1h83_6wVFjz3ZqI4z2JwuY7c),,,
metal-flash::web::728x90,METAL FLASH,Web,Metal-flash.fr.png (https://v5.airtableusercontent.com/v3/u/49/49/1769112000000/NkPUjtQ5u0saxX6ZpPEBnw/LLuhJow4ztPHaI8lL-fT750T00Vg17fE_i_HFEoHi0a3rGQONxoitPpvF_x2Gx0ni1AZ0BFHXBLsB1ne_p2meDD8JlV8RwDR2IWCr-470wTCMfzkRTzVDERSwZBKBvpDlHG6vvDKYW959SB4W1UgMmJw3U10rqyE7jGn7yW_vSI/VltYLZURzbcQSvO1VQYKO28RcYqGExLoDNk03S-u9dk),,,
metal-flash::web::300x250,METAL FLASH,Web,Metal-flash.fr.png (https://v5.airtableusercontent.com/v3/u/49/49/1769112000000/X9BHkhsfBWiiJOlcpaSokQ/kFpMAxfbUcrr9aVf4_63qxJNw390h4eYLRWET42diMXhDtCoW9Aq6ObdBoChlEjrMhMrX98pvoTyA_kquuu7Vtua06GQ1kliUIQ7rfuB6Re6eTcwh6qSTp-GvGkMGqBbPiqVYf0f_Ac6jN36FsT9t9Jy3pz3LYi9N5PRq6d5cH8/iMqzk-iQylhXJFxMsc_lzaOSyafR7RM9AM5szAQvUEA),,,
monde-de-l-epicerie-fine::web::300x250,MONDE DE L'EPICERIE FINE,Web,Monde-epicerie-fine.fr.png (https://v5.airtableusercontent.com/v3/u/49/49/1769112000000/njxu7h84S0KSHfsNq2H19A/OqnMPs9mUQQuCLKUSm5f70Z4f51YGNVravA9I62hS-1838hUOGtqAa0kL3QNnrTVOW36IyBuBB5kpohpKtSFSZrbTHTL3qX-KeOxQvC8Ht4qN51iL0PKIu49rJnEvvNNF-ouGIZG48ayAGhx6IiEs1mkrZElqP2N80xqWheQTKxkYcX0BSK2tEOwlZLwaTG3/auzT9MJqmRnsIsL_On9mH1X0DZs4rS6SwkuyqsBDnRI),,,
monde-de-l-epicerie-fine::web::728x90,MONDE DE L'EPICERIE FINE,Web,Monde-epicerie-fine.fr.png (https://v5.airtableusercontent.com/v3/u/49/49/1769112000000/q5dpSBhWLM9E89LL_ZqRKw/Mpna-eETLQZUT3uZ3JEPskMSMEua0vH1EbKY-0CFuwJcSnSiZta_onahTOOLmFPDVaXFABWwjs7mFx_S6x7d-BNJ8fBv6PXFAwymlTf1ixxi9Cu-bQl2atPBUpugBU0rm_9C7NQJZddk7RkqHc9Nd_LX6DjQJBRGDJ_Coze8U9bUsW0W6JcNwJ9mOWwfwaPO/-HHvMzlYXUT3XFL-xLm-cZZUFqARFWxSQLpOzp95t_o),,,
my-rh-line::web::728x90-300x250,MY RH LINE,Web,Myrhline.com.png (https://v5.airtableusercontent.com/v3/u/49/49/1769112000000/S4dWQMod-g-oQFiey1wPrw/rC5sqyrvh9M7nFNQkrM4OGMFHzceiV6Y0juNLjNLZux_Pm_--XCp_6WLhuiUanhjCzfk94ZlIzX_jwTv1trI6KckEr8SlXNN0woBMSITDfA2BWx8go6vvGiWR75lKwgdaEboYoPhQFFMIAscIIVb94FudWb4PlACwAfSQAiA2xg/RLLe-kLhIvHrX3uPt74y9duzfRLKLT-Kr_KfTHgNl_8),,,
option-finance::web::940x250,OPTION FINANCE,Web,Optionfinance.fr.png (https://v5.airtableusercontent.com/v3/u/49/49/1769112000000/c0S_j1IlzHVdp4S13-HRWA/ylQi4LbzqnvXIaYrQKnNXT9neeJxanPYFsaxImpTTdlCuD8ABrhMzYtN6n-H1IbKKPak-uSDf0s5EQ2yoWF18_E3VG5hQORT3vKLm3UmG6gQezPZ3tsrpNm1PMXphUUez_3FLJ0PJUB__A6Dq9JRJ8gu4L8Vi3-_JEpLBRHLA6U/z-Kugy-YQ5hoDOEes2I5NUhwjGN-JrlrjbvUoPnKO_Y),,,
option-finance::web::300x250,OPTION FINANCE,Web,Optionfinance.fr.png (https://v5.airtableusercontent.com/v3/u/49/49/1769112000000/zJzTNr2Zx1LAOQfp6wgPXQ/D-IcoRpziwlirt5fm42clDp39_Z07kUFcHG3jfWv1c4s-7Gukkj8kegwyNWrw0o6YpgVzthDKnsQJZbt49XCohFlz2FdpzQv5m1bIULUKigAPCRajyjjor7anWirJCRSO93BqjR31C5L3jdr2QIMFkw6_iGbXoA_Z8MkmgWi3S4/ppoKmNER18b3rG-wV65LVZVYG89Q52XiwlcItA9cIrY),,,
pack-generation-de-clics-garantis::web::728x90-300x600-300x250-320x50,PACK GENERATION DE CLICS GARANTIS,Web,,,,
place-des-commerces::web::728x90floorad-300x600-300x250mobile,PLACE DES COMMERCES,Web,Placedescommerces.com.png (https://v5.airtableusercontent.com/v3/u/49/49/1769112000000/OxmTx1oUQH8vmmMP6EiEUg/-LqI_WDnw0eTR2xcuO4YWI9SdfgzfCeSziLCIep1lgoMgcKiWnZAqVF9BziUK_jYXOvDD-sJmsY_4Na9SZLUSY_Bx3vJI4wCkpZMiTCp2r1yglZDPZCKwGWCG9CszkSCMvWGm-KjOXUbFmRnbHBFSVsCBPuR5m7GFpcRFJy_Joc/JQZqLKti-qDwyj8OLbd03mgN-olskgO8HyfRiU4AL1M),,,
points-de-vente::web::728x90,POINTS DE VENTE,Web,pointsdevente.fr.png (https://v5.airtableusercontent.com/v3/u/49/49/1769112000000/1Gpki58xKqP4JMoeCU6diQ/tHj7vbkoenPmASICjqM99w35qdDQNhq1GdW8M3MkNoikCIDNDEYA7sqjMeF3Er_FXyr2_4TqNKXbvCyym9kbNezpxfVoY9shErhs0pRq6NLVQ63j9XCZreXshglfKEotiwvsubE33QYOuFkGVO3ZjfgwKUdRAhE1g2RehHQOj8o/kYWlUjahqaFBfTqZrOqdMhasFQl0zpy4DNFXr9AX_ts),,,
points-de-vente::web::300x600,POINTS DE VENTE,Web,pointsdevente.fr.png (https://v5.airtableusercontent.com/v3/u/49/49/1769112000000/ETXtA6b3sNtHTVuWa-UBQQ/r2iSoPSWbw03Ro6FUEwrR7hPbzHyw6QJV-xedbA7rsg7G81iOZk82zZnBc4tcSmKsNDYjpPKKcAv6bCkgr3-wrwgww39P0JB28I-eJyFQrpLbAu2lsBHu93ZQkbJ44C0NJpSnN2oyHhMPpFUxOlOuaWx4xFxmwtDlWJ0fDTx37Y/oA01MYZGhYpY-QV5BSiEhI_li47qp9RTRZbr9PzfCT8),,,
process-alimentaire::web::728x90,PROCESS ALIMENTAIRE,Web,processalimentaire.com.png (https://v5.airtableusercontent.com/v3/u/49/49/1769112000000/9mcJ0CEiL4Z6Gr_mDyx8rQ/4lkpjPrEWPuiobtmiKHpnwmIOg74AlOvo633Lf3G_LKSUGd4Bv43MP0itthPGRw-eFYcYl7P4HKS2uzMbIKWfwHm5DWKOzW8vBJAWAx7xOchlu69EFRNEWkCZbdKXjmFLzImIfmMTQxJA7XSb_lSYNlaWc9fPcTihzIMqS9fOA7Tk0RHm_Gt4L8mb0a09qRR/Hb_4jv0bsp8ffjHB4wXs90M2OpBpg5n1JOd8tilvvmI),,,
produits-de-la-mer::web::300x250,PRODUITS DE LA MER,Web,pdm.png (https://v5.airtableusercontent.com/v3/u/49/49/1769112000000/wdool8o1WSzZuy3YcJevPA/985ckDEemaAW18gOaiy5nA975RKdXdf4IKuwLdGHf7-nG3gjKi5JOWQbScDAVjGTzER5NoijWhZR3dV6wkCBFn5CtZeNLBd7oJkX2Sg3T8P2FzPrEpLsRsFT_1hAMYUCXeE1poWtA5nu7J5WWQsllw/LTffPYQ1o4ixk0tmxTdxqlbl8RUaNqM2TwMHW13pYjs),,,
produits-de-la-mer::web::1100x140,PRODUITS DE LA MER,Web,pdm.png (https://v5.airtableusercontent.com/v3/u/49/49/1769112000000/6KYSrlZnfcvrI1-ICnIcZg/WRqqJ6tznI9jyP30wMQxShjbtv4KF0Ff3Jdvv1RWJiTEAwa7t0k2E6Y26umleqtSrgwj1P3qo3NElB4LxJmKqZ3eRg_WQGMeX-tT3RII07srpkjoGUPJArmljuPnfos6-izO8XxXJqGrDTfmNubSuQ/fNUx6gd8Yn46RY-gLCf9fC_GTUktRm4wK_rThD7MWJc),,,
profession-cgp::web::250x250,PROFESSION CGP,Web,Professioncgp.com.png (https://v5.airtableusercontent.com/v3/u/49/49/1769112000000/8m9wdyCi0oQy5XI3gZisRg/5SWmz5aVBTQ7Ar_Ou22Tp6MChut_eTQFI6owwO_7DotmXmt1_YRljKxQqs970V4LaAWMMrMGFj1gesi-1f4zkEPqIxKYhoxQt_zRqYLkdxx2XZ2lc4heAc-yG6AYHRRxbSTxfrtw9NohSCyORBoioTnzaYsaJZsvNM-5bhYI7aI/SL-HMRI0wSspIBemE8vJyTDR69KG6BvrpUJmFB6VJvw),,,
profession-cgp::web::940x90,PROFESSION CGP,Web,Professioncgp.com.png (https://v5.airtableusercontent.com/v3/u/49/49/1769112000000/zcWARpfEx_8AH_tpjyKjpQ/HwNJsT8X5PpC9_aM5RM8sAmwFTxE0PQ7FponzvMGpC0S5_RkCEGLXy6uk6BRAl1KnUtG9bayJwGAnBdpcvMFqotPLiDzNXcgPfbja9Z_UUXr-ryyjTP0z9svuC4GZrP889k3g1CEHu6eL_qeFhqZktugCoV0PthCCXct8Sm3-oI/OZXMEbH0GCvvoMfFQN74DNz8-sQBNbhtrTYHC50RE5g),,,
rayon-boissons::web::728x90,RAYON BOISSONS,Web,Rayon-boissons.com.png (https://v5.airtableusercontent.com/v3/u/49/49/1769112000000/N7uxmUGryovklsTf9MnVLw/F4ck82E0dkznG_CtAoUbBDM0fwFuC3KUBK0qpqk9Sm_-jRKUTc_gAXp-VKrwcXIGBgoVex-Rcqjn3KVxXzXF9-lhNk8l1r3pCtKkmUTYrf0sOfsiGAJnC8VUVfvStNF1G8obf1NivrTLqP9teN8DxYsrd78AsVTk9kmJepD-40E/8OEFHet2V5NSgvwZTiDfgjuNNcG_zGq2nJM0SpkwbRY),,,
rayon-boissons::web::300x250,RAYON BOISSONS,Web,Rayon-boissons.com.png (https://v5.airtableusercontent.com/v3/u/49/49/1769112000000/KrFiktelpx4eOTKIrTMaaw/TaQ-6EakczbLvnFyTsBcI6oYyC2yysKGlOSUwJLZA6ePPI3bRJ4FXrSXjTb-Rf_Om8qpVfkZE4J4L5-kVg93oWt8iyvozpoqD-Y8sSN6MVD0AinEFEKhP3-7sa2k9ruRMqHevTj3jEaab-NhHLV18rm8pudpFohqFiX5PZUfUWw/XMyFQPM64W-AIKSBN7r_j_EuCCBaDwgWQ3AUMgLKULM),,,
recyclage::web::450x750,RECYCLAGE,Web,Recyclage-recuperation.fr.png (https://v5.airtableusercontent.com/v3/u/49/49/1769112000000/FG7d4UwIlA01nKAkVPVf1A/WSmCOJvXv_Ja7v760VRBRhNgwxp79ymwz7JW-NWe6sAOemOBN4NWPbOupcymMotxEX4dVTFXldKTQtjacOLh184JE23IV6vGw7gmGJDppxfGlx2y5o4us02bJbl1cF5JY_aoKLqm0JcP1L4y_vw_qOTqgo26WgxFM9Mf0HW98_GxnmvPs8Wcl9FjzjBj0SRo/t3Mqs4idA7kFyBxKlAcM3IRGmqAhhnZqo8Y2hoANCBs),,,
recyclage::web::730x100,RECYCLAGE,Web,Recyclage-recuperation.fr.png (https://v5.airtableusercontent.com/v3/u/49/49/1769112000000/Q8tC5QkGz4IgwGbVMty1vA/hgzMESu2RoABv7srFkA2UhWMzWStd6i0TWi3tS9PoZtP3doUXgjOriVwrNsKci2IVngQoAxJLVm0KrPnNKMWFHgW73vjGKwVi2G3LjsAP8eTE6uAMSmqORdsjStc4F_ii3edfDksJ03qk27cyY0gvqMGe8PMC4S-Rh-ATfcrQg4nHMjaddqd_vwZ7TZzcDSE/z2LwdbHNmm4x2LN0GkZ-fl3e1-ss5gf179u7EN3iOL4),,,
revue-banque::web::970x90-320x100mobile,REVUE BANQUE,Web,Revue-banque.fr.png (https://v5.airtableusercontent.com/v3/u/49/49/1769112000000/xiZy1O0S8nmRGuBL-LV_fw/WoR3PeHZQCyVk0Je4eg76cQuuyhSor1A59oFAv6hfznoJrLZzmeaxPen9o4Fr6Bwciqv59dyFk7DOg_Nd3C0kbbJlcdvPqgLoMCWPcbAbPC1ba7392c4BXlEVGSnnVMBKOiozeMF7NiJfKt9XAPPs4NYUUB3SjpIWO8aLdRADgw/tD2Mwtn6Zu50n4BaU2kdhQOXEgMiqJSCaNBB3G0oLiM),,,
revue-banque::web::300x600,REVUE BANQUE,Web,Revue-banque.fr.png (https://v5.airtableusercontent.com/v3/u/49/49/1769112000000/FgJ4jNaEvXlS1g3D40hLDA/T9nqhiFYHFm_DCdwDYE3SHllPmVaJaKDxgRlNWESnVE2Re6RlRfET4eYhD9XrcZwXAOtLMxlc9R6jIe5lbsNLUlKu-4m6OQH34GQue7ipD1Xmex6HjORYGwb1BCrMinbWCJUouGFNvhNs6sLALB62jy3DjTTlhcKdQoCgcZKtkU/J92PKu_YcCScPqAoZb8b8TIP-s0jIF05MiG51ofd_Ao),,,
revue-hospitaliere-de-france::web::300x250,REVUE HOSPITALIERE DE FRANCE,Web,revue-hospitaliere.fr.png (https://v5.airtableusercontent.com/v3/u/49/49/1769112000000/aiBLVwGsbQiAjtQQbkQfAA/I8LTNDKb8N9EYNpmL045FiBF1_CAR1uDhE_vTGXfUt3aUPR9i2Xp19oECZ2cauwPL326mP2clHc8w4-HamB7GGxb2OHahyPKtTMGABVV0Nzh0q7OsQZRUmbIcyKwIbo9ulNk5yW8PRLNfr1atTJWBdejAgqso1jUnvzV0xQXL2c/NEeb0PRtvVZWmj5LQqNbuGrdX-ao4tP75Yxm_T3iBxo),,,
revue-hospitaliere-de-france::web::728x90,REVUE HOSPITALIERE DE FRANCE,Web,revue-hospitaliere.fr.png (https://v5.airtableusercontent.com/v3/u/49/49/1769112000000/e88oYIgdBVUpOj5URDsGuQ/aACO8Y7i4VM9EITEqH7RgLLQwV79_j3om0yHch6zQK0cQ1awsq5YqdvbBIzk5S7EuiK9yaUn3EUs4tVq86SBeL_L4Ri70FuY1U-Di02AngaHcE-KHiAm0pL_GYSsWIG31_sdxniascdYAaozXe8npA6vxIHUHSHUMljB7We84dE/S1Qu99kMvD3UOQDZaIegt7oij2AhgSLs4cANV3PP4ew),,,
ria-la-revue-de-l-industrie-agroalimentaire::web::970x90-320x120,RIA (LA REVUE DE L'INDUSTRIE AGROALIMENTAIRE),Web,ria.fr.png (https://v5.airtableusercontent.com/v3/u/49/49/1769112000000/LJ2dw7srFNicalIjnyGBTw/hESl17VUCMnIstH41J3nozYUfX6QrMdQad-4atM1JeZVdTo_DEHDzMgRPhoqmfRNuOQqSSBnwFUEBzYuWHl3bjs1L9dH0OBA9xsuNNrCbcUhPCa952M1DFyI9Cb1HdzrH1KW90YKfwhNJ0g6ZYMIjR6tZ6BScn0kU-klPoD5XAk/OROHt7ZR2lt_t8ADjWBD2PQX4WlxCY04idim4m6ZVB0),,,
ria-la-revue-de-l-industrie-agroalimentaire::web::300x600-320x120,RIA (LA REVUE DE L'INDUSTRIE AGROALIMENTAIRE),Web,ria.fr.png (https://v5.airtableusercontent.com/v3/u/49/49/1769112000000/F2Ng8aDVlHcfpzraQCJr6Q/TGHetAVNiWV_PO-RZwnBa5UHDxpPsvhHd5rRO6TGOF22JQlJJZ4RTpXRHIllsQTMgPSlYVUJ6ImAbMBf-18oJG8DNqXjneVgJRgZUSXtRIvRn006TXz_D757Wcars2h-zZWfcb8dbIjdmT6P18WAoOPXs2cmOHMPwkzpXqb-MYM/5nAy3I-4kWgIKL3OAvEHB7ijv7XDFqb_lX0-H1jFKsQ),,,
rvi::web::728x92,RVI,Web,Larvi.com.png (https://v5.airtableusercontent.com/v3/u/49/49/1769112000000/oqMe2b0aLfPE8gk26G5m1A/a8CtY1W7MJmgIADoQbZZ16S-Bocza0_5fKX90TWQzZrEjzuIj3WaLH_aotBYGKVZVbJPP_Vcgb0qpCBHZHGZYGO3b8zEB47wSgK_pDdeOQYZlwrqseEjnXtUuNLqjdkJABAkRG1E7DKsV_AcYPgEB0W_e99_pMR8QEiwD4FZZQY/h4FoROJvfXcIsv5LtqyvkcmKmYW0vSUC0pOLVPDR9YM),,,
rvi::web::360x360,RVI,Web,Larvi.com.png (https://v5.airtableusercontent.com/v3/u/49/49/1769112000000/bhcP1EJ_ibbe_bRsa9huDQ/mXiyND4I56g4y9wih1HuYHztdYfGwxi9A7dr4iWeQ9TRrpEoxcF4QCwTDLdL9aeC6AwNArj9M2kYOfE07sasBD6tMVpXad4Y1DRGaGfHVfUpnVWYhcXecns8_4c3sy671Ei9Z7KYeolh3LVBhW1m8FvgjM5UR4buAH-i4W8ETgU/d90FpYjsgJU2XlJKptwQkD7rTr-3e-WoasOf1gG7Sv8),,,
score-3::web::1000x90floorad-300x250mobile,SCORE 3,Web,score3.fr.png (https://v5.airtableusercontent.com/v3/u/49/49/1769112000000/wC0NwF2I-4xLsdUkK6c48g/EQ9TVuGuAMv38dpPzJQs8mmc5qoyruJJZadntryCOvESZu2fPRkqPxQgM20TJggcdi55Q1le-TelOlhqEw8MH121-WoAgwOXoPqe0l_OrzzM9BScJljrbF3Hl75WmZwyreXA5ZTn-gMwv2SPnDlqQQM1c8EGFGnjtuurkQTvIpg/oXTPFqYgsyxJ5iSu21Us6n-PT5KpEgDQMVQGC9uqz14),,,
se-loger-bureaux-commerces::web::300x600-320x50mobile,SE LOGER BUREAUX COMMERCES,Web,seloger.png (https://v5.airtableusercontent.com/v3/u/49/49/1769112000000/1Nr02re3zmi-FFWh77usUw/NDc2xth82rBhTEB_EYwSxe_rh2hyYKDVk3PIY5_jLIsypa7aS2KLEDHy_fNd78dIfIdgU5qbSRHOakWQaQUCyvmeHs1mYAekYsJmXZMuAtOKzntC1s-SXt4P9VQYcBh21jb4HbXOBzbihJRLzab3X3mSZgOZukHNx5u8olYUe2k/c32D0KManBgzzb4atfax2u8Rd70JYqJi82QG6CBnSHk),,,
silicon::web::728x90-300x600,SILICON,Web,silicon.fr.png (https://v5.airtableusercontent.com/v3/u/49/49/1769112000000/iGKP_R826Jd6eYusEF7-FA/RzPci2Enc9OqfS7E0-s8qNZtQb-E9eRI0D8kRMuqmsLIij6hbL3FQL8NclyLoSW-OATiyhDKfE2366beReH-4D-qk72amyhXhK78s3WX4lf8CQNP4k2shhR9MekRfxlANIlKQlnv679LKnE1caVVhxNCGGWuHH-rzwzEcpS6qpA/LXRpGsKZ7ykPGNjKNo8nce9JEyVrRbnKH1LRdsmoLBc),,,
snacking::web::360x460,SNACKING,Web,Snacking.fr.png (https://v5.airtableusercontent.com/v3/u/49/49/1769112000000/6v_TJDYF1ZxMEX5lzW7XxQ/zcbOvowAM2cYdm1KPveXLzcpMIWAWryD51Cp99vqsC7hSe7BNS4miROo8ip6a1eML3ipkOwO9yC4FcIj6e3JjdnwRz7-7miIZVx4FJb_Kw1oUCdVzstczbkxUfXYANmlssfy3fEbw7yf_Bs_XWIO3x7jqOtve_fEoHTsHSwJtaY/V3PTlkREtMSeO4WrJR7hUy9J4XRQI1gLorXjREvsxn8),,,
snacking::web::360x230,SNACKING,Web,Snacking.fr.png (https://v5.airtableusercontent.com/v3/u/49/49/1769112000000/1DiblMAWiryhiPoGWGyREA/gfEhohQ5ol3doxCelmSg8e8z-4eTJGOg6kuRlA-yFWGjPH17oGh0u-RRYw4dwKkuuixG7cFUjJ7BFX928nPkQ_zgYeQhWonKJr8E2266bNEFVnuyWx6WhsCxdQuR-wp3AqYl9H52vYxgbpeQvCrtObjxv8VoJ7mqnh3nxzP4tsw/B2DivyJYyGAllTNnyGIHXCzJW6xkOvv0XFmUZ-J8RWs),,,
snpden::web::680x160,SNPDEN,Web,Snpden.net.png (https://v5.airtableusercontent.com/v3/u/49/49/1769112000000/mfbqvyuRoUM9jpIbTIbFew/Djomz_BAijV4KGYbCM3gunUtRvf2NNYxDGdeZPZtmUg3LiRX3IrqZzoFxZmdDk8oPzlLaMmFdMgTkM3qJH2qNf5rQzK1upgVJRGN-0zVt42qsXVNBbqlYRs6usjNxKrhptoId5jgf38XtOQSsOjQfcvpJOogvQERtIudNuKqKTQ/2Sok2-gLCXu8xqC4x95T5pBI7ggqBDXFI70q3Keq_4E),,,
societe-com::web::728x90-300x600-300x250mobile,SOCIETE.COM,Web,societe.com.png (https://v5.airtableusercontent.com/v3/u/49/49/1769112000000/_YJ68nbkh7gQc49fHZFaOA/yUNLpiGGbq3pvAOxJd5zFi8FV20Au6Gs4rK3C454vLhGx2iqlkg40jRVsnALHFORkatHQrgU6nepMYxMEtPXJ1WVpBJZDUs9zPqfGp_7vjHDxUyhi8AHPQhCxsMN_d0WjUbATDZl4pxL5ZPfxt5V6pFzUZ5VASv1Vc5XmSgBhDw/NQ4M-2dQurFxusMCNOMYlP0dwXfJbJC88myawErMJAU),,,
sport-strategies::web,SPORT STRATEGIES,Web,,,,
strategie-logistique::web::300x250,STRATEGIE LOGISTIQUE,Web,strategielogistique.com.png (https://v5.airtableusercontent.com/v3/u/49/49/1769112000000/40fB03T-2nwvgyv1sm7bbA/r8_BBgmFFgNzNMwY5nnmDz71hVxKdhR9bVluVto_L8zd4ftKIxGNTK8H-tscIxNmVSe9XenWLfm2azpZa8Xbj38w_wa2RoNFAL6OepI5pUbEIfvffsVQZpeW4T7nuDpbPVuXOv0xS0X7BEk0P2KCuOg3f-R6JwyinD4y5i9XAsopJo_fy4q0pgu_nDXJpxnt/M8HSDv0XlIsWwqydapREXd342kIZkov_wKXKHoWl_wI),,,
strategie-logistique::web::728x90,STRATEGIE LOGISTIQUE,Web,strategielogistique.com.png (https://v5.airtableusercontent.com/v3/u/49/49/1769112000000/RSLkI9W9Li6lf1b0rJQKiQ/rKR8HvhGQnSJ_p-gRBYPxErGzO9TLsIJUrdo8Tmxr6VVtIsV4ukRn1ZgmrGmC7LHDsjyq8hQMDfGZxW5a5vBewxgTUbwZDR0xWNDuqn2P6iaJT8jc9xjC-HAvHHb_3x0uqLqp3UllXm8f8BUGD0bMtS1uU8u6BY74mOqmwMwIyps1irYLoNtZDe_IJIMsKgG/HpsN79yy4GtsXEUPcy83x5-BNh2MyFHx4_W_EbqVVO4),,,
strategies::web::300x600-300x250mobile,STRATEGIES,Web,Strategies.fr.png (https://v5.airtableusercontent.com/v3/u/49/49/1769112000000/bkPeCZ6FpIQOi4DauN9N2w/2okiypWGosXpIsNTocq6BNbc6nDGIX9YD867r2Z5b0WXizSLFDIVmI91EZiufhfVpeTScpdwX8qJKprDgJ-jLdYI_t7QmV-_mDwjDIlrRA8BfNrB54ULtgVJSRVTaHlQZGdSAkqinWcQeTO7avxoQb2nqjpFaj2QbNQPdjx4ziM/G9vfSwBPitjOPuJcWyDNrkimNFXzBDlMzmjMlwFAPtc),,,
strategies::web::728x90,STRATEGIES,Web,Strategies.fr.png (https://v5.airtableusercontent.com/v3/u/49/49/1769112000000/K3dRTsmMGHOrPgSnOLaeBA/pAf6OUyrAohwi0Nj5LwCD5mlNIERadK85YqkE-suDkQF2cXKl28GW1TJzG41k2iyhnqVygOh9COs0DQ9tBYY_MG2cBWLU__zdh9BRuYiQt0suE198kLAMaLyXj-SaPuvmrHuMVu_tuUqTyx84C8rHV-Nc5vRlutXvJQRvlYzvKU/VqEUuXIf0_q19PQaA0w12-TmqedsjUZNKAOBBhaVpF0),,,
technic-baie::web::300x250,TECHNIC' BAIE,Web,technicbaie.fr.png (https://v5.airtableusercontent.com/v3/u/49/49/1769112000000/n5U8LzF4wYqD7vX2BkFFTg/LLGcXdhfv99GyQCbf2lIOwU1OV7stTyEm3ZcxyUHzG9nqX4ENaJW2kn2iyWJctLMBjJ9FtXJNKXLq_vrYFzahBS5yCOf6zJKdwttnlCIqVrwKNA6ToWbnHPzRfN9SN5VevR5JCAJuvXos1_GaAHLk46oJq3fspqa6WjuHEjjBWg/WAlHBVyY_luxOhBlRIYGc9_Q26gEvBGekHna7T65TfM),,,
technic-baie::web::728x90,TECHNIC' BAIE,Web,technicbaie.fr.png (https://v5.airtableusercontent.com/v3/u/49/49/1769112000000/uWQBjh-Gv9GRo38uAeg_6A/wtbl6zdtIBdUs4mhjrwk5se8w_mZsIl-g8Jrz2P3tMff85Iljgq2X9L7TzX25YJymPtzXj8xGfgfgiz3ojh0vWSjSjcL1G34v7CtTyiFehROD8i7SPj9vfc-_Nf-j93vsIYCwFhQPmfpLqWJjapOZ0NviUP7NrCWUfHKrtNPhyk/6AuncHww_psy4zF6S7Ba06QLzqF1ma2VxBFfrz4dv74),,,
techniques-ingenieur::web::728x90footerad-300x250,TECHNIQUES INGENIEUR,Web,Techniques-ingenieur.fr.png (https://v5.airtableusercontent.com/v3/u/49/49/1769112000000/sOes8TIjw7QeJvNDHUUIgQ/mztLz62CeMNxI78nCa2MXr4QgomansuIVI1YLJLcMBarjf3k-svMIGEPd08mZU3u-DT4ffrlOQpxh-qpI3Wztv7qhgYztO4ONJV0upgEBs24fylR1vYLbtTavSd6uZ7ogTXKKA8zVRcVP2ZDkJLByjIwqL9zSrdq9cv0CLcsu4N0g77vUrD7QhYN-4EYPpVR/bc2wEqHb-pHTax6Ij_WxJFvb9bXgIYhDQStH8f3Pb0I),,,
terre-net::web::728x90-300x250,TERRE NET,Web,terre net.png (https://v5.airtableusercontent.com/v3/u/49/49/1769112000000/2eMLSTgwqqcZv3OlPryQbw/lECulaqMR4gMzXUICOV30nDEZzR3oHrWpqvr3Zv2xif3O84ONSpKjHwKnThD0v9EM9AyBGygo1tUaY34PnS2CYjX3trf-yLkQ03HN9f-Yaljh_qBHG3PEW2JLjRYc7_6erdh8x5U5hcwH1CP9gUZypSTMFtY70v_IFa8kXYyE4w/mY9L4oxoo6CSDPESsWxkEVLcw3lgxYeV5q2pi1OeYoY),,,
terre-net::web::300x600-300x250mobile,TERRE NET,Web,terre net.png (https://v5.airtableusercontent.com/v3/u/49/49/1769112000000/V2Ld_b3nzoC9l8HEAcz2Jg/uAPUfw5yWdwAGAV9GX3VkOXpYl6YDq_v91mVkRto2zGZrLkuSQ-3SLHBRpoMbr5BygTOA22TlsdmCyxOH1kK_EXtqcLBInhR4E61c403DIRE8MvLHyutqTeCwaq9dDgxCtePJlr-xNyMBQZlOIg13xClWrdyNU6ozT6PBFBwmic/BRZeBaWhb4Y3U84KfuDgoFa3epyAIhUncLshvAGjsw8),,,
terre-net-france-agricole-web-agri-materiel-agricole::web::728x90-300x250,TERRE NET + FRANCE AGRICOLE + WEB AGRI + MATERIEL AGRICOLE,Web,,,,
terre-net-france-agricole-web-agri-materiel-agricole::web::300x600,TERRE NET + FRANCE AGRICOLE + WEB AGRI + MATERIEL AGRICOLE,Web,,,,
tourmag::web::300x150,TOURMAG,Web,,,,
transport-info::web::970x250-300x250mobile,TRANSPORT INFO,Web,Transportinfo.fr.png (https://v5.airtableusercontent.com/v3/u/49/49/1769112000000/fYGDJ-qBYm6OIWcDdo2a7g/ZL3XpQmWFGfdSbBLUrU2sHBv-0ARiaA20EhV7GSz-cJj1FFnkdh3ILlU441EG6v5csNdSgaKF2pbUPEDErSsCv3JE9rSdjMd10autWJMvcf-X_Lpyay0yOMxRZChENHJ6J8ovIn976LHtVaxd97aHTu5tNQ3gIsdOzZ-mBcmgN0/9J3fd-HaHH7a1-gsf6Vnj7q6iomZEx4ojZ3XhnRuUIY),,,
transport-info::web::970x90-300x250mobile,TRANSPORT INFO,Web,Transportinfo.fr.png (https://v5.airtableusercontent.com/v3/u/49/49/1769112000000/N0Axo35ACxiwNqTnPxu2ew/9K-JNfiPaVmjgOAotnsHgSH-MzHKwZajcAkrjg6w2WdQVJDbVzGDhnZkGq_w09HMAoXC33Er_1PaZ_8kjubiJ1L0hEt9J-Oyk6m4tV7iW5-cNVU1NmsvN-BYus7in-Jm7qGyI1lQDEMz9DFS_Xt6NT3uyJElzdAwBUmta2qnVQ8/Rh7eC-SkcqXhI7V6mG73iZNc96K54mThqGD9UFm40gY),,,
transport-info::web::300x600-300x250mobile,TRANSPORT INFO,Web,Transportinfo.fr.png (https://v5.airtableusercontent.com/v3/u/49/49/1769112000000/rwPyqYHKakNstm1tzruJ9w/7oJuOHrYWh0LyZSms7ftJGWVkpPwCWJ14ohWNYPmlHbscl_l0De4VedOhJd785IXqpd1IoyuAPBCS5c_Zr0D8ZdqltW3aezFjTB2zSXzIokKM8-AFpAfAPoa0lKdOHhZZMHnU0alsXcozpfzRZNghI_WH3n5ydwBM2lGmlJufB0/OZyWjbo_07ILntLPFixDEfaqWOHsCFg_iVA8iksTULE),,,
univers-habitat::web::300x250,UNIVERS HABITAT,Web,univers habitat.png (https://v5.airtableusercontent.com/v3/u/49/49/1769112000000/mXzQ-smUzqlnxu32ddg6Iw/yvkzBOpyPdrln5PQ2rwqOKqckRoWznFLXTd3Ikg7YvX47Z6onPQ0fvVftiyXI8OtdTL1elyXyM5M703ciM5TGgLbJObiPH7SJzTa3IYBti_1uGuwFpG4SabYv3T4B-SLGjGFx6or9qp_Fdm3NagmLN22gdBv0-3NKjANP_Nd3iE/YZ8GAoIlsSfcqozY2F2ZFZs2YIzVGmiHVBSWvPfPFb8),,,
verre-menuiserie-actualites::web::300x600,VERRE & MENUISERIE ACTUALITES,Web,Verre-menuiserie.com.png (https://v5.airtableusercontent.com/v3/u/49/49/1769112000000/bsyfv7bNQx9kj065J1Z0Fw/eXgClrX0rvv7Az2sgSqFlYBXF0nWZn3LD8xTFHNQWAGd51MwHgGkx3tMnBwQHvkUtjy7sdrgAF5qPxQlHfD49eBbryvRlrJVFAizWv8a0lsHk76oFgnlZ5p_LeVvdDEcnUQVnG6IfMlKadJIIp25sEYCGeLC3tRJhQIk0xv1fiM/oMktnrtWQ4_olemA8pu_Pruaf21-mnOiNy7AIlnVBAs),,,
verre-menuiserie-actualites::web::1000x90,VERRE & MENUISERIE ACTUALITES,Web,Verre-menuiserie.com.png (https://v5.airtableusercontent.com/v3/u/49/49/1769112000000/OMQB62KmSMoLbaUZYRaCig/cnnypoeXBrmQBmoWKoTIoTVSPlYvnzraysPKHIRNXdBzysuUsLG5BbQm8hmtVTP7WS4GyGjwjSbNGiUaOoaAlG-NPaS20hcTkrgtSgT_msMwdKHrjdNcG46V9bvs7Pnz4ZIJH9ScvPEpkHREPar7itw-gncDcThYxP60Mt4eR1E/AzAUoW5-DrFJo5nPpaLpHRiijoMmSHlCGYc6lM3CsvM),,,
village-justice::web::1160x200-300x600-320x100mobile,VILLAGE-JUSTICE,Web,Village-justice.com.png (https://v5.airtableusercontent.com/v3/u/49/49/1769112000000/vXGlgqpeiCs_U_C5k4xwZw/SXFVpMdrOpidpLMTskTIJA68h0JKQVAK6pmGmqxlIB2wj5HGo-36OVwGhl2hLQEuxcArugKDZkzGAVgWpURxGmrfXncF2N42mYBKPDPwu1C4gNagb07wRskkAICkA0iPkbHMvzt0s9gVRWCHho5eIwdi95yoAVACLsE1yXkJi2c/mbLckXCX1r2cXpZ04zeG-yhz4-TIuZHwWoivcd6q8A0),,,
village-notaires::web::728x90-320x100mobile,VILLAGE-NOTAIRES,Web,Village-notaires-patrimoine.com.png (https://v5.airtableusercontent.com/v3/u/49/49/1769112000000/v5ycAmUbpsPLn9dI-Ral7g/DWpOsFay2xmaqgckKf1z1MaJOratZdrRkXYi6wZzYFiMf8H8l5WV133gGKpxMhwfe0Psqwps7JDxTC0xC8krT-2gaWqKGfpPKo2yM7eKpJHfizb1EtW8PWSQeOknAuE0HoWMU6W8SCasmUcVRtQBOUaqtgWAGrLtCq585UnORmXOGzkSk5xIhUdFUakHcw_I/PU__5O1QLuHftd-JBfFAW9kEiMZxIjAsI9HFqKGk3mQ),,,
village-notaires::web::300x600-320x100mobile,VILLAGE-NOTAIRES,Web,Village-notaires-patrimoine.com.png (https://v5.airtableusercontent.com/v3/u/49/49/1769112000000/wDto5_TwKK8bWFNBpVgqKw/IY5P3GDdnVsik9PwK2hubMf9XFWQAiOd8ChUaHuh9AUJKQIBwLfOj3ri1CksGrRma-vc_XmdIwfGAb2pi1iExFNE1mabu9OUKzGq6reegOX6P72bXBpSovYn_1KksUgL43da8PfsY5tZo2_9qccGV69PgbR1iPIMazc2-Yoy8oxP0sOEwdwAEi7phOeaKaVX/Dw9_4pC4K-QwgCXoylTUICosj7tSI03OXzISSJAb6iQ),,,
weka::web::728x90-300x600-300x250mobile,WEKA,Web,weka.fr.png (https://v5.airtableusercontent.com/v3/u/49/49/1769112000000/jYY6SyZKws8ArEZBImEXSA/cnX1KyBSNChdkHvK-SAMbQNuxvva6Fm9W-Q2ZrK3y9pXgrV3Wr0-3aRQt9XyQxe7eWZki89HLWg0t4ab7Xu49vcBRjqrmTQ6PFfIaZuA5a42Vwp-bjCHjPYgAo69j5sJU84nKonAMSTpD62a3vnVYC-pTKke4rSMP6TzvznNuYo/QE6TihhTyINSMW3J6CnajZznNTFjZbQd0ob_KYWqtmc),,,
abcdent-pro::nl,ABCDENT.PRO,NL,,,,
acteurs-publics::nl,ACTEURS PUBLICS,NL,,,,
action-co::nl,ACTION CO,NL,,,,
agefi::nl,AGEFI,NL,,,,
app-ines::nl,APP'INES,NL,,,,
architectures-a-vivre::nl,ARCHITECTURES A VIVRE,NL,,,,
au-coeur-du-chr::nl,AU COEUR DU CHR,NL,,,,
batiactu::nl,BATIACTU,NL,,,,
batirama::nl,BATIRAMA,NL,,,,
batiweb::nl,BATIWEB,NL,,,,
be-a-boss::nl,BE A BOSS,NL,,,,
biblond::nl,BIBLOND,NL,,,,
caducee::nl,CADUCEE,NL,,,,
chaud-froid-performance::nl,CHAUD FROID PERFORMANCE,NL,,,,
culture-rh::nl,CULTURE RH,NL,,,,
d-architectures::nl,D'ARCHITECTURES,NL,,,,
daf-mag::nl,DAF MAG,NL,,,,
decideurs-strategie-finance-et-droit::nl,DECIDEURS STRATEGIE FINANCE ET DROIT,NL,,,,
decisions-hpa::nl,DECISIONS HPA,NL,,,,
dynamique-mag::nl,DYNAMIQUE MAG,NL,,,,
ecommerce-mag::nl,ECOMMERCE MAG,NL,,,,
egora::nl,EGORA,NL,,,,
electricien-3e-j3e::nl,ELECTRICIEN 3E + J3E,NL,,,,
entretien-textile::nl,ENTRETIEN TEXTILE,NL,,,,
environnement-magazine::nl,ENVIRONNEMENT MAGAZINE,NL,,,,
etancheite-info::nl,ETANCHEITE INFO,NL,,,,
flottes-automobiles::nl,FLOTTES AUTOMOBILES,NL,,,,
france-routes::nl,FRANCE ROUTES,NL,,,,
fusacq::nl,FUSACQ,NL,,,,
genie-climatique::nl,GENIE CLIMATIQUE,NL,,,,
geroscopie::nl,GEROSCOPIE,NL,,,,
gpo-mag::nl,GPO MAG,NL,,,,
infirmiers::nl,INFIRMIERS,NL,,,,
investissement-conseils::nl,INVESTISSEMENT CONSEILS,NL,,,,
it-for-business::nl,IT FOR BUSINESS,NL,,,,
j2r::nl,J2R,NL,,,,
journal-des-entreprises::nl,JOURNAL DES ENTREPRISES,NL,,,,
journal-des-maires::nl,JOURNAL DES MAIRES,NL,,,,
kine-actualite::nl,KINE ACTUALITE,NL,,,,
l-eclaireur-des-coiffeur::nl,L'ECLAIREUR DES COIFFEUR,NL,,,,
l-hotellerie-restauration::nl,L'HOTELLERIE RESTAURATION,NL,,,,
l-informaticien::nl,L'INFORMATICIEN,NL,,,,
l-information-dentaire::nl,L'INFORMATION DENTAIRE,NL,,,,
l-officiel-des-transporteurs::nl,L'OFFICIEL DES TRANSPORTEURS,NL,,,,
l-opinion::nl,L'OPINION,NL,,,,
l-opticien-lunetier::nl,L'OPTICIEN LUNETIER,NL,,,,
la-classe-fiche-pedagogiques::nl,LA CLASSE + FICHE PEDAGOGIQUES,NL,,,,
la-france-agricole::nl,LA FRANCE AGRICOLE,NL,,,,
la-profession-comptable::nl,LA PROFESSION COMPTABLE,NL,,,,
la-revue-pratique-du-froid-et-du-conditionnement-d-air-la-rpf::nl,LA REVUE PRATIQUE DU FROID ET DU CONDITIONNEMENT D'AIR (LA RPF),NL,,,,
la-toque-magazine::nl,LA TOQUE MAGAZINE,NL,,,,
la-tribune::nl,LA TRIBUNE,NL,,,,
la-tribune-de-l-assurance::nl,LA TRIBUNE DE L'ASSURANCE,NL,,,,
la-tribune-des-auto-ecoles::nl,LA TRIBUNE DES AUTO-ECOLES,NL,,,,
le-blog-du-dirigeant::nl,LE BLOG DU DIRIGEANT,NL,,,,
le-courrier-du-meuble-et-de-l-habitat::nl,LE COURRIER DU MEUBLE ET DE L'HABITAT,NL,,,,
le-journal-de-l-automobile::nl,LE JOURNAL DE L'AUTOMOBILE,NL,,,,
le-journal-des-flottes::nl,LE JOURNAL DES FLOTTES,NL,,,,
le-moniteur-des-pharmacies::nl,LE MONITEUR DES PHARMACIES,NL,,,,
le-nouvel-economiste::nl,LE NOUVEL ECONOMISTE,NL,,,,
le-papetier-de-france::nl,LE PAPETIER DE FRANCE,NL,,,,
le-point-veterinaire::nl,LE POINT VETERINAIRE,NL,,,,
le-quotidien-du-medecin-ethique::nl,LE QUOTIDIEN DU MEDECIN (ETHIQUE),NL,,,,
le-quotidien-du-pharmacien::nl,LE QUOTIDIEN DU PHARMACIEN,NL,,,,
lineaires::nl,LINEAIRES,NL,,,,
livres-hebdo::nl,LIVRES HEBDO,NL,,,,
maisons-et-travaux-pro::nl,MAISONS ET TRAVAUX PRO,NL,,,,
metal-flash::nl,METAL FLASH,NL,,,,
monde-de-l-epicerie-fine::nl,MONDE DE L'EPICERIE FINE,NL,,,,
my-rh-line::nl,MY RH LINE,NL,,,,
option-finance::nl,OPTION FINANCE,NL,,,,
points-de-vente::nl,POINTS DE VENTE,NL,,,,
process-alimentaire::nl,PROCESS ALIMENTAIRE,NL,,,,
produits-de-la-mer::nl,PRODUITS DE LA MER,NL,,,,
profession-cgp::nl,PROFESSION CGP,NL,,,,
rayon-boissons::nl,RAYON BOISSONS,NL,,,,
recyclage::nl,RECYCLAGE,NL,,,,
revue-banque::nl,REVUE BANQUE,NL,,,,
ria-la-revue-de-l-industrie-agroalimentaire::nl,RIA (LA REVUE DE L'INDUSTRIE AGROALIMENTAIRE),NL,,,,
rvi::nl,RVI,NL,,,,
silicon::nl,SILICON,NL,,,,
snacking::nl,SNACKING,NL,,,,
snpden::nl,SNPDEN,NL,,,,
strategie-logistique::nl,STRATEGIE LOGISTIQUE,NL,,,,
strategies::nl,STRATEGIES,NL,,,,
technic-baie::nl,TECHNIC' BAIE,NL,,,,
techniques-ingenieur::nl,TECHNIQUES INGENIEUR,NL,,,,
terre-net::nl,TERRE NET,NL,,,,
terre-net-france-agricole-web-agri-materiel-agricole::nl,TERRE NET + FRANCE AGRICOLE + WEB AGRI + MATERIEL AGRICOLE,NL,,,,
transport-info::nl,TRANSPORT INFO,NL,,,,
univers-habitat::nl,UNIVERS HABITAT,NL,,,,
verre-menuiserie-actualites::nl,VERRE & MENUISERIE ACTUALITES,NL,,,,
village-justice::nl,VILLAGE-JUSTICE,NL,,,,
village-notaires::nl,VILLAGE-NOTAIRES,NL,,,,
weka::nl,WEKA,NL,,,,