variant_slug,support,canal,type,date,periodicite,specs_techniques,notes
acteurs-publics::print,ACTEURS PUBLICS,Print,Bouclage,27/02/2026,Bimestriel,,
acteurs-publics::print,ACTEURS PUBLICS,Print,Parution,28/02/2026,Bimestriel,,
acteurs-publics::print,ACTEURS PUBLICS,Print,Bouclage,01/03/2026,Bimestriel,,
acteurs-publics::print,ACTEURS PUBLICS,Print,Parution,02/03/2026,Bimestriel,,
acteurs-publics::print,ACTEURS PUBLICS,Print,Bouclage,03/03/2026,Bimestriel,,
acteurs-publics::print,ACTEURS PUBLICS,Print,Parution,04/03/2026,Bimestriel,,
acteurs-publics::print,ACTEURS PUBLICS,Print,Bouclage,05/03/2026,Bimestriel,,
acteurs-publics::print,ACTEURS PUBLICS,Print,Parution,06/03/2026,Bimestriel,,
actes-pratiques-et-ingenierie-immobiliere::print,ACTES PRATIQUES ET INGENIERIE IMMOBILIERE,Print,Bouclage,24/02/2025,Trimestriel,,
actes-pratiques-et-ingenierie-immobiliere::print,ACTES PRATIQUES ET INGENIERIE IMMOBILIERE,Print,Parution,17/03/2025,Trimestriel,,
actes-pratiques-et-ingenierie-immobiliere::print,ACTES PRATIQUES ET INGENIERIE IMMOBILIERE,Print,Bouclage,03/06/2025,Trimestriel,,
actes-pratiques-et-ingenierie-immobiliere::print,ACTES PRATIQUES ET INGENIERIE IMMOBILIERE,Print,Parution,24/06/2025,Trimestriel,,
actes-pratiques-et-ingenierie-immobiliere::print,ACTES PRATIQUES ET INGENIERIE IMMOBILIERE,Print,Bouclage,25/08/2025,Trimestriel,,
actes-pratiques-et-ingenierie-immobiliere::print,ACTES PRATIQUES ET INGENIERIE IMMOBILIERE,Print,Parution,15/09/2025,Trimestriel,,
actes-pratiques-et-ingenierie-immobiliere::print,ACTES PRATIQUES ET INGENIERIE IMMOBILIERE,Print,Bouclage,29/10/2025,Trimestriel,,
actes-pratiques-et-ingenierie-immobiliere::print,ACTES PRATIQUES ET INGENIERIE IMMOBILIERE,Print,Parution,19/11/2025,Trimestriel,,
actes-pratiques-et-ingenierie-immobiliere::print,ACTES PRATIQUES ET INGENIERIE IMMOBILIERE,Print,Bouclage,06/03/2025,Trimestriel,,
actes-pratiques-et-ingenierie-immobiliere::print,ACTES PRATIQUES ET INGENIERIE IMMOBILIERE,Print,Parution,27/03/2025,Trimestriel,,
actes-pratiques-et-ingenierie-immobiliere::print,ACTES PRATIQUES ET INGENIERIE IMMOBILIERE,Print,Bouclage,05/05/2025,Trimestriel,,
actes-pratiques-et-ingenierie-immobiliere::print,ACTES PRATIQUES ET INGENIERIE IMMOBILIERE,Print,Parution,26/05/2025,Trimestriel,,
actes-pratiques-et-ingenierie-immobiliere::print,ACTES PRATIQUES ET INGENIERIE IMMOBILIERE,Print,Bouclage,01/07/2025,Trimestriel,,
actes-pratiques-et-ingenierie-immobiliere::print,ACTES PRATIQUES ET INGENIERIE IMMOBILIERE,Print,Parution,22/07/2025,Trimestriel,,
actes-pratiques-et-ingenierie-immobiliere::print,ACTES PRATIQUES ET INGENIERIE IMMOBILIERE,Print,Bouclage,01/09/2025,Trimestriel,,
actes-pratiques-et-ingenierie-immobiliere::print,ACTES PRATIQUES ET INGENIERIE IMMOBILIERE,Print,Parution,22/09/2025,Trimestriel,,
actes-pratiques-et-ingenierie-immobiliere::print,ACTES PRATIQUES ET INGENIERIE IMMOBILIERE,Print,Bouclage,29/10/2025,Trimestriel,,
actes-pratiques-et-ingenierie-immobiliere::print,ACTES PRATIQUES ET INGENIERIE IMMOBILIERE,Print,Parution,19/11/2025,Trimestriel,,
actualites-habitat::print,ACTUALITES HABITAT,Print,Bouclage,14/01/2026,Bimensuel,,
actualites-habitat::print,ACTUALITES HABITAT,Print,Parution,13/02/2026,Bimensuel,,
actualites-habitat::print,ACTUALITES HABITAT,Print,Bouclage,29/01/2026,Bimensuel,,
actualites-habitat::print,ACTUALITES HABITAT,Print,Parution,29/02/26,Bimensuel,,
actualites-habitat::print,ACTUALITES HABITAT,Print,Bouclage,11/02/2026,Bimensuel,,
actualites-habitat::print,ACTUALITES HABITAT,Print,Parution,13/03/2026,Bimensuel,,
actualites-habitat::print,ACTUALITES HABITAT,Print,Bouclage,28/02/2026,Bimensuel,,
actualites-habitat::print,ACTUALITES HABITAT,Print,Parution,30/03/2026,Bimensuel,,
actualites-habitat::print,ACTUALITES HABITAT,Print,Bouclage,16/03/2026,Bimensuel,,
actualites-habitat::print,ACTUALITES HABITAT,Print,Parution,15/04/2026,Bimensuel,,
actualites-habitat::print,ACTUALITES HABITAT,Print,Bouclage,31/03/2026,Bimensuel,,
actualites-habitat::print,ACTUALITES HABITAT,Print,Parution,30/04/2026,Bimensuel,,
actualites-habitat::print,ACTUALITES HABITAT,Print,Bouclage,15/04/2026,Bimensuel,,
actualites-habitat::print,ACTUALITES HABITAT,Print,Parution,15/05/2026,Bimensuel,,
actualites-habitat::print,ACTUALITES HABITAT,Print,Bouclage,29/04/2026,Bimensuel,,
actualites-habitat::print,ACTUALITES HABITAT,Print,Parution,29/05/2026,Bimensuel,,
actualites-habitat::print,ACTUALITES HABITAT,Print,Bouclage,16/05/2026,Bimensuel,,
actualites-habitat::print,ACTUALITES HABITAT,Print,Parution,15/06/2026,Bimensuel,,
actualites-habitat::print,ACTUALITES HABITAT,Print,Bouclage,31/05/2026,Bimensuel,,
actualites-habitat::print,ACTUALITES HABITAT,Print,Parution,30/06/2026,Bimensuel,,
actualites-habitat::print,ACTUALITES HABITAT,Print,Bouclage,15/06/2026,Bimensuel,,
actualites-habitat::print,ACTUALITES HABITAT,Print,Parution,15/07/2026,Bimensuel,,
actualites-habitat::print,ACTUALITES HABITAT,Print,Bouclage,30/06/2026,Bimensuel,,
actualites-habitat::print,ACTUALITES HABITAT,Print,Parution,30/07/2026,Bimensuel,,
actualites-habitat::print,ACTUALITES HABITAT,Print,Bouclage,01/08/2026,Bimensuel,,
actualites-habitat::print,ACTUALITES HABITAT,Print,Parution,31/08/2026,Bimensuel,,
actualites-habitat::print,ACTUALITES HABITAT,Print,Bouclage,16/08/2026,Bimensuel,,
actualites-habitat::print,ACTUALITES HABITAT,Print,Parution,15/09/2026,Bimensuel,,
actualites-habitat::print,ACTUALITES HABITAT,Print,Bouclage,31/08/2026,Bimensuel,,
actualites-habitat::print,ACTUALITES HABITAT,Print,Parution,30/09/2026,Bimensuel,,
actualites-habitat::print,ACTUALITES HABITAT,Print,Bouclage,15/09/2026,Bimensuel,,
actualites-habitat::print,ACTUALITES HABITAT,Print,Parution,15/10/2026,Bimensuel,,
actualites-habitat::print,ACTUALITES HABITAT,Print,Bouclage,30/09/2026,Bimensuel,,
actualites-habitat::print,ACTUALITES HABITAT,Print,Parution,30/10/2026,Bimensuel,,
actualites-habitat::print,ACTUALITES HABITAT,Print,Bouclage,16/10/2026,Bimensuel,,
actualites-habitat::print,ACTUALITES HABITAT,Print,Parution,15/11/2026,Bimensuel,,
actualites-habitat::print,ACTUALITES HABITAT,Print,Bouclage,31/10/2026,Bimensuel,,
actualites-habitat::print,ACTUALITES HABITAT,Print,Parution,30/11/2026,Bimensuel,,
actualites-habitat::print,ACTUALITES HABITAT,Print,Bouclage,15/11/2026,Bimensuel,,
actualites-habitat::print,ACTUALITES HABITAT,Print,Parution,15/12/2026,Bimensuel,,
action-co::print,ACTION CO,Print,Bouclage,23/05/2025,Trimestriel,,
action-co::print,ACTION CO,Print,Parution,16/06/2025,Trimestriel,,
l-activite-immobiliere::print,L'ACTIVITE IMMOBILIERE,Print,Bouclage,16/12/2024,Mensuel,,
l-activite-immobiliere::print,L'ACTIVITE IMMOBILIERE,Print,Parution,07/01/2025,Mensuel,,
l-activite-immobiliere::print,L'ACTIVITE IMMOBILIERE,Print,Bouclage,20/01/2025,Mensuel,,
l-activite-immobiliere::print,L'ACTIVITE IMMOBILIERE,Print,Parution,07/02/2025,Mensuel,,
l-activite-immobiliere::print,L'ACTIVITE IMMOBILIERE,Print,Bouclage,19/02/2025,Mensuel,,
l-activite-immobiliere::print,L'ACTIVITE IMMOBILIERE,Print,Parution,06/03/2025,Mensuel,,
l-activite-immobiliere::print,L'ACTIVITE IMMOBILIERE,Print,Bouclage,19/03/2025,Mensuel,,
l-activite-immobiliere::print,L'ACTIVITE IMMOBILIERE,Print,Parution,06/04/2025,Mensuel,,
l-activite-immobiliere::print,L'ACTIVITE IMMOBILIERE,Print,Bouclage,18/04/2025,Mensuel,,
l-activite-immobiliere::print,L'ACTIVITE IMMOBILIERE,Print,Parution,07/05/2025,Mensuel,,
l-activite-immobiliere::print,L'ACTIVITE IMMOBILIERE,Print,Bouclage,20/05/2025,Mensuel,,
l-activite-immobiliere::print,L'ACTIVITE IMMOBILIERE,Print,Parution,07/06/2025,Mensuel,,
l-activite-immobiliere::print,L'ACTIVITE IMMOBILIERE,Print,Bouclage,21/08/2025,Mensuel,,
l-activite-immobiliere::print,L'ACTIVITE IMMOBILIERE,Print,Parution,07/09/2025,Mensuel,,
l-activite-immobiliere::print,L'ACTIVITE IMMOBILIERE,Print,Bouclage,19/09/2025,Mensuel,,
l-activite-immobiliere::print,L'ACTIVITE IMMOBILIERE,Print,Parution,07/10/2025,Mensuel,,
l-activite-immobiliere::print,L'ACTIVITE IMMOBILIERE,Print,Bouclage,18/10/2025,Mensuel,,
l-activite-immobiliere::print,L'ACTIVITE IMMOBILIERE,Print,Parution,07/11/2025,Mensuel,,
l-activite-immobiliere::print,L'ACTIVITE IMMOBILIERE,Print,Bouclage,19/11/2025,Mensuel,,
l-activite-immobiliere::print,L'ACTIVITE IMMOBILIERE,Print,Parution,07/12/2025,Mensuel,,
administration-et-intendance::print,ADMINISTRATION ET INTENDANCE,Print,Bouclage,27/01/2025,Trimestriel,,
administration-et-intendance::print,ADMINISTRATION ET INTENDANCE,Print,Parution,18/02/2025,Trimestriel,,
administration-et-intendance::print,ADMINISTRATION ET INTENDANCE,Print,Bouclage,30/04/2025,Trimestriel,,
administration-et-intendance::print,ADMINISTRATION ET INTENDANCE,Print,Parution,22/05/2025,Trimestriel,,
administration-et-intendance::print,ADMINISTRATION ET INTENDANCE,Print,Bouclage,26/06/2025,Trimestriel,,
administration-et-intendance::print,ADMINISTRATION ET INTENDANCE,Print,Parution,22/08/2025,Trimestriel,,
administration-et-intendance::print,ADMINISTRATION ET INTENDANCE,Print,Bouclage,13/10/2025,Trimestriel,,
administration-et-intendance::print,ADMINISTRATION ET INTENDANCE,Print,Parution,21/11/2025,Trimestriel,,
agefi-alpha::print,AGEFI ALPHA,Print,Bouclage,,Mensuel,,
agefi-alpha::print,AGEFI ALPHA,Print,Parution,29/01/2026,Mensuel,,
agefi-alpha::print,AGEFI ALPHA,Print,Bouclage,,Mensuel,,
agefi-alpha::print,AGEFI ALPHA,Print,Parution,26/02/2026,Mensuel,,
agefi-alpha::print,AGEFI ALPHA,Print,Bouclage,,Mensuel,,
agefi-alpha::print,AGEFI ALPHA,Print,Parution,26/03/2026,Mensuel,,
agefi-alpha::print,AGEFI ALPHA,Print,Bouclage,,Mensuel,,
agefi-alpha::print,AGEFI ALPHA,Print,Parution,23/04/2026,Mensuel,,
agefi-alpha::print,AGEFI ALPHA,Print,Bouclage,,Mensuel,,
agefi-alpha::print,AGEFI ALPHA,Print,Parution,28/05/2026,Mensuel,,
agefi-alpha::print,AGEFI ALPHA,Print,Bouclage,,Mensuel,,
agefi-alpha::print,AGEFI ALPHA,Print,Parution,25/06/2026,Mensuel,,
agefi-alpha::print,AGEFI ALPHA,Print,Bouclage,,Mensuel,,
agefi-alpha::print,AGEFI ALPHA,Print,Parution,17/07/2026,Mensuel,,
agefi-alpha::print,AGEFI ALPHA,Print,Bouclage,,Mensuel,,
agefi-alpha::print,AGEFI ALPHA,Print,Parution,24/09/2026,Mensuel,,
agefi-alpha::print,AGEFI ALPHA,Print,Bouclage,,Mensuel,,
agefi-alpha::print,AGEFI ALPHA,Print,Parution,22/10/2026,Mensuel,,
agefi-alpha::print,AGEFI ALPHA,Print,Bouclage,,Mensuel,,
agefi-alpha::print,AGEFI ALPHA,Print,Parution,03/12/2026,Mensuel,,
agefi-alpha::print,AGEFI ALPHA,Print,Bouclage,,Mensuel,,
agefi-alpha::print,AGEFI ALPHA,Print,Parution,26/11/2026,Mensuel,,
agefi-alpha::print,AGEFI ALPHA,Print,Bouclage,,Mensuel,,
agefi-alpha::print,AGEFI ALPHA,Print,Parution,17/12/2026,Mensuel,,
agefi-alpha::print,AGEFI ALPHA,Print,Bouclage,,Mensuel,,
agefi-actifs::print,AGEFI ACTIFS,Print,Parution,16/01/2026,Mensuel,,
agefi-actifs::print,AGEFI ACTIFS,Print,Bouclage,,Mensuel,,
agefi-actifs::print,AGEFI ACTIFS,Print,Parution,13/02/2026,Mensuel,,
agefi-actifs::print,AGEFI ACTIFS,Print,Bouclage,,Mensuel,,
agefi-actifs::print,AGEFI ACTIFS,Print,Parution,13/03/2026,Mensuel,,
agefi-actifs::print,AGEFI ACTIFS,Print,Bouclage,,Mensuel,,
agefi-actifs::print,AGEFI ACTIFS,Print,Parution,11/04/2026,Mensuel,,
agefi-actifs::print,AGEFI ACTIFS,Print,Bouclage,,Mensuel,,
agefi-actifs::print,AGEFI ACTIFS,Print,Parution,22/05/2026,Mensuel,,
agefi-actifs::print,AGEFI ACTIFS,Print,Bouclage,,Mensuel,,
agefi-actifs::print,AGEFI ACTIFS,Print,Parution,19/06/2026,Mensuel,,
agefi-actifs::print,AGEFI ACTIFS,Print,Bouclage,,Mensuel,,
agefi-actifs::print,AGEFI ACTIFS,Print,Parution,10/07/2026,Mensuel,,
agefi-actifs::print,AGEFI ACTIFS,Print,Bouclage,,Mensuel,,
agefi-actifs::print,AGEFI ACTIFS,Print,Parution,18/09/2026,Mensuel,,
agefi-actifs::print,AGEFI ACTIFS,Print,Bouclage,,Mensuel,,
agefi-actifs::print,AGEFI ACTIFS,Print,Parution,16/10/2026,Mensuel,,
agefi-actifs::print,AGEFI ACTIFS,Print,Bouclage,,Mensuel,,
agefi-actifs::print,AGEFI ACTIFS,Print,Parution,13/11/2026,Mensuel,,
agefi-actifs::print,AGEFI ACTIFS,Print,Bouclage,,Mensuel,,
agefi-actifs::print,AGEFI ACTIFS,Print,Parution,11/12/2026,Mensuel,,
agenceur-magazine::print,AGENCEUR MAGAZINE,Print,Bouclage,13/03/2026,Bimestriel,,
agenceur-magazine::print,AGENCEUR MAGAZINE,Print,Parution,mars/avril,Bimestriel,,
agenceur-magazine::print,AGENCEUR MAGAZINE,Print,Bouclage,13/05/2026,Bimestriel,,
agenceur-magazine::print,AGENCEUR MAGAZINE,Print,Parution,mai/juin,Bimestriel,,
agenceur-magazine::print,AGENCEUR MAGAZINE,Print,Bouclage,09/09/2026,Bimestriel,,
agenceur-magazine::print,AGENCEUR MAGAZINE,Print,Parution,sept/oct,Bimestriel,,
agenceur-magazine::print,AGENCEUR MAGAZINE,Print,Bouclage,15/10/2026,Bimestriel,,
agenceur-magazine::print,AGENCEUR MAGAZINE,Print,Parution,nov/dec,Bimestriel,,
agenceur-magazine::print,AGENCEUR MAGAZINE,Print,Bouclage,janvier,Bimestriel,,
agenceur-magazine::print,AGENCEUR MAGAZINE,Print,Parution,janv/fev,Bimestriel,,
alternatives-economiques::print,ALTERNATIVES ECONOMIQUES,Print,Bouclage,13/02/2026,Mensuel,,
alternatives-economiques::print,ALTERNATIVES ECONOMIQUES,Print,Parution,27/02/2026,Mensuel,,
alternatives-economiques::print,ALTERNATIVES ECONOMIQUES,Print,Bouclage,20/03/2026,Mensuel,,
alternatives-economiques::print,ALTERNATIVES ECONOMIQUES,Print,Parution,27/03/2026,Mensuel,,
alternatives-economiques::print,ALTERNATIVES ECONOMIQUES,Print,Bouclage,17/04/2026,Mensuel,,
alternatives-economiques::print,ALTERNATIVES ECONOMIQUES,Print,Parution,24/04/2026,Mensuel,,
alternatives-economiques::print,ALTERNATIVES ECONOMIQUES,Print,Bouclage,18/05/2026,Mensuel,,
alternatives-economiques::print,ALTERNATIVES ECONOMIQUES,Print,Parution,29/05/2026,Mensuel,,
alternatives-economiques::print,ALTERNATIVES ECONOMIQUES,Print,Bouclage,19/06/2026,Mensuel,,
alternatives-economiques::print,ALTERNATIVES ECONOMIQUES,Print,Parution,03/07/2026,Mensuel,,
alternatives-economiques::print,ALTERNATIVES ECONOMIQUES,Print,Bouclage,14/08/2026,Mensuel,,
alternatives-economiques::print,ALTERNATIVES ECONOMIQUES,Print,Parution,28/08/2026,Mensuel,,
alternatives-economiques::print,ALTERNATIVES ECONOMIQUES,Print,Bouclage,18/09/2026,Mensuel,,
alternatives-economiques::print,ALTERNATIVES ECONOMIQUES,Print,Parution,02/10/2026,Mensuel,,
alternatives-economiques::print,ALTERNATIVES ECONOMIQUES,Print,Bouclage,16/10/2026,Mensuel,,
alternatives-economiques::print,ALTERNATIVES ECONOMIQUES,Print,Parution,30/10/2026,Mensuel,,
alternatives-economiques::print,ALTERNATIVES ECONOMIQUES,Print,Bouclage,16/11/2026,Mensuel,,
alternatives-economiques::print,ALTERNATIVES ECONOMIQUES,Print,Parution,27/11/2026,Mensuel,,
alternatives-economiques::print,ALTERNATIVES ECONOMIQUES,Print,Bouclage,11/12/2026,Mensuel,,
alternatives-economiques::print,ALTERNATIVES ECONOMIQUES,Print,Parution,24/12/2026,Mensuel,,
architecture-a-vivre::print,ARCHITECTURE A VIVRE,Print,Bouclage,28/03/2026,Bimestriel,,
architecture-a-vivre::print,ARCHITECTURE A VIVRE,Print,Parution,18/04/2026,Bimestriel,,
architecture-a-vivre::print,ARCHITECTURE A VIVRE,Print,Bouclage,23/05/2026,Bimestriel,,
architecture-a-vivre::print,ARCHITECTURE A VIVRE,Print,Parution,14/06/2026,Bimestriel,,
architecture-a-vivre::print,ARCHITECTURE A VIVRE,Print,Bouclage,18/07/2026,Bimestriel,,
architecture-a-vivre::print,ARCHITECTURE A VIVRE,Print,Parution,17/08/2026,Bimestriel,,
architecture-a-vivre::print,ARCHITECTURE A VIVRE,Print,Bouclage,03/10/2026,Bimestriel,,
architecture-a-vivre::print,ARCHITECTURE A VIVRE,Print,Parution,31/10/2026,Bimestriel,,
architecture-a-vivre::print,ARCHITECTURE A VIVRE,Print,Bouclage,27/11/2026,Bimestriel,,
architecture-a-vivre::print,ARCHITECTURE A VIVRE,Print,Parution,19/12/2026,Bimestriel,,
artisans-bois::print,ARTISANS & BOIS,Print,Bouclage,13/03/2026,Bimestriel,,
artisans-bois::print,ARTISANS & BOIS,Print,Parution,F/M/A,Bimestriel,,
artisans-bois::print,ARTISANS & BOIS,Print,Bouclage,07/05/2026,Bimestriel,,
artisans-bois::print,ARTISANS & BOIS,Print,Parution,M/J/J,Bimestriel,,
artisans-bois::print,ARTISANS & BOIS,Print,Bouclage,10/09/2026,Bimestriel,,
artisans-bois::print,ARTISANS & BOIS,Print,Parution,A/S/O,Bimestriel,,
artisans-bois::print,ARTISANS & BOIS,Print,Bouclage,04/12/2026,Bimestriel,,
artisans-bois::print,ARTISANS & BOIS,Print,Parution,N/D/J,Bimestriel,,
l-assmat::print,L'ASSMAT,Print,Bouclage,25/02/2026,Bimestriel,,
l-assmat::print,L'ASSMAT,Print,Parution,27/03/2026,Bimestriel,,
l-assmat::print,L'ASSMAT,Print,Bouclage,06/03/2026,Bimestriel,,
l-assmat::print,L'ASSMAT,Print,Parution,27/03/2026,Bimestriel,,
l-assmat::print,L'ASSMAT,Print,Bouclage,06/05/2026,Bimestriel,,
l-assmat::print,L'ASSMAT,Print,Parution,27/05/2026,Bimestriel,,
l-assmat::print,L'ASSMAT,Print,Bouclage,06/07/2026,Bimestriel,,
l-assmat::print,L'ASSMAT,Print,Parution,29/07/2026,Bimestriel,,
l-assmat::print,L'ASSMAT,Print,Bouclage,04/09/2026,Bimestriel,,
l-assmat::print,L'ASSMAT,Print,Parution,28/09/2026,Bimestriel,,
l-assmat::print,L'ASSMAT,Print,Bouclage,06/11/2026,Bimestriel,,
l-assmat::print,L'ASSMAT,Print,Parution,30/11/2026,Bimestriel,,
au-coeur-du-chr::print,AU COEUR DU CHR,Print,Bouclage,20/01/2026,Mensuel,,
au-coeur-du-chr::print,AU COEUR DU CHR,Print,Parution,02/02/2026,Mensuel,,
au-coeur-du-chr::print,AU COEUR DU CHR,Print,Bouclage,20/03/2026,Mensuel,,
au-coeur-du-chr::print,AU COEUR DU CHR,Print,Parution,02/04/2026,Mensuel,,
au-coeur-du-chr::print,AU COEUR DU CHR,Print,Bouclage,19/05/2026,Mensuel,,
au-coeur-du-chr::print,AU COEUR DU CHR,Print,Parution,03/06/2026,Mensuel,,
au-coeur-du-chr::print,AU COEUR DU CHR,Print,Bouclage,15/07/2026,Mensuel,,
au-coeur-du-chr::print,AU COEUR DU CHR,Print,Parution,30/07/2026,Mensuel,,
au-coeur-du-chr::print,AU COEUR DU CHR,Print,Bouclage,18/09/2026,Mensuel,,
au-coeur-du-chr::print,AU COEUR DU CHR,Print,Parution,01/10/2026,Mensuel,,
au-coeur-du-chr::print,AU COEUR DU CHR,Print,Parution,19/11/2026,Mensuel,,
au-coeur-du-chr::print,AU COEUR DU CHR,Print,Parution,01/12/2026,Mensuel,,
audio-fr::print,AUDIO INFOS,Print,Bouclage,20/01/2026,Mensuel,,
audio-fr::print,AUDIO INFOS,Print,Parution,04/02/2026,Mensuel,,
audio-fr::print,AUDIO INFOS,Print,Bouclage,10/02/2026,Mensuel,,
audio-fr::print,AUDIO INFOS,Print,Parution,25/02/2026,Mensuel,,
audio-fr::print,AUDIO INFOS,Print,Bouclage,19/03/2026,Mensuel,,
audio-fr::print,AUDIO INFOS,Print,Parution,03/04/2026,Mensuel,,
audio-fr::print,AUDIO INFOS,Print,Bouclage,20/04/2026,Mensuel,,
audio-fr::print,AUDIO INFOS,Print,Parution,05/05/2026,Mensuel,,
audio-fr::print,AUDIO INFOS,Print,Bouclage,19/05/2026,Mensuel,,
audio-fr::print,AUDIO INFOS,Print,Parution,03/06/2026,Mensuel,,
audio-fr::print,AUDIO INFOS,Print,Bouclage,19/05/2026,Mensuel,,
audio-fr::print,AUDIO INFOS,Print,Parution,03/06/2026,Mensuel,,
audio-fr::print,AUDIO INFOS,Print,Bouclage,10/06/2026,Mensuel,,
audio-fr::print,AUDIO INFOS,Print,Parution,25/06/2026,Mensuel,,
audio-fr::print,AUDIO INFOS,Print,Bouclage,24/08/2026,Mensuel,,
audio-fr::print,AUDIO INFOS,Print,Parution,08/09/2026,Mensuel,,
audio-fr::print,AUDIO INFOS,Print,Bouclage,16/09/2026,Mensuel,,
audio-fr::print,AUDIO INFOS,Print,Parution,01/10/2026,Mensuel,,
audio-fr::print,AUDIO INFOS,Print,Bouclage,19/10/2026,Mensuel,,
audio-fr::print,AUDIO INFOS,Print,Parution,03/11/2026,Mensuel,,
audio-fr::print,AUDIO INFOS,Print,Bouclage,10/11/2026,Mensuel,,
audio-fr::print,AUDIO INFOS,Print,Parution,25/11/2026,Mensuel,,
audio-fr::print,AUDIO INFOS,Print,Bouclage,02/12/2026,Mensuel,,
audio-fr::print,AUDIO INFOS,Print,Parution,17/12/2026,Mensuel,,
l-autre-cuisine::print,L'AUTRE CUISINE,Print,Bouclage,28/02/2025,Trimestriel,,
l-autre-cuisine::print,L'AUTRE CUISINE,Print,Parution,21/03/2025,Trimestriel,,
l-autre-cuisine::print,L'AUTRE CUISINE,Print,Bouclage,16/05/2025,Trimestriel,,
l-autre-cuisine::print,L'AUTRE CUISINE,Print,Parution,06/06/2025,Trimestriel,,
l-autre-cuisine::print,L'AUTRE CUISINE,Print,Bouclage,19/09/2025,Trimestriel,,
l-autre-cuisine::print,L'AUTRE CUISINE,Print,Parution,10/10/2025,Trimestriel,,
l-autre-cuisine::print,L'AUTRE CUISINE,Print,Bouclage,14/11/2025,Trimestriel,,
l-autre-cuisine::print,L'AUTRE CUISINE,Print,Parution,05/12/2025,Trimestriel,,
l-auvergnat::print,L'AUVERGNAT,Print,Bouclage,20/01/2026,Bimestriel,,
l-auvergnat::print,L'AUVERGNAT,Print,Parution,02/02/2026,Bimestriel,,
l-auvergnat::print,L'AUVERGNAT,Print,Bouclage,20/03/2026,Bimestriel,,
l-auvergnat::print,L'AUVERGNAT,Print,Parution,02/04/2026,Bimestriel,,
l-auvergnat::print,L'AUVERGNAT,Print,Bouclage,19/06/2026,Bimestriel,,
l-auvergnat::print,L'AUVERGNAT,Print,Parution,03/06/2026,Bimestriel,,
l-auvergnat::print,L'AUVERGNAT,Print,Bouclage,15/07/2026,Bimestriel,,
l-auvergnat::print,L'AUVERGNAT,Print,Parution,30/07/2026,Bimestriel,,
l-auvergnat::print,L'AUVERGNAT,Print,Bouclage,18/09/2026,Bimestriel,,
l-auvergnat::print,L'AUVERGNAT,Print,Parution,01/10/2026,Bimestriel,,
l-auvergnat::print,L'AUVERGNAT,Print,Bouclage,19/11/2026,Bimestriel,,
l-auvergnat::print,L'AUVERGNAT,Print,Parution,01/12/2026,Bimestriel,,
bati-actu::print,BATI ACTU,Print,Bouclage,04/05/2026,Trimestriel,,
bati-actu::print,BATI ACTU,Print,Parution,16/06/2026,Trimestriel,,
bati-actu::print,BATI ACTU,Print,Bouclage,10/08/2026,Trimestriel,,
bati-actu::print,BATI ACTU,Print,Parution,21/09/2026,Trimestriel,,
bati-actu::print,BATI ACTU,Print,Bouclage,12/10/2026,Trimestriel,,
bati-actu::print,BATI ACTU,Print,Parution,20/11/2026,Trimestriel,,
le-batiment-artisanal::print,LE BATIMENT ARTISANAL,Print,Bouclage,25/12/2024,Mensuel,,
le-batiment-artisanal::print,LE BATIMENT ARTISANAL,Print,Parution,05/01/2025,Mensuel,,
le-batiment-artisanal::print,LE BATIMENT ARTISANAL,Print,Bouclage,25/01/2025,Mensuel,,
le-batiment-artisanal::print,LE BATIMENT ARTISANAL,Print,Parution,05/02/2025,Mensuel,,
le-batiment-artisanal::print,LE BATIMENT ARTISANAL,Print,Bouclage,25/02/2025,Mensuel,,
le-batiment-artisanal::print,LE BATIMENT ARTISANAL,Print,Parution,05/03/2025,Mensuel,,
le-batiment-artisanal::print,LE BATIMENT ARTISANAL,Print,Bouclage,25/03/2025,Mensuel,,
le-batiment-artisanal::print,LE BATIMENT ARTISANAL,Print,Parution,05/04/2025,Mensuel,,
le-batiment-artisanal::print,LE BATIMENT ARTISANAL,Print,Bouclage,25/04/2025,Mensuel,,
le-batiment-artisanal::print,LE BATIMENT ARTISANAL,Print,Parution,05/05/2025,Mensuel,,
le-batiment-artisanal::print,LE BATIMENT ARTISANAL,Print,Bouclage,25/05/2025,Mensuel,,
le-batiment-artisanal::print,LE BATIMENT ARTISANAL,Print,Parution,05/06/2025,Mensuel,,
le-batiment-artisanal::print,LE BATIMENT ARTISANAL,Print,Bouclage,25/06/2025,Mensuel,,
le-batiment-artisanal::print,LE BATIMENT ARTISANAL,Print,Parution,05/07/2025,Mensuel,,
le-batiment-artisanal::print,LE BATIMENT ARTISANAL,Print,Bouclage,25/08/2025,Mensuel,,
le-batiment-artisanal::print,LE BATIMENT ARTISANAL,Print,Parution,05/09/2025,Mensuel,,
le-batiment-artisanal::print,LE BATIMENT ARTISANAL,Print,Bouclage,25/09/2025,Mensuel,,
le-batiment-artisanal::print,LE BATIMENT ARTISANAL,Print,Parution,05/10/2025,Mensuel,,
le-batiment-artisanal::print,LE BATIMENT ARTISANAL,Print,Bouclage,25/10/2025,Mensuel,,
le-batiment-artisanal::print,LE BATIMENT ARTISANAL,Print,Parution,05/11/2025,Mensuel,,
le-batiment-artisanal::print,LE BATIMENT ARTISANAL,Print,Bouclage,25/11/2025,Mensuel,,
le-batiment-artisanal::print,LE BATIMENT ARTISANAL,Print,Parution,05/12/2025,Mensuel,,
batimetiers::print,BATIMETIERS,Print,Bouclage,10/02/2026,Trimestriel,,
batimetiers::print,BATIMETIERS,Print,Parution,12/03/2026,Trimestriel,,
batimetiers::print,BATIMETIERS,Print,Bouclage,12/05/2026,Trimestriel,,
batimetiers::print,BATIMETIERS,Print,Parution,11/06/2026,Trimestriel,,
batimetiers::print,BATIMETIERS,Print,Bouclage,04/08/2026,Trimestriel,,
batimetiers::print,BATIMETIERS,Print,Parution,03/09/2026,Trimestriel,,
batimetiers::print,BATIMETIERS,Print,Bouclage,03/11/2026,Trimestriel,,
batimetiers::print,BATIMETIERS,Print,Parution,03/12/2026,Trimestriel,,
batiment-entretien::print,BATIMENT ENTRETIEN,Print,Bouclage,13/02/2026,,,
batiment-entretien::print,BATIMENT ENTRETIEN,Print,Parution,Mars/Avril,,,
batiment-entretien::print,BATIMENT ENTRETIEN,Print,Bouclage,10/04/2026,,,
batiment-entretien::print,BATIMENT ENTRETIEN,Print,Parution,Mai/Juin,,,
batiment-entretien::print,BATIMENT ENTRETIEN,Print,Bouclage,12/06/2026,,,
batiment-entretien::print,BATIMENT ENTRETIEN,Print,Parution,Juil/Août,,,
batiment-entretien::print,BATIMENT ENTRETIEN,Print,Bouclage,14/08/2026,,,
batiment-entretien::print,BATIMENT ENTRETIEN,Print,Parution,Sept/Oct,,,
batiment-entretien::print,BATIMENT ENTRETIEN,Print,Bouclage,14/10/2026,,,
batiment-entretien::print,BATIMENT ENTRETIEN,Print,Parution,Nov/Déc,,,
batiment-entretien::print,BATIMENT ENTRETIEN,Print,Bouclage,11/12/2026,,,
batiment-entretien::print,BATIMENT ENTRETIEN,Print,Parution,Janv/Fév,,,
bardage-info::print,BARDAGE INFO,Print,Bouclage,05/04/2026,2 Numéros / an,,
bardage-info::print,BARDAGE INFO,Print,Parution,15/05/2026,2 Numéros / an,,
bardage-info::print,BARDAGE INFO,Print,Bouclage,05/10/2026,2 Numéros / an,,
bardage-info::print,BARDAGE INFO,Print,Parution,15/11/2026,2 Numéros / an,,
beauty-forum::print,BEAUTY FORUM,Print,Bouclage,06/03/2026,Bimestriel,,
beauty-forum::print,BEAUTY FORUM,Print,Parution,debut avril,Bimestriel,,
beauty-forum::print,BEAUTY FORUM,Print,Bouclage,17/04/2026,Bimestriel,,
beauty-forum::print,BEAUTY FORUM,Print,Parution,mi-juin,Bimestriel,,
beauty-forum::print,BEAUTY FORUM,Print,Bouclage,19/07/2026,Bimestriel,,
beauty-forum::print,BEAUTY FORUM,Print,Parution,debut sept,Bimestriel,,
beauty-forum::print,BEAUTY FORUM,Print,Bouclage,19/09/2026,Bimestriel,,
beauty-forum::print,BEAUTY FORUM,Print,Parution,mi-oct,Bimestriel,,
be-a-boss::print,BE A BOSS,Print,Bouclage,03/03/2026,Bimestriel,,
be-a-boss::print,BE A BOSS,Print,Parution,18/03/2026,Bimestriel,,
be-a-boss::print,BE A BOSS,Print,Bouclage,19/05/2026,Bimestriel,,
be-a-boss::print,BE A BOSS,Print,Parution,05/06/2026,Bimestriel,,
be-a-boss::print,BE A BOSS,Print,Bouclage,27/08/2026,Bimestriel,,
be-a-boss::print,BE A BOSS,Print,Parution,11/09/2026,Bimestriel,,
be-a-boss::print,BE A BOSS,Print,Parution,05/11/2026,Bimestriel,,
be-a-boss::print,BE A BOSS,Print,Parution,20/11/2026,Bimestriel,,
betteravier-fran-ais::print,BETTERAVIER FRANÇAIS,Print,Bouclage,,Mensuel,,
betteravier-fran-ais::print,BETTERAVIER FRANÇAIS,Print,Bouclage,,Mensuel,,
betteravier-fran-ais::print,BETTERAVIER FRANÇAIS,Print,Bouclage,,Mensuel,,
betteravier-fran-ais::print,BETTERAVIER FRANÇAIS,Print,Bouclage,,Mensuel,,
betteravier-fran-ais::print,BETTERAVIER FRANÇAIS,Print,Bouclage,,Mensuel,,
betteravier-fran-ais::print,BETTERAVIER FRANÇAIS,Print,Bouclage,,Mensuel,,
betteravier-fran-ais::print,BETTERAVIER FRANÇAIS,Print,Bouclage,,Mensuel,,
betteravier-fran-ais::print,BETTERAVIER FRANÇAIS,Print,Bouclage,,Mensuel,,
betteravier-fran-ais::print,BETTERAVIER FRANÇAIS,Print,Bouclage,,Mensuel,,
betteravier-fran-ais::print,BETTERAVIER FRANÇAIS,Print,Bouclage,,Mensuel,,
betteravier-fran-ais::print,BETTERAVIER FRANÇAIS,Print,Bouclage,,Mensuel,,
betteravier-fran-ais::print,BETTERAVIER FRANÇAIS,Print,Bouclage,,Mensuel,,
betteravier-fran-ais::print,BETTERAVIER FRANÇAIS,Print,Bouclage,,Mensuel,,
betteravier-fran-ais::print,BETTERAVIER FRANÇAIS,Print,Bouclage,,Mensuel,,
betteravier-fran-ais::print,BETTERAVIER FRANÇAIS,Print,Bouclage,,Mensuel,,
betteravier-fran-ais::print,BETTERAVIER FRANÇAIS,Print,Bouclage,,Mensuel,,
betteravier-fran-ais::print,BETTERAVIER FRANÇAIS,Print,Bouclage,,Mensuel,,
betteravier-fran-ais::print,BETTERAVIER FRANÇAIS,Print,Bouclage,,Mensuel,,
betteravier-fran-ais::print,BETTERAVIER FRANÇAIS,Print,Parution,26/01/2026,Mensuel,,
betteravier-fran-ais::print,BETTERAVIER FRANÇAIS,Print,Parution,09/02/2026,Mensuel,,
betteravier-fran-ais::print,BETTERAVIER FRANÇAIS,Print,Parution,23/02/2026,Mensuel,,
betteravier-fran-ais::print,BETTERAVIER FRANÇAIS,Print,Parution,09/03/2026,Mensuel,,
betteravier-fran-ais::print,BETTERAVIER FRANÇAIS,Print,Parution,23/03/2026,Mensuel,,
betteravier-fran-ais::print,BETTERAVIER FRANÇAIS,Print,Parution,06/04/2026,Mensuel,,
betteravier-fran-ais::print,BETTERAVIER FRANÇAIS,Print,Parution,27/04/2026,Mensuel,,
betteravier-fran-ais::print,BETTERAVIER FRANÇAIS,Print,Parution,25/05/2026,Mensuel,,
betteravier-fran-ais::print,BETTERAVIER FRANÇAIS,Print,Parution,22/06/2026,Mensuel,,
betteravier-fran-ais::print,BETTERAVIER FRANÇAIS,Print,Parution,20/07/2026,Mensuel,,
betteravier-fran-ais::print,BETTERAVIER FRANÇAIS,Print,Parution,31/08/2026,Mensuel,,
betteravier-fran-ais::print,BETTERAVIER FRANÇAIS,Print,Parution,21/09/2026,Mensuel,,
betteravier-fran-ais::print,BETTERAVIER FRANÇAIS,Print,Parution,05/10/2026,Mensuel,,
betteravier-fran-ais::print,BETTERAVIER FRANÇAIS,Print,Parution,19/10/2026,Mensuel,,
betteravier-fran-ais::print,BETTERAVIER FRANÇAIS,Print,Parution,02/11/2026,Mensuel,,
betteravier-fran-ais::print,BETTERAVIER FRANÇAIS,Print,Parution,23/11/2026,Mensuel,,
betteravier-fran-ais::print,BETTERAVIER FRANÇAIS,Print,Parution,07/12/2026,Mensuel,,
betteravier-fran-ais::print,BETTERAVIER FRANÇAIS,Print,Parution,21/12/2026,Mensuel,,
biblond::print,BIBLOND,Print,Bouclage,20/01/2026,7 Numéros / an,,
biblond::print,BIBLOND,Print,Parution,09/02/2026,7 Numéros / an,,
biblond::print,BIBLOND,Print,Bouclage,20/03/2026,7 Numéros / an,,
biblond::print,BIBLOND,Print,Parution,15/04/2026,7 Numéros / an,,
biblond::print,BIBLOND,Print,Bouclage,21/05/2026,7 Numéros / an,,
biblond::print,BIBLOND,Print,Parution,15/06/2026,7 Numéros / an,,
biblond::print,BIBLOND,Print,Bouclage,29/07/2026,7 Numéros / an,,
biblond::print,BIBLOND,Print,Parution,03/09/2026,7 Numéros / an,,
biblond::print,BIBLOND,Print,Bouclage,24/09/2026,7 Numéros / an,,
biblond::print,BIBLOND,Print,Parution,15/10/2026,7 Numéros / an,,
biblond::print,BIBLOND,Print,Bouclage,12/11/2026,7 Numéros / an,,
biblond::print,BIBLOND,Print,Parution,04/12/2026,7 Numéros / an,,
le-bijoutier::print,LE BIJOUTIER,Print,Bouclage,30/12/2024,Mensuel,,
le-bijoutier::print,LE BIJOUTIER,Print,Bouclage,21/02/2025,Mensuel,,
le-bijoutier::print,LE BIJOUTIER,Print,Bouclage,21/03/2025,Mensuel,,
le-bijoutier::print,LE BIJOUTIER,Print,Bouclage,23/05/2025,Mensuel,,
le-bijoutier::print,LE BIJOUTIER,Print,Bouclage,25/06/2025,Mensuel,,
le-bijoutier::print,LE BIJOUTIER,Print,Bouclage,04/08/2025,Mensuel,,
le-bijoutier::print,LE BIJOUTIER,Print,Bouclage,26/09/2025,Mensuel,,
le-bijoutier::print,LE BIJOUTIER,Print,Bouclage,07/11/2025,Mensuel,,
le-bijoutier::print,LE BIJOUTIER,Print,Parution,20/01/2025,Mensuel,,
le-bijoutier::print,LE BIJOUTIER,Print,Parution,14/03/2025,Mensuel,,
le-bijoutier::print,LE BIJOUTIER,Print,Parution,11/04/2025,Mensuel,,
le-bijoutier::print,LE BIJOUTIER,Print,Parution,13/06/2025,Mensuel,,
le-bijoutier::print,LE BIJOUTIER,Print,Parution,16/07/2025,Mensuel,,
le-bijoutier::print,LE BIJOUTIER,Print,Parution,25/08/2025,Mensuel,,
le-bijoutier::print,LE BIJOUTIER,Print,Parution,17/10/2025,Mensuel,,
le-bijoutier::print,LE BIJOUTIER,Print,Parution,28/11/2025,Mensuel,,
bike-eco::print,BIKE ECO,Print,Bouclage,,Mensuel,,
bike-eco::print,BIKE ECO,Print,Parution,19/01/2026,Mensuel,,
bike-eco::print,BIKE ECO,Print,Bouclage,,Mensuel,,
bike-eco::print,BIKE ECO,Print,Parution,23/02/2026,Mensuel,,
bike-eco::print,BIKE ECO,Print,Bouclage,,Mensuel,,
bike-eco::print,BIKE ECO,Print,Parution,23/03/2026,Mensuel,,
bike-eco::print,BIKE ECO,Print,Bouclage,,Mensuel,,
bike-eco::print,BIKE ECO,Print,Parution,27/04/2026,Mensuel,,
bike-eco::print,BIKE ECO,Print,Bouclage,,Mensuel,,
bike-eco::print,BIKE ECO,Print,Parution,26/05/2026,Mensuel,,
bike-eco::print,BIKE ECO,Print,Bouclage,,Mensuel,,
bike-eco::print,BIKE ECO,Print,Parution,24/06/2026,Mensuel,,
bike-eco::print,BIKE ECO,Print,Bouclage,,Mensuel,,
bike-eco::print,BIKE ECO,Print,Parution,05/07/2026,Mensuel,,
bike-eco::print,BIKE ECO,Print,Bouclage,,Mensuel,,
bike-eco::print,BIKE ECO,Print,Parution,27/07/2026,Mensuel,,
bike-eco::print,BIKE ECO,Print,Bouclage,,Mensuel,,
bike-eco::print,BIKE ECO,Print,Parution,14/09/2026,Mensuel,,
bike-eco::print,BIKE ECO,Print,Bouclage,,Mensuel,,
bike-eco::print,BIKE ECO,Print,Parution,12/10/2026,Mensuel,,
bike-eco::print,BIKE ECO,Print,Bouclage,,Mensuel,,
bike-eco::print,BIKE ECO,Print,Parution,16/11/2026,Mensuel,,
biofil::print,BIOFIL,Print,Bouclage,16/12/2024,Bimestriel,,
biofil::print,BIOFIL,Print,Bouclage,03/03/2025,Bimestriel,,
biofil::print,BIOFIL,Print,Bouclage,23/05/2025,Bimestriel,,
biofil::print,BIOFIL,Print,Bouclage,01/07/2025,Bimestriel,,
biofil::print,BIOFIL,Print,Bouclage,18/08/2025,Bimestriel,,
biofil::print,BIOFIL,Print,Bouclage,30/10/2025,Bimestriel,,
biofil::print,BIOFIL,Print,Parution,06/01/2025,Bimestriel,,
biofil::print,BIOFIL,Print,Parution,24/03/2025,Bimestriel,,
biofil::print,BIOFIL,Print,Parution,13/06/2025,Bimestriel,,
biofil::print,BIOFIL,Print,Parution,22/07/2025,Bimestriel,,
biofil::print,BIOFIL,Print,Parution,08/09/2025,Bimestriel,,
biofil::print,BIOFIL,Print,Parution,20/11/2025,Bimestriel,,
biologiste-365::print,BIOLOGISTE INFOS,Print,Bouclage,29/01/2026,Bimestriel,,
biologiste-365::print,BIOLOGISTE INFOS,Print,Bouclage,26/03/2026,Bimestriel,,
biologiste-365::print,BIOLOGISTE INFOS,Print,Bouclage,28/05/2026,Bimestriel,,
biologiste-365::print,BIOLOGISTE INFOS,Print,Bouclage,03/09/2026,Bimestriel,,
biologiste-365::print,BIOLOGISTE INFOS,Print,Bouclage,29/10/2026,Bimestriel,,
biologiste-365::print,BIOLOGISTE INFOS,Print,Bouclage,03/12/2026,Bimestriel,,
biologiste-365::print,BIOLOGISTE INFOS,Print,Parution,13/02/2026,Bimestriel,,
biologiste-365::print,BIOLOGISTE INFOS,Print,Parution,10/04/2026,Bimestriel,,
biologiste-365::print,BIOLOGISTE INFOS,Print,Parution,12/06/2026,Bimestriel,,
biologiste-365::print,BIOLOGISTE INFOS,Print,Parution,18/09/2026,Bimestriel,,
biologiste-365::print,BIOLOGISTE INFOS,Print,Parution,13/11/2026,Bimestriel,,
biologiste-365::print,BIOLOGISTE INFOS,Print,Parution,18/12/2026,Bimestriel,,
bois-mag::print,BOIS MAG,Print,Bouclage,02/03/2026,Mensuel,,
bois-mag::print,BOIS MAG,Print,Parution,fev/mars,Mensuel,,
bois-mag::print,BOIS MAG,Print,Bouclage,27/03/2026,Mensuel,,
bois-mag::print,BOIS MAG,Print,Parution,avril,Mensuel,,
bois-mag::print,BOIS MAG,Print,Bouclage,07/05/2026,Mensuel,,
bois-mag::print,BOIS MAG,Print,Parution,mai/juin,Mensuel,,
bois-mag::print,BOIS MAG,Print,Bouclage,07/09/2026,Mensuel,,
bois-mag::print,BOIS MAG,Print,Parution,sept,Mensuel,,
bois-mag::print,BOIS MAG,Print,Bouclage,19/10/2026,Mensuel,,
bois-mag::print,BOIS MAG,Print,Parution,oct,Mensuel,,
bois-mag::print,BOIS MAG,Print,Bouclage,27/11/2026,Mensuel,,
bois-mag::print,BOIS MAG,Print,Parution,nov/dec,Mensuel,,
bois::print,BOIS +,Print,Bouclage,28/11/2024,Mensuel,,
bois::print,BOIS +,Print,Bouclage,28/02/2025,Mensuel,,
bois::print,BOIS +,Print,Bouclage,30/05/2025,Mensuel,,
bois::print,BOIS +,Print,Bouclage,01/09/2025,Mensuel,,
bois::print,BOIS +,Print,Bouclage,01/12/2025,Mensuel,,
bois::print,BOIS +,Print,Parution,24/12/2024,Mensuel,,
bois::print,BOIS +,Print,Parution,25/03/2025,Mensuel,,
bois::print,BOIS +,Print,Parution,25/06/2025,Mensuel,,
bois::print,BOIS +,Print,Parution,24/09/2025,Mensuel,,
bois::print,BOIS +,Print,Parution,24/12/2025,Mensuel,,
la-boucherie-francaise::print,LA BOUCHERIE FRANCAISE,Print,Bouclage,21/01/2026,Mensuel,,
la-boucherie-francaise::print,LA BOUCHERIE FRANCAISE,Print,Bouclage,01/03/2026,Mensuel,,
la-boucherie-francaise::print,LA BOUCHERIE FRANCAISE,Print,Bouclage,23/03/2026,Mensuel,,
la-boucherie-francaise::print,LA BOUCHERIE FRANCAISE,Print,Bouclage,28/04/2026,Mensuel,,
la-boucherie-francaise::print,LA BOUCHERIE FRANCAISE,Print,Bouclage,26/05/2026,Mensuel,,
la-boucherie-francaise::print,LA BOUCHERIE FRANCAISE,Print,Bouclage,30/06/2026,Mensuel,,
la-boucherie-francaise::print,LA BOUCHERIE FRANCAISE,Print,Bouclage,20/07/2026,Mensuel,,
la-boucherie-francaise::print,LA BOUCHERIE FRANCAISE,Print,Bouclage,22/09/2026,Mensuel,,
la-boucherie-francaise::print,LA BOUCHERIE FRANCAISE,Print,Bouclage,20/10/2026,Mensuel,,
la-boucherie-francaise::print,LA BOUCHERIE FRANCAISE,Print,Bouclage,24/11/2026,Mensuel,,
la-boucherie-francaise::print,LA BOUCHERIE FRANCAISE,Print,Bouclage,18/12/2026,Mensuel,,
la-boucherie-francaise::print,LA BOUCHERIE FRANCAISE,Print,Parution,06/02/2026,Mensuel,,
la-boucherie-francaise::print,LA BOUCHERIE FRANCAISE,Print,Parution,17/03/2026,Mensuel,,
la-boucherie-francaise::print,LA BOUCHERIE FRANCAISE,Print,Parution,08/04/2026,Mensuel,,
la-boucherie-francaise::print,LA BOUCHERIE FRANCAISE,Print,Parution,15/05/2026,Mensuel,,
la-boucherie-francaise::print,LA BOUCHERIE FRANCAISE,Print,Parution,13/06/2026,Mensuel,,
la-boucherie-francaise::print,LA BOUCHERIE FRANCAISE,Print,Parution,15/07/2026,Mensuel,,
la-boucherie-francaise::print,LA BOUCHERIE FRANCAISE,Print,Parution,12/09/2026,Mensuel,,
la-boucherie-francaise::print,LA BOUCHERIE FRANCAISE,Print,Parution,09/10/2026,Mensuel,,
la-boucherie-francaise::print,LA BOUCHERIE FRANCAISE,Print,Parution,06/11/2026,Mensuel,,
la-boucherie-francaise::print,LA BOUCHERIE FRANCAISE,Print,Parution,11/12/2026,Mensuel,,
la-boucherie-francaise::print,LA BOUCHERIE FRANCAISE,Print,Parution,15/01/2027,Mensuel,,
tendance-restauration::print,BRA (BOISSON RESTAURATION ACTUALITES) NOUVEAU NOM : TENDANCES RESTAURATION,Print,Bouclage,12/02/2026,9 Numéros / an,,
tendance-restauration::print,BRA (BOISSON RESTAURATION ACTUALITES) NOUVEAU NOM : TENDANCES RESTAURATION,Print,Bouclage,16/03/2026,9 Numéros / an,,
tendance-restauration::print,BRA (BOISSON RESTAURATION ACTUALITES) NOUVEAU NOM : TENDANCES RESTAURATION,Print,Bouclage,23/03/2026,9 Numéros / an,,
tendance-restauration::print,BRA (BOISSON RESTAURATION ACTUALITES) NOUVEAU NOM : TENDANCES RESTAURATION,Print,Bouclage,23/04/2026,9 Numéros / an,,
tendance-restauration::print,BRA (BOISSON RESTAURATION ACTUALITES) NOUVEAU NOM : TENDANCES RESTAURATION,Print,Bouclage,02/06/2026,9 Numéros / an,,
tendance-restauration::print,BRA (BOISSON RESTAURATION ACTUALITES) NOUVEAU NOM : TENDANCES RESTAURATION,Print,Bouclage,18/08/2026,9 Numéros / an,,
tendance-restauration::print,BRA (BOISSON RESTAURATION ACTUALITES) NOUVEAU NOM : TENDANCES RESTAURATION,Print,Bouclage,16/09/2026,9 Numéros / an,,
tendance-restauration::print,BRA (BOISSON RESTAURATION ACTUALITES) NOUVEAU NOM : TENDANCES RESTAURATION,Print,Bouclage,15/10/2026,9 Numéros / an,,
tendance-restauration::print,BRA (BOISSON RESTAURATION ACTUALITES) NOUVEAU NOM : TENDANCES RESTAURATION,Print,Parution,28/02/2026,9 Numéros / an,,
tendance-restauration::print,BRA (BOISSON RESTAURATION ACTUALITES) NOUVEAU NOM : TENDANCES RESTAURATION,Print,Parution,01/04/2026,9 Numéros / an,,
tendance-restauration::print,BRA (BOISSON RESTAURATION ACTUALITES) NOUVEAU NOM : TENDANCES RESTAURATION,Print,Parution,09/04/2026,9 Numéros / an,,
tendance-restauration::print,BRA (BOISSON RESTAURATION ACTUALITES) NOUVEAU NOM : TENDANCES RESTAURATION,Print,Parution,12/05/2026,9 Numéros / an,,
tendance-restauration::print,BRA (BOISSON RESTAURATION ACTUALITES) NOUVEAU NOM : TENDANCES RESTAURATION,Print,Parution,18/06/2026,9 Numéros / an,,
tendance-restauration::print,BRA (BOISSON RESTAURATION ACTUALITES) NOUVEAU NOM : TENDANCES RESTAURATION,Print,Parution,03/09/2026,9 Numéros / an,,
tendance-restauration::print,BRA (BOISSON RESTAURATION ACTUALITES) NOUVEAU NOM : TENDANCES RESTAURATION,Print,Parution,02/10/2026,9 Numéros / an,,
tendance-restauration::print,BRA (BOISSON RESTAURATION ACTUALITES) NOUVEAU NOM : TENDANCES RESTAURATION,Print,Parution,31/10/2026,9 Numéros / an,,
btp-magazine::print,BTP MAGAZINE,Print,Bouclage,14/02/2025,Mensuel,,
btp-magazine::print,BTP MAGAZINE,Print,Bouclage,14/03/2025,Mensuel,,
btp-magazine::print,BTP MAGAZINE,Print,Bouclage,18/04/2025,Mensuel,,
btp-magazine::print,BTP MAGAZINE,Print,Bouclage,16/05/2025,Mensuel,,
btp-magazine::print,BTP MAGAZINE,Print,Bouclage,13/06/2025,Mensuel,,
btp-magazine::print,BTP MAGAZINE,Print,Bouclage,18/09/2025,Mensuel,,
btp-magazine::print,BTP MAGAZINE,Print,Bouclage,17/10/2025,Mensuel,,
btp-magazine::print,BTP MAGAZINE,Print,Bouclage,14/11/2025,Mensuel,,
btp-magazine::print,BTP MAGAZINE,Print,Bouclage,17/12/2025,Mensuel,,
btp-magazine::print,BTP MAGAZINE,Print,Parution,26/02/2025,Mensuel,,
btp-magazine::print,BTP MAGAZINE,Print,Parution,19/03/2025,Mensuel,,
btp-magazine::print,BTP MAGAZINE,Print,Parution,23/04/2025,Mensuel,,
btp-magazine::print,BTP MAGAZINE,Print,Parution,21/05/2025,Mensuel,,
btp-magazine::print,BTP MAGAZINE,Print,Parution,18/06/2025,Mensuel,,
btp-magazine::print,BTP MAGAZINE,Print,Parution,23/09/2025,Mensuel,,
btp-magazine::print,BTP MAGAZINE,Print,Parution,22/10/2025,Mensuel,,
btp-magazine::print,BTP MAGAZINE,Print,Parution,19/11/2025,Mensuel,,
btp-magazine::print,BTP MAGAZINE,Print,Parution,22/12/2025,Mensuel,,
les-cahiers-d-ophtalmologie::print,LES CAHIERS D'OPHTALMOLOGIE,Print,Bouclage,21/02/2025,Mensuel,,
les-cahiers-d-ophtalmologie::print,LES CAHIERS D'OPHTALMOLOGIE,Print,Bouclage,02/04/2025,Mensuel,,
les-cahiers-d-ophtalmologie::print,LES CAHIERS D'OPHTALMOLOGIE,Print,Bouclage,11/05/2025,Mensuel,,
les-cahiers-d-ophtalmologie::print,LES CAHIERS D'OPHTALMOLOGIE,Print,Bouclage,20/06/2025,Mensuel,,
les-cahiers-d-ophtalmologie::print,LES CAHIERS D'OPHTALMOLOGIE,Print,Bouclage,08/09/2025,Mensuel,,
les-cahiers-d-ophtalmologie::print,LES CAHIERS D'OPHTALMOLOGIE,Print,Bouclage,07/10/2025,Mensuel,,
les-cahiers-d-ophtalmologie::print,LES CAHIERS D'OPHTALMOLOGIE,Print,Bouclage,07/11/2025,Mensuel,,
les-cahiers-d-ophtalmologie::print,LES CAHIERS D'OPHTALMOLOGIE,Print,Bouclage,31/12/2025,Mensuel,,
les-cahiers-d-ophtalmologie::print,LES CAHIERS D'OPHTALMOLOGIE,Print,Parution,14/03/2025,Mensuel,,
les-cahiers-d-ophtalmologie::print,LES CAHIERS D'OPHTALMOLOGIE,Print,Parution,28/04/2025,Mensuel,,
les-cahiers-d-ophtalmologie::print,LES CAHIERS D'OPHTALMOLOGIE,Print,Parution,31/05/2025,Mensuel,,
les-cahiers-d-ophtalmologie::print,LES CAHIERS D'OPHTALMOLOGIE,Print,Parution,11/07/2025,Mensuel,,
les-cahiers-d-ophtalmologie::print,LES CAHIERS D'OPHTALMOLOGIE,Print,Parution,29/09/2025,Mensuel,,
les-cahiers-d-ophtalmologie::print,LES CAHIERS D'OPHTALMOLOGIE,Print,Parution,28/10/2025,Mensuel,,
les-cahiers-d-ophtalmologie::print,LES CAHIERS D'OPHTALMOLOGIE,Print,Parution,01/12/2025,Mensuel,,
les-cahiers-d-ophtalmologie::print,LES CAHIERS D'OPHTALMOLOGIE,Print,Parution,23/01/2026,Mensuel,,
les-cahier-de-la-nutrition::print,LES CAHIERS DE LA NUTRITION,Print,Bouclage,26/03/2026,Trimestriel,,
les-cahier-de-la-nutrition::print,LES CAHIERS DE LA NUTRITION,Print,Parution,mars,Trimestriel,,
les-cahier-de-la-nutrition::print,LES CAHIERS DE LA NUTRITION,Print,Bouclage,01/07/2026,Trimestriel,,
les-cahier-de-la-nutrition::print,LES CAHIERS DE LA NUTRITION,Print,Parution,juillet,Trimestriel,,
les-cahier-de-la-nutrition::print,LES CAHIERS DE LA NUTRITION,Print,Bouclage,27/10/2026,Trimestriel,,
les-cahier-de-la-nutrition::print,LES CAHIERS DE LA NUTRITION,Print,Parution,octobre,Trimestriel,,
les-cahier-de-la-nutrition::print,LES CAHIERS DE LA NUTRITION,Print,Bouclage,16/12/2026,Trimestriel,,
les-cahier-de-la-nutrition::print,LES CAHIERS DE LA NUTRITION,Print,Parution,dec,Trimestriel,,
caps-infos::print,CAPS INFOS,Print,Bouclage,15/01/2026,Mensuel,,
caps-infos::print,CAPS INFOS,Print,Bouclage,15/02/2026,Mensuel,,
caps-infos::print,CAPS INFOS,Print,Bouclage,15/03/2026,Mensuel,,
caps-infos::print,CAPS INFOS,Print,Bouclage,15/04/2026,Mensuel,,
caps-infos::print,CAPS INFOS,Print,Bouclage,15/05/2026,Mensuel,,
caps-infos::print,CAPS INFOS,Print,Bouclage,15/06/2026,Mensuel,,
caps-infos::print,CAPS INFOS,Print,Parution,15/07/2026,Mensuel,,
caps-infos::print,CAPS INFOS,Print,Parution,15/08/2026,Mensuel,,
caps-infos::print,CAPS INFOS,Print,Parution,15/09/2026,Mensuel,,
caps-infos::print,CAPS INFOS,Print,Parution,15/10/2026,Mensuel,,
caps-infos::print,CAPS INFOS,Print,Parution,15/11/2026,Mensuel,,
caps-infos::print,CAPS INFOS,Print,Parution,15/12/2026,Mensuel,,
cardiologie-pratique::print,CARDIOLOGIE PRATIQUE,Print,Bouclage,03/01/2025,Bimensuel,,
cardiologie-pratique::print,CARDIOLOGIE PRATIQUE,Print,Bouclage,03/02/2025,Bimensuel,,
cardiologie-pratique::print,CARDIOLOGIE PRATIQUE,Print,Bouclage,03/03/2025,Bimensuel,,
cardiologie-pratique::print,CARDIOLOGIE PRATIQUE,Print,Bouclage,03/04/2025,Bimensuel,,
cardiologie-pratique::print,CARDIOLOGIE PRATIQUE,Print,Bouclage,05/05/2025,Bimensuel,,
cardiologie-pratique::print,CARDIOLOGIE PRATIQUE,Print,Bouclage,02/06/2025,Bimensuel,,
cardiologie-pratique::print,CARDIOLOGIE PRATIQUE,Print,Bouclage,04/09/2025,Bimensuel,,
cardiologie-pratique::print,CARDIOLOGIE PRATIQUE,Print,Bouclage,03/10/2025,Bimensuel,,
cardiologie-pratique::print,CARDIOLOGIE PRATIQUE,Print,Bouclage,03/11/2025,Bimensuel,,
cardiologie-pratique::print,CARDIOLOGIE PRATIQUE,Print,Bouclage,02/12/2025,Bimensuel,,
cardiologie-pratique::print,CARDIOLOGIE PRATIQUE,Print,Parution,25/01/2025,Bimensuel,,
cardiologie-pratique::print,CARDIOLOGIE PRATIQUE,Print,Parution,25/02/2025,Bimensuel,,
cardiologie-pratique::print,CARDIOLOGIE PRATIQUE,Print,Parution,25/03/2025,Bimensuel,,
cardiologie-pratique::print,CARDIOLOGIE PRATIQUE,Print,Parution,25/04/2025,Bimensuel,,
cardiologie-pratique::print,CARDIOLOGIE PRATIQUE,Print,Parution,25/05/2025,Bimensuel,,
cardiologie-pratique::print,CARDIOLOGIE PRATIQUE,Print,Parution,25/06/2025,Bimensuel,,
cardiologie-pratique::print,CARDIOLOGIE PRATIQUE,Print,Parution,25/09/2025,Bimensuel,,
cardiologie-pratique::print,CARDIOLOGIE PRATIQUE,Print,Parution,25/10/2025,Bimensuel,,
cardiologie-pratique::print,CARDIOLOGIE PRATIQUE,Print,Parution,25/11/2025,Bimensuel,,
cardiologie-pratique::print,CARDIOLOGIE PRATIQUE,Print,Parution,25/12/2025,Bimensuel,,
carrosserie::print,CARROSSERIE,Print,Bouclage,12/01/2026,Mensuel,,
carrosserie::print,CARROSSERIE,Print,Bouclage,09/02/2026,Mensuel,,
carrosserie::print,CARROSSERIE,Print,Bouclage,11/03/2026,Mensuel,,
carrosserie::print,CARROSSERIE,Print,Bouclage,13/04/2026,Mensuel,,
carrosserie::print,CARROSSERIE,Print,Bouclage,09/06/2026,Mensuel,,
carrosserie::print,CARROSSERIE,Print,Bouclage,11/08/2026,Mensuel,,
carrosserie::print,CARROSSERIE,Print,Bouclage,10/09/2026,Mensuel,,
carrosserie::print,CARROSSERIE,Print,Bouclage,09/11/2026,Mensuel,,
carrosserie::print,CARROSSERIE,Print,Parution,31/01/2026,Mensuel,,
carrosserie::print,CARROSSERIE,Print,Parution,02/03/2026,Mensuel,,
carrosserie::print,CARROSSERIE,Print,Parution,01/04/2026,Mensuel,,
carrosserie::print,CARROSSERIE,Print,Parution,02/05/2026,Mensuel,,
carrosserie::print,CARROSSERIE,Print,Parution,30/06/2026,Mensuel,,
carrosserie::print,CARROSSERIE,Print,Parution,01/09/2026,Mensuel,,
carrosserie::print,CARROSSERIE,Print,Parution,01/10/2026,Mensuel,,
carrosserie::print,CARROSSERIE,Print,Parution,30/11/2026,Mensuel,,
cb-news::print,CB NEWS,Print,Bouclage,14/03/2025,Mensuel,,
cb-news::print,CB NEWS,Print,Bouclage,16/04/2025,Mensuel,,
cb-news::print,CB NEWS,Print,Bouclage,23/05/2025,Mensuel,,
cb-news::print,CB NEWS,Print,Parution,07/04/2025,Mensuel,,
cb-news::print,CB NEWS,Print,Parution,06/05/2025,Mensuel,,
cb-news::print,CB NEWS,Print,Parution,12/06/2025,Mensuel,,
cem::print,CEM,Print,Bouclage,06/02/2026,,,
cem::print,CEM,Print,Parution,fev,,,
cem::print,CEM,Print,Bouclage,10/04/2026,,,
cem::print,CEM,Print,Parution,avril,,,
cem::print,CEM,Print,Bouclage,05/06/2026,,,
cem::print,CEM,Print,Parution,juin,,,
cem::print,CEM,Print,Bouclage,02/10/2026,,,
cem::print,CEM,Print,Parution,octo,,,
cerveau-psycho::print,CERVEAU & PSYCHO,Print,Bouclage,17/02/2026,Mensuel,,
cerveau-psycho::print,CERVEAU & PSYCHO,Print,Parution,18/03/2026,Mensuel,,
cerveau-psycho::print,CERVEAU & PSYCHO,Print,Bouclage,17/03/2026,Mensuel,,
cerveau-psycho::print,CERVEAU & PSYCHO,Print,Parution,22/04/2026,Mensuel,,
cerveau-psycho::print,CERVEAU & PSYCHO,Print,Bouclage,14/04/2026,Mensuel,,
cerveau-psycho::print,CERVEAU & PSYCHO,Print,Parution,20/05/2026,Mensuel,,
cerveau-psycho::print,CERVEAU & PSYCHO,Print,Bouclage,18/05/2026,Mensuel,,
cerveau-psycho::print,CERVEAU & PSYCHO,Print,Parution,17/06/2026,Mensuel,,
cerveau-psycho::print,CERVEAU & PSYCHO,Print,Bouclage,23/06/2026,Mensuel,,
cerveau-psycho::print,CERVEAU & PSYCHO,Print,Parution,19/08/2026,Mensuel,,
cerveau-psycho::print,CERVEAU & PSYCHO,Print,Bouclage,18/08/2026,Mensuel,,
cerveau-psycho::print,CERVEAU & PSYCHO,Print,Parution,16/09/2026,Mensuel,,
cerveau-psycho::print,CERVEAU & PSYCHO,Print,Bouclage,15/09/2026,Mensuel,,
cerveau-psycho::print,CERVEAU & PSYCHO,Print,Parution,14/10/2026,Mensuel,,
cerveau-psycho::print,CERVEAU & PSYCHO,Print,Bouclage,13/10/2026,Mensuel,,
cerveau-psycho::print,CERVEAU & PSYCHO,Print,Parution,18/11/2026,Mensuel,,
chantiers-de-france::print,CHANTIERS DE FRANCE,Print,Bouclage,27/02/2026,Mensuel,,
chantiers-de-france::print,CHANTIERS DE FRANCE,Print,Bouclage,25/03/2026,Mensuel,,
chantiers-de-france::print,CHANTIERS DE FRANCE,Print,Bouclage,06/04/2026,Mensuel,,
chantiers-de-france::print,CHANTIERS DE FRANCE,Print,Bouclage,27/04/2026,Mensuel,,
chantiers-de-france::print,CHANTIERS DE FRANCE,Print,Bouclage,25/05/2026,Mensuel,,
chantiers-de-france::print,CHANTIERS DE FRANCE,Print,Bouclage,18/06/2026,Mensuel,,
chantiers-de-france::print,CHANTIERS DE FRANCE,Print,Bouclage,29/06/2026,Mensuel,,
chantiers-de-france::print,CHANTIERS DE FRANCE,Print,Bouclage,25/07/2026,Mensuel,,
chantiers-de-france::print,CHANTIERS DE FRANCE,Print,Parution,31/08/2026,Mensuel,,
chantiers-de-france::print,CHANTIERS DE FRANCE,Print,Parution,24/09/2026,Mensuel,,
chantiers-de-france::print,CHANTIERS DE FRANCE,Print,Parution,05/10/2026,Mensuel,,
chantiers-de-france::print,CHANTIERS DE FRANCE,Print,Parution,24/10/2026,Mensuel,,
chantiers-de-france::print,CHANTIERS DE FRANCE,Print,Parution,09/11/2026,Mensuel,,
chantiers-de-france::print,CHANTIERS DE FRANCE,Print,Parution,30/11/2026,Mensuel,,
charcuterie-gastronomie::print,CHARCUTERIE & GASTRONOMIE,Print,Bouclage,11/12/2024,Mensuel,,
charcuterie-gastronomie::print,CHARCUTERIE & GASTRONOMIE,Print,Bouclage,11/01/2025,Mensuel,,
charcuterie-gastronomie::print,CHARCUTERIE & GASTRONOMIE,Print,Bouclage,08/02/2025,Mensuel,,
charcuterie-gastronomie::print,CHARCUTERIE & GASTRONOMIE,Print,Bouclage,11/03/2025,Mensuel,,
charcuterie-gastronomie::print,CHARCUTERIE & GASTRONOMIE,Print,Bouclage,10/04/2025,Mensuel,,
charcuterie-gastronomie::print,CHARCUTERIE & GASTRONOMIE,Print,Bouclage,11/05/2025,Mensuel,,
charcuterie-gastronomie::print,CHARCUTERIE & GASTRONOMIE,Print,Bouclage,10/06/2025,Mensuel,,
charcuterie-gastronomie::print,CHARCUTERIE & GASTRONOMIE,Print,Bouclage,11/07/2025,Mensuel,,
charcuterie-gastronomie::print,CHARCUTERIE & GASTRONOMIE,Print,Bouclage,11/08/2025,Mensuel,,
charcuterie-gastronomie::print,CHARCUTERIE & GASTRONOMIE,Print,Bouclage,10/09/2025,Mensuel,,
charcuterie-gastronomie::print,CHARCUTERIE & GASTRONOMIE,Print,Bouclage,11/10/2025,Mensuel,,
charcuterie-gastronomie::print,CHARCUTERIE & GASTRONOMIE,Print,Bouclage,10/11/2025,Mensuel,,
charcuterie-gastronomie::print,CHARCUTERIE & GASTRONOMIE,Print,Parution,10/01/2025,Mensuel,,
charcuterie-gastronomie::print,CHARCUTERIE & GASTRONOMIE,Print,Parution,10/02/2025,Mensuel,,
charcuterie-gastronomie::print,CHARCUTERIE & GASTRONOMIE,Print,Parution,10/03/2025,Mensuel,,
charcuterie-gastronomie::print,CHARCUTERIE & GASTRONOMIE,Print,Parution,10/04/2025,Mensuel,,
charcuterie-gastronomie::print,CHARCUTERIE & GASTRONOMIE,Print,Parution,10/05/2025,Mensuel,,
charcuterie-gastronomie::print,CHARCUTERIE & GASTRONOMIE,Print,Parution,10/06/2025,Mensuel,,
charcuterie-gastronomie::print,CHARCUTERIE & GASTRONOMIE,Print,Parution,10/07/2025,Mensuel,,
charcuterie-gastronomie::print,CHARCUTERIE & GASTRONOMIE,Print,Parution,10/08/2025,Mensuel,,
charcuterie-gastronomie::print,CHARCUTERIE & GASTRONOMIE,Print,Parution,10/09/2025,Mensuel,,
charcuterie-gastronomie::print,CHARCUTERIE & GASTRONOMIE,Print,Parution,10/10/2025,Mensuel,,
charcuterie-gastronomie::print,CHARCUTERIE & GASTRONOMIE,Print,Parution,10/11/2025,Mensuel,,
charcuterie-gastronomie::print,CHARCUTERIE & GASTRONOMIE,Print,Parution,10/12/2025,Mensuel,,
chaud-froid-performance::print,CHAUD FROID PERFORMANCE,Print,Bouclage,28/01/2026,Mensuel,,
chaud-froid-performance::print,CHAUD FROID PERFORMANCE,Print,Parution,09/02/2026,Mensuel,,
chaud-froid-performance::print,CHAUD FROID PERFORMANCE,Print,Bouclage,27/02/2026,Mensuel,,
chaud-froid-performance::print,CHAUD FROID PERFORMANCE,Print,Parution,10/03/2026,Mensuel,,
chaud-froid-performance::print,CHAUD FROID PERFORMANCE,Print,Bouclage,27/03/2026,Mensuel,,
chaud-froid-performance::print,CHAUD FROID PERFORMANCE,Print,Parution,09/04/2026,Mensuel,,
chaud-froid-performance::print,CHAUD FROID PERFORMANCE,Print,Bouclage,28/04/2026,Mensuel,,
chaud-froid-performance::print,CHAUD FROID PERFORMANCE,Print,Parution,11/05/2026,Mensuel,,
chaud-froid-performance::print,CHAUD FROID PERFORMANCE,Print,Bouclage,28/05/2026,Mensuel,,
chaud-froid-performance::print,CHAUD FROID PERFORMANCE,Print,Parution,09/06/2026,Mensuel,,
chaud-froid-performance::print,CHAUD FROID PERFORMANCE,Print,Bouclage,22/06/2026,Mensuel,,
chaud-froid-performance::print,CHAUD FROID PERFORMANCE,Print,Parution,07/07/2026,Mensuel,,
chaud-froid-performance::print,CHAUD FROID PERFORMANCE,Print,Bouclage,21/08/2026,Mensuel,,
chaud-froid-performance::print,CHAUD FROID PERFORMANCE,Print,Parution,03/09/2026,Mensuel,,
chaud-froid-performance::print,CHAUD FROID PERFORMANCE,Print,Bouclage,18/09/2026,Mensuel,,
chaud-froid-performance::print,CHAUD FROID PERFORMANCE,Print,Parution,28/09/2026,Mensuel,,
chaud-froid-performance::print,CHAUD FROID PERFORMANCE,Print,Bouclage,27/10/2026,Mensuel,,
chaud-froid-performance::print,CHAUD FROID PERFORMANCE,Print,Parution,09/11/2026,Mensuel,,
chaud-froid-performance::print,CHAUD FROID PERFORMANCE,Print,Bouclage,27/11/2026,Mensuel,,
le-chef::print,LE CHEF,Print,Bouclage,09/02/2026,9 Numéros / an,,
le-chef::print,LE CHEF,Print,Parution,25/02/2026,9 Numéros / an,,
le-chef::print,LE CHEF,Print,Bouclage,17/03/2026,9 Numéros / an,,
le-chef::print,LE CHEF,Print,Parution,02/04/2026,9 Numéros / an,,
le-chef::print,LE CHEF,Print,Bouclage,15/04/2026,9 Numéros / an,,
le-chef::print,LE CHEF,Print,Parution,02/05/2026,9 Numéros / an,,
le-chef::print,LE CHEF,Print,Bouclage,28/05/2026,9 Numéros / an,,
le-chef::print,LE CHEF,Print,Parution,13/06/2026,9 Numéros / an,,
le-chef::print,LE CHEF,Print,Bouclage,12/08/2026,9 Numéros / an,,
le-chef::print,LE CHEF,Print,Parution,28/08/2026,9 Numéros / an,,
le-chef::print,LE CHEF,Print,Bouclage,18/09/2026,9 Numéros / an,,
le-chef::print,LE CHEF,Print,Parution,05/10/2026,9 Numéros / an,,
le-chef::print,LE CHEF,Print,Bouclage,13/10/2026,9 Numéros / an,,
le-chef::print,LE CHEF,Print,Parution,29/10/2026,9 Numéros / an,,
le-chef::print,LE CHEF,Print,Bouclage,12/11/2026,9 Numéros / an,,
le-chef::print,LE CHEF,Print,Parution,28/11/2026,9 Numéros / an,,
le-chirurgien-dentiste-de-france::print,LE CHIRURGIEN DENTISTE DE FRANCE,Print,Bouclage,14/02/2025,Hebdomadaire,,
le-chirurgien-dentiste-de-france::print,LE CHIRURGIEN DENTISTE DE FRANCE,Print,Bouclage,28/02/2025,Hebdomadaire,,
le-chirurgien-dentiste-de-france::print,LE CHIRURGIEN DENTISTE DE FRANCE,Print,Bouclage,14/03/2025,Hebdomadaire,,
le-chirurgien-dentiste-de-france::print,LE CHIRURGIEN DENTISTE DE FRANCE,Print,Bouclage,28/03/2025,Hebdomadaire,,
le-chirurgien-dentiste-de-france::print,LE CHIRURGIEN DENTISTE DE FRANCE,Print,Bouclage,11/04/2025,Hebdomadaire,,
le-chirurgien-dentiste-de-france::print,LE CHIRURGIEN DENTISTE DE FRANCE,Print,Bouclage,29/04/2025,Hebdomadaire,,
le-chirurgien-dentiste-de-france::print,LE CHIRURGIEN DENTISTE DE FRANCE,Print,Bouclage,16/05/2025,Hebdomadaire,,
le-chirurgien-dentiste-de-france::print,LE CHIRURGIEN DENTISTE DE FRANCE,Print,Bouclage,28/05/2025,Hebdomadaire,,
le-chirurgien-dentiste-de-france::print,LE CHIRURGIEN DENTISTE DE FRANCE,Print,Bouclage,13/06/2025,Hebdomadaire,,
le-chirurgien-dentiste-de-france::print,LE CHIRURGIEN DENTISTE DE FRANCE,Print,Bouclage,27/06/2025,Hebdomadaire,,
le-chirurgien-dentiste-de-france::print,LE CHIRURGIEN DENTISTE DE FRANCE,Print,Bouclage,11/07/2025,Hebdomadaire,,
le-chirurgien-dentiste-de-france::print,LE CHIRURGIEN DENTISTE DE FRANCE,Print,Bouclage,22/08/2025,Hebdomadaire,,
le-chirurgien-dentiste-de-france::print,LE CHIRURGIEN DENTISTE DE FRANCE,Print,Bouclage,05/09/2025,Hebdomadaire,,
le-chirurgien-dentiste-de-france::print,LE CHIRURGIEN DENTISTE DE FRANCE,Print,Bouclage,12/09/2025,Hebdomadaire,,
le-chirurgien-dentiste-de-france::print,LE CHIRURGIEN DENTISTE DE FRANCE,Print,Bouclage,26/09/2025,Hebdomadaire,,
le-chirurgien-dentiste-de-france::print,LE CHIRURGIEN DENTISTE DE FRANCE,Print,Bouclage,10/10/2025,Hebdomadaire,,
le-chirurgien-dentiste-de-france::print,LE CHIRURGIEN DENTISTE DE FRANCE,Print,Bouclage,24/10/2025,Hebdomadaire,,
le-chirurgien-dentiste-de-france::print,LE CHIRURGIEN DENTISTE DE FRANCE,Print,Bouclage,31/10/2025,Hebdomadaire,,
le-chirurgien-dentiste-de-france::print,LE CHIRURGIEN DENTISTE DE FRANCE,Print,Bouclage,07/11/2025,Hebdomadaire,,
le-chirurgien-dentiste-de-france::print,LE CHIRURGIEN DENTISTE DE FRANCE,Print,Bouclage,14/11/2025,Hebdomadaire,,
le-chirurgien-dentiste-de-france::print,LE CHIRURGIEN DENTISTE DE FRANCE,Print,Bouclage,21/11/2025,Hebdomadaire,,
le-chirurgien-dentiste-de-france::print,LE CHIRURGIEN DENTISTE DE FRANCE,Print,Bouclage,05/12/2025,Hebdomadaire,,
le-chirurgien-dentiste-de-france::print,LE CHIRURGIEN DENTISTE DE FRANCE,Print,Bouclage,16/12/2025,Hebdomadaire,,
la-classe-maternelle::print,LA CLASSE MATERNELLE,Print,Bouclage,06/12/2024,Mensuel,,
la-classe-maternelle::print,LA CLASSE MATERNELLE,Print,Parution,02/01/2025,Mensuel,,
la-classe-maternelle::print,LA CLASSE MATERNELLE,Print,Bouclage,05/02/2025,Mensuel,,
la-classe-maternelle::print,LA CLASSE MATERNELLE,Print,Parution,03/03/2025,Mensuel,,
la-classe-maternelle::print,LA CLASSE MATERNELLE,Print,Bouclage,04/04/2025,Mensuel,,
la-classe-maternelle::print,LA CLASSE MATERNELLE,Print,Parution,30/04/2025,Mensuel,,
la-classe-maternelle::print,LA CLASSE MATERNELLE,Print,Bouclage,18/07/2025,Mensuel,,
la-classe-maternelle::print,LA CLASSE MATERNELLE,Print,Parution,13/08/2025,Mensuel,,
la-classe-maternelle::print,LA CLASSE MATERNELLE,Print,Bouclage,31/07/2025,Mensuel,,
la-classe-maternelle::print,LA CLASSE MATERNELLE,Print,Parution,12/09/2025,Mensuel,,
la-classe-maternelle::print,LA CLASSE MATERNELLE,Print,Bouclage,07/10/2025,Mensuel,,
la-classe-maternelle::print,LA CLASSE MATERNELLE,Print,Parution,04/10/2025,Mensuel,,
la-classe::print,LA CLASSE,Print,Bouclage,10/12/2024,Mensuel,,
la-classe::print,LA CLASSE,Print,Parution,06/01/2025,Mensuel,,
la-classe::print,LA CLASSE,Print,Bouclage,10/02/2025,Mensuel,,
la-classe::print,LA CLASSE,Print,Parution,07/03/2025,Mensuel,,
la-classe::print,LA CLASSE,Print,Bouclage,09/04/2025,Mensuel,,
la-classe::print,LA CLASSE,Print,Parution,05/05/2025,Mensuel,,
la-classe::print,LA CLASSE,Print,Bouclage,24/07/2025,Mensuel,,
la-classe::print,LA CLASSE,Print,Parution,18/08/2025,Mensuel,,
la-classe::print,LA CLASSE,Print,Bouclage,26/08/2025,Mensuel,,
la-classe::print,LA CLASSE,Print,Parution,22/09/2025,Mensuel,,
la-classe::print,LA CLASSE,Print,Bouclage,10/10/2025,Mensuel,,
la-classe::print,LA CLASSE,Print,Parution,07/11/2025,Mensuel,,
le-concours-medical::print,LE CONCOURS MEDICAL,Print,Bouclage,12/01/2026,Mensuel,,
le-concours-medical::print,LE CONCOURS MEDICAL,Print,Bouclage,16/02/2025,Mensuel,,
le-concours-medical::print,LE CONCOURS MEDICAL,Print,Bouclage,16/03/2025,Mensuel,,
le-concours-medical::print,LE CONCOURS MEDICAL,Print,Bouclage,13/04/2025,Mensuel,,
le-concours-medical::print,LE CONCOURS MEDICAL,Print,Bouclage,11/05/2025,Mensuel,,
le-concours-medical::print,LE CONCOURS MEDICAL,Print,Bouclage,01/06/2025,Mensuel,,
le-concours-medical::print,LE CONCOURS MEDICAL,Print,Bouclage,08/09/2025,Mensuel,,
le-concours-medical::print,LE CONCOURS MEDICAL,Print,Bouclage,12/10/2025,Mensuel,,
le-concours-medical::print,LE CONCOURS MEDICAL,Print,Bouclage,10/11/2025,Mensuel,,
le-concours-medical::print,LE CONCOURS MEDICAL,Print,Bouclage,08/12/2025,Mensuel,,
le-concours-medical::print,LE CONCOURS MEDICAL,Print,Parution,21/01/2026,Mensuel,,
le-concours-medical::print,LE CONCOURS MEDICAL,Print,Parution,25/02/2025,Mensuel,,
le-concours-medical::print,LE CONCOURS MEDICAL,Print,Parution,25/03/2025,Mensuel,,
le-concours-medical::print,LE CONCOURS MEDICAL,Print,Parution,22/04/2025,Mensuel,,
le-concours-medical::print,LE CONCOURS MEDICAL,Print,Parution,20/05/2026,Mensuel,,
le-concours-medical::print,LE CONCOURS MEDICAL,Print,Parution,10/06/2026,Mensuel,,
le-concours-medical::print,LE CONCOURS MEDICAL,Print,Parution,16/09/2026,Mensuel,,
le-concours-medical::print,LE CONCOURS MEDICAL,Print,Parution,28/10/2026,Mensuel,,
le-concours-medical::print,LE CONCOURS MEDICAL,Print,Parution,25/11/2026,Mensuel,,
le-concours-medical::print,LE CONCOURS MEDICAL,Print,Parution,21/12/2026,Mensuel,,
conquerir::print,CONQUERIR,Print,Bouclage,05/03/2025,8 Numéros / an,,
conquerir::print,CONQUERIR,Print,Parution,17/03/2025,8 Numéros / an,,
conquerir::print,CONQUERIR,Print,Bouclage,04/05/2025,8 Numéros / an,,
conquerir::print,CONQUERIR,Print,Parution,13/05/2025,8 Numéros / an,,
conquerir::print,CONQUERIR,Print,Bouclage,05/06/2025,8 Numéros / an,,
conquerir::print,CONQUERIR,Print,Parution,17/06/2025,8 Numéros / an,,
conquerir::print,CONQUERIR,Print,Bouclage,12/09/2025,8 Numéros / an,,
conquerir::print,CONQUERIR,Print,Parution,23/09/2025,8 Numéros / an,,
conquerir::print,CONQUERIR,Print,Bouclage,27/10/2025,8 Numéros / an,,
conquerir::print,CONQUERIR,Print,Parution,12/11/2025,8 Numéros / an,,
conquerir::print,CONQUERIR,Print,Bouclage,21/11/2025,8 Numéros / an,,
conquerir::print,CONQUERIR,Print,Parution,09/12/2025,8 Numéros / an,,
construction-urbanisme::print,CONSTRUCTION URBANISME,Print,Parution,24/02/2025,Mensuel,,
construction-urbanisme::print,CONSTRUCTION URBANISME,Print,Parution,24/03/2025,Mensuel,,
construction-urbanisme::print,CONSTRUCTION URBANISME,Print,Parution,22/04/2025,Mensuel,,
construction-urbanisme::print,CONSTRUCTION URBANISME,Print,Parution,23/05/2025,Mensuel,,
construction-urbanisme::print,CONSTRUCTION URBANISME,Print,Parution,30/06/2025,Mensuel,,
construction-urbanisme::print,CONSTRUCTION URBANISME,Print,Parution,29/07/2025,Mensuel,,
construction-urbanisme::print,CONSTRUCTION URBANISME,Print,Parution,29/09/2025,Mensuel,,
construction-urbanisme::print,CONSTRUCTION URBANISME,Print,Parution,27/10/2025,Mensuel,,
construction-urbanisme::print,CONSTRUCTION URBANISME,Print,Parution,26/11/2025,Mensuel,,
construction-urbanisme::print,CONSTRUCTION URBANISME,Print,Parution,22/12/2025,Mensuel,,
copropriete-travaux::print,COPROPRIETE & TRAVAUX,Print,Bouclage,18/03/2025,Trimestriel,,
copropriete-travaux::print,COPROPRIETE & TRAVAUX,Print,Parution,31/03/2025,Trimestriel,,
copropriete-travaux::print,COPROPRIETE & TRAVAUX,Print,Bouclage,10/06/2025,Trimestriel,,
copropriete-travaux::print,COPROPRIETE & TRAVAUX,Print,Parution,17/06/2025,Trimestriel,,
copropriete-travaux::print,COPROPRIETE & TRAVAUX,Print,Bouclage,06/10/2025,Trimestriel,,
copropriete-travaux::print,COPROPRIETE & TRAVAUX,Print,Parution,10/10/2025,Trimestriel,,
copropriete-travaux::print,COPROPRIETE & TRAVAUX,Print,Bouclage,15/12/2025,Trimestriel,,
copropriete-travaux::print,COPROPRIETE & TRAVAUX,Print,Parution,20/12/2025,Trimestriel,,
le-courrier-du-meuble-et-de-l-habitat::print,LE COURRIER DU MEUBLE ET DE L'HABITAT,Print,Bouclage,22/01/2026,Mensuel,,
le-courrier-du-meuble-et-de-l-habitat::print,LE COURRIER DU MEUBLE ET DE L'HABITAT,Print,Parution,30/01/2026,Mensuel,,
le-courrier-du-meuble-et-de-l-habitat::print,LE COURRIER DU MEUBLE ET DE L'HABITAT,Print,Bouclage,19/02/2026,Mensuel,,
le-courrier-du-meuble-et-de-l-habitat::print,LE COURRIER DU MEUBLE ET DE L'HABITAT,Print,Parution,27/02/2026,Mensuel,,
le-courrier-du-meuble-et-de-l-habitat::print,LE COURRIER DU MEUBLE ET DE L'HABITAT,Print,Bouclage,19/03/2026,Mensuel,,
le-courrier-du-meuble-et-de-l-habitat::print,LE COURRIER DU MEUBLE ET DE L'HABITAT,Print,Parution,27/03/2026,Mensuel,,
le-courrier-du-meuble-et-de-l-habitat::print,LE COURRIER DU MEUBLE ET DE L'HABITAT,Print,Bouclage,22/04/2026,Mensuel,,
le-courrier-du-meuble-et-de-l-habitat::print,LE COURRIER DU MEUBLE ET DE L'HABITAT,Print,Parution,30/04/2026,Mensuel,,
le-courrier-du-meuble-et-de-l-habitat::print,LE COURRIER DU MEUBLE ET DE L'HABITAT,Print,Bouclage,21/05/2026,Mensuel,,
le-courrier-du-meuble-et-de-l-habitat::print,LE COURRIER DU MEUBLE ET DE L'HABITAT,Print,Parution,29/05/2026,Mensuel,,
le-courrier-du-meuble-et-de-l-habitat::print,LE COURRIER DU MEUBLE ET DE L'HABITAT,Print,Bouclage,18/06/2026,Mensuel,,
le-courrier-du-meuble-et-de-l-habitat::print,LE COURRIER DU MEUBLE ET DE L'HABITAT,Print,Parution,26/06/2026,Mensuel,,
le-courrier-du-meuble-et-de-l-habitat::print,LE COURRIER DU MEUBLE ET DE L'HABITAT,Print,Bouclage,20/08/2026,Mensuel,,
le-courrier-du-meuble-et-de-l-habitat::print,LE COURRIER DU MEUBLE ET DE L'HABITAT,Print,Parution,28/08/2026,Mensuel,,
le-courrier-du-meuble-et-de-l-habitat::print,LE COURRIER DU MEUBLE ET DE L'HABITAT,Print,Bouclage,18/09/2026,Mensuel,,
le-courrier-du-meuble-et-de-l-habitat::print,LE COURRIER DU MEUBLE ET DE L'HABITAT,Print,Parution,25/09/2026,Mensuel,,
le-courrier-du-meuble-et-de-l-habitat::print,LE COURRIER DU MEUBLE ET DE L'HABITAT,Print,Bouclage,22/10/2026,Mensuel,,
le-courrier-du-meuble-et-de-l-habitat::print,LE COURRIER DU MEUBLE ET DE L'HABITAT,Print,Parution,30/10/2026,Mensuel,,
le-courrier-du-meuble-et-de-l-habitat::print,LE COURRIER DU MEUBLE ET DE L'HABITAT,Print,Bouclage,03/12/2026,Mensuel,,
le-courrier-du-meuble-et-de-l-habitat::print,LE COURRIER DU MEUBLE ET DE L'HABITAT,Print,Parution,11/12/2026,Mensuel,,
la-cuisine-pro-la-rpf::print,LA CUISINE PRO (LA RPF),Print,Bouclage,13/02/2026,4 Numéros / an,,
la-cuisine-pro-la-rpf::print,LA CUISINE PRO (LA RPF),Print,Parution,11/03/2026,4 Numéros / an,,
la-cuisine-pro-la-rpf::print,LA CUISINE PRO (LA RPF),Print,Bouclage,07/05/2026,4 Numéros / an,,
la-cuisine-pro-la-rpf::print,LA CUISINE PRO (LA RPF),Print,Parution,03/06/2026,4 Numéros / an,,
la-cuisine-pro-la-rpf::print,LA CUISINE PRO (LA RPF),Print,Bouclage,25/09/2026,4 Numéros / an,,
la-cuisine-pro-la-rpf::print,LA CUISINE PRO (LA RPF),Print,Parution,21/10/2026,4 Numéros / an,,
la-cuisine-pro-la-rpf::print,LA CUISINE PRO (LA RPF),Print,Bouclage,23/11/2026,4 Numéros / an,,
la-cuisine-pro-la-rpf::print,LA CUISINE PRO (LA RPF),Print,Parution,23/12/2026,4 Numéros / an,,
cultures-marines::print,CULTURES MARINES,Print,Bouclage,15/04/2025,Mensuel,,
cultures-marines::print,CULTURES MARINES,Print,Parution,06/05/2025,Mensuel,,
cultures-marines::print,CULTURES MARINES,Print,Bouclage,15/06/2025,Mensuel,,
cultures-marines::print,CULTURES MARINES,Print,Parution,06/07/2025,Mensuel,,
cultures-marines::print,CULTURES MARINES,Print,Bouclage,14/08/2025,Mensuel,,
cultures-marines::print,CULTURES MARINES,Print,Parution,04/09/2025,Mensuel,,
cultures-marines::print,CULTURES MARINES,Print,Bouclage,15/10/2025,Mensuel,,
cultures-marines::print,CULTURES MARINES,Print,Parution,05/11/2025,Mensuel,,
d-architecture::print,D'ARCHITECTURE,Print,Bouclage,13/02/2026,Mensuel,,
d-architecture::print,D'ARCHITECTURE,Print,Parution,03/03/2026,Mensuel,,
d-architecture::print,D'ARCHITECTURE,Print,Bouclage,18/03/2026,Mensuel,,
d-architecture::print,D'ARCHITECTURE,Print,Parution,08/04/2026,Mensuel,,
d-architecture::print,D'ARCHITECTURE,Print,Bouclage,15/04/2026,Mensuel,,
d-architecture::print,D'ARCHITECTURE,Print,Parution,06/05/2026,Mensuel,,
d-architecture::print,D'ARCHITECTURE,Print,Bouclage,13/05/2026,Mensuel,,
d-architecture::print,D'ARCHITECTURE,Print,Parution,03/06/2026,Mensuel,,
d-architecture::print,D'ARCHITECTURE,Print,Bouclage,10/06/2026,Mensuel,,
d-architecture::print,D'ARCHITECTURE,Print,Parution,07/07/2026,Mensuel,,
d-architecture::print,D'ARCHITECTURE,Print,Bouclage,23/07/2026,Mensuel,,
d-architecture::print,D'ARCHITECTURE,Print,Parution,08/09/2026,Mensuel,,
d-architecture::print,D'ARCHITECTURE,Print,Bouclage,16/09/2026,Mensuel,,
d-architecture::print,D'ARCHITECTURE,Print,Parution,07/10/2026,Mensuel,,
d-architecture::print,D'ARCHITECTURE,Print,Bouclage,14/10/2026,Mensuel,,
d-architecture::print,D'ARCHITECTURE,Print,Parution,6/11/0202,Mensuel,,
d-architecture::print,D'ARCHITECTURE,Print,Bouclage,20/11/2026,Mensuel,,
d-architecture::print,D'ARCHITECTURE,Print,Parution,18/12/2026,Mensuel,,
d-o-actualites::print,D.O ACTUALITES,Print,Bouclage,,Hebdomadaire,,
d-o-actualites::print,D.O ACTUALITES,Print,Parution,,Hebdomadaire,,
d-o-actualites::print,D.O ACTUALITES,Print,Bouclage,,Hebdomadaire,,
d-o-actualites::print,D.O ACTUALITES,Print,Parution,,Hebdomadaire,,
d-o-actualites::print,D.O ACTUALITES,Print,Bouclage,,Hebdomadaire,,
d-o-actualites::print,D.O ACTUALITES,Print,Parution,,Hebdomadaire,,
d-o-actualites::print,D.O ACTUALITES,Print,Bouclage,,Hebdomadaire,,
d-o-actualites::print,D.O ACTUALITES,Print,Parution,,Hebdomadaire,,
d-o-actualites::print,D.O ACTUALITES,Print,Bouclage,,Hebdomadaire,,
d-o-actualites::print,D.O ACTUALITES,Print,Parution,,Hebdomadaire,,
d-o-actualites::print,D.O ACTUALITES,Print,Bouclage,,Hebdomadaire,,
d-o-actualites::print,D.O ACTUALITES,Print,Parution,,Hebdomadaire,,
d-o-actualites::print,D.O ACTUALITES,Print,Bouclage,,Hebdomadaire,,
d-o-actualites::print,D.O ACTUALITES,Print,Parution,,Hebdomadaire,,
d-o-actualites::print,D.O ACTUALITES,Print,Bouclage,,Hebdomadaire,,
d-o-actualites::print,D.O ACTUALITES,Print,Parution,,Hebdomadaire,,
d-o-actualites::print,D.O ACTUALITES,Print,Bouclage,,Hebdomadaire,,
d-o-actualites::print,D.O ACTUALITES,Print,Parution,,Hebdomadaire,,
d-o-actualites::print,D.O ACTUALITES,Print,Bouclage,,Hebdomadaire,,
d-o-actualites::print,D.O ACTUALITES,Print,Parution,,Hebdomadaire,,
d-o-actualites::print,D.O ACTUALITES,Print,Bouclage,,Hebdomadaire,,
d-o-actualites::print,D.O ACTUALITES,Print,Parution,,Hebdomadaire,,
d-o-actualites::print,D.O ACTUALITES,Print,Bouclage,,Hebdomadaire,,
d-o-actualites::print,D.O ACTUALITES,Print,Parution,,Hebdomadaire,,
daf-mag::print,DAF MAG,Print,Bouclage,04/03/2026,Trimestriel,,
daf-mag::print,DAF MAG,Print,Parution,18/03/2026,Trimestriel,,
daf-mag::print,DAF MAG,Print,Bouclage,20/05/2026,Trimestriel,,
daf-mag::print,DAF MAG,Print,Parution,05/06/2026,Trimestriel,,
daf-mag::print,DAF MAG,Print,Bouclage,28/08/2026,Trimestriel,,
daf-mag::print,DAF MAG,Print,Parution,11/09/2026,Trimestriel,,
daf-mag::print,DAF MAG,Print,Bouclage,05/11/2026,Trimestriel,,
daf-mag::print,DAF MAG,Print,Parution,20/11/2026,Trimestriel,,
decideurs-magazine::print,DECIDEURS MAGAZINE,Print,Bouclage,08/01/2026,Mensuel,,
decideurs-magazine::print,DECIDEURS MAGAZINE,Print,Bouclage,28/01/2026,Mensuel,,
decideurs-magazine::print,DECIDEURS MAGAZINE,Print,Bouclage,25/02/2026,Mensuel,,
decideurs-magazine::print,DECIDEURS MAGAZINE,Print,Bouclage,31/03/2026,Mensuel,,
decideurs-magazine::print,DECIDEURS MAGAZINE,Print,Bouclage,30/04/2026,Mensuel,,
decideurs-magazine::print,DECIDEURS MAGAZINE,Print,Bouclage,25/05/2026,Mensuel,,
decideurs-magazine::print,DECIDEURS MAGAZINE,Print,Bouclage,24/06/2026,Mensuel,,
decideurs-magazine::print,DECIDEURS MAGAZINE,Print,Bouclage,30/07/2026,Mensuel,,
decideurs-magazine::print,DECIDEURS MAGAZINE,Print,Bouclage,30/09/2026,Mensuel,,
decideurs-magazine::print,DECIDEURS MAGAZINE,Print,Bouclage,27/10/2026,Mensuel,,
decideurs-magazine::print,DECIDEURS MAGAZINE,Print,Bouclage,25/11/2026,Mensuel,,
decideurs-magazine::print,DECIDEURS MAGAZINE,Print,Parution,19/01/2026,Mensuel,,
decideurs-magazine::print,DECIDEURS MAGAZINE,Print,Parution,09/02/2026,Mensuel,,
decideurs-magazine::print,DECIDEURS MAGAZINE,Print,Parution,09/03/2026,Mensuel,,
decideurs-magazine::print,DECIDEURS MAGAZINE,Print,Parution,13/04/2026,Mensuel,,
decideurs-magazine::print,DECIDEURS MAGAZINE,Print,Parution,11/05/2026,Mensuel,,
decideurs-magazine::print,DECIDEURS MAGAZINE,Print,Parution,08/06/2026,Mensuel,,
decideurs-magazine::print,DECIDEURS MAGAZINE,Print,Parution,06/07/2026,Mensuel,,
decideurs-magazine::print,DECIDEURS MAGAZINE,Print,Parution,07/09/2026,Mensuel,,
decideurs-magazine::print,DECIDEURS MAGAZINE,Print,Parution,12/10/2026,Mensuel,,
decideurs-magazine::print,DECIDEURS MAGAZINE,Print,Parution,09/11/2026,Mensuel,,
decideurs-magazine::print,DECIDEURS MAGAZINE,Print,Parution,07/12/2026,Mensuel,,
decisions-hpa::print,DECISIONS HPA,Print,Bouclage,15/12/2024,Mensuel,,
decisions-hpa::print,DECISIONS HPA,Print,Parution,01/01/2025,Mensuel,,
decisions-hpa::print,DECISIONS HPA,Print,Bouclage,15/01/2025,Mensuel,,
decisions-hpa::print,DECISIONS HPA,Print,Parution,01/02/2025,Mensuel,,
decisions-hpa::print,DECISIONS HPA,Print,Bouclage,15/02/2025,Mensuel,,
decisions-hpa::print,DECISIONS HPA,Print,Parution,01/03/2025,Mensuel,,
decisions-hpa::print,DECISIONS HPA,Print,Bouclage,15/03/2025,Mensuel,,
decisions-hpa::print,DECISIONS HPA,Print,Parution,01/04/2025,Mensuel,,
decisions-hpa::print,DECISIONS HPA,Print,Bouclage,15/04/2025,Mensuel,,
decisions-hpa::print,DECISIONS HPA,Print,Parution,01/05/2025,Mensuel,,
decisions-hpa::print,DECISIONS HPA,Print,Bouclage,15/05/2025,Mensuel,,
decisions-hpa::print,DECISIONS HPA,Print,Parution,01/06/2025,Mensuel,,
decisions-hpa::print,DECISIONS HPA,Print,Bouclage,15/06/2025,Mensuel,,
decisions-hpa::print,DECISIONS HPA,Print,Parution,01/07/2025,Mensuel,,
decisions-hpa::print,DECISIONS HPA,Print,Bouclage,15/07/2025,Mensuel,,
decisions-hpa::print,DECISIONS HPA,Print,Parution,01/09/2025,Mensuel,,
decisions-hpa::print,DECISIONS HPA,Print,Bouclage,15/09/2025,Mensuel,,
decisions-hpa::print,DECISIONS HPA,Print,Parution,01/10/2025,Mensuel,,
decisions-hpa::print,DECISIONS HPA,Print,Bouclage,15/10/2025,Mensuel,,
decisions-hpa::print,DECISIONS HPA,Print,Parution,01/11/2025,Mensuel,,
decisions-hpa::print,DECISIONS HPA,Print,Bouclage,15/11/2025,Mensuel,,
decisions-hpa::print,DECISIONS HPA,Print,Parution,01/12/2025,Mensuel,,
decision-achats::print,DECISION ACHATS,Print,Bouclage,02/03/2026,4 Numéros / an,,
decision-achats::print,DECISION ACHATS,Print,Parution,18/03/2026,4 Numéros / an,,
decision-achats::print,DECISION ACHATS,Print,Bouclage,18/05/2026,4 Numéros / an,,
decision-achats::print,DECISION ACHATS,Print,Parution,05/06/2026,4 Numéros / an,,
decision-achats::print,DECISION ACHATS,Print,Bouclage,26/08/2026,4 Numéros / an,,
decision-achats::print,DECISION ACHATS,Print,Parution,11/09/2026,4 Numéros / an,,
decision-achats::print,DECISION ACHATS,Print,Bouclage,04/11/2026,4 Numéros / an,,
decision-achats::print,DECISION ACHATS,Print,Parution,20/11/2026,4 Numéros / an,,
decision-durable::print,DECISION DURABLE,Print,Bouclage,02/03/2026,4 NUMÉROS / AN,,
decision-durable::print,DECISION DURABLE,Print,Parution,,4 NUMÉROS / AN,,
decision-durable::print,DECISION DURABLE,Print,Bouclage,25/05/2026,4 NUMÉROS / AN,,
decision-durable::print,DECISION DURABLE,Print,Parution,,4 NUMÉROS / AN,,
decision-durable::print,DECISION DURABLE,Print,Bouclage,30/08/2026,4 NUMÉROS / AN,,
decision-durable::print,DECISION DURABLE,Print,Parution,,4 NUMÉROS / AN,,
decision-durable::print,DECISION DURABLE,Print,Bouclage,30/10/2026,4 NUMÉROS / AN,,
decision-durable::print,DECISION DURABLE,Print,Parution,,4 NUMÉROS / AN,,
defrenois::print,DEFRENOIS,Print,Parution,20/03/2025,Hebdomadaire,,
defrenois::print,DEFRENOIS,Print,Parution,03/04/2025,Hebdomadaire,,
defrenois::print,DEFRENOIS,Print,Parution,10/04/2025,Hebdomadaire,,
defrenois::print,DEFRENOIS,Print,Parution,17/04/2025,Hebdomadaire,,
defrenois::print,DEFRENOIS,Print,Parution,25/04/2025,Hebdomadaire,,
defrenois::print,DEFRENOIS,Print,Parution,02/05/2025,Hebdomadaire,,
defrenois::print,DEFRENOIS,Print,Parution,09/05/2025,Hebdomadaire,,
defrenois::print,DEFRENOIS,Print,Parution,15/05/2025,Hebdomadaire,,
defrenois::print,DEFRENOIS,Print,Parution,22/05/2025,Hebdomadaire,,
defrenois::print,DEFRENOIS,Print,Parution,05/06/2025,Hebdomadaire,,
defrenois::print,DEFRENOIS,Print,Parution,13/06/2025,Hebdomadaire,,
defrenois::print,DEFRENOIS,Print,Parution,19/06/2025,Hebdomadaire,,
defrenois::print,DEFRENOIS,Print,Parution,26/06/2025,Hebdomadaire,,
defrenois::print,DEFRENOIS,Print,Parution,03/07/2025,Hebdomadaire,,
defrenois::print,DEFRENOIS,Print,Parution,10/07/2025,Hebdomadaire,,
defrenois::print,DEFRENOIS,Print,Parution,18/07/2025,Hebdomadaire,,
defrenois::print,DEFRENOIS,Print,Parution,24/07/2025,Hebdomadaire,,
defrenois::print,DEFRENOIS,Print,Parution,21/08/2025,Hebdomadaire,,
defrenois::print,DEFRENOIS,Print,Parution,28/08/2025,Hebdomadaire,,
defrenois::print,DEFRENOIS,Print,Parution,04/09/2025,Hebdomadaire,,
defrenois::print,DEFRENOIS,Print,Parution,11/09/2025,Hebdomadaire,,
defrenois::print,DEFRENOIS,Print,Parution,18/09/2025,Hebdomadaire,,
defrenois::print,DEFRENOIS,Print,Parution,02/10/2025,Hebdomadaire,,
defrenois::print,DEFRENOIS,Print,Parution,09/10/2025,Hebdomadaire,,
defrenois::print,DEFRENOIS,Print,Parution,16/10/2025,Hebdomadaire,,
defrenois::print,DEFRENOIS,Print,Parution,23/10/2025,Hebdomadaire,,
defrenois::print,DEFRENOIS,Print,Parution,30/10/2025,Hebdomadaire,,
defrenois::print,DEFRENOIS,Print,Parution,06/11/2025,Hebdomadaire,,
defrenois::print,DEFRENOIS,Print,Parution,20/11/2025,Hebdomadaire,,
defrenois::print,DEFRENOIS,Print,Parution,27/11/2025,Hebdomadaire,,
defrenois::print,DEFRENOIS,Print,Parution,04/12/2025,Hebdomadaire,,
defrenois::print,DEFRENOIS,Print,Parution,11/12/2025,Hebdomadaire,,
defrenois::print,DEFRENOIS,Print,Parution,18/12/2025,Hebdomadaire,,
dentaire-365-orthodontie::print,DENTAIRE 365 ORTHODONTIE,Print,Bouclage,03/02/2026,4 Numéros / an,,
dentaire-365-orthodontie::print,DENTAIRE 365 ORTHODONTIE,Print,Bouclage,27/04/2026,4 Numéros / an,,
dentaire-365-orthodontie::print,DENTAIRE 365 ORTHODONTIE,Print,Bouclage,26/08/2026,4 Numéros / an,,
dentaire-365-orthodontie::print,DENTAIRE 365 ORTHODONTIE,Print,Bouclage,28/09/2026,4 Numéros / an,,
dentaire-365-orthodontie::print,DENTAIRE 365 ORTHODONTIE,Print,Parution,18/02/2026,4 Numéros / an,,
dentaire-365-orthodontie::print,DENTAIRE 365 ORTHODONTIE,Print,Parution,12/05/2026,4 Numéros / an,,
dentaire-365-orthodontie::print,DENTAIRE 365 ORTHODONTIE,Print,Parution,10/09/2026,4 Numéros / an,,
dentaire-365-orthodontie::print,DENTAIRE 365 ORTHODONTIE,Print,Parution,13/10/2026,4 Numéros / an,,
la-depeche-veterinaire::print,LA DEPECHE VETERINAIRE,Print,Bouclage,13/02/2026,Hebdomadaire,,
la-depeche-veterinaire::print,LA DEPECHE VETERINAIRE,Print,Parution,28/02/2026,Hebdomadaire,,
la-depeche-veterinaire::print,LA DEPECHE VETERINAIRE,Print,Bouclage,20/02/2026,Hebdomadaire,,
la-depeche-veterinaire::print,LA DEPECHE VETERINAIRE,Print,Parution,07/03/2026,Hebdomadaire,,
la-depeche-veterinaire::print,LA DEPECHE VETERINAIRE,Print,Bouclage,27/02/2026,Hebdomadaire,,
la-depeche-veterinaire::print,LA DEPECHE VETERINAIRE,Print,Parution,14/03/2026,Hebdomadaire,,
la-depeche-veterinaire::print,LA DEPECHE VETERINAIRE,Print,Bouclage,06/03/2026,Hebdomadaire,,
la-depeche-veterinaire::print,LA DEPECHE VETERINAIRE,Print,Parution,21/03/2026,Hebdomadaire,,
la-depeche-veterinaire::print,LA DEPECHE VETERINAIRE,Print,Bouclage,13/03/2026,Hebdomadaire,,
la-depeche-veterinaire::print,LA DEPECHE VETERINAIRE,Print,Parution,28/03/2026,Hebdomadaire,,
la-depeche-veterinaire::print,LA DEPECHE VETERINAIRE,Print,Bouclage,20/03/2026,Hebdomadaire,,
la-depeche-veterinaire::print,LA DEPECHE VETERINAIRE,Print,Parution,04/04/2026,Hebdomadaire,,
la-depeche-veterinaire::print,LA DEPECHE VETERINAIRE,Print,Bouclage,27/03/2026,Hebdomadaire,,
la-depeche-veterinaire::print,LA DEPECHE VETERINAIRE,Print,Parution,11/04/2026,Hebdomadaire,,
la-depeche-veterinaire::print,LA DEPECHE VETERINAIRE,Print,Bouclage,03/04/2026,Hebdomadaire,,
la-depeche-veterinaire::print,LA DEPECHE VETERINAIRE,Print,Parution,18/04/2026,Hebdomadaire,,
la-depeche-veterinaire::print,LA DEPECHE VETERINAIRE,Print,Bouclage,10/04/2026,Hebdomadaire,,
la-depeche-veterinaire::print,LA DEPECHE VETERINAIRE,Print,Parution,25/04/2026,Hebdomadaire,,
la-depeche-veterinaire::print,LA DEPECHE VETERINAIRE,Print,Bouclage,24/04/2026,Hebdomadaire,,
la-depeche-veterinaire::print,LA DEPECHE VETERINAIRE,Print,Parution,09/05/2026,Hebdomadaire,,
la-depeche-veterinaire::print,LA DEPECHE VETERINAIRE,Print,Bouclage,01/05/2026,Hebdomadaire,,
la-depeche-veterinaire::print,LA DEPECHE VETERINAIRE,Print,Parution,16/05/2026,Hebdomadaire,,
la-depeche-veterinaire::print,LA DEPECHE VETERINAIRE,Print,Bouclage,08/05/2026,Hebdomadaire,,
la-depeche-veterinaire::print,LA DEPECHE VETERINAIRE,Print,Parution,23/05/2026,Hebdomadaire,,
la-depeche-veterinaire::print,LA DEPECHE VETERINAIRE,Print,Bouclage,15/05/2026,Hebdomadaire,,
la-depeche-veterinaire::print,LA DEPECHE VETERINAIRE,Print,Parution,30/05/2026,Hebdomadaire,,
la-depeche-veterinaire::print,LA DEPECHE VETERINAIRE,Print,Bouclage,22/05/2026,Hebdomadaire,,
la-depeche-veterinaire::print,LA DEPECHE VETERINAIRE,Print,Parution,06/06/2026,Hebdomadaire,,
la-depeche-veterinaire::print,LA DEPECHE VETERINAIRE,Print,Bouclage,29/05/2026,Hebdomadaire,,
la-depeche-veterinaire::print,LA DEPECHE VETERINAIRE,Print,Parution,13/06/2026,Hebdomadaire,,
la-depeche-veterinaire::print,LA DEPECHE VETERINAIRE,Print,Bouclage,05/06/2026,Hebdomadaire,,
la-depeche-veterinaire::print,LA DEPECHE VETERINAIRE,Print,Parution,20/06/2026,Hebdomadaire,,
la-depeche-veterinaire::print,LA DEPECHE VETERINAIRE,Print,Bouclage,12/06/2026,Hebdomadaire,,
la-depeche-veterinaire::print,LA DEPECHE VETERINAIRE,Print,Parution,27/06/2026,Hebdomadaire,,
la-depeche-veterinaire::print,LA DEPECHE VETERINAIRE,Print,Bouclage,19/06/2026,Hebdomadaire,,
la-depeche-veterinaire::print,LA DEPECHE VETERINAIRE,Print,Parution,04/07/2026,Hebdomadaire,,
la-depeche-veterinaire::print,LA DEPECHE VETERINAIRE,Print,Bouclage,14/08/2026,Hebdomadaire,,
la-depeche-veterinaire::print,LA DEPECHE VETERINAIRE,Print,Parution,29/08/2026,Hebdomadaire,,
la-depeche-veterinaire::print,LA DEPECHE VETERINAIRE,Print,Bouclage,21/08/2026,Hebdomadaire,,
la-depeche-veterinaire::print,LA DEPECHE VETERINAIRE,Print,Parution,05/09/2026,Hebdomadaire,,
la-depeche-veterinaire::print,LA DEPECHE VETERINAIRE,Print,Bouclage,28/08/2026,Hebdomadaire,,
la-depeche-veterinaire::print,LA DEPECHE VETERINAIRE,Print,Parution,12/09/2026,Hebdomadaire,,
la-depeche-veterinaire::print,LA DEPECHE VETERINAIRE,Print,Bouclage,04/09/2026,Hebdomadaire,,
la-depeche-veterinaire::print,LA DEPECHE VETERINAIRE,Print,Parution,19/09/2026,Hebdomadaire,,
la-depeche-veterinaire::print,LA DEPECHE VETERINAIRE,Print,Bouclage,11/09/2026,Hebdomadaire,,
la-depeche-veterinaire::print,LA DEPECHE VETERINAIRE,Print,Parution,26/09/2026,Hebdomadaire,,
la-depeche-veterinaire::print,LA DEPECHE VETERINAIRE,Print,Bouclage,18/09/2026,Hebdomadaire,,
la-depeche-veterinaire::print,LA DEPECHE VETERINAIRE,Print,Parution,03/10/2026,Hebdomadaire,,
la-depeche-veterinaire::print,LA DEPECHE VETERINAIRE,Print,Bouclage,25/09/2026,Hebdomadaire,,
la-depeche-veterinaire::print,LA DEPECHE VETERINAIRE,Print,Parution,10/10/2026,Hebdomadaire,,
la-depeche-veterinaire::print,LA DEPECHE VETERINAIRE,Print,Bouclage,02/10/2026,Hebdomadaire,,
la-depeche-veterinaire::print,LA DEPECHE VETERINAIRE,Print,Parution,17/10/2026,Hebdomadaire,,
la-depeche-veterinaire::print,LA DEPECHE VETERINAIRE,Print,Bouclage,09/10/2026,Hebdomadaire,,
la-depeche-veterinaire::print,LA DEPECHE VETERINAIRE,Print,Parution,24/10/2026,Hebdomadaire,,
la-depeche-veterinaire::print,LA DEPECHE VETERINAIRE,Print,Bouclage,23/10/2026,Hebdomadaire,,
la-depeche-veterinaire::print,LA DEPECHE VETERINAIRE,Print,Parution,07/11/2026,Hebdomadaire,,
la-depeche-veterinaire::print,LA DEPECHE VETERINAIRE,Print,Bouclage,30/10/2026,Hebdomadaire,,
la-depeche-veterinaire::print,LA DEPECHE VETERINAIRE,Print,Parution,14/11/2026,Hebdomadaire,,
la-depeche-veterinaire::print,LA DEPECHE VETERINAIRE,Print,Bouclage,06/11/2026,Hebdomadaire,,
la-depeche-veterinaire::print,LA DEPECHE VETERINAIRE,Print,Parution,21/11/2026,Hebdomadaire,,
la-depeche-veterinaire::print,LA DEPECHE VETERINAIRE,Print,Bouclage,13/11/2026,Hebdomadaire,,
la-depeche-veterinaire::print,LA DEPECHE VETERINAIRE,Print,Parution,28/11/2026,Hebdomadaire,,
la-depeche-veterinaire::print,LA DEPECHE VETERINAIRE,Print,Bouclage,20/11/2026,Hebdomadaire,,
la-depeche-veterinaire::print,LA DEPECHE VETERINAIRE,Print,Parution,05/12/2026,Hebdomadaire,,
la-depeche-veterinaire::print,LA DEPECHE VETERINAIRE,Print,Bouclage,27/11/2026,Hebdomadaire,,
la-depeche-veterinaire::print,LA DEPECHE VETERINAIRE,Print,Parution,12/12/2026,Hebdomadaire,,
la-depeche-veterinaire::print,LA DEPECHE VETERINAIRE,Print,Bouclage,04/12/2026,Hebdomadaire,,
la-depeche-veterinaire::print,LA DEPECHE VETERINAIRE,Print,Parution,19/12/2026,Hebdomadaire,,
la-depeche-veterinaire::print,LA DEPECHE VETERINAIRE,Print,Bouclage,10/12/2026,Hebdomadaire,,
la-depeche-veterinaire::print,LA DEPECHE VETERINAIRE,Print,Parution,25/12/2026,Hebdomadaire,,
dermatologie-pratique::print,DERMATOLOGIE PRATIQUE,Print,Parution,25/01/2025,Mensuel,,
dermatologie-pratique::print,DERMATOLOGIE PRATIQUE,Print,Parution,25/02/2025,Mensuel,,
dermatologie-pratique::print,DERMATOLOGIE PRATIQUE,Print,Parution,25/03/2025,Mensuel,,
dermatologie-pratique::print,DERMATOLOGIE PRATIQUE,Print,Parution,25/04/2025,Mensuel,,
dermatologie-pratique::print,DERMATOLOGIE PRATIQUE,Print,Parution,25/05/2025,Mensuel,,
dermatologie-pratique::print,DERMATOLOGIE PRATIQUE,Print,Parution,25/06/2025,Mensuel,,
dermatologie-pratique::print,DERMATOLOGIE PRATIQUE,Print,Parution,25/09/2025,Mensuel,,
dermatologie-pratique::print,DERMATOLOGIE PRATIQUE,Print,Parution,25/10/2025,Mensuel,,
dermatologie-pratique::print,DERMATOLOGIE PRATIQUE,Print,Parution,25/11/2025,Mensuel,,
dermatologie-pratique::print,DERMATOLOGIE PRATIQUE,Print,Parution,25/12/2025,Mensuel,,
diabete-et-obesite::print,DIABETE ET OBESITE,Print,Parution,30/01/2025,Mensuel,,
diabete-et-obesite::print,DIABETE ET OBESITE,Print,Parution,,Mensuel,,
diabete-et-obesite::print,DIABETE ET OBESITE,Print,Parution,30/03/2025,Mensuel,,
diabete-et-obesite::print,DIABETE ET OBESITE,Print,Parution,30/04/2025,Mensuel,,
diabete-et-obesite::print,DIABETE ET OBESITE,Print,Parution,30/05/2025,Mensuel,,
diabete-et-obesite::print,DIABETE ET OBESITE,Print,Parution,30/06/2025,Mensuel,,
diabete-et-obesite::print,DIABETE ET OBESITE,Print,Parution,30/07/2025,Mensuel,,
diabete-et-obesite::print,DIABETE ET OBESITE,Print,Parution,30/09/2025,Mensuel,,
diabete-et-obesite::print,DIABETE ET OBESITE,Print,Parution,30/10/2025,Mensuel,,
diabete-et-obesite::print,DIABETE ET OBESITE,Print,Parution,30/11/2025,Mensuel,,
diabete-et-obesite::print,DIABETE ET OBESITE,Print,Parution,30/12/2025,Mensuel,,
diabetologie-pratique::print,DIABETOLOGIE PRATIQUE,Print,Bouclage,28/01/2025,5 Numéros / an,,
diabetologie-pratique::print,DIABETOLOGIE PRATIQUE,Print,Parution,25/02/2025,5 Numéros / an,,
diabetologie-pratique::print,DIABETOLOGIE PRATIQUE,Print,Bouclage,25/03/2025,5 Numéros / an,,
diabetologie-pratique::print,DIABETOLOGIE PRATIQUE,Print,Parution,25/04/2025,5 Numéros / an,,
diabetologie-pratique::print,DIABETOLOGIE PRATIQUE,Print,Bouclage,27/05/2025,5 Numéros / an,,
diabetologie-pratique::print,DIABETOLOGIE PRATIQUE,Print,Parution,25/06/2025,5 Numéros / an,,
diabetologie-pratique::print,DIABETOLOGIE PRATIQUE,Print,Bouclage,30/09/2025,5 Numéros / an,,
diabetologie-pratique::print,DIABETOLOGIE PRATIQUE,Print,Parution,25/10/2025,5 Numéros / an,,
diabetologie-pratique::print,DIABETOLOGIE PRATIQUE,Print,Bouclage,25/11/2025,5 Numéros / an,,
diabetologie-pratique::print,DIABETOLOGIE PRATIQUE,Print,Parution,25/12/2025,5 Numéros / an,,
direction::print,DIRECTION,Print,Bouclage,24/02/2025,Bimestriel,,
direction::print,DIRECTION,Print,Parution,15/03/2025,Bimestriel,,
direction::print,DIRECTION,Print,Bouclage,15/04/2025,Bimestriel,,
direction::print,DIRECTION,Print,Parution,15/05/2025,Bimestriel,,
direction::print,DIRECTION,Print,Bouclage,15/06/2025,Bimestriel,,
direction::print,DIRECTION,Print,Parution,12/07/2025,Bimestriel,,
direction::print,DIRECTION,Print,Bouclage,15/09/2025,Bimestriel,,
direction::print,DIRECTION,Print,Parution,06/10/2025,Bimestriel,,
direction::print,DIRECTION,Print,Bouclage,15/11/2025,Bimestriel,,
direction::print,DIRECTION,Print,Parution,10/12/2025,Bimestriel,,
direction-s::print,DIRECTION(S),Print,Bouclage,18/03/2025,Mensuel,,
direction-s::print,DIRECTION(S),Print,Parution,08/04/2025,Mensuel,,
direction-s::print,DIRECTION(S),Print,Bouclage,22/04/2025,Mensuel,,
direction-s::print,DIRECTION(S),Print,Parution,13/05/2025,Mensuel,,
direction-s::print,DIRECTION(S),Print,Bouclage,20/05/2025,Mensuel,,
direction-s::print,DIRECTION(S),Print,Parution,10/06/2025,Mensuel,,
direction-s::print,DIRECTION(S),Print,Bouclage,17/06/2025,Mensuel,,
direction-s::print,DIRECTION(S),Print,Parution,08/07/2025,Mensuel,,
direction-s::print,DIRECTION(S),Print,Bouclage,25/07/2025,Mensuel,,
direction-s::print,DIRECTION(S),Print,Parution,15/08/2025,Mensuel,,
direction-s::print,DIRECTION(S),Print,Bouclage,16/09/2025,Mensuel,,
direction-s::print,DIRECTION(S),Print,Parution,07/10/2025,Mensuel,,
direction-s::print,DIRECTION(S),Print,Bouclage,14/10/2025,Mensuel,,
direction-s::print,DIRECTION(S),Print,Parution,04/11/2025,Mensuel,,
direction-s::print,DIRECTION(S),Print,Bouclage,16/11/2025,Mensuel,,
direction-s::print,DIRECTION(S),Print,Parution,07/12/2025,Mensuel,,
droit-de-la-famille::print,DROIT DE LA FAMILLE,Print,Bouclage,27/02/2025,Mensuel,,
droit-de-la-famille::print,DROIT DE LA FAMILLE,Print,Parution,20/03/2025,Mensuel,,
droit-de-la-famille::print,DROIT DE LA FAMILLE,Print,Bouclage,19/03/2025,Mensuel,,
droit-de-la-famille::print,DROIT DE LA FAMILLE,Print,Parution,09/04/2025,Mensuel,,
droit-de-la-famille::print,DROIT DE LA FAMILLE,Print,Bouclage,30/04/2025,Mensuel,,
droit-de-la-famille::print,DROIT DE LA FAMILLE,Print,Parution,21/05/2025,Mensuel,,
droit-de-la-famille::print,DROIT DE LA FAMILLE,Print,Bouclage,03/06/2025,Mensuel,,
droit-de-la-famille::print,DROIT DE LA FAMILLE,Print,Parution,24/06/2025,Mensuel,,
droit-de-la-famille::print,DROIT DE LA FAMILLE,Print,Bouclage,18/06/2025,Mensuel,,
droit-de-la-famille::print,DROIT DE LA FAMILLE,Print,Parution,09/07/2025,Mensuel,,
droit-de-la-famille::print,DROIT DE LA FAMILLE,Print,Bouclage,21/07/2025,Mensuel,,
droit-de-la-famille::print,DROIT DE LA FAMILLE,Print,Parution,11/08/2025,Mensuel,,
droit-de-la-famille::print,DROIT DE LA FAMILLE,Print,Bouclage,17/09/2025,Mensuel,,
droit-de-la-famille::print,DROIT DE LA FAMILLE,Print,Parution,08/10/2025,Mensuel,,
droit-de-la-famille::print,DROIT DE LA FAMILLE,Print,Bouclage,17/10/2025,Mensuel,,
droit-de-la-famille::print,DROIT DE LA FAMILLE,Print,Parution,07/11/2025,Mensuel,,
droit-de-la-famille::print,DROIT DE LA FAMILLE,Print,Bouclage,19/11/2025,Mensuel,,
droit-de-la-famille::print,DROIT DE LA FAMILLE,Print,Parution,10/12/2025,Mensuel,,
droit-penal::print,DROIT PENAL,Print,Bouclage,24/02/2025,Mensuel,,
droit-penal::print,DROIT PENAL,Print,Parution,17/03/2025,Mensuel,,
droit-penal::print,DROIT PENAL,Print,Bouclage,24/03/2025,Mensuel,,
droit-penal::print,DROIT PENAL,Print,Parution,14/04/2025,Mensuel,,
droit-penal::print,DROIT PENAL,Print,Bouclage,25/04/2025,Mensuel,,
droit-penal::print,DROIT PENAL,Print,Parution,16/05/2025,Mensuel,,
droit-penal::print,DROIT PENAL,Print,Bouclage,27/05/2025,Mensuel,,
droit-penal::print,DROIT PENAL,Print,Parution,17/06/2025,Mensuel,,
droit-penal::print,DROIT PENAL,Print,Bouclage,24/06/2025,Mensuel,,
droit-penal::print,DROIT PENAL,Print,Parution,15/07/2025,Mensuel,,
droit-penal::print,DROIT PENAL,Print,Bouclage,01/09/2025,Mensuel,,
droit-penal::print,DROIT PENAL,Print,Parution,22/09/2025,Mensuel,,
droit-penal::print,DROIT PENAL,Print,Bouclage,29/09/2025,Mensuel,,
droit-penal::print,DROIT PENAL,Print,Parution,20/10/2025,Mensuel,,
droit-penal::print,DROIT PENAL,Print,Bouclage,29/10/2025,Mensuel,,
droit-penal::print,DROIT PENAL,Print,Parution,19/11/2025,Mensuel,,
droit-penal::print,DROIT PENAL,Print,Bouclage,24/11/2025,Mensuel,,
droit-penal::print,DROIT PENAL,Print,Parution,15/12/2025,Mensuel,,
dynamique-entrepreneuriale::print,DYNAMIQUE ENTREPRENEURIALE,Print,Bouclage,18/02/2025,Bimestriel,,
dynamique-entrepreneuriale::print,DYNAMIQUE ENTREPRENEURIALE,Print,Parution,25/02/2025,Bimestriel,,
dynamique-entrepreneuriale::print,DYNAMIQUE ENTREPRENEURIALE,Print,Bouclage,31/03/2025,Bimestriel,,
dynamique-entrepreneuriale::print,DYNAMIQUE ENTREPRENEURIALE,Print,Parution,07/04/2025,Bimestriel,,
dynamique-entrepreneuriale::print,DYNAMIQUE ENTREPRENEURIALE,Print,Bouclage,02/06/2025,Bimestriel,,
dynamique-entrepreneuriale::print,DYNAMIQUE ENTREPRENEURIALE,Print,Parution,09/06/2025,Bimestriel,,
dynamique-entrepreneuriale::print,DYNAMIQUE ENTREPRENEURIALE,Print,Bouclage,29/09/2025,Bimestriel,,
dynamique-entrepreneuriale::print,DYNAMIQUE ENTREPRENEURIALE,Print,Parution,06/10/2025,Bimestriel,,
dynamique-entrepreneuriale::print,DYNAMIQUE ENTREPRENEURIALE,Print,Bouclage,24/11/2025,Bimestriel,,
dynamique-entrepreneuriale::print,DYNAMIQUE ENTREPRENEURIALE,Print,Parution,01/12/2025,Bimestriel,,
l-eclaireur-des-coiffeur::print,L'ECLAIREUR DES COIFFEURS,Print,Bouclage,02/06/2025,Bimestriel,,
l-eclaireur-des-coiffeur::print,L'ECLAIREUR DES COIFFEURS,Print,Parution,23/06/2025,Bimestriel,,
l-eclaireur-des-coiffeur::print,L'ECLAIREUR DES COIFFEURS,Print,Bouclage,28/07/2025,Bimestriel,,
l-eclaireur-des-coiffeur::print,L'ECLAIREUR DES COIFFEURS,Print,Parution,13/09/2025,Bimestriel,,
l-eclaireur-des-coiffeur::print,L'ECLAIREUR DES COIFFEURS,Print,Bouclage,27/10/2025,Bimestriel,,
l-eclaireur-des-coiffeur::print,L'ECLAIREUR DES COIFFEURS,Print,Parution,17/11/2025,Bimestriel,,
ecommerce::print,ECOMMERCE,Print,Bouclage,19/02/2026,4 Numéros / an,,
ecommerce::print,ECOMMERCE,Print,Parution,05/03/2026,4 Numéros / an,,
ecommerce::print,ECOMMERCE,Print,Bouclage,18/05/2026,4 Numéros / an,,
ecommerce::print,ECOMMERCE,Print,Parution,05/06/2026,4 Numéros / an,,
ecommerce::print,ECOMMERCE,Print,Bouclage,26/08/2026,4 Numéros / an,,
ecommerce::print,ECOMMERCE,Print,Parution,11/09/2026,4 Numéros / an,,
ecommerce::print,ECOMMERCE,Print,Parution,04/11/2026,4 Numéros / an,,
ecommerce::print,ECOMMERCE,Print,Parution,20/11/2026,4 Numéros / an,,
egora::print,EGORA,Print,Bouclage,08/01/2026,Bimensuel,,
egora::print,EGORA,Print,Bouclage,23/01/2026,Bimensuel,,
egora::print,EGORA,Print,Bouclage,05/02/2026,Bimensuel,,
egora::print,EGORA,Print,Bouclage,19/02/2026,Bimensuel,,
egora::print,EGORA,Print,Bouclage,12/03/2026,Bimensuel,,
egora::print,EGORA,Print,Bouclage,26/03/2026,Bimensuel,,
egora::print,EGORA,Print,Bouclage,09/04/2026,Bimensuel,,
egora::print,EGORA,Print,Bouclage,23/04/2026,Bimensuel,,
egora::print,EGORA,Print,Bouclage,06/05/2026,Bimensuel,,
egora::print,EGORA,Print,Bouclage,21/05/2026,Bimensuel,,
egora::print,EGORA,Print,Bouclage,04/06/2026,Bimensuel,,
egora::print,EGORA,Print,Bouclage,18/06/2026,Bimensuel,,
egora::print,EGORA,Print,Bouclage,03/09/2026,Bimensuel,,
egora::print,EGORA,Print,Bouclage,17/09/2026,Bimensuel,,
egora::print,EGORA,Print,Bouclage,01/10/2025,Bimensuel,,
egora::print,EGORA,Print,Bouclage,15/10/2025,Bimensuel,,
egora::print,EGORA,Print,Bouclage,29/10/2025,Bimensuel,,
egora::print,EGORA,Print,Bouclage,12/11/2025,Bimensuel,,
egora::print,EGORA,Print,Bouclage,26/11/2025,Bimensuel,,
egora::print,EGORA,Print,Bouclage,10/12/2025,Bimensuel,,
egora::print,EGORA,Print,Parution,13/01/2026,Bimensuel,,
egora::print,EGORA,Print,Parution,27/01/2026,Bimensuel,,
egora::print,EGORA,Print,Parution,10/02/2026,Bimensuel,,
egora::print,EGORA,Print,Parution,24/02/2026,Bimensuel,,
egora::print,EGORA,Print,Parution,17/03/2026,Bimensuel,,
egora::print,EGORA,Print,Parution,31/03/2026,Bimensuel,,
egora::print,EGORA,Print,Parution,14/04/2026,Bimensuel,,
egora::print,EGORA,Print,Parution,28/04/2026,Bimensuel,,
egora::print,EGORA,Print,Parution,12/05/2026,Bimensuel,,
egora::print,EGORA,Print,Parution,26/05/2026,Bimensuel,,
egora::print,EGORA,Print,Parution,10/06/2026,Bimensuel,,
egora::print,EGORA,Print,Parution,23/06/2026,Bimensuel,,
egora::print,EGORA,Print,Parution,08/09/2026,Bimensuel,,
egora::print,EGORA,Print,Parution,22/09/2026,Bimensuel,,
egora::print,EGORA,Print,Parution,06/10/2026,Bimensuel,,
egora::print,EGORA,Print,Parution,20/10/2026,Bimensuel,,
egora::print,EGORA,Print,Parution,03/11/2026,Bimensuel,,
egora::print,EGORA,Print,Parution,17/11/2026,Bimensuel,,
egora::print,EGORA,Print,Parution,01/12/2026,Bimensuel,,
egora::print,EGORA,Print,Parution,15/12/2026,Bimensuel,,
electricien::print,ELECTRICIEN +,Print,Bouclage,,4 numéros,,
electricien::print,ELECTRICIEN +,Print,Parution,09/03/2026,4 numéros,,
electricien::print,ELECTRICIEN +,Print,Bouclage,,4 numéros,,
electricien::print,ELECTRICIEN +,Print,Parution,08/06/2026,4 numéros,,
electricien::print,ELECTRICIEN +,Print,Bouclage,,4 numéros,,
electricien::print,ELECTRICIEN +,Print,Parution,10 octobre et 5 novembre,4 numéros,,
electricien::print,ELECTRICIEN +,Print,Bouclage,,4 numéros,,
electricien::print,ELECTRICIEN +,Print,Parution,18 décembre et 14 janvier,4 numéros,,
emarketing::print,EMARKETING,Print,Bouclage,03/03/2026,4 Numéros / an,,
emarketing::print,EMARKETING,Print,Parution,18/03/2026,4 Numéros / an,,
emarketing::print,EMARKETING,Print,Bouclage,19/05/2026,4 Numéros / an,,
emarketing::print,EMARKETING,Print,Parution,05/06/2026,4 Numéros / an,,
emarketing::print,EMARKETING,Print,Bouclage,27/08/2026,4 Numéros / an,,
emarketing::print,EMARKETING,Print,Parution,11/09/2026,4 Numéros / an,,
emarketing::print,EMARKETING,Print,Bouclage,03/11/2026,4 Numéros / an,,
emarketing::print,EMARKETING,Print,Parution,20/11/2026,4 Numéros / an,,
l-enseignant::print,L'ENSEIGNANT,Print,Bouclage,30/01/2025,Bimestriel,,
l-enseignant::print,L'ENSEIGNANT,Print,Parution,17/02/2025,Bimestriel,,
l-enseignant::print,L'ENSEIGNANT,Print,Bouclage,03/04/2025,Bimestriel,,
l-enseignant::print,L'ENSEIGNANT,Print,Bouclage,,Bimestriel,,
l-enseignant::print,L'ENSEIGNANT,Print,Parution,22/04/2025,Bimestriel,,
l-enseignant::print,L'ENSEIGNANT,Print,Bouclage,19/06/2025,Bimestriel,,
l-enseignant::print,L'ENSEIGNANT,Print,Parution,30/06/2025,Bimestriel,,
l-enseignant::print,L'ENSEIGNANT,Print,Parution,07/07/2025,Bimestriel,,
l-enseignant::print,L'ENSEIGNANT,Print,Bouclage,25/09/2025,Bimestriel,,
l-enseignant::print,L'ENSEIGNANT,Print,Parution,13/10/2025,Bimestriel,,
l-enseignant::print,L'ENSEIGNANT,Print,Bouclage,20/11/2025,Bimestriel,,
l-enseignant::print,L'ENSEIGNANT,Print,Parution,08/12/2025,Bimestriel,,
entreprendre::print,ENTREPRENDRE,Print,Bouclage,24/01/2025,Mensuel,,
entreprendre::print,ENTREPRENDRE,Print,Parution,05/02/2025,Mensuel,,
entreprendre::print,ENTREPRENDRE,Print,Bouclage,28/02/2025,Mensuel,,
entreprendre::print,ENTREPRENDRE,Print,Parution,12/03/2025,Mensuel,,
entreprendre::print,ENTREPRENDRE,Print,Bouclage,28/03/2025,Mensuel,,
entreprendre::print,ENTREPRENDRE,Print,Parution,09/04/2025,Mensuel,,
entreprendre::print,ENTREPRENDRE,Print,Bouclage,25/04/2025,Mensuel,,
entreprendre::print,ENTREPRENDRE,Print,Parution,07/05/2025,Mensuel,,
entreprendre::print,ENTREPRENDRE,Print,Bouclage,30/05/2025,Mensuel,,
entreprendre::print,ENTREPRENDRE,Print,Parution,11/06/2025,Mensuel,,
entreprendre::print,ENTREPRENDRE,Print,Bouclage,27/06/2025,Mensuel,,
entreprendre::print,ENTREPRENDRE,Print,Parution,09/07/2025,Mensuel,,
entreprendre::print,ENTREPRENDRE,Print,Bouclage,29/08/2025,Mensuel,,
entreprendre::print,ENTREPRENDRE,Print,Parution,10/09/2025,Mensuel,,
entreprendre::print,ENTREPRENDRE,Print,Bouclage,26/09/2025,Mensuel,,
entreprendre::print,ENTREPRENDRE,Print,Parution,08/10/2025,Mensuel,,
entreprendre::print,ENTREPRENDRE,Print,Bouclage,31/10/2025,Mensuel,,
entreprendre::print,ENTREPRENDRE,Print,Parution,12/11/2025,Mensuel,,
entreprendre::print,ENTREPRENDRE,Print,Bouclage,28/11/2025,Mensuel,,
entreprendre::print,ENTREPRENDRE,Print,Parution,10/12/2025,Mensuel,,
entrepreneurs-des-territoires::print,ENTREPRENEURS DES TERRITOIRES,Print,Bouclage,05/12/2024,8 Numéros / an,,
entrepreneurs-des-territoires::print,ENTREPRENEURS DES TERRITOIRES,Print,Parution,26/12/2024,8 Numéros / an,,
entrepreneurs-des-territoires::print,ENTREPRENEURS DES TERRITOIRES,Print,Bouclage,10/02/2025,8 Numéros / an,,
entrepreneurs-des-territoires::print,ENTREPRENEURS DES TERRITOIRES,Print,Parution,03/03/2025,8 Numéros / an,,
entrepreneurs-des-territoires::print,ENTREPRENEURS DES TERRITOIRES,Print,Bouclage,10/04/2025,8 Numéros / an,,
entrepreneurs-des-territoires::print,ENTREPRENEURS DES TERRITOIRES,Print,Parution,01/05/2025,8 Numéros / an,,
entrepreneurs-des-territoires::print,ENTREPRENEURS DES TERRITOIRES,Print,Bouclage,12/06/2025,8 Numéros / an,,
entrepreneurs-des-territoires::print,ENTREPRENEURS DES TERRITOIRES,Print,Parution,03/07/2025,8 Numéros / an,,
entrepreneurs-des-territoires::print,ENTREPRENEURS DES TERRITOIRES,Print,Bouclage,12/08/2025,8 Numéros / an,,
entrepreneurs-des-territoires::print,ENTREPRENEURS DES TERRITOIRES,Print,Parution,02/09/2025,8 Numéros / an,,
entrepreneurs-des-territoires::print,ENTREPRENEURS DES TERRITOIRES,Print,Bouclage,08/10/2025,8 Numéros / an,,
entrepreneurs-des-territoires::print,ENTREPRENEURS DES TERRITOIRES,Print,Parution,29/10/2025,8 Numéros / an,,
entretien-textile::print,ENTRETIEN TEXTILE,Print,Bouclage,10/02/2026,6 Numéros / an,,
entretien-textile::print,ENTRETIEN TEXTILE,Print,Parution,,6 Numéros / an,,
entretien-textile::print,ENTRETIEN TEXTILE,Print,Bouclage,10/04/2026,6 Numéros / an,,
entretien-textile::print,ENTRETIEN TEXTILE,Print,Parution,,6 Numéros / an,,
entretien-textile::print,ENTRETIEN TEXTILE,Print,Bouclage,12/06/2026,6 Numéros / an,,
entretien-textile::print,ENTRETIEN TEXTILE,Print,Parution,,6 Numéros / an,,
entretien-textile::print,ENTRETIEN TEXTILE,Print,Bouclage,12/08/2026,6 Numéros / an,,
entretien-textile::print,ENTRETIEN TEXTILE,Print,Parution,,6 Numéros / an,,
entretien-textile::print,ENTRETIEN TEXTILE,Print,Bouclage,15/09/2026,6 Numéros / an,,
entretien-textile::print,ENTRETIEN TEXTILE,Print,Parution,,6 Numéros / an,,
entretien-textile::print,ENTRETIEN TEXTILE,Print,Bouclage,08/10/2026,6 Numéros / an,,
entretien-textile::print,ENTRETIEN TEXTILE,Print,Parution,,6 Numéros / an,,
entretien-textile::print,ENTRETIEN TEXTILE,Print,Bouclage,05/12/2026,6 Numéros / an,,
entretien-textile::print,ENTRETIEN TEXTILE,Print,Parution,,6 Numéros / an,,
envies-nomades::print,ENVIES NOMADES,Print,Bouclage,25/02/2026,Bi annuel,,
envies-nomades::print,ENVIES NOMADES,Print,Parution,05/03/2026,Bi annuel,,
envies-nomades::print,ENVIES NOMADES,Print,Bouclage,25/08/2026,Bi annuel,,
envies-nomades::print,ENVIES NOMADES,Print,Parution,05/09/2026,Bi annuel,,
environnement-magazine::print,ENVIRONNEMENT MAGAZINE,Print,Bouclage,09/01/2025,Mensuel,,
environnement-magazine::print,ENVIRONNEMENT MAGAZINE,Print,Parution,20/01/2025,Mensuel,,
environnement-magazine::print,ENVIRONNEMENT MAGAZINE,Print,Bouclage,07/03/2025,Mensuel,,
environnement-magazine::print,ENVIRONNEMENT MAGAZINE,Print,Parution,17/03/2025,Mensuel,,
environnement-magazine::print,ENVIRONNEMENT MAGAZINE,Print,Bouclage,05/05/2025,Mensuel,,
environnement-magazine::print,ENVIRONNEMENT MAGAZINE,Print,Parution,12/05/2025,Mensuel,,
environnement-magazine::print,ENVIRONNEMENT MAGAZINE,Print,Bouclage,07/07/2025,Mensuel,,
environnement-magazine::print,ENVIRONNEMENT MAGAZINE,Print,Parution,12/07/2025,Mensuel,,
environnement-magazine::print,ENVIRONNEMENT MAGAZINE,Print,Bouclage,05/09/2025,Mensuel,,
environnement-magazine::print,ENVIRONNEMENT MAGAZINE,Print,Bouclage,18/09/2025,Mensuel,,
environnement-magazine::print,ENVIRONNEMENT MAGAZINE,Print,Parution,15/09/2025,Mensuel,,
environnement-magazine::print,ENVIRONNEMENT MAGAZINE,Print,Parution,02/10/2025,Mensuel,,
environnement-magazine::print,ENVIRONNEMENT MAGAZINE,Print,Bouclage,04/11/2025,Mensuel,,
environnement-magazine::print,ENVIRONNEMENT MAGAZINE,Print,Parution,13/11/2025,Mensuel,,
essentiel-optique::print,ESSENTIEL OPTIQUE,Print,Bouclage,21 jours avant parution,,,
essentiel-optique::print,ESSENTIEL OPTIQUE,Print,Parution,25 de chaque mois sauf juillet août,,,
estetica::print,ESTETICA,Print,Bouclage,14/03/2025,7 Numéros / an,,
estetica::print,ESTETICA,Print,Parution,04/04/2025,7 Numéros / an,,
estetica::print,ESTETICA,Print,Bouclage,06/05/2025,7 Numéros / an,,
estetica::print,ESTETICA,Print,Parution,27/05/2025,7 Numéros / an,,
estetica::print,ESTETICA,Print,Bouclage,10/06/2025,7 Numéros / an,,
estetica::print,ESTETICA,Print,Parution,01/07/2025,7 Numéros / an,,
estetica::print,ESTETICA,Print,Bouclage,22/07/2025,7 Numéros / an,,
estetica::print,ESTETICA,Print,Parution,12/08/2025,7 Numéros / an,,
estetica::print,ESTETICA,Print,Bouclage,17/10/2025,7 Numéros / an,,
estetica::print,ESTETICA,Print,Parution,07/11/2025,7 Numéros / an,,
estetica::print,ESTETICA,Print,Bouclage,21/11/2025,7 Numéros / an,,
estetica::print,ESTETICA,Print,Parution,12/12/2025,7 Numéros / an,,
etancheite-info::print,ETANCHEITE.INFO,Print,Bouclage,05/02/2026,Trimestriel,,
etancheite-info::print,ETANCHEITE.INFO,Print,Parution,15/03/2026,Trimestriel,,
etancheite-info::print,ETANCHEITE.INFO,Print,Bouclage,15/05/2026,Trimestriel,,
etancheite-info::print,ETANCHEITE.INFO,Print,Parution,15/06/2026,Trimestriel,,
etancheite-info::print,ETANCHEITE.INFO,Print,Bouclage,25/7/0202,Trimestriel,,
etancheite-info::print,ETANCHEITE.INFO,Print,Parution,15/09/2026,Trimestriel,,
etancheite-info::print,ETANCHEITE.INFO,Print,Bouclage,15/11/2026,Trimestriel,,
etancheite-info::print,ETANCHEITE.INFO,Print,Parution,15/12/2026,Trimestriel,,
exe::print,EXE,Print,Bouclage,03/02/2026,Trimestriel,,
exe::print,EXE,Print,Parution,24/02/2026,Trimestriel,,
exe::print,EXE,Print,Bouclage,10/04/2026,Trimestriel,,
exe::print,EXE,Print,Parution,28/04/2026,Trimestriel,,
exe::print,EXE,Print,Bouclage,04/07/2026,Trimestriel,,
exe::print,EXE,Print,Parution,21/07/2026,Trimestriel,,
exe::print,EXE,Print,Bouclage,09/10/2026,Trimestriel,,
exe::print,EXE,Print,Parution,30/10/2026,Trimestriel,,
expert::print,EXPERT,Print,Bouclage,Février,4 numéros,,
expert::print,EXPERT,Print,Parution,Mars,4 numéros,,
expert::print,EXPERT,Print,Bouclage,Mai,4 numéros,,
expert::print,EXPERT,Print,Parution,Juin,4 numéros,,
expert::print,EXPERT,Print,Bouclage,Juillet,4 numéros,,
expert::print,EXPERT,Print,Parution,Septembre,4 numéros,,
expert::print,EXPERT,Print,Bouclage,Novembre,4 numéros,,
expert::print,EXPERT,Print,Parution,Décembre,4 numéros,,
expressions-pharma::print,EXPRESSIONS PHARMA,Print,Bouclage,31/01/2025,Mensuel,,
expressions-pharma::print,EXPRESSIONS PHARMA,Print,Parution,24/02/2025,Mensuel,,
expressions-pharma::print,EXPRESSIONS PHARMA,Print,Bouclage,28/02/2025,Mensuel,,
expressions-pharma::print,EXPRESSIONS PHARMA,Print,Parution,24/03/2025,Mensuel,,
expressions-pharma::print,EXPRESSIONS PHARMA,Print,Bouclage,04/04/2025,Mensuel,,
expressions-pharma::print,EXPRESSIONS PHARMA,Print,Parution,29/04/2025,Mensuel,,
expressions-pharma::print,EXPRESSIONS PHARMA,Print,Bouclage,02/05/2025,Mensuel,,
expressions-pharma::print,EXPRESSIONS PHARMA,Print,Parution,27/05/2025,Mensuel,,
expressions-pharma::print,EXPRESSIONS PHARMA,Print,Bouclage,06/06/2025,Mensuel,,
expressions-pharma::print,EXPRESSIONS PHARMA,Print,Parution,30/06/2025,Mensuel,,
expressions-pharma::print,EXPRESSIONS PHARMA,Print,Bouclage,02/07/2025,Mensuel,,
expressions-pharma::print,EXPRESSIONS PHARMA,Print,Parution,30/07/2025,Mensuel,,
expression-cosmetique::print,EXPRESSION COSMETIQUE,Print,Bouclage,23/03/2026,Bimestriel,,
expression-cosmetique::print,EXPRESSION COSMETIQUE,Print,Parution,20/04/2026,Bimestriel,,
expression-cosmetique::print,EXPRESSION COSMETIQUE,Print,Bouclage,22/06/2026,Bimestriel,,
expression-cosmetique::print,EXPRESSION COSMETIQUE,Print,Parution,24/08/2026,Bimestriel,,
expression-cosmetique::print,EXPRESSION COSMETIQUE,Print,Bouclage,19/10/2026,Bimestriel,,
expression-cosmetique::print,EXPRESSION COSMETIQUE,Print,Parution,18/11/2026,Bimestriel,,
fenetre-sur-cours,FENETRE SUR COURS,Print,Bouclage,12/01/2026,,,
fenetre-sur-cours,FENETRE SUR COURS,Print,Parution,30/01/2026,,,
fenetre-sur-cours,FENETRE SUR COURS,Print,Bouclage,02/03/2026,,,
fenetre-sur-cours,FENETRE SUR COURS,Print,Parution,20/03/2026,,,
fenetre-sur-cours,FENETRE SUR COURS,Print,Bouclage,27/04/2026,,,
fenetre-sur-cours,FENETRE SUR COURS,Print,Parution,15/05/2026,,,
fenetre-sur-cours,FENETRE SUR COURS,Print,Bouclage,08/06/2026,,,
fenetre-sur-cours,FENETRE SUR COURS,Print,Parution,26/06/2026,,,
flottes-automobiles::print,FLOTTES AUTOMOBILES,Print,Bouclage,22/01/2026,Mensuel,,
flottes-automobiles::print,FLOTTES AUTOMOBILES,Print,Parution,03/02/2026,Mensuel,,
flottes-automobiles::print,FLOTTES AUTOMOBILES,Print,Bouclage,02/03/2026,Mensuel,,
flottes-automobiles::print,FLOTTES AUTOMOBILES,Print,Parution,13/03/2026,Mensuel,,
flottes-automobiles::print,FLOTTES AUTOMOBILES,Print,Bouclage,09/04/2026,Mensuel,,
flottes-automobiles::print,FLOTTES AUTOMOBILES,Print,Parution,21/04/2026,Mensuel,,
flottes-automobiles::print,FLOTTES AUTOMOBILES,Print,Bouclage,06/05/2026,Mensuel,,
flottes-automobiles::print,FLOTTES AUTOMOBILES,Print,Parution,19/05/2026,Mensuel,,
flottes-automobiles::print,FLOTTES AUTOMOBILES,Print,Bouclage,11/06/2026,Mensuel,,
flottes-automobiles::print,FLOTTES AUTOMOBILES,Print,Parution,23/06/2026,Mensuel,,
flottes-automobiles::print,FLOTTES AUTOMOBILES,Print,Bouclage,09/07/2026,Mensuel,,
flottes-automobiles::print,FLOTTES AUTOMOBILES,Print,Parution,21/07/2026,Mensuel,,
flottes-automobiles::print,FLOTTES AUTOMOBILES,Print,Bouclage,10/09/2026,Mensuel,,
flottes-automobiles::print,FLOTTES AUTOMOBILES,Print,Parution,22/09/2026,Mensuel,,
flottes-automobiles::print,FLOTTES AUTOMOBILES,Print,Bouclage,15/10/2026,Mensuel,,
flottes-automobiles::print,FLOTTES AUTOMOBILES,Print,Parution,26/10/2026,Mensuel,,
flottes-automobiles::print,FLOTTES AUTOMOBILES,Print,Bouclage,05/11/2026,Mensuel,,
flottes-automobiles::print,FLOTTES AUTOMOBILES,Print,Parution,17/11/2026,Mensuel,,
flottes-automobiles::print,FLOTTES AUTOMOBILES,Print,Bouclage,03/12/2026,Mensuel,,
flottes-automobiles::print,FLOTTES AUTOMOBILES,Print,Parution,15/12/2026,Mensuel,,
fluides-et-transmission::print,FLUIDES ET TRANSMISSION,Print,Bouclage,03/12/2026,Mensuel,,
fluides-et-transmission::print,FLUIDES ET TRANSMISSION,Print,Parution,03/12/2026,Mensuel,,
fluides-et-transmission::print,FLUIDES ET TRANSMISSION,Print,Bouclage,03/12/2026,Mensuel,,
fluides-et-transmission::print,FLUIDES ET TRANSMISSION,Print,Parution,03/12/2026,Mensuel,,
fluides-et-transmission::print,FLUIDES ET TRANSMISSION,Print,Bouclage,03/12/2026,Mensuel,,
fluides-et-transmission::print,FLUIDES ET TRANSMISSION,Print,Parution,03/12/2026,Mensuel,,
fluides-et-transmission::print,FLUIDES ET TRANSMISSION,Print,Bouclage,03/12/2026,Mensuel,,
fluides-et-transmission::print,FLUIDES ET TRANSMISSION,Print,Parution,03/12/2026,Mensuel,,
fluides-et-transmission::print,FLUIDES ET TRANSMISSION,Print,Bouclage,03/12/2026,Mensuel,,
fluides-et-transmission::print,FLUIDES ET TRANSMISSION,Print,Parution,03/12/2026,Mensuel,,
franchise-mag::print,FRANCHISE MAG,Print,Bouclage,20/12/2025,3 numéros,,
franchise-mag::print,FRANCHISE MAG,Print,Parution,20/01/2026,3 numéros,,
franchise-mag::print,FRANCHISE MAG,Print,Bouclage,24/02/2026,3 numéros,,
franchise-mag::print,FRANCHISE MAG,Print,Parution,01/03/2026,3 numéros,,
franchise-mag::print,FRANCHISE MAG,Print,Bouclage,07/09/2026,3 numéros,,
franchise-mag::print,FRANCHISE MAG,Print,Parution,20/09/2026,3 numéros,,
gestion-de-fortune::print,GESTION DE FORTUNE,Print,Bouclage,17/02/2026,Mensuel,,
gestion-de-fortune::print,GESTION DE FORTUNE,Print,Parution,02/03/2026,Mensuel,,
gestion-de-fortune::print,GESTION DE FORTUNE,Print,Bouclage,17/03/2026,Mensuel,,
gestion-de-fortune::print,GESTION DE FORTUNE,Print,Parution,1er avril 2026,Mensuel,,
gestion-de-fortune::print,GESTION DE FORTUNE,Print,Bouclage,17/04/2026,Mensuel,,
gestion-de-fortune::print,GESTION DE FORTUNE,Print,Parution,02/05/2026,Mensuel,,
gestion-de-fortune::print,GESTION DE FORTUNE,Print,Bouclage,15/05/2026,Mensuel,,
gestion-de-fortune::print,GESTION DE FORTUNE,Print,Parution,1er juin 2026,Mensuel,,
gestion-de-fortune::print,GESTION DE FORTUNE,Print,Bouclage,19/06/2026,Mensuel,,
gestion-de-fortune::print,GESTION DE FORTUNE,Print,Parution,1er juillet 2026,Mensuel,,
gestion-de-fortune::print,GESTION DE FORTUNE,Print,Bouclage,10/08/2026,Mensuel,,
gestion-de-fortune::print,GESTION DE FORTUNE,Print,Parution,1er septembre 2026,Mensuel,,
gestion-de-fortune::print,GESTION DE FORTUNE,Print,Bouclage,18/09/2026,Mensuel,,
gestion-de-fortune::print,GESTION DE FORTUNE,Print,Parution,1er octobre 2026,Mensuel,,
gestion-de-fortune::print,GESTION DE FORTUNE,Print,Bouclage,16/10/2026,Mensuel,,
gestion-de-fortune::print,GESTION DE FORTUNE,Print,Parution,02/11/2026,Mensuel,,
gestion-de-fortune::print,GESTION DE FORTUNE,Print,Bouclage,18/11/2026,Mensuel,,
gestion-de-fortune::print,GESTION DE FORTUNE,Print,Parution,1er décembre 2026,Mensuel,,
gestion-hospitaliere::print,GESTION DE FORTUNE,Print,Bouclage,20/01/2026,Mensuel,,
gestion-hospitaliere::print,GESTION DE FORTUNE,Print,Parution,28/01/2026,Mensuel,,
gestion-hospitaliere::print,GESTION DE FORTUNE,Print,Bouclage,20/02/2026,Mensuel,,
gestion-hospitaliere::print,GESTION DE FORTUNE,Print,Parution,01/03/2026,Mensuel,,
gestion-hospitaliere::print,GESTION DE FORTUNE,Print,Bouclage,24/03/2026,Mensuel,,
gestion-hospitaliere::print,GESTION DE FORTUNE,Print,Parution,30/03/2026,Mensuel,,
gestion-hospitaliere::print,GESTION DE FORTUNE,Print,Bouclage,26/04/2026,Mensuel,,
gestion-hospitaliere::print,GESTION DE FORTUNE,Print,Parution,04/05/2026,Mensuel,,
gestion-hospitaliere::print,GESTION DE FORTUNE,Print,Bouclage,25/05/2026,Mensuel,,
gestion-hospitaliere::print,GESTION DE FORTUNE,Print,Parution,03/06/2026,Mensuel,,
gestion-hospitaliere::print,GESTION DE FORTUNE,Print,Bouclage,10/07/2026,Mensuel,,
gestion-hospitaliere::print,GESTION DE FORTUNE,Print,Parution,24/07/2026,Mensuel,,
gestion-hospitaliere::print,GESTION DE FORTUNE,Print,Bouclage,15/09/2026,Mensuel,,
gestion-hospitaliere::print,GESTION DE FORTUNE,Print,Bouclage,28/09/2026,Mensuel,,
gestion-hospitaliere::print,GESTION DE FORTUNE,Print,Parution,23/10/2026,Mensuel,,
gestion-hospitaliere::print,GESTION DE FORTUNE,Print,Bouclage,03/11/2026,Mensuel,,
gestion-hospitaliere::print,GESTION DE FORTUNE,Print,Parution,24/11/2026,Mensuel,,
gestion-hospitaliere::print,GESTION DE FORTUNE,Print,Bouclage,02/12/2026,Mensuel,,
gestion-hospitaliere::print,GESTION DE FORTUNE,Print,Parution,17/12/2026,Mensuel,,
gestion-hospitaliere::print,GESTION DE FORTUNE,Print,Bouclage,05/01/2027,Mensuel,,
la-france-agricole::print,LA FRANCE AGRICOLE,Print,Bouclage,8 jours avant,Hebdomadaire (chaque vendredi),,
la-france-agricole::print,LA FRANCE AGRICOLE,Print,Parution,Tous les vendredis du mois,Hebdomadaire (chaque vendredi),,
snacking::print,FRANCE SNACKING,Print,Bouclage,03/02/2026,Bimestriel,,
snacking::print,FRANCE SNACKING,Print,Parution,20/02/2026,Bimestriel,,
snacking::print,FRANCE SNACKING,Print,Bouclage,10/03/2026,Bimestriel,,
snacking::print,FRANCE SNACKING,Print,Parution,27/03/2026,Bimestriel,,
snacking::print,FRANCE SNACKING,Print,Bouclage,26/05/2026,Bimestriel,,
snacking::print,FRANCE SNACKING,Print,Parution,12/06/2026,Bimestriel,,
snacking::print,FRANCE SNACKING,Print,Bouclage,22/09/2026,Bimestriel,,
snacking::print,FRANCE SNACKING,Print,Parution,09/10/2026,Bimestriel,,
snacking::print,FRANCE SNACKING,Print,Bouclage,01/12/2026,Bimestriel,,
snacking::print,FRANCE SNACKING,Print,Parution,18/12/2026,Bimestriel,,
france-routes::print,FRANCE ROUTES,Print,Bouclage,17/01/2025,Mensuel,,
france-routes::print,FRANCE ROUTES,Print,Parution,27/01/2025,Mensuel,,
france-routes::print,FRANCE ROUTES,Print,Bouclage,17/03/2025,Mensuel,,
france-routes::print,FRANCE ROUTES,Print,Parution,27/03/2025,Mensuel,,
france-routes::print,FRANCE ROUTES,Print,Bouclage,12/05/2025,Mensuel,,
france-routes::print,FRANCE ROUTES,Print,Parution,22/05/2025,Mensuel,,
france-routes::print,FRANCE ROUTES,Print,Bouclage,30/06/2025,Mensuel,,
france-routes::print,FRANCE ROUTES,Print,Parution,10/07/2025,Mensuel,,
france-routes::print,FRANCE ROUTES,Print,Bouclage,08/09/2025,Mensuel,,
france-routes::print,FRANCE ROUTES,Print,Parution,18/09/2025,Mensuel,,
france-routes::print,FRANCE ROUTES,Print,Bouclage,07/11/2025,Mensuel,,
france-routes::print,FRANCE ROUTES,Print,Parution,17/11/2025,Mensuel,,
froid-news::print,FROID NEWS,Print,Bouclage,06/03/2026,Bimestriel,,
froid-news::print,FROID NEWS,Print,Parution,18/03/2026,Bimestriel,,
froid-news::print,FROID NEWS,Print,Bouclage,29/04/2026,Bimestriel,,
froid-news::print,FROID NEWS,Print,Parution,12/05/2026,Bimestriel,,
froid-news::print,FROID NEWS,Print,Bouclage,14/06/2025,Bimestriel,,
froid-news::print,FROID NEWS,Print,Parution,25/06/2026,Bimestriel,,
froid-news::print,FROID NEWS,Print,Bouclage,15/09/2026,Bimestriel,,
froid-news::print,FROID NEWS,Print,Parution,30/09/2026,Bimestriel,,
froid-news::print,FROID NEWS,Print,Bouclage,10/11/2026,Bimestriel,,
froid-news::print,FROID NEWS,Print,Parution,25/11/2026,Bimestriel,,
funds-magazine::print,FUNDS MAGAZINE,Print,Bouclage,06/01/2025,Mensuel,,
funds-magazine::print,FUNDS MAGAZINE,Print,Parution,27/01/2025,Mensuel,,
funds-magazine::print,FUNDS MAGAZINE,Print,Bouclage,03/02/2025,Mensuel,,
funds-magazine::print,FUNDS MAGAZINE,Print,Parution,24/02/2025,Mensuel,,
funds-magazine::print,FUNDS MAGAZINE,Print,Bouclage,03/03/2025,Mensuel,,
funds-magazine::print,FUNDS MAGAZINE,Print,Parution,24/03/2025,Mensuel,,
funds-magazine::print,FUNDS MAGAZINE,Print,Bouclage,07/04/2025,Mensuel,,
funds-magazine::print,FUNDS MAGAZINE,Print,Parution,28/04/2025,Mensuel,,
la-gazette-du-palais::print,LA GAZETTE DU PALAIS,Print,Bouclage,,Hebdomadaire,,
la-gazette-du-palais::print,LA GAZETTE DU PALAIS,Print,Parution,,Hebdomadaire,,
la-gazette-du-palais::print,LA GAZETTE DU PALAIS,Print,Bouclage,,Hebdomadaire,,
la-gazette-du-palais::print,LA GAZETTE DU PALAIS,Print,Parution,,Hebdomadaire,,
la-gazette-du-palais::print,LA GAZETTE DU PALAIS,Print,Bouclage,,Hebdomadaire,,
la-gazette-du-palais::print,LA GAZETTE DU PALAIS,Print,Parution,,Hebdomadaire,,
la-gazette-du-palais::print,LA GAZETTE DU PALAIS,Print,Bouclage,,Hebdomadaire,,
la-gazette-du-palais::print,LA GAZETTE DU PALAIS,Print,Parution,,Hebdomadaire,,
la-gazette-du-palais::print,LA GAZETTE DU PALAIS,Print,Bouclage,,Hebdomadaire,,
la-gazette-du-palais::print,LA GAZETTE DU PALAIS,Print,Parution,,Hebdomadaire,,
la-gazette-du-palais::print,LA GAZETTE DU PALAIS,Print,Bouclage,,Hebdomadaire,,
la-gazette-du-palais::print,LA GAZETTE DU PALAIS,Print,Parution,,Hebdomadaire,,
la-gazette-du-palais::print,LA GAZETTE DU PALAIS,Print,Bouclage,,Hebdomadaire,,
la-gazette-du-palais::print,LA GAZETTE DU PALAIS,Print,Parution,,Hebdomadaire,,
la-gazette-du-palais::print,LA GAZETTE DU PALAIS,Print,Bouclage,,Hebdomadaire,,
la-gazette-du-palais::print,LA GAZETTE DU PALAIS,Print,Parution,,Hebdomadaire,,
la-gazette-du-palais::print,LA GAZETTE DU PALAIS,Print,Bouclage,,Hebdomadaire,,
la-gazette-du-palais::print,LA GAZETTE DU PALAIS,Print,Parution,,Hebdomadaire,,
la-gazette-du-palais::print,LA GAZETTE DU PALAIS,Print,Bouclage,,Hebdomadaire,,
la-gazette-du-palais::print,LA GAZETTE DU PALAIS,Print,Parution,,Hebdomadaire,,
la-gazette-du-palais::print,LA GAZETTE DU PALAIS,Print,Bouclage,,Hebdomadaire,,
la-gazette-du-palais::print,LA GAZETTE DU PALAIS,Print,Parution,,Hebdomadaire,,
la-gazette-du-palais::print,LA GAZETTE DU PALAIS,Print,Bouclage,,Hebdomadaire,,
la-gazette-du-palais::print,LA GAZETTE DU PALAIS,Print,Parution,,Hebdomadaire,,
genie-climatique::print,GENIE CLIMATIQUE,Print,Bouclage,30/01/2026,Bimestriel,,
genie-climatique::print,GENIE CLIMATIQUE,Print,Parution,25/02/2026,Bimestriel,,
genie-climatique::print,GENIE CLIMATIQUE,Print,Bouclage,27/03/2026,Bimestriel,,
genie-climatique::print,GENIE CLIMATIQUE,Print,Parution,23/04/2026,Bimestriel,,
genie-climatique::print,GENIE CLIMATIQUE,Print,Bouclage,12/06/2026,Bimestriel,,
genie-climatique::print,GENIE CLIMATIQUE,Print,Parution,08/07/2026,Bimestriel,,
genie-climatique::print,GENIE CLIMATIQUE,Print,Bouclage,02/09/2026,Bimestriel,,
genie-climatique::print,GENIE CLIMATIQUE,Print,Parution,25/09/2026,Bimestriel,,
genie-climatique::print,GENIE CLIMATIQUE,Print,Bouclage,27/10/2026,Bimestriel,,
genie-climatique::print,GENIE CLIMATIQUE,Print,Parution,23/11/2026,Bimestriel,,
genie-climatique::print,GENIE CLIMATIQUE,Print,Bouclage,27/11/2026,Bimestriel,,
genie-climatique::print,GENIE CLIMATIQUE,Print,Parution,23/12/2026,Bimestriel,,
geroscopie::print,GEROSCOPIE,Print,Bouclage,20/01/2025,Mensuel,,
geroscopie::print,GEROSCOPIE,Print,Parution,10/02/2025,Mensuel,,
geroscopie::print,GEROSCOPIE,Print,Bouclage,20/02/2025,Mensuel,,
geroscopie::print,GEROSCOPIE,Print,Parution,10/03/2025,Mensuel,,
geroscopie::print,GEROSCOPIE,Print,Bouclage,20/04/2025,Mensuel,,
geroscopie::print,GEROSCOPIE,Print,Parution,10/05/2025,Mensuel,,
geroscopie::print,GEROSCOPIE,Print,Bouclage,20/06/2025,Mensuel,,
geroscopie::print,GEROSCOPIE,Print,Parution,10/07/2025,Mensuel,,
geroscopie::print,GEROSCOPIE,Print,Bouclage,30/08/2025,Mensuel,,
geroscopie::print,GEROSCOPIE,Print,Parution,10/09/2025,Mensuel,,
geroscopie::print,GEROSCOPIE,Print,Bouclage,20/10/2025,Mensuel,,
geroscopie::print,GEROSCOPIE,Print,Parution,10/11/2025,Mensuel,,
grandes-cuisines::print,GRANDES CUISINES,Print,Bouclage,11/02/2026,Trimestriel,,
grandes-cuisines::print,GRANDES CUISINES,Print,Parution,27/02/2026,Trimestriel,,
grandes-cuisines::print,GRANDES CUISINES,Print,Bouclage,12/05/2026,Trimestriel,,
grandes-cuisines::print,GRANDES CUISINES,Print,Parution,29/05/2026,Trimestriel,,
grandes-cuisines::print,GRANDES CUISINES,Print,Bouclage,17/08/2026,Trimestriel,,
grandes-cuisines::print,GRANDES CUISINES,Print,Parution,02/09/2026,Trimestriel,,
grandes-cuisines::print,GRANDES CUISINES,Print,Bouclage,10/11/2026,Trimestriel,,
grandes-cuisines::print,GRANDES CUISINES,Print,Parution,26/11/2026,Trimestriel,,
gynecologie-obstetrique-pratique::print,GYNECOLOGIE OBSTETRIQUE PRATIQUE,Print,Bouclage,18/12/2025,Mensuel,,
gynecologie-obstetrique-pratique::print,GYNECOLOGIE OBSTETRIQUE PRATIQUE,Print,Parution,29/01/2025,Mensuel,,
gynecologie-obstetrique-pratique::print,GYNECOLOGIE OBSTETRIQUE PRATIQUE,Print,Bouclage,29/01/2025,Mensuel,,
gynecologie-obstetrique-pratique::print,GYNECOLOGIE OBSTETRIQUE PRATIQUE,Print,Parution,27/02/2025,Mensuel,,
gynecologie-obstetrique-pratique::print,GYNECOLOGIE OBSTETRIQUE PRATIQUE,Print,Bouclage,26/02/2025,Mensuel,,
gynecologie-obstetrique-pratique::print,GYNECOLOGIE OBSTETRIQUE PRATIQUE,Print,Parution,29/03/2025,Mensuel,,
gynecologie-obstetrique-pratique::print,GYNECOLOGIE OBSTETRIQUE PRATIQUE,Print,Bouclage,26/03/2025,Mensuel,,
gynecologie-obstetrique-pratique::print,GYNECOLOGIE OBSTETRIQUE PRATIQUE,Print,Parution,29/04/2025,Mensuel,,
gynecologie-obstetrique-pratique::print,GYNECOLOGIE OBSTETRIQUE PRATIQUE,Print,Bouclage,30/04/2025,Mensuel,,
gynecologie-obstetrique-pratique::print,GYNECOLOGIE OBSTETRIQUE PRATIQUE,Print,Parution,30/05/2025,Mensuel,,
gynecologie-obstetrique-pratique::print,GYNECOLOGIE OBSTETRIQUE PRATIQUE,Print,Bouclage,28/05/2025,Mensuel,,
gynecologie-obstetrique-pratique::print,GYNECOLOGIE OBSTETRIQUE PRATIQUE,Print,Parution,27/06/2025,Mensuel,,
gynecologie-obstetrique-pratique::print,GYNECOLOGIE OBSTETRIQUE PRATIQUE,Print,Bouclage,25/06/2025,Mensuel,,
gynecologie-obstetrique-pratique::print,GYNECOLOGIE OBSTETRIQUE PRATIQUE,Print,Parution,30/09/2025,Mensuel,,
gynecologie-obstetrique-pratique::print,GYNECOLOGIE OBSTETRIQUE PRATIQUE,Print,Bouclage,27/09/2025,Mensuel,,
gynecologie-obstetrique-pratique::print,GYNECOLOGIE OBSTETRIQUE PRATIQUE,Print,Parution,31/10/2025,Mensuel,,
gynecologie-obstetrique-pratique::print,GYNECOLOGIE OBSTETRIQUE PRATIQUE,Print,Bouclage,29/10/2025,Mensuel,,
gynecologie-obstetrique-pratique::print,GYNECOLOGIE OBSTETRIQUE PRATIQUE,Print,Parution,25/11/2025,Mensuel,,
gynecologie-obstetrique-pratique::print,GYNECOLOGIE OBSTETRIQUE PRATIQUE,Print,Bouclage,26/11/2025,Mensuel,,
gynecologie-obstetrique-pratique::print,GYNECOLOGIE OBSTETRIQUE PRATIQUE,Print,Parution,29/12/2025,Mensuel,,
honore-le-mag::print,HONORE LE MAG,Print,Bouclage,02/12/2026,Bimestriel,,
honore-le-mag::print,HONORE LE MAG,Print,Parution,19/12/2026,Bimestriel,,
honore-le-mag::print,HONORE LE MAG,Print,Bouclage,17/02/2026,Bimestriel,,
honore-le-mag::print,HONORE LE MAG,Print,Parution,06/03/2026,Bimestriel,,
honore-le-mag::print,HONORE LE MAG,Print,Bouclage,26/05/2026,Bimestriel,,
honore-le-mag::print,HONORE LE MAG,Print,Parution,12/06/2026,Bimestriel,,
honore-le-mag::print,HONORE LE MAG,Print,Bouclage,16/07/2026,Bimestriel,,
honore-le-mag::print,HONORE LE MAG,Print,Parution,11/09/2026,Bimestriel,,
honore-le-mag::print,HONORE LE MAG,Print,Bouclage,22/09/2026,Bimestriel,,
honore-le-mag::print,HONORE LE MAG,Print,Parution,09/10/2026,Bimestriel,,
honore-le-mag::print,HONORE LE MAG,Print,Bouclage,01/12/2026,Bimestriel,,
honore-le-mag::print,HONORE LE MAG,Print,Parution,18/12/2026,Bimestriel,,
l-hotellerie-restauration::print,L'HOTELLERIE RESTAURATION,Print,Bouclage,23/12/2026,Mensuel,,
l-hotellerie-restauration::print,L'HOTELLERIE RESTAURATION,Print,Bouclage,27/01/2026,Mensuel,,
l-hotellerie-restauration::print,L'HOTELLERIE RESTAURATION,Print,Bouclage,24/02/2026,Mensuel,,
l-hotellerie-restauration::print,L'HOTELLERIE RESTAURATION,Print,Bouclage,24/03/2026,Mensuel,,
l-hotellerie-restauration::print,L'HOTELLERIE RESTAURATION,Print,Bouclage,28/04/2026,Mensuel,,
l-hotellerie-restauration::print,L'HOTELLERIE RESTAURATION,Print,Bouclage,26/05/2026,Mensuel,,
l-hotellerie-restauration::print,L'HOTELLERIE RESTAURATION,Print,Bouclage,23/06/2026,Mensuel,,
l-hotellerie-restauration::print,L'HOTELLERIE RESTAURATION,Print,Bouclage,25/08/2026,Mensuel,,
l-hotellerie-restauration::print,L'HOTELLERIE RESTAURATION,Print,Bouclage,22/09/2026,Mensuel,,
l-hotellerie-restauration::print,L'HOTELLERIE RESTAURATION,Print,Bouclage,13/10/2026,Mensuel,,
l-hotellerie-restauration::print,L'HOTELLERIE RESTAURATION,Print,Bouclage,10/11/2026,Mensuel,,
l-hotellerie-restauration::print,L'HOTELLERIE RESTAURATION,Print,Bouclage,08/12/2026,Mensuel,,
l-hotellerie-restauration::print,L'HOTELLERIE RESTAURATION,Print,Bouclage,29/12/2026,Mensuel,,
l-hotellerie-restauration::print,L'HOTELLERIE RESTAURATION,Print,Parution,13/01/2027,Mensuel,,
l-hotellerie-restauration::print,L'HOTELLERIE RESTAURATION,Print,Parution,10/02/2026,Mensuel,,
l-hotellerie-restauration::print,L'HOTELLERIE RESTAURATION,Print,Parution,10/03/2026,Mensuel,,
l-hotellerie-restauration::print,L'HOTELLERIE RESTAURATION,Print,Parution,07/04/2026,Mensuel,,
l-hotellerie-restauration::print,L'HOTELLERIE RESTAURATION,Print,Parution,12/05/2026,Mensuel,,
l-hotellerie-restauration::print,L'HOTELLERIE RESTAURATION,Print,Parution,09/06/2026,Mensuel,,
l-hotellerie-restauration::print,L'HOTELLERIE RESTAURATION,Print,Parution,07/07/2026,Mensuel,,
l-hotellerie-restauration::print,L'HOTELLERIE RESTAURATION,Print,Parution,08/09/2026,Mensuel,,
l-hotellerie-restauration::print,L'HOTELLERIE RESTAURATION,Print,Parution,06/10/2026,Mensuel,,
l-hotellerie-restauration::print,L'HOTELLERIE RESTAURATION,Print,Parution,27/10/2026,Mensuel,,
l-hotellerie-restauration::print,L'HOTELLERIE RESTAURATION,Print,Parution,24/11/2026,Mensuel,,
l-hotellerie-restauration::print,L'HOTELLERIE RESTAURATION,Print,Parution,22/12/2026,Mensuel,,
l-hotellerie-restauration::print,L'HOTELLERIE RESTAURATION,Print,Parution,19/01/2027,Mensuel,,
hydroplus::print,HYDROPLUS,Print,Bouclage,10/03/2025,5 Numéros / an,,
hydroplus::print,HYDROPLUS,Print,Parution,17/03/2025,5 Numéros / an,,
hydroplus::print,HYDROPLUS,Print,Bouclage,07/05/2025,5 Numéros / an,,
hydroplus::print,HYDROPLUS,Print,Parution,16/05/2025,5 Numéros / an,,
hydroplus::print,HYDROPLUS,Print,Bouclage,18/09/2025,5 Numéros / an,,
hydroplus::print,HYDROPLUS,Print,Parution,30/09/2025,5 Numéros / an,,
hydroplus::print,HYDROPLUS,Print,Bouclage,07/11/2025,5 Numéros / an,,
hydroplus::print,HYDROPLUS,Print,Parution,17/11/2025,5 Numéros / an,,
industries-cosmetiques::print,INDUSTRIES COSMETIQUES,Print,Bouclage,02-16-2026,Trimestriel,,
industries-cosmetiques::print,INDUSTRIES COSMETIQUES,Print,Parution,02-27-2026,Trimestriel,,
industries-cosmetiques::print,INDUSTRIES COSMETIQUES,Print,Bouclage,05-15-2026,Trimestriel,,
industries-cosmetiques::print,INDUSTRIES COSMETIQUES,Print,Parution,05-29-2026,Trimestriel,,
industries-cosmetiques::print,INDUSTRIES COSMETIQUES,Print,Bouclage,08-24-2026,Trimestriel,,
industries-cosmetiques::print,INDUSTRIES COSMETIQUES,Print,Parution,08-24-2026,Trimestriel,,
industries-cosmetiques::print,INDUSTRIES COSMETIQUES,Print,Bouclage,11-13-2026,Trimestriel,,
industries-cosmetiques::print,INDUSTRIES COSMETIQUES,Print,Parution,11-27-2026,Trimestriel,,
l-industrie-hoteliere::print,L'INDUSTRIE HOTELIERE,Print,Bouclage,20/02/2026,9 Numéros / an,,
l-industrie-hoteliere::print,L'INDUSTRIE HOTELIERE,Print,Parution,09/03/2026,9 Numéros / an,,
l-industrie-hoteliere::print,L'INDUSTRIE HOTELIERE,Print,Bouclage,19/03/2026,9 Numéros / an,,
l-industrie-hoteliere::print,L'INDUSTRIE HOTELIERE,Print,Parution,04/04/2026,9 Numéros / an,,
l-industrie-hoteliere::print,L'INDUSTRIE HOTELIERE,Print,Bouclage,21/04/2026,9 Numéros / an,,
l-industrie-hoteliere::print,L'INDUSTRIE HOTELIERE,Print,Parution,09/05/2026,9 Numéros / an,,
l-industrie-hoteliere::print,L'INDUSTRIE HOTELIERE,Print,Bouclage,05/06/2026,9 Numéros / an,,
l-industrie-hoteliere::print,L'INDUSTRIE HOTELIERE,Print,Parution,22/06/2026,9 Numéros / an,,
l-industrie-hoteliere::print,L'INDUSTRIE HOTELIERE,Print,Bouclage,14/08/2026,9 Numéros / an,,
l-industrie-hoteliere::print,L'INDUSTRIE HOTELIERE,Print,Parution,31/08/2026,9 Numéros / an,,
l-industrie-hoteliere::print,L'INDUSTRIE HOTELIERE,Print,Bouclage,21/09/2026,9 Numéros / an,,
l-industrie-hoteliere::print,L'INDUSTRIE HOTELIERE,Print,Parution,07/10/2026,9 Numéros / an,,
l-industrie-hoteliere::print,L'INDUSTRIE HOTELIERE,Print,Bouclage,19/10/2026,9 Numéros / an,,
l-industrie-hoteliere::print,L'INDUSTRIE HOTELIERE,Print,Parution,04/11/2026,9 Numéros / an,,
l-industrie-hoteliere::print,L'INDUSTRIE HOTELIERE,Print,Bouclage,23/11/2026,9 Numéros / an,,
l-industrie-hoteliere::print,L'INDUSTRIE HOTELIERE,Print,Parution,09/12/2026,9 Numéros / an,,
l-infirmiere-magazine::print,L'INFIRMIERE MAGAZINE,Print,Bouclage,10/03/2025,Mensuel,,
l-infirmiere-magazine::print,L'INFIRMIERE MAGAZINE,Print,Parution,26/03/2025,Mensuel,,
l-infirmiere-magazine::print,L'INFIRMIERE MAGAZINE,Print,Bouclage,07/04/2025,Mensuel,,
l-infirmiere-magazine::print,L'INFIRMIERE MAGAZINE,Print,Parution,24/04/2025,Mensuel,,
l-infirmiere-magazine::print,L'INFIRMIERE MAGAZINE,Print,Bouclage,12/05/2025,Mensuel,,
l-infirmiere-magazine::print,L'INFIRMIERE MAGAZINE,Print,Parution,28/05/2025,Mensuel,,
l-infirmiere-magazine::print,L'INFIRMIERE MAGAZINE,Print,Bouclage,09/06/2025,Mensuel,,
l-infirmiere-magazine::print,L'INFIRMIERE MAGAZINE,Print,Parution,25/06/2025,Mensuel,,
l-infirmiere-magazine::print,L'INFIRMIERE MAGAZINE,Print,Bouclage,30/07/2025,Mensuel,,
l-infirmiere-magazine::print,L'INFIRMIERE MAGAZINE,Print,Parution,03/09/2025,Mensuel,,
l-infirmiere-magazine::print,L'INFIRMIERE MAGAZINE,Print,Bouclage,15/09/2025,Mensuel,,
l-infirmiere-magazine::print,L'INFIRMIERE MAGAZINE,Print,Parution,01/10/2025,Mensuel,,
l-infirmiere-magazine::print,L'INFIRMIERE MAGAZINE,Print,Bouclage,13/10/2025,Mensuel,,
l-infirmiere-magazine::print,L'INFIRMIERE MAGAZINE,Print,Parution,29/10/2025,Mensuel,,
l-infirmiere-magazine::print,L'INFIRMIERE MAGAZINE,Print,Bouclage,10/11/2025,Mensuel,,
l-infirmiere-magazine::print,L'INFIRMIERE MAGAZINE,Print,Parution,26/12/2025,Mensuel,,
l-information-dentaire::print,L'INFORMATION DENTAIRE,Print,Bouclage,,Hebdomadaire (chaque mercredi),,
l-information-dentaire::print,L'INFORMATION DENTAIRE,Print,Parution,11/02/2026,Hebdomadaire (chaque mercredi),,
l-information-dentaire::print,L'INFORMATION DENTAIRE,Print,Bouclage,,Hebdomadaire (chaque mercredi),,
l-information-dentaire::print,L'INFORMATION DENTAIRE,Print,Parution,18/02/2026,Hebdomadaire (chaque mercredi),,
l-information-dentaire::print,L'INFORMATION DENTAIRE,Print,Bouclage,,Hebdomadaire (chaque mercredi),,
l-information-dentaire::print,L'INFORMATION DENTAIRE,Print,Parution,25/02/2026,Hebdomadaire (chaque mercredi),,
l-information-dentaire::print,L'INFORMATION DENTAIRE,Print,Bouclage,,Hebdomadaire (chaque mercredi),,
l-information-dentaire::print,L'INFORMATION DENTAIRE,Print,Parution,04/03/2026,Hebdomadaire (chaque mercredi),,
l-information-dentaire::print,L'INFORMATION DENTAIRE,Print,Bouclage,,Hebdomadaire (chaque mercredi),,
l-information-dentaire::print,L'INFORMATION DENTAIRE,Print,Parution,11/03/2026,Hebdomadaire (chaque mercredi),,
l-information-dentaire::print,L'INFORMATION DENTAIRE,Print,Bouclage,,Hebdomadaire (chaque mercredi),,
l-information-dentaire::print,L'INFORMATION DENTAIRE,Print,Parution,18/03/2026,Hebdomadaire (chaque mercredi),,
l-information-dentaire::print,L'INFORMATION DENTAIRE,Print,Bouclage,,Hebdomadaire (chaque mercredi),,
l-information-dentaire::print,L'INFORMATION DENTAIRE,Print,Parution,25/03/2026,Hebdomadaire (chaque mercredi),,
l-information-dentaire::print,L'INFORMATION DENTAIRE,Print,Bouclage,,Hebdomadaire (chaque mercredi),,
l-information-dentaire::print,L'INFORMATION DENTAIRE,Print,Parution,08/04/2026,Hebdomadaire (chaque mercredi),,
l-information-dentaire::print,L'INFORMATION DENTAIRE,Print,Bouclage,,Hebdomadaire (chaque mercredi),,
l-information-dentaire::print,L'INFORMATION DENTAIRE,Print,Parution,15/04/2026,Hebdomadaire (chaque mercredi),,
l-information-dentaire::print,L'INFORMATION DENTAIRE,Print,Bouclage,,Hebdomadaire (chaque mercredi),,
l-information-dentaire::print,L'INFORMATION DENTAIRE,Print,Parution,29/04/2026,Hebdomadaire (chaque mercredi),,
l-information-dentaire::print,L'INFORMATION DENTAIRE,Print,Bouclage,,Hebdomadaire (chaque mercredi),,
l-information-dentaire::print,L'INFORMATION DENTAIRE,Print,Parution,13/05/2026,Hebdomadaire (chaque mercredi),,
l-information-dentaire::print,L'INFORMATION DENTAIRE,Print,Bouclage,,Hebdomadaire (chaque mercredi),,
l-information-dentaire::print,L'INFORMATION DENTAIRE,Print,Parution,20/05/2026,Hebdomadaire (chaque mercredi),,
l-information-dentaire::print,L'INFORMATION DENTAIRE,Print,Bouclage,,Hebdomadaire (chaque mercredi),,
l-information-dentaire::print,L'INFORMATION DENTAIRE,Print,Parution,27/05/2026,Hebdomadaire (chaque mercredi),,
l-information-dentaire::print,L'INFORMATION DENTAIRE,Print,Bouclage,,Hebdomadaire (chaque mercredi),,
l-information-dentaire::print,L'INFORMATION DENTAIRE,Print,Parution,10/06/2026,Hebdomadaire (chaque mercredi),,
l-information-dentaire::print,L'INFORMATION DENTAIRE,Print,Bouclage,,Hebdomadaire (chaque mercredi),,
l-information-dentaire::print,L'INFORMATION DENTAIRE,Print,Parution,17/06/2026,Hebdomadaire (chaque mercredi),,
l-information-dentaire::print,L'INFORMATION DENTAIRE,Print,Bouclage,,Hebdomadaire (chaque mercredi),,
l-information-dentaire::print,L'INFORMATION DENTAIRE,Print,Parution,24/06/2026,Hebdomadaire (chaque mercredi),,
l-information-dentaire::print,L'INFORMATION DENTAIRE,Print,Bouclage,,Hebdomadaire (chaque mercredi),,
l-information-dentaire::print,L'INFORMATION DENTAIRE,Print,Parution,08/07/2026,Hebdomadaire (chaque mercredi),,
l-information-dentaire::print,L'INFORMATION DENTAIRE,Print,Bouclage,,Hebdomadaire (chaque mercredi),,
l-information-dentaire::print,L'INFORMATION DENTAIRE,Print,Parution,15/07/2026,Hebdomadaire (chaque mercredi),,
l-information-dentaire::print,L'INFORMATION DENTAIRE,Print,Bouclage,,Hebdomadaire (chaque mercredi),,
l-information-dentaire::print,L'INFORMATION DENTAIRE,Print,Parution,02/09/2026,Hebdomadaire (chaque mercredi),,
l-information-dentaire::print,L'INFORMATION DENTAIRE,Print,Bouclage,,Hebdomadaire (chaque mercredi),,
l-information-dentaire::print,L'INFORMATION DENTAIRE,Print,Parution,09/09/2026,Hebdomadaire (chaque mercredi),,
l-information-dentaire::print,L'INFORMATION DENTAIRE,Print,Bouclage,,Hebdomadaire (chaque mercredi),,
l-information-dentaire::print,L'INFORMATION DENTAIRE,Print,Parution,17/09/2026,Hebdomadaire (chaque mercredi),,
l-information-dentaire::print,L'INFORMATION DENTAIRE,Print,Bouclage,,Hebdomadaire (chaque mercredi),,
l-information-dentaire::print,L'INFORMATION DENTAIRE,Print,Parution,23/09/2026,Hebdomadaire (chaque mercredi),,
l-information-dentaire::print,L'INFORMATION DENTAIRE,Print,Bouclage,,Hebdomadaire (chaque mercredi),,
l-information-dentaire::print,L'INFORMATION DENTAIRE,Print,Parution,07/10/2026,Hebdomadaire (chaque mercredi),,
l-information-dentaire::print,L'INFORMATION DENTAIRE,Print,Bouclage,,Hebdomadaire (chaque mercredi),,
l-information-dentaire::print,L'INFORMATION DENTAIRE,Print,Parution,14/10/2026,Hebdomadaire (chaque mercredi),,
l-information-dentaire::print,L'INFORMATION DENTAIRE,Print,Bouclage,,Hebdomadaire (chaque mercredi),,
l-information-dentaire::print,L'INFORMATION DENTAIRE,Print,Parution,21/10/2026,Hebdomadaire (chaque mercredi),,
l-information-dentaire::print,L'INFORMATION DENTAIRE,Print,Bouclage,,Hebdomadaire (chaque mercredi),,
l-information-dentaire::print,L'INFORMATION DENTAIRE,Print,Parution,04/11/2026,Hebdomadaire (chaque mercredi),,
l-information-dentaire::print,L'INFORMATION DENTAIRE,Print,Bouclage,,Hebdomadaire (chaque mercredi),,
l-information-dentaire::print,L'INFORMATION DENTAIRE,Print,Parution,11/11/2026,Hebdomadaire (chaque mercredi),,
l-information-dentaire::print,L'INFORMATION DENTAIRE,Print,Bouclage,,Hebdomadaire (chaque mercredi),,
l-information-dentaire::print,L'INFORMATION DENTAIRE,Print,Parution,18/11/2026,Hebdomadaire (chaque mercredi),,
l-information-dentaire::print,L'INFORMATION DENTAIRE,Print,Bouclage,,Hebdomadaire (chaque mercredi),,
l-information-dentaire::print,L'INFORMATION DENTAIRE,Print,Parution,25/11/2026,Hebdomadaire (chaque mercredi),,
l-information-dentaire::print,L'INFORMATION DENTAIRE,Print,Bouclage,,Hebdomadaire (chaque mercredi),,
l-information-dentaire::print,L'INFORMATION DENTAIRE,Print,Parution,09/12/2026,Hebdomadaire (chaque mercredi),,
l-information-dentaire::print,L'INFORMATION DENTAIRE,Print,Bouclage,,Hebdomadaire (chaque mercredi),,
l-information-dentaire::print,L'INFORMATION DENTAIRE,Print,Parution,16/12/2026,Hebdomadaire (chaque mercredi),,
l-informaticien::print,L'INFORMATICIEN,Print,Bouclage,10/02/2025,Mensuel,,
l-informaticien::print,L'INFORMATICIEN,Print,Parution,03/03/2025,Mensuel,,
l-informaticien::print,L'INFORMATICIEN,Print,Bouclage,12/03/2025,Mensuel,,
l-informaticien::print,L'INFORMATICIEN,Print,Parution,02/04/2025,Mensuel,,
l-informaticien::print,L'INFORMATICIEN,Print,Bouclage,12/04/2025,Mensuel,,
l-informaticien::print,L'INFORMATICIEN,Print,Parution,03/05/2025,Mensuel,,
l-informaticien::print,L'INFORMATICIEN,Print,Bouclage,13/05/2025,Mensuel,,
l-informaticien::print,L'INFORMATICIEN,Print,Parution,03/06/2025,Mensuel,,
l-informaticien::print,L'INFORMATICIEN,Print,Bouclage,11/06/2025,Mensuel,,
l-informaticien::print,L'INFORMATICIEN,Print,Parution,02/07/2025,Mensuel,,
l-informaticien::print,L'INFORMATICIEN,Print,Bouclage,12/08/2025,Mensuel,,
l-informaticien::print,L'INFORMATICIEN,Print,Parution,02/09/2025,Mensuel,,
l-informaticien::print,L'INFORMATICIEN,Print,Bouclage,11/09/2025,Mensuel,,
l-informaticien::print,L'INFORMATICIEN,Print,Parution,02/10/2025,Mensuel,,
l-informaticien::print,L'INFORMATICIEN,Print,Bouclage,13/10/2025,Mensuel,,
l-informaticien::print,L'INFORMATICIEN,Print,Parution,03/11/2025,Mensuel,,
l-informaticien::print,L'INFORMATICIEN,Print,Bouclage,15/11/2025,Mensuel,,
l-informaticien::print,L'INFORMATICIEN,Print,Parution,06/12/2025,Mensuel,,
ingenieur-auto::print,INGENIEUR DE L'AUTO,Print,Bouclage,05/02/2026,Mensuel,,
ingenieur-auto::print,INGENIEUR DE L'AUTO,Print,Bouclage,09/04/2026,Mensuel,,
ingenieur-auto::print,INGENIEUR DE L'AUTO,Print,Bouclage,13/05/2026,Mensuel,,
ingenieur-auto::print,INGENIEUR DE L'AUTO,Print,Bouclage,01/09/2026,Mensuel,,
ingenieur-auto::print,INGENIEUR DE L'AUTO,Print,Bouclage,03/11/2026,Mensuel,,
ingenieur-auto::print,INGENIEUR DE L'AUTO,Print,Parution,02/03/2026,Mensuel,,
ingenieur-auto::print,INGENIEUR DE L'AUTO,Print,Parution,04/05/2026,Mensuel,,
ingenieur-auto::print,INGENIEUR DE L'AUTO,Print,Parution,15/06/2026,Mensuel,,
ingenieur-auto::print,INGENIEUR DE L'AUTO,Print,Parution,25/09/2026,Mensuel,,
ingenieur-auto::print,INGENIEUR DE L'AUTO,Print,Parution,27/11/2026,Mensuel,,
l-installateur::print,L'INSTALLATEUR,Print,Bouclage,26/01/2026,Mensuel,,
l-installateur::print,L'INSTALLATEUR,Print,Parution,Janvier-Février,Mensuel,,
l-installateur::print,L'INSTALLATEUR,Print,Bouclage,28/02/2026,Mensuel,,
l-installateur::print,L'INSTALLATEUR,Print,Parution,Mars,Mensuel,,
l-installateur::print,L'INSTALLATEUR,Print,Bouclage,12/04/2026,Mensuel,,
l-installateur::print,L'INSTALLATEUR,Print,Parution,Avril-mai,Mensuel,,
l-installateur::print,L'INSTALLATEUR,Print,Bouclage,13/06/2026,Mensuel,,
l-installateur::print,L'INSTALLATEUR,Print,Parution,Juin-juillet,Mensuel,,
l-installateur::print,L'INSTALLATEUR,Print,Bouclage,20/08/2026,Mensuel,,
l-installateur::print,L'INSTALLATEUR,Print,Parution,Sept,Mensuel,,
l-installateur::print,L'INSTALLATEUR,Print,Bouclage,26/09/2026,Mensuel,,
l-installateur::print,L'INSTALLATEUR,Print,Parution,Oct,Mensuel,,
l-installateur::print,L'INSTALLATEUR,Print,Bouclage,25/10/2026,Mensuel,,
l-installateur::print,L'INSTALLATEUR,Print,Parution,Nov,Mensuel,,
l-installateur::print,L'INSTALLATEUR,Print,Bouclage,28/11/2026,Mensuel,,
l-installateur::print,L'INSTALLATEUR,Print,Parution,Dec,Mensuel,,
intramuros::print,INTRAMUROS,Print,Bouclage,24/02/2025,Trimestriel,,
intramuros::print,INTRAMUROS,Print,Parution,17/03/2025,Trimestriel,,
intramuros::print,INTRAMUROS,Print,Bouclage,26/05/2025,Trimestriel,,
intramuros::print,INTRAMUROS,Print,Parution,16/06/2025,Trimestriel,,
intramuros::print,INTRAMUROS,Print,Bouclage,18/08/2025,Trimestriel,,
intramuros::print,INTRAMUROS,Print,Parution,08/09/2025,Trimestriel,,
intramuros::print,INTRAMUROS,Print,Bouclage,24/11/2025,Trimestriel,,
intramuros::print,INTRAMUROS,Print,Parution,15/12/2025,Trimestriel,,
investissement-conseils::print,INVESTISSEMENT CONSEILS,Print,Bouclage,19/11/2025,Mensuel,,
investissement-conseils::print,INVESTISSEMENT CONSEILS,Print,Parution,01/11/2025,Mensuel,,
investissement-conseils::print,INVESTISSEMENT CONSEILS,Print,Bouclage,19/01/2026,Mensuel,,
investissement-conseils::print,INVESTISSEMENT CONSEILS,Print,Parution,01/01/2026,Mensuel,,
investissement-conseils::print,INVESTISSEMENT CONSEILS,Print,Bouclage,16/02/2026,Mensuel,,
investissement-conseils::print,INVESTISSEMENT CONSEILS,Print,Parution,01/03/2026,Mensuel,,
investissement-conseils::print,INVESTISSEMENT CONSEILS,Print,Bouclage,16/03/2026,Mensuel,,
investissement-conseils::print,INVESTISSEMENT CONSEILS,Print,Parution,01/04/2026,Mensuel,,
investissement-conseils::print,INVESTISSEMENT CONSEILS,Print,Bouclage,13/04/2026,Mensuel,,
investissement-conseils::print,INVESTISSEMENT CONSEILS,Print,Parution,01/05/2026,Mensuel,,
investissement-conseils::print,INVESTISSEMENT CONSEILS,Print,Bouclage,18/05/2026,Mensuel,,
investissement-conseils::print,INVESTISSEMENT CONSEILS,Print,Parution,01/06/2026,Mensuel,,
investissement-conseils::print,INVESTISSEMENT CONSEILS,Print,Bouclage,18/06/2026,Mensuel,,
investissement-conseils::print,INVESTISSEMENT CONSEILS,Print,Parution,01/07/2026,Mensuel,,
investissement-conseils::print,INVESTISSEMENT CONSEILS,Print,Bouclage,22/08/2026,Mensuel,,
investissement-conseils::print,INVESTISSEMENT CONSEILS,Print,Parution,01/09/2026,Mensuel,,
investissement-conseils::print,INVESTISSEMENT CONSEILS,Print,Bouclage,21/09/2026,Mensuel,,
investissement-conseils::print,INVESTISSEMENT CONSEILS,Print,Parution,01/10/2026,Mensuel,,
investissement-conseils::print,INVESTISSEMENT CONSEILS,Print,Bouclage,22/10/2026,Mensuel,,
investissement-conseils::print,INVESTISSEMENT CONSEILS,Print,Parution,01/11/2026,Mensuel,,
investissement-conseils::print,INVESTISSEMENT CONSEILS,Print,Bouclage,21/11/2026,Mensuel,,
investissement-conseils::print,INVESTISSEMENT CONSEILS,Print,Parution,01/12/2026,Mensuel,,
it-for-business::print,IT FOR BUSINESS,Print,Bouclage,20/12/2025,Mensuel,,
it-for-business::print,IT FOR BUSINESS,Print,Parution,19/01/2026,Mensuel,,
it-for-business::print,IT FOR BUSINESS,Print,Bouclage,19/01/2026,Mensuel,,
it-for-business::print,IT FOR BUSINESS,Print,Parution,11/02/2026,Mensuel,,
it-for-business::print,IT FOR BUSINESS,Print,Bouclage,16/02/2026,Mensuel,,
it-for-business::print,IT FOR BUSINESS,Print,Parution,11/03/2026,Mensuel,,
it-for-business::print,IT FOR BUSINESS,Print,Bouclage,19/03/2026,Mensuel,,
it-for-business::print,IT FOR BUSINESS,Print,Parution,08/04/2026,Mensuel,,
it-for-business::print,IT FOR BUSINESS,Print,Bouclage,20/04/2026,Mensuel,,
it-for-business::print,IT FOR BUSINESS,Print,Parution,11/05/2026,Mensuel,,
it-for-business::print,IT FOR BUSINESS,Print,Bouclage,22/05/2026,Mensuel,,
it-for-business::print,IT FOR BUSINESS,Print,Parution,08/06/2026,Mensuel,,
it-for-business::print,IT FOR BUSINESS,Print,Bouclage,19/06/2026,Mensuel,,
it-for-business::print,IT FOR BUSINESS,Print,Parution,08/07/2026,Mensuel,,
it-for-business::print,IT FOR BUSINESS,Print,Bouclage,17/08/2026,Mensuel,,
it-for-business::print,IT FOR BUSINESS,Print,Parution,07/09/2026,Mensuel,,
it-for-business::print,IT FOR BUSINESS,Print,Bouclage,11/09/2026,Mensuel,,
it-for-business::print,IT FOR BUSINESS,Print,Parution,05/10/2026,Mensuel,,
it-for-business::print,IT FOR BUSINESS,Print,Bouclage,12/10/2026,Mensuel,,
it-for-business::print,IT FOR BUSINESS,Print,Parution,09/11/2026,Mensuel,,
it-for-business::print,IT FOR BUSINESS,Print,Parution,17/11/2026,Mensuel,,
it-for-business::print,IT FOR BUSINESS,Print,Parution,09/12/2026,Mensuel,,
j2r::print,J2R,Print,Bouclage,09/01/2026,Mensuel,,
j2r::print,J2R,Print,Bouclage,16/02/2026,Mensuel,,
j2r::print,J2R,Print,Bouclage,16/03/2026,Mensuel,,
j2r::print,J2R,Print,Bouclage,17/04/2026,Mensuel,,
j2r::print,J2R,Print,Bouclage,19/05/2026,Mensuel,,
j2r::print,J2R,Print,Bouclage,19/06/2026,Mensuel,,
j2r::print,J2R,Print,Bouclage,17/08/2026,Mensuel,,
j2r::print,J2R,Print,Bouclage,21/09/2026,Mensuel,,
j2r::print,J2R,Print,Bouclage,16/10/2026,Mensuel,,
j2r::print,J2R,Print,Bouclage,20/11/2026,Mensuel,,
j2r::print,J2R,Print,Parution,06/02/2026,Mensuel,,
j2r::print,J2R,Print,Parution,09/03/2026,Mensuel,,
j2r::print,J2R,Print,Parution,07/04/2026,Mensuel,,
j2r::print,J2R,Print,Parution,12/05/2026,Mensuel,,
j2r::print,J2R,Print,Parution,09/06/2026,Mensuel,,
j2r::print,J2R,Print,Parution,10/07/2026,Mensuel,,
j2r::print,J2R,Print,Parution,07/09/2026,Mensuel,,
j2r::print,J2R,Print,Parution,12/10/2026,Mensuel,,
j2r::print,J2R,Print,Bouclage,06/11/2026,Mensuel,,
j2r::print,J2R,Print,Parution,11/12/2026,Mensuel,,
j3e::print,J3E,Print,Bouclage,05/02/2026,Mensuel,,
j3e::print,J3E,Print,Parution,20/02/2026,Mensuel,,
j3e::print,J3E,Print,Bouclage,12/03/2026,Mensuel,,
j3e::print,J3E,Print,Parution,27/03/2026,Mensuel,,
j3e::print,J3E,Print,Bouclage,09/04/2026,Mensuel,,
j3e::print,J3E,Print,Parution,24/04/2026,Mensuel,,
j3e::print,J3E,Print,Bouclage,07/05/2026,Mensuel,,
j3e::print,J3E,Print,Parution,22/05/2026,Mensuel,,
j3e::print,J3E,Print,Bouclage,11/06/2026,Mensuel,,
j3e::print,J3E,Print,Parution,26/06/2026,Mensuel,,
j3e::print,J3E,Print,Bouclage,10/09/2026,Mensuel,,
j3e::print,J3E,Print,Parution,25/09/2026,Mensuel,,
j3e::print,J3E,Print,Bouclage,08/10/2026,Mensuel,,
j3e::print,J3E,Print,Parution,23/10/2026,Mensuel,,
j3e::print,J3E,Print,Bouclage,12/11/2026,Mensuel,,
j3e::print,J3E,Print,Parution,27/11/2026,Mensuel,,
le-journal-de-l-automobile::print,LE JOURNAL DE L'AUTOMOBILE,Print,Bouclage,28/01/2026,Mensuel,,
le-journal-de-l-automobile::print,LE JOURNAL DE L'AUTOMOBILE,Print,Bouclage,25/02/2026,Mensuel,,
le-journal-de-l-automobile::print,LE JOURNAL DE L'AUTOMOBILE,Print,Bouclage,27/03/2026,Mensuel,,
le-journal-de-l-automobile::print,LE JOURNAL DE L'AUTOMOBILE,Print,Bouclage,29/04/2026,Mensuel,,
le-journal-de-l-automobile::print,LE JOURNAL DE L'AUTOMOBILE,Print,Bouclage,27/05/2026,Mensuel,,
le-journal-de-l-automobile::print,LE JOURNAL DE L'AUTOMOBILE,Print,Bouclage,29/06/2026,Mensuel,,
le-journal-de-l-automobile::print,LE JOURNAL DE L'AUTOMOBILE,Print,Bouclage,28/08/2026,Mensuel,,
le-journal-de-l-automobile::print,LE JOURNAL DE L'AUTOMOBILE,Print,Bouclage,25/09/2026,Mensuel,,
le-journal-de-l-automobile::print,LE JOURNAL DE L'AUTOMOBILE,Print,Bouclage,29/10/2026,Mensuel,,
le-journal-de-l-automobile::print,LE JOURNAL DE L'AUTOMOBILE,Print,Bouclage,27/11/2026,Mensuel,,
le-journal-de-l-automobile::print,LE JOURNAL DE L'AUTOMOBILE,Print,Parution,18/02/2026,Mensuel,,
le-journal-de-l-automobile::print,LE JOURNAL DE L'AUTOMOBILE,Print,Parution,18/03/2026,Mensuel,,
le-journal-de-l-automobile::print,LE JOURNAL DE L'AUTOMOBILE,Print,Parution,17/04/2026,Mensuel,,
le-journal-de-l-automobile::print,LE JOURNAL DE L'AUTOMOBILE,Print,Parution,20/05/2026,Mensuel,,
le-journal-de-l-automobile::print,LE JOURNAL DE L'AUTOMOBILE,Print,Parution,17/06/2026,Mensuel,,
le-journal-de-l-automobile::print,LE JOURNAL DE L'AUTOMOBILE,Print,Parution,20/07/2026,Mensuel,,
le-journal-de-l-automobile::print,LE JOURNAL DE L'AUTOMOBILE,Print,Parution,15/09/2026,Mensuel,,
le-journal-de-l-automobile::print,LE JOURNAL DE L'AUTOMOBILE,Print,Parution,16/10/2026,Mensuel,,
le-journal-de-l-automobile::print,LE JOURNAL DE L'AUTOMOBILE,Print,Parution,17/11/2026,Mensuel,,
le-journal-de-l-automobile::print,LE JOURNAL DE L'AUTOMOBILE,Print,Parution,18/12/2026,Mensuel,,
le-journal-de-la-chirurgie-viscerale,LE JOURNAL DE LA CHIRURGIE VISCERALE,Print,Bouclage,10/02/2026,Bimestriel,,
le-journal-de-la-chirurgie-viscerale,LE JOURNAL DE LA CHIRURGIE VISCERALE,Print,Parution,fev,Bimestriel,,
le-journal-de-la-chirurgie-viscerale,LE JOURNAL DE LA CHIRURGIE VISCERALE,Print,Bouclage,09/04/2026,Bimestriel,,
le-journal-de-la-chirurgie-viscerale,LE JOURNAL DE LA CHIRURGIE VISCERALE,Print,Parution,avril,Bimestriel,,
le-journal-de-la-chirurgie-viscerale,LE JOURNAL DE LA CHIRURGIE VISCERALE,Print,Bouclage,11/06/2026,Bimestriel,,
le-journal-de-la-chirurgie-viscerale,LE JOURNAL DE LA CHIRURGIE VISCERALE,Print,Parution,juin,Bimestriel,,
le-journal-de-la-chirurgie-viscerale,LE JOURNAL DE LA CHIRURGIE VISCERALE,Print,Bouclage,10/08/2026,Bimestriel,,
le-journal-de-la-chirurgie-viscerale,LE JOURNAL DE LA CHIRURGIE VISCERALE,Print,Parution,aout,Bimestriel,,
le-journal-de-la-chirurgie-viscerale,LE JOURNAL DE LA CHIRURGIE VISCERALE,Print,Bouclage,09/10/2026,Bimestriel,,
le-journal-de-la-chirurgie-viscerale,LE JOURNAL DE LA CHIRURGIE VISCERALE,Print,Parution,oct,Bimestriel,,
le-journal-de-la-chirurgie-viscerale,LE JOURNAL DE LA CHIRURGIE VISCERALE,Print,Bouclage,09/12/2026,Bimestriel,,
le-journal-de-la-chirurgie-viscerale,LE JOURNAL DE LA CHIRURGIE VISCERALE,Print,Parution,dec,Bimestriel,,
journal-des-communes::print,JOURNAL DES COMMUNES,Print,Bouclage,11/02/2026,Bimestriel,,
journal-des-communes::print,JOURNAL DES COMMUNES,Print,Parution,06/03/2026,Bimestriel,,
journal-des-communes::print,JOURNAL DES COMMUNES,Print,Bouclage,12/03/2026,Bimestriel,,
journal-des-communes::print,JOURNAL DES COMMUNES,Print,Parution,07/04/2026,Bimestriel,,
journal-des-communes::print,JOURNAL DES COMMUNES,Print,Bouclage,14/04/2026,Bimestriel,,
journal-des-communes::print,JOURNAL DES COMMUNES,Print,Parution,07/05/2026,Bimestriel,,
journal-des-entreprises::print,JOURNAL DES ENTREPRISES,Print,Bouclage,13/05/2026,Mensuel,,
journal-des-entreprises::print,JOURNAL DES ENTREPRISES,Print,Parution,09/06/2026,Mensuel,,
journal-des-entreprises::print,JOURNAL DES ENTREPRISES,Print,Bouclage,12/06/2026,Mensuel,,
journal-des-entreprises::print,JOURNAL DES ENTREPRISES,Print,Parution,07/07/2026,Mensuel,,
journal-des-entreprises::print,JOURNAL DES ENTREPRISES,Print,Bouclage,24/08/2026,Mensuel,,
journal-des-entreprises::print,JOURNAL DES ENTREPRISES,Print,Parution,14/09/2026,Mensuel,,
journal-des-entreprises::print,JOURNAL DES ENTREPRISES,Print,Bouclage,21/09/2026,Mensuel,,
journal-des-entreprises::print,JOURNAL DES ENTREPRISES,Print,Parution,07/10/2026,Mensuel,,
journal-des-entreprises::print,JOURNAL DES ENTREPRISES,Print,Bouclage,14/10/2026,Mensuel,,
journal-des-entreprises::print,JOURNAL DES ENTREPRISES,Print,Parution,06/11/2026,Mensuel,,
journal-des-entreprises::print,JOURNAL DES ENTREPRISES,Print,Bouclage,13/11/2026,Mensuel,,
journal-des-entreprises::print,JOURNAL DES ENTREPRISES,Print,Parution,11/12/2026,Mensuel,,
le-journal-des-flottes::print,LE JOURNAL DES FLOTTES,Print,Bouclage,06/02/2026,Trimestriel,,
le-journal-des-flottes::print,LE JOURNAL DES FLOTTES,Print,Bouclage,03/04/2026,Trimestriel,,
le-journal-des-flottes::print,LE JOURNAL DES FLOTTES,Print,Bouclage,18/05/2026,Trimestriel,,
le-journal-des-flottes::print,LE JOURNAL DES FLOTTES,Print,Bouclage,26/08/2026,Trimestriel,,
le-journal-des-flottes::print,LE JOURNAL DES FLOTTES,Print,Bouclage,19/10/2026,Trimestriel,,
le-journal-des-flottes::print,LE JOURNAL DES FLOTTES,Print,Bouclage,02/12/2026,Trimestriel,,
le-journal-des-flottes::print,LE JOURNAL DES FLOTTES,Print,Parution,27/02/2026,Trimestriel,,
le-journal-des-flottes::print,LE JOURNAL DES FLOTTES,Print,Parution,24/04/2026,Trimestriel,,
le-journal-des-flottes::print,LE JOURNAL DES FLOTTES,Print,Parution,08/06/2026,Trimestriel,,
le-journal-des-flottes::print,LE JOURNAL DES FLOTTES,Print,Parution,15/09/2026,Trimestriel,,
le-journal-des-flottes::print,LE JOURNAL DES FLOTTES,Print,Parution,09/11/2026,Trimestriel,,
le-journal-des-flottes::print,LE JOURNAL DES FLOTTES,Print,Parution,16/12/2026,Trimestriel,,
journal-des-maires::print,JOURNAL DES MAIRES,Print,Bouclage,20/01/2026,5 numéros,,
journal-des-maires::print,JOURNAL DES MAIRES,Print,Parution,04/02/2026,5 numéros,,
journal-des-maires::print,JOURNAL DES MAIRES,Print,Bouclage,17/02/2026,5 numéros,,
journal-des-maires::print,JOURNAL DES MAIRES,Print,Parution,05/03/2026,5 numéros,,
journal-des-maires::print,JOURNAL DES MAIRES,Print,Bouclage,17/03/2026,5 numéros,,
journal-des-maires::print,JOURNAL DES MAIRES,Print,Parution,03/04/2026,5 numéros,,
journal-des-maires::print,JOURNAL DES MAIRES,Print,Bouclage,20/04/2026,5 numéros,,
journal-des-maires::print,JOURNAL DES MAIRES,Print,Parution,06/05/2026,5 numéros,,
journal-des-maires::print,JOURNAL DES MAIRES,Print,Bouclage,19/05/2026,5 numéros,,
journal-des-maires::print,JOURNAL DES MAIRES,Print,Parution,04/06/2025,5 numéros,,
journal-d-imagerie-diagnostic,JOURNAL D'IMAGERIE DIAGNOSTIC,Print,Bouclage,05/02/2026,6 Numéros / an,,
journal-d-imagerie-diagnostic,JOURNAL D'IMAGERIE DIAGNOSTIC,Print,Parution,fev,6 Numéros / an,,
journal-d-imagerie-diagnostic,JOURNAL D'IMAGERIE DIAGNOSTIC,Print,Bouclage,27/03/2026,6 Numéros / an,,
journal-d-imagerie-diagnostic,JOURNAL D'IMAGERIE DIAGNOSTIC,Print,Parution,avril,6 Numéros / an,,
journal-d-imagerie-diagnostic,JOURNAL D'IMAGERIE DIAGNOSTIC,Print,Bouclage,27/05/2026,6 Numéros / an,,
journal-d-imagerie-diagnostic,JOURNAL D'IMAGERIE DIAGNOSTIC,Print,Parution,juin,6 Numéros / an,,
journal-d-imagerie-diagnostic,JOURNAL D'IMAGERIE DIAGNOSTIC,Print,Bouclage,03/09/2026,6 Numéros / an,,
journal-d-imagerie-diagnostic,JOURNAL D'IMAGERIE DIAGNOSTIC,Print,Parution,sept,6 Numéros / an,,
journal-d-imagerie-diagnostic,JOURNAL D'IMAGERIE DIAGNOSTIC,Print,Bouclage,05/10/2026,6 Numéros / an,,
journal-d-imagerie-diagnostic,JOURNAL D'IMAGERIE DIAGNOSTIC,Print,Parution,oct,6 Numéros / an,,
journal-d-imagerie-diagnostic,JOURNAL D'IMAGERIE DIAGNOSTIC,Print,Bouclage,04/12/2026,6 Numéros / an,,
journal-d-imagerie-diagnostic,JOURNAL D'IMAGERIE DIAGNOSTIC,Print,Parution,dec,6 Numéros / an,,
le-journal-du-village-de-la-justice::print,LE JOURNAL DU VILLAGE DE LA JUSTICE,Print,Bouclage,10/01/2025,Trimestriel,,
le-journal-du-village-de-la-justice::print,LE JOURNAL DU VILLAGE DE LA JUSTICE,Print,Parution,31/01/2025,Trimestriel,,
le-journal-du-village-de-la-justice::print,LE JOURNAL DU VILLAGE DE LA JUSTICE,Print,Bouclage,14/03/2025,Trimestriel,,
le-journal-du-village-de-la-justice::print,LE JOURNAL DU VILLAGE DE LA JUSTICE,Print,Parution,04/04/2025,Trimestriel,,
le-journal-du-village-de-la-justice::print,LE JOURNAL DU VILLAGE DE LA JUSTICE,Print,Bouclage,13/06/2025,Trimestriel,,
le-journal-du-village-de-la-justice::print,LE JOURNAL DU VILLAGE DE LA JUSTICE,Print,Parution,04/07/2025,Trimestriel,,
le-journal-du-village-de-la-justice::print,LE JOURNAL DU VILLAGE DE LA JUSTICE,Print,Bouclage,17/10/2025,Trimestriel,,
le-journal-du-village-de-la-justice::print,LE JOURNAL DU VILLAGE DE LA JUSTICE,Print,Parution,07/11/2025,Trimestriel,,
le-journal-du-village-des-notaires::print,LE JOURNAL DU VILLAGE DES NOTAIRES,Print,Bouclage,15/01/2025,6 Numéros / an,,
le-journal-du-village-des-notaires::print,LE JOURNAL DU VILLAGE DES NOTAIRES,Print,Parution,05/02/2025,6 Numéros / an,,
le-journal-du-village-des-notaires::print,LE JOURNAL DU VILLAGE DES NOTAIRES,Print,Bouclage,15/03/2025,6 Numéros / an,,
le-journal-du-village-des-notaires::print,LE JOURNAL DU VILLAGE DES NOTAIRES,Print,Parution,05/04/2025,6 Numéros / an,,
le-journal-du-village-des-notaires::print,LE JOURNAL DU VILLAGE DES NOTAIRES,Print,Bouclage,15/06/2025,6 Numéros / an,,
le-journal-du-village-des-notaires::print,LE JOURNAL DU VILLAGE DES NOTAIRES,Print,Parution,06/07/2025,6 Numéros / an,,
le-journal-du-village-des-notaires::print,LE JOURNAL DU VILLAGE DES NOTAIRES,Print,Bouclage,15/11/2025,6 Numéros / an,,
le-journal-du-village-des-notaires::print,LE JOURNAL DU VILLAGE DES NOTAIRES,Print,Parution,06/12/2025,6 Numéros / an,,
le-journal-des-patissiers::print,LE JOURNAL DES PATISSIERS,Print,Bouclage,le 20 du mois M-1,Mensuel,,
le-journal-des-patissiers::print,LE JOURNAL DES PATISSIERS,Print,Parution,le 20 du mois,Mensuel,,
journal-du-pneumatique::print,JOURNAL DU PNEUMATIQUE,Print,Bouclage,14/01/2026,Bimestriel,,
journal-du-pneumatique::print,JOURNAL DU PNEUMATIQUE,Print,Bouclage,13/03/2026,Bimestriel,,
journal-du-pneumatique::print,JOURNAL DU PNEUMATIQUE,Print,Bouclage,15/05/2026,Bimestriel,,
journal-du-pneumatique::print,JOURNAL DU PNEUMATIQUE,Print,Bouclage,07/09/2026,Bimestriel,,
journal-du-pneumatique::print,JOURNAL DU PNEUMATIQUE,Print,Bouclage,26/10/2026,Bimestriel,,
journal-du-pneumatique::print,JOURNAL DU PNEUMATIQUE,Print,Parution,04/02/2026,Bimestriel,,
journal-du-pneumatique::print,JOURNAL DU PNEUMATIQUE,Print,Parution,03/04/2026,Bimestriel,,
journal-du-pneumatique::print,JOURNAL DU PNEUMATIQUE,Print,Parution,05/06/2026,Bimestriel,,
journal-du-pneumatique::print,JOURNAL DU PNEUMATIQUE,Print,Parution,28/09/2026,Bimestriel,,
journal-du-pneumatique::print,JOURNAL DU PNEUMATIQUE,Print,Parution,16/11/2026,Bimestriel,,
le-journal-du-poids-lourd::print,LE JOURNAL DU POIDS LOURD,Print,Bouclage,27/02/2026,4 Numéros / an,,
le-journal-du-poids-lourd::print,LE JOURNAL DU POIDS LOURD,Print,Bouclage,29/05/2026,4 Numéros / an,,
le-journal-du-poids-lourd::print,LE JOURNAL DU POIDS LOURD,Print,Bouclage,31/08/2026,4 Numéros / an,,
le-journal-du-poids-lourd::print,LE JOURNAL DU POIDS LOURD,Print,Bouclage,27/10/2026,4 Numéros / an,,
le-journal-du-poids-lourd::print,LE JOURNAL DU POIDS LOURD,Print,Parution,20/03/2026,4 Numéros / an,,
le-journal-du-poids-lourd::print,LE JOURNAL DU POIDS LOURD,Print,Parution,19/06/2026,4 Numéros / an,,
le-journal-du-poids-lourd::print,LE JOURNAL DU POIDS LOURD,Print,Parution,21/09/2026,4 Numéros / an,,
le-journal-du-poids-lourd::print,LE JOURNAL DU POIDS LOURD,Print,Parution,17/11/2026,4 Numéros / an,,
kine-actualite::print,KINE ACTUALITE,Print,Bouclage,31/12/2025,Bimensuel,,
kine-actualite::print,KINE ACTUALITE,Print,Parution,15/01/2026,Bimensuel,,
kine-actualite::print,KINE ACTUALITE,Print,Bouclage,14/01/2026,Bimensuel,,
kine-actualite::print,KINE ACTUALITE,Print,Parution,29/01/2026,Bimensuel,,
kine-actualite::print,KINE ACTUALITE,Print,Bouclage,28/01/2026,Bimensuel,,
kine-actualite::print,KINE ACTUALITE,Print,Parution,12/02/2026,Bimensuel,,
kine-actualite::print,KINE ACTUALITE,Print,Bouclage,11/02/2026,Bimensuel,,
kine-actualite::print,KINE ACTUALITE,Print,Parution,26/02/2026,Bimensuel,,
kine-actualite::print,KINE ACTUALITE,Print,Bouclage,25/02/2026,Bimensuel,,
kine-actualite::print,KINE ACTUALITE,Print,Parution,12/03/2026,Bimensuel,,
kine-actualite::print,KINE ACTUALITE,Print,Bouclage,11/03/2026,Bimensuel,,
kine-actualite::print,KINE ACTUALITE,Print,Parution,26/03/2026,Bimensuel,,
kine-actualite::print,KINE ACTUALITE,Print,Bouclage,25/03/2026,Bimensuel,,
kine-actualite::print,KINE ACTUALITE,Print,Parution,09/04/2026,Bimensuel,,
kine-actualite::print,KINE ACTUALITE,Print,Bouclage,08/04/2026,Bimensuel,,
kine-actualite::print,KINE ACTUALITE,Print,Parution,23/04/2026,Bimensuel,,
kine-actualite::print,KINE ACTUALITE,Print,Bouclage,22/04/2026,Bimensuel,,
kine-actualite::print,KINE ACTUALITE,Print,Parution,07/05/2026,Bimensuel,,
kine-actualite::print,KINE ACTUALITE,Print,Bouclage,06/05/2026,Bimensuel,,
kine-actualite::print,KINE ACTUALITE,Print,Parution,21/05/2026,Bimensuel,,
kine-actualite::print,KINE ACTUALITE,Print,Bouclage,20/05/2026,Bimensuel,,
kine-actualite::print,KINE ACTUALITE,Print,Parution,04/06/2026,Bimensuel,,
kine-actualite::print,KINE ACTUALITE,Print,Bouclage,03/06/2026,Bimensuel,,
kine-actualite::print,KINE ACTUALITE,Print,Parution,18/06/2026,Bimensuel,,
kine-actualite::print,KINE ACTUALITE,Print,Bouclage,17/06/2026,Bimensuel,,
kine-actualite::print,KINE ACTUALITE,Print,Parution,02/07/2026,Bimensuel,,
kine-actualite::print,KINE ACTUALITE,Print,Bouclage,01/07/2026,Bimensuel,,
kine-actualite::print,KINE ACTUALITE,Print,Parution,16/07/2026,Bimensuel,,
kine-actualite::print,KINE ACTUALITE,Print,Bouclage,19/08/2026,Bimensuel,,
kine-actualite::print,KINE ACTUALITE,Print,Parution,03/09/2026,Bimensuel,,
kine-actualite::print,KINE ACTUALITE,Print,Bouclage,02/09/2026,Bimensuel,,
kine-actualite::print,KINE ACTUALITE,Print,Parution,17/09/2026,Bimensuel,,
kine-actualite::print,KINE ACTUALITE,Print,Bouclage,16/09/2026,Bimensuel,,
kine-actualite::print,KINE ACTUALITE,Print,Parution,01/10/2026,Bimensuel,,
kine-actualite::print,KINE ACTUALITE,Print,Bouclage,07/10/2026,Bimensuel,,
kine-actualite::print,KINE ACTUALITE,Print,Parution,22/10/2026,Bimensuel,,
kine-actualite::print,KINE ACTUALITE,Print,Bouclage,21/10/2026,Bimensuel,,
kine-actualite::print,KINE ACTUALITE,Print,Parution,05/11/2026,Bimensuel,,
kine-actualite::print,KINE ACTUALITE,Print,Bouclage,04/11/2026,Bimensuel,,
kine-actualite::print,KINE ACTUALITE,Print,Parution,19/11/2026,Bimensuel,,
kine-actualite::print,KINE ACTUALITE,Print,Bouclage,18/11/2026,Bimensuel,,
kine-actualite::print,KINE ACTUALITE,Print,Parution,03/12/2026,Bimensuel,,
kine-actualite::print,KINE ACTUALITE,Print,Bouclage,02/12/2026,Bimensuel,,
kine-actualite::print,KINE ACTUALITE,Print,Parution,17/12/2026,Bimensuel,,
lineaires::print,LINEAIRES,Print,Bouclage,19/02/2026,Mensuel,,
lineaires::print,LINEAIRES,Print,Parution,05/03/2026,Mensuel,,
lineaires::print,LINEAIRES,Print,Bouclage,20/03/2026,Mensuel,,
lineaires::print,LINEAIRES,Print,Parution,03/04/2026,Mensuel,,
lineaires::print,LINEAIRES,Print,Bouclage,20/04/2026,Mensuel,,
lineaires::print,LINEAIRES,Print,Parution,06/05/2026,Mensuel,,
lineaires::print,LINEAIRES,Print,Bouclage,26/05/2026,Mensuel,,
lineaires::print,LINEAIRES,Print,Parution,12/06/2026,Mensuel,,
lineaires::print,LINEAIRES,Print,Bouclage,29/07/2026,Mensuel,,
lineaires::print,LINEAIRES,Print,Parution,03/09/2026,Mensuel,,
lineaires::print,LINEAIRES,Print,Bouclage,21/09/2026,Mensuel,,
lineaires::print,LINEAIRES,Print,Parution,07/10/2026,Mensuel,,
lineaires::print,LINEAIRES,Print,Bouclage,20/10/2026,Mensuel,,
lineaires::print,LINEAIRES,Print,Parution,04/11/2026,Mensuel,,
lineaires::print,LINEAIRES,Print,Bouclage,18/11/2026,Mensuel,,
lineaires::print,LINEAIRES,Print,Parution,02/12/2026,Mensuel,,
le-lien-horticole::print,LE LIEN HORTICOLE,Print,Bouclage,11/12/2025,Mensuel,,
le-lien-horticole::print,LE LIEN HORTICOLE,Print,Bouclage,12/02/2026,Mensuel,,
le-lien-horticole::print,LE LIEN HORTICOLE,Print,Bouclage,12/03/2026,Mensuel,,
le-lien-horticole::print,LE LIEN HORTICOLE,Print,Bouclage,16/04/2026,Mensuel,,
le-lien-horticole::print,LE LIEN HORTICOLE,Print,Bouclage,13/05/2026,Mensuel,,
le-lien-horticole::print,LE LIEN HORTICOLE,Print,Bouclage,18/06/2026,Mensuel,,
le-lien-horticole::print,LE LIEN HORTICOLE,Print,Bouclage,,Mensuel,,
le-lien-horticole::print,LE LIEN HORTICOLE,Print,Bouclage,,Mensuel,,
le-lien-horticole::print,LE LIEN HORTICOLE,Print,Bouclage,,Mensuel,,
le-lien-horticole::print,LE LIEN HORTICOLE,Print,Bouclage,,Mensuel,,
le-lien-horticole::print,LE LIEN HORTICOLE,Print,Parution,24/12/2025,Mensuel,,
le-lien-horticole::print,LE LIEN HORTICOLE,Print,Parution,25/02/2026,Mensuel,,
le-lien-horticole::print,LE LIEN HORTICOLE,Print,Parution,25/03/2026,Mensuel,,
le-lien-horticole::print,LE LIEN HORTICOLE,Print,Parution,29/04/2026,Mensuel,,
le-lien-horticole::print,LE LIEN HORTICOLE,Print,Parution,28/05/2026,Mensuel,,
le-lien-horticole::print,LE LIEN HORTICOLE,Print,Parution,01/07/2026,Mensuel,,
le-lien-horticole::print,LE LIEN HORTICOLE,Print,Parution,,Mensuel,,
le-lien-horticole::print,LE LIEN HORTICOLE,Print,Parution,,Mensuel,,
le-lien-horticole::print,LE LIEN HORTICOLE,Print,Parution,,Mensuel,,
le-lien-horticole::print,LE LIEN HORTICOLE,Print,Parution,,Mensuel,,
livres-hebdo::print,LIVRES HEBDO,Print,Bouclage,19/01/2026,Mensuel,,
livres-hebdo::print,LIVRES HEBDO,Print,Parution,29/01/2026,Mensuel,,
livres-hebdo::print,LIVRES HEBDO,Print,Bouclage,16/02/2026,Mensuel,,
livres-hebdo::print,LIVRES HEBDO,Print,Parution,26/02/2026,Mensuel,,
livres-hebdo::print,LIVRES HEBDO,Print,Bouclage,16/03/2026,Mensuel,,
livres-hebdo::print,LIVRES HEBDO,Print,Parution,26/03/2026,Mensuel,,
livres-hebdo::print,LIVRES HEBDO,Print,Bouclage,20/04/2026,Mensuel,,
livres-hebdo::print,LIVRES HEBDO,Print,Parution,30/04/2026,Mensuel,,
livres-hebdo::print,LIVRES HEBDO,Print,Bouclage,18/05/2026,Mensuel,,
livres-hebdo::print,LIVRES HEBDO,Print,Parution,28/05/2026,Mensuel,,
livres-hebdo::print,LIVRES HEBDO,Print,Bouclage,15/06/2026,Mensuel,,
livres-hebdo::print,LIVRES HEBDO,Print,Parution,25/06/2026,Mensuel,,
livres-hebdo::print,LIVRES HEBDO,Print,Bouclage,17/08/2026,Mensuel,,
livres-hebdo::print,LIVRES HEBDO,Print,Parution,27/08/2026,Mensuel,,
livres-hebdo::print,LIVRES HEBDO,Print,Bouclage,14/09/2026,Mensuel,,
livres-hebdo::print,LIVRES HEBDO,Print,Parution,24/09/2026,Mensuel,,
livres-hebdo::print,LIVRES HEBDO,Print,Bouclage,19/10/2026,Mensuel,,
livres-hebdo::print,LIVRES HEBDO,Print,Parution,29/10/2026,Mensuel,,
livres-hebdo::print,LIVRES HEBDO,Print,Bouclage,16/11/2026,Mensuel,,
livres-hebdo::print,LIVRES HEBDO,Print,Parution,26/11/2026,Mensuel,,
livres-hebdo::print,LIVRES HEBDO,Print,Bouclage,07/12/2026,Mensuel,,
livres-hebdo::print,LIVRES HEBDO,Print,Parution,17/12/2026,Mensuel,,
lumieres::print,LUMIERES,Print,Bouclage,27/02/2026,4 Numéros / an,,
lumieres::print,LUMIERES,Print,Parution,15/03/2026,4 Numéros / an,,
lumieres::print,LUMIERES,Print,Bouclage,25/05/2026,4 Numéros / an,,
lumieres::print,LUMIERES,Print,Parution,16/06/2026,4 Numéros / an,,
lumieres::print,LUMIERES,Print,Bouclage,25/09/2026,4 Numéros / an,,
lumieres::print,LUMIERES,Print,Parution,15/10/2026,4 Numéros / an,,
lumieres::print,LUMIERES,Print,Bouclage,25/11/2026,4 Numéros / an,,
lumieres::print,LUMIERES,Print,Parution,15/12/2026,4 Numéros / an,,
loyers-et-copropriete::print,LOYERS ET COPROPRIETE,Print,Bouclage,28/02/2025,Mensuel,,
loyers-et-copropriete::print,LOYERS ET COPROPRIETE,Print,Parution,21/03/2025,Mensuel,,
loyers-et-copropriete::print,LOYERS ET COPROPRIETE,Print,Bouclage,28/03/2025,Mensuel,,
loyers-et-copropriete::print,LOYERS ET COPROPRIETE,Print,Parution,18/04/2025,Mensuel,,
loyers-et-copropriete::print,LOYERS ET COPROPRIETE,Print,Bouclage,30/04/2025,Mensuel,,
loyers-et-copropriete::print,LOYERS ET COPROPRIETE,Print,Parution,21/05/2025,Mensuel,,
loyers-et-copropriete::print,LOYERS ET COPROPRIETE,Print,Bouclage,29/05/2025,Mensuel,,
loyers-et-copropriete::print,LOYERS ET COPROPRIETE,Print,Parution,19/06/2025,Mensuel,,
loyers-et-copropriete::print,LOYERS ET COPROPRIETE,Print,Bouclage,20/06/2025,Mensuel,,
loyers-et-copropriete::print,LOYERS ET COPROPRIETE,Print,Parution,11/07/2025,Mensuel,,
loyers-et-copropriete::print,LOYERS ET COPROPRIETE,Print,Bouclage,29/08/2025,Mensuel,,
loyers-et-copropriete::print,LOYERS ET COPROPRIETE,Print,Parution,19/09/2025,Mensuel,,
loyers-et-copropriete::print,LOYERS ET COPROPRIETE,Print,Bouclage,19/09/2025,Mensuel,,
loyers-et-copropriete::print,LOYERS ET COPROPRIETE,Print,Parution,10/10/2025,Mensuel,,
loyers-et-copropriete::print,LOYERS ET COPROPRIETE,Print,Bouclage,28/10/2025,Mensuel,,
loyers-et-copropriete::print,LOYERS ET COPROPRIETE,Print,Parution,18/11/2025,Mensuel,,
loyers-et-copropriete::print,LOYERS ET COPROPRIETE,Print,Bouclage,14/11/2025,Mensuel,,
loyers-et-copropriete::print,LOYERS ET COPROPRIETE,Print,Parution,05/12/2025,Mensuel,,
machines-production::print,MACHINES PRODUCTION,Print,Bouclage,04/02/2026,Mensuel,,
machines-production::print,MACHINES PRODUCTION,Print,Bouclage,02/03/2026,Mensuel,,
machines-production::print,MACHINES PRODUCTION,Print,Bouclage,10/04/2026,Mensuel,,
machines-production::print,MACHINES PRODUCTION,Print,Bouclage,04/05/2026,Mensuel,,
machines-production::print,MACHINES PRODUCTION,Print,Bouclage,03/06/2026,Mensuel,,
machines-production::print,MACHINES PRODUCTION,Print,Bouclage,29/06/2026,Mensuel,,
machines-production::print,MACHINES PRODUCTION,Print,Bouclage,24/08/2026,Mensuel,,
machines-production::print,MACHINES PRODUCTION,Print,Bouclage,18/09/2026,Mensuel,,
machines-production::print,MACHINES PRODUCTION,Print,Bouclage,12/10/2026,Mensuel,,
machines-production::print,MACHINES PRODUCTION,Print,Bouclage,28/10/2026,Mensuel,,
machines-production::print,MACHINES PRODUCTION,Print,Bouclage,23/11/2026,Mensuel,,
machines-production::print,MACHINES PRODUCTION,Print,Parution,,Mensuel,,
machines-production::print,MACHINES PRODUCTION,Print,Parution,,Mensuel,,
machines-production::print,MACHINES PRODUCTION,Print,Parution,,Mensuel,,
machines-production::print,MACHINES PRODUCTION,Print,Parution,,Mensuel,,
machines-production::print,MACHINES PRODUCTION,Print,Parution,,Mensuel,,
machines-production::print,MACHINES PRODUCTION,Print,Parution,,Mensuel,,
machines-production::print,MACHINES PRODUCTION,Print,Parution,,Mensuel,,
machines-production::print,MACHINES PRODUCTION,Print,Parution,,Mensuel,,
machines-production::print,MACHINES PRODUCTION,Print,Parution,,Mensuel,,
machines-production::print,MACHINES PRODUCTION,Print,Parution,,Mensuel,,
machines-production::print,MACHINES PRODUCTION,Print,Parution,,Mensuel,,
maires-de-france::print,MAIRES DE FRANCE,Print,Bouclage,26/12/2025,Mensuel,,
maires-de-france::print,MAIRES DE FRANCE,Print,Parution,10/01/2025,Mensuel,,
maires-de-france::print,MAIRES DE FRANCE,Print,Bouclage,26/01/2025,Mensuel,,
maires-de-france::print,MAIRES DE FRANCE,Print,Parution,10/02/2025,Mensuel,,
maires-de-france::print,MAIRES DE FRANCE,Print,Bouclage,23/02/2025,Mensuel,,
maires-de-france::print,MAIRES DE FRANCE,Print,Parution,10/03/2025,Mensuel,,
maires-de-france::print,MAIRES DE FRANCE,Print,Bouclage,26/03/2025,Mensuel,,
maires-de-france::print,MAIRES DE FRANCE,Print,Parution,10/04/2025,Mensuel,,
maires-de-france::print,MAIRES DE FRANCE,Print,Bouclage,25/04/2025,Mensuel,,
maires-de-france::print,MAIRES DE FRANCE,Print,Parution,10/05/2025,Mensuel,,
maires-de-france::print,MAIRES DE FRANCE,Print,Bouclage,26/05/2025,Mensuel,,
maires-de-france::print,MAIRES DE FRANCE,Print,Parution,10/06/2025,Mensuel,,
maires-de-france::print,MAIRES DE FRANCE,Print,Bouclage,25/06/2025,Mensuel,,
maires-de-france::print,MAIRES DE FRANCE,Print,Parution,10/07/2025,Mensuel,,
maires-de-france::print,MAIRES DE FRANCE,Print,Bouclage,26/08/2025,Mensuel,,
maires-de-france::print,MAIRES DE FRANCE,Print,Parution,10/09/2025,Mensuel,,
maires-de-france::print,MAIRES DE FRANCE,Print,Bouclage,25/09/2025,Mensuel,,
maires-de-france::print,MAIRES DE FRANCE,Print,Parution,10/10/2025,Mensuel,,
maires-de-france::print,MAIRES DE FRANCE,Print,Bouclage,25/10/2025,Mensuel,,
maires-de-france::print,MAIRES DE FRANCE,Print,Parution,10/11/2025,Mensuel,,
maires-de-france::print,MAIRES DE FRANCE,Print,Bouclage,25/11/2025,Mensuel,,
maires-de-france::print,MAIRES DE FRANCE,Print,Parution,10/12/2025,Mensuel,,
materiel-paysage::print,MATERIEL & PAYSAGE,Print,Bouclage,15/01/2026,Mensuel,,
materiel-paysage::print,MATERIEL & PAYSAGE,Print,Parution,28/01/2026,Mensuel,,
materiel-paysage::print,MATERIEL & PAYSAGE,Print,Bouclage,19/02/2026,Mensuel,,
materiel-paysage::print,MATERIEL & PAYSAGE,Print,Parution,04/03/2026,Mensuel,,
materiel-paysage::print,MATERIEL & PAYSAGE,Print,Bouclage,26/03/2026,Mensuel,,
materiel-paysage::print,MATERIEL & PAYSAGE,Print,Parution,09/04/2026,Mensuel,,
materiel-paysage::print,MATERIEL & PAYSAGE,Print,Bouclage,30/04/2026,Mensuel,,
materiel-paysage::print,MATERIEL & PAYSAGE,Print,Parution,15/05/2026,Mensuel,,
materiel-paysage::print,MATERIEL & PAYSAGE,Print,Bouclage,04/06/2026,Mensuel,,
materiel-paysage::print,MATERIEL & PAYSAGE,Print,Parution,17/06/2026,Mensuel,,
materiel-paysage::print,MATERIEL & PAYSAGE,Print,Bouclage,,Mensuel,,
materiel-paysage::print,MATERIEL & PAYSAGE,Print,Parution,,Mensuel,,
materiel-paysage::print,MATERIEL & PAYSAGE,Print,Bouclage,,Mensuel,,
materiel-paysage::print,MATERIEL & PAYSAGE,Print,Parution,,Mensuel,,
materiel-paysage::print,MATERIEL & PAYSAGE,Print,Bouclage,,Mensuel,,
materiel-paysage::print,MATERIEL & PAYSAGE,Print,Parution,,Mensuel,,
materiel-agricole::print,MATERIEL AGRICOLE,Print,Bouclage,06/01/2026,Mensuel,,
materiel-agricole::print,MATERIEL AGRICOLE,Print,Parution,26/01/2026,Mensuel,,
materiel-agricole::print,MATERIEL AGRICOLE,Print,Bouclage,10/02/2026,Mensuel,,
materiel-agricole::print,MATERIEL AGRICOLE,Print,Parution,26/02/2026,Mensuel,,
materiel-agricole::print,MATERIEL AGRICOLE,Print,Bouclage,03/03/2026,Mensuel,,
materiel-agricole::print,MATERIEL AGRICOLE,Print,Parution,19/03/2026,Mensuel,,
materiel-agricole::print,MATERIEL AGRICOLE,Print,Bouclage,14/04/2026,Mensuel,,
materiel-agricole::print,MATERIEL AGRICOLE,Print,Parution,30/04/2026,Mensuel,,
materiel-agricole::print,MATERIEL AGRICOLE,Print,Bouclage,11/05/2026,Mensuel,,
materiel-agricole::print,MATERIEL AGRICOLE,Print,Parution,29/05/2026,Mensuel,,
materiel-agricole::print,MATERIEL AGRICOLE,Print,Bouclage,14/06/2026,Mensuel,,
materiel-agricole::print,MATERIEL AGRICOLE,Print,Parution,30/06/2026,Mensuel,,
materiel-agricole::print,MATERIEL AGRICOLE,Print,Bouclage,,Mensuel,,
materiel-agricole::print,MATERIEL AGRICOLE,Print,Parution,,Mensuel,,
materiel-agricole::print,MATERIEL AGRICOLE,Print,Bouclage,,Mensuel,,
materiel-agricole::print,MATERIEL AGRICOLE,Print,Parution,,Mensuel,,
materiel-agricole::print,MATERIEL AGRICOLE,Print,Bouclage,,Mensuel,,
materiel-agricole::print,MATERIEL AGRICOLE,Print,Parution,,Mensuel,,
materiel-agricole::print,MATERIEL AGRICOLE,Print,Bouclage,,Mensuel,,
materiel-agricole::print,MATERIEL AGRICOLE,Print,Parution,,Mensuel,,
materiel-agricole::print,MATERIEL AGRICOLE,Print,Bouclage,,Mensuel,,
materiel-agricole::print,MATERIEL AGRICOLE,Print,Parution,,Mensuel,,
media-cse::print,MEDIA CSE,Print,Bouclage,11/05/2025,Mensuel,,
media-cse::print,MEDIA CSE,Print,Parution,15/02/2025,Mensuel,,
media-cse::print,MEDIA CSE,Print,Bouclage,25/03/2025,Mensuel,,
media-cse::print,MEDIA CSE,Print,Parution,15/04/2025,Mensuel,,
media-cse::print,MEDIA CSE,Print,Bouclage,25/05/2025,Mensuel,,
media-cse::print,MEDIA CSE,Print,Parution,16/06/2025,Mensuel,,
media-cse::print,MEDIA CSE,Print,Bouclage,25/08/2025,Mensuel,,
media-cse::print,MEDIA CSE,Print,Parution,15/09/2025,Mensuel,,
metal-flash::print,METAL FLASH,Print,Bouclage,25/01/2026,5 Numéros / an,,
metal-flash::print,METAL FLASH,Print,Parution,25/02/2026,5 Numéros / an,,
metal-flash::print,METAL FLASH,Print,Bouclage,25/03/2026,5 Numéros / an,,
metal-flash::print,METAL FLASH,Print,Parution,15/05/2026,5 Numéros / an,,
metal-flash::print,METAL FLASH,Print,Bouclage,25/05/2026,5 Numéros / an,,
metal-flash::print,METAL FLASH,Print,Parution,15/07/2026,5 Numéros / an,,
metal-flash::print,METAL FLASH,Print,Bouclage,25/07/2026,5 Numéros / an,,
metal-flash::print,METAL FLASH,Print,Parution,15/09/2026,5 Numéros / an,,
metal-flash::print,METAL FLASH,Print,Bouclage,25/10/2026,5 Numéros / an,,
metal-flash::print,METAL FLASH,Print,Parution,15/12/2026,5 Numéros / an,,
monde-de-l-epicerie-fine::print,MONDE DE L'EPICERIE FINE,Print,Bouclage,16/02/2026,Bimestriel,,
monde-de-l-epicerie-fine::print,MONDE DE L'EPICERIE FINE,Print,Parution,20/03/2026,Bimestriel,,
monde-de-l-epicerie-fine::print,MONDE DE L'EPICERIE FINE,Print,Bouclage,13/04/2026,Bimestriel,,
monde-de-l-epicerie-fine::print,MONDE DE L'EPICERIE FINE,Print,Parution,03/06/2026,Bimestriel,,
monde-de-l-epicerie-fine::print,MONDE DE L'EPICERIE FINE,Print,Bouclage,10/07/2026,Bimestriel,,
monde-de-l-epicerie-fine::print,MONDE DE L'EPICERIE FINE,Print,Parution,28/08/2026,Bimestriel,,
monde-de-l-epicerie-fine::print,MONDE DE L'EPICERIE FINE,Print,Bouclage,16/09/2026,Bimestriel,,
monde-de-l-epicerie-fine::print,MONDE DE L'EPICERIE FINE,Print,Parution,15/10/2026,Bimestriel,,
monde-de-l-epicerie-fine::print,MONDE DE L'EPICERIE FINE,Print,Bouclage,19/10/2026,Bimestriel,,
monde-de-l-epicerie-fine::print,MONDE DE L'EPICERIE FINE,Print,Parution,27/11/2026,Bimestriel,,
moteur-reseau::print,MOTEUR RESEAU,Print,Bouclage,03/02/2026,Bimestriel,,
moteur-reseau::print,MOTEUR RESEAU,Print,Bouclage,10/03/2026,Bimestriel,,
moteur-reseau::print,MOTEUR RESEAU,Print,Bouclage,07/04/2026,Bimestriel,,
moteur-reseau::print,MOTEUR RESEAU,Print,Bouclage,18/05/2026,Bimestriel,,
moteur-reseau::print,MOTEUR RESEAU,Print,Bouclage,16/06/2026,Bimestriel,,
moteur-reseau::print,MOTEUR RESEAU,Print,Bouclage,,Bimestriel,,
moteur-reseau::print,MOTEUR RESEAU,Print,Bouclage,,Bimestriel,,
moteur-reseau::print,MOTEUR RESEAU,Print,Bouclage,,Bimestriel,,
moteur-reseau::print,MOTEUR RESEAU,Print,Parution,18/02/2026,Bimestriel,,
moteur-reseau::print,MOTEUR RESEAU,Print,Parution,25/03/2026,Bimestriel,,
moteur-reseau::print,MOTEUR RESEAU,Print,Parution,22/04/2026,Bimestriel,,
moteur-reseau::print,MOTEUR RESEAU,Print,Parution,03/06/2026,Bimestriel,,
moteur-reseau::print,MOTEUR RESEAU,Print,Parution,01/07/2026,Bimestriel,,
moteur-reseau::print,MOTEUR RESEAU,Print,Parution,,Bimestriel,,
moteur-reseau::print,MOTEUR RESEAU,Print,Parution,,Bimestriel,,
moteur-reseau::print,MOTEUR RESEAU,Print,Parution,,Bimestriel,,
le-moniteur-des-pharmacies::print,LE MONITEUR DES PHARMACIES,Print,Bouclage,16/06/2025,Hebdomadaire (chaque samedi),,
le-moniteur-des-pharmacies::print,LE MONITEUR DES PHARMACIES,Print,Parution,11/01/2025,Hebdomadaire (chaque samedi),,
le-moniteur-des-pharmacies::print,LE MONITEUR DES PHARMACIES,Print,Bouclage,11/01/2025,Hebdomadaire (chaque samedi),,
le-moniteur-des-pharmacies::print,LE MONITEUR DES PHARMACIES,Print,Parution,18/01/2025,Hebdomadaire (chaque samedi),,
le-moniteur-des-pharmacies::print,LE MONITEUR DES PHARMACIES,Print,Bouclage,18/01/2025,Hebdomadaire (chaque samedi),,
le-moniteur-des-pharmacies::print,LE MONITEUR DES PHARMACIES,Print,Parution,25/01/2025,Hebdomadaire (chaque samedi),,
le-moniteur-des-pharmacies::print,LE MONITEUR DES PHARMACIES,Print,Bouclage,25/01/2025,Hebdomadaire (chaque samedi),,
le-moniteur-des-pharmacies::print,LE MONITEUR DES PHARMACIES,Print,Parution,01/02/2025,Hebdomadaire (chaque samedi),,
le-moniteur-des-pharmacies::print,LE MONITEUR DES PHARMACIES,Print,Bouclage,01/02/2025,Hebdomadaire (chaque samedi),,
le-moniteur-des-pharmacies::print,LE MONITEUR DES PHARMACIES,Print,Parution,08/02/2025,Hebdomadaire (chaque samedi),,
le-moniteur-des-pharmacies::print,LE MONITEUR DES PHARMACIES,Print,Bouclage,08/02/2025,Hebdomadaire (chaque samedi),,
le-moniteur-des-pharmacies::print,LE MONITEUR DES PHARMACIES,Print,Parution,15/02/2025,Hebdomadaire (chaque samedi),,
le-moniteur-des-pharmacies::print,LE MONITEUR DES PHARMACIES,Print,Bouclage,15/02/2025,Hebdomadaire (chaque samedi),,
le-moniteur-des-pharmacies::print,LE MONITEUR DES PHARMACIES,Print,Parution,22/02/2025,Hebdomadaire (chaque samedi),,
le-moniteur-des-pharmacies::print,LE MONITEUR DES PHARMACIES,Print,Bouclage,22/02/2025,Hebdomadaire (chaque samedi),,
le-moniteur-des-pharmacies::print,LE MONITEUR DES PHARMACIES,Print,Parution,01/03/2025,Hebdomadaire (chaque samedi),,
le-moniteur-des-pharmacies::print,LE MONITEUR DES PHARMACIES,Print,Bouclage,01/03/2025,Hebdomadaire (chaque samedi),,
le-moniteur-des-pharmacies::print,LE MONITEUR DES PHARMACIES,Print,Parution,08/03/2025,Hebdomadaire (chaque samedi),,
le-moniteur-des-pharmacies::print,LE MONITEUR DES PHARMACIES,Print,Bouclage,08/03/2025,Hebdomadaire (chaque samedi),,
le-moniteur-des-pharmacies::print,LE MONITEUR DES PHARMACIES,Print,Parution,15/03/2025,Hebdomadaire (chaque samedi),,
le-moniteur-des-pharmacies::print,LE MONITEUR DES PHARMACIES,Print,Bouclage,15/03/2025,Hebdomadaire (chaque samedi),,
le-moniteur-des-pharmacies::print,LE MONITEUR DES PHARMACIES,Print,Parution,22/03/2025,Hebdomadaire (chaque samedi),,
le-moniteur-des-pharmacies::print,LE MONITEUR DES PHARMACIES,Print,Bouclage,22/03/2025,Hebdomadaire (chaque samedi),,
le-moniteur-des-pharmacies::print,LE MONITEUR DES PHARMACIES,Print,Parution,29/03/2025,Hebdomadaire (chaque samedi),,
le-moniteur-des-pharmacies::print,LE MONITEUR DES PHARMACIES,Print,Bouclage,29/03/2025,Hebdomadaire (chaque samedi),,
le-moniteur-des-pharmacies::print,LE MONITEUR DES PHARMACIES,Print,Parution,05/04/2025,Hebdomadaire (chaque samedi),,
le-moniteur-des-pharmacies::print,LE MONITEUR DES PHARMACIES,Print,Bouclage,05/04/2025,Hebdomadaire (chaque samedi),,
le-moniteur-des-pharmacies::print,LE MONITEUR DES PHARMACIES,Print,Parution,12/04/2025,Hebdomadaire (chaque samedi),,
le-moniteur-des-pharmacies::print,LE MONITEUR DES PHARMACIES,Print,Bouclage,12/04/2025,Hebdomadaire (chaque samedi),,
le-moniteur-des-pharmacies::print,LE MONITEUR DES PHARMACIES,Print,Parution,19/04/2025,Hebdomadaire (chaque samedi),,
le-moniteur-des-pharmacies::print,LE MONITEUR DES PHARMACIES,Print,Bouclage,19/04/2025,Hebdomadaire (chaque samedi),,
le-moniteur-des-pharmacies::print,LE MONITEUR DES PHARMACIES,Print,Parution,26/04/2025,Hebdomadaire (chaque samedi),,
le-moniteur-des-pharmacies::print,LE MONITEUR DES PHARMACIES,Print,Bouclage,26/04/2025,Hebdomadaire (chaque samedi),,
le-moniteur-des-pharmacies::print,LE MONITEUR DES PHARMACIES,Print,Parution,03/05/2025,Hebdomadaire (chaque samedi),,
le-moniteur-des-pharmacies::print,LE MONITEUR DES PHARMACIES,Print,Bouclage,03/05/2025,Hebdomadaire (chaque samedi),,
le-moniteur-des-pharmacies::print,LE MONITEUR DES PHARMACIES,Print,Parution,10/05/2025,Hebdomadaire (chaque samedi),,
le-moniteur-des-pharmacies::print,LE MONITEUR DES PHARMACIES,Print,Bouclage,10/05/2025,Hebdomadaire (chaque samedi),,
le-moniteur-des-pharmacies::print,LE MONITEUR DES PHARMACIES,Print,Parution,17/05/2025,Hebdomadaire (chaque samedi),,
le-moniteur-des-pharmacies::print,LE MONITEUR DES PHARMACIES,Print,Bouclage,17/05/2025,Hebdomadaire (chaque samedi),,
le-moniteur-des-pharmacies::print,LE MONITEUR DES PHARMACIES,Print,Parution,24/05/2025,Hebdomadaire (chaque samedi),,
le-moniteur-des-pharmacies::print,LE MONITEUR DES PHARMACIES,Print,Bouclage,24/05/2025,Hebdomadaire (chaque samedi),,
le-moniteur-des-pharmacies::print,LE MONITEUR DES PHARMACIES,Print,Parution,31/05/2025,Hebdomadaire (chaque samedi),,
le-moniteur-des-pharmacies::print,LE MONITEUR DES PHARMACIES,Print,Bouclage,31/05/2025,Hebdomadaire (chaque samedi),,
le-moniteur-des-pharmacies::print,LE MONITEUR DES PHARMACIES,Print,Parution,07/06/2025,Hebdomadaire (chaque samedi),,
le-moniteur-des-pharmacies::print,LE MONITEUR DES PHARMACIES,Print,Bouclage,07/06/2025,Hebdomadaire (chaque samedi),,
le-moniteur-des-pharmacies::print,LE MONITEUR DES PHARMACIES,Print,Parution,14/06/2025,Hebdomadaire (chaque samedi),,
le-moniteur-des-pharmacies::print,LE MONITEUR DES PHARMACIES,Print,Bouclage,14/06/2025,Hebdomadaire (chaque samedi),,
le-moniteur-des-pharmacies::print,LE MONITEUR DES PHARMACIES,Print,Parution,21/06/2025,Hebdomadaire (chaque samedi),,
le-moniteur-des-pharmacies::print,LE MONITEUR DES PHARMACIES,Print,Bouclage,21/06/2025,Hebdomadaire (chaque samedi),,
le-moniteur-des-pharmacies::print,LE MONITEUR DES PHARMACIES,Print,Parution,28/06/2025,Hebdomadaire (chaque samedi),,
le-moniteur-des-pharmacies::print,LE MONITEUR DES PHARMACIES,Print,Bouclage,28/06/2025,Hebdomadaire (chaque samedi),,
le-moniteur-des-pharmacies::print,LE MONITEUR DES PHARMACIES,Print,Parution,05/07/2025,Hebdomadaire (chaque samedi),,
le-moniteur-des-pharmacies::print,LE MONITEUR DES PHARMACIES,Print,Bouclage,05/07/2025,Hebdomadaire (chaque samedi),,
le-moniteur-des-pharmacies::print,LE MONITEUR DES PHARMACIES,Print,Parution,12/07/2025,Hebdomadaire (chaque samedi),,
le-moniteur-des-pharmacies::print,LE MONITEUR DES PHARMACIES,Print,Bouclage,30/08/2025,Hebdomadaire (chaque samedi),,
le-moniteur-des-pharmacies::print,LE MONITEUR DES PHARMACIES,Print,Parution,06/09/2025,Hebdomadaire (chaque samedi),,
le-moniteur-des-pharmacies::print,LE MONITEUR DES PHARMACIES,Print,Bouclage,06/09/2025,Hebdomadaire (chaque samedi),,
le-moniteur-des-pharmacies::print,LE MONITEUR DES PHARMACIES,Print,Parution,13/09/2025,Hebdomadaire (chaque samedi),,
le-moniteur-des-pharmacies::print,LE MONITEUR DES PHARMACIES,Print,Bouclage,13/09/2025,Hebdomadaire (chaque samedi),,
le-moniteur-des-pharmacies::print,LE MONITEUR DES PHARMACIES,Print,Parution,20/09/2025,Hebdomadaire (chaque samedi),,
le-moniteur-des-pharmacies::print,LE MONITEUR DES PHARMACIES,Print,Bouclage,20/09/2025,Hebdomadaire (chaque samedi),,
le-moniteur-des-pharmacies::print,LE MONITEUR DES PHARMACIES,Print,Parution,27/09/2025,Hebdomadaire (chaque samedi),,
le-moniteur-des-pharmacies::print,LE MONITEUR DES PHARMACIES,Print,Bouclage,27/09/2025,Hebdomadaire (chaque samedi),,
le-moniteur-des-pharmacies::print,LE MONITEUR DES PHARMACIES,Print,Parution,04/10/2025,Hebdomadaire (chaque samedi),,
le-moniteur-des-pharmacies::print,LE MONITEUR DES PHARMACIES,Print,Bouclage,04/10/2025,Hebdomadaire (chaque samedi),,
le-moniteur-des-pharmacies::print,LE MONITEUR DES PHARMACIES,Print,Parution,11/10/2025,Hebdomadaire (chaque samedi),,
le-moniteur-des-pharmacies::print,LE MONITEUR DES PHARMACIES,Print,Bouclage,11/10/2025,Hebdomadaire (chaque samedi),,
le-moniteur-des-pharmacies::print,LE MONITEUR DES PHARMACIES,Print,Parution,18/10/2025,Hebdomadaire (chaque samedi),,
le-moniteur-des-pharmacies::print,LE MONITEUR DES PHARMACIES,Print,Bouclage,18/10/2025,Hebdomadaire (chaque samedi),,
le-moniteur-des-pharmacies::print,LE MONITEUR DES PHARMACIES,Print,Parution,25/10/2025,Hebdomadaire (chaque samedi),,
le-moniteur-des-pharmacies::print,LE MONITEUR DES PHARMACIES,Print,Bouclage,25/10/2025,Hebdomadaire (chaque samedi),,
le-moniteur-des-pharmacies::print,LE MONITEUR DES PHARMACIES,Print,Parution,01/11/2025,Hebdomadaire (chaque samedi),,
le-moniteur-des-pharmacies::print,LE MONITEUR DES PHARMACIES,Print,Bouclage,01/11/2025,Hebdomadaire (chaque samedi),,
le-moniteur-des-pharmacies::print,LE MONITEUR DES PHARMACIES,Print,Parution,08/11/2025,Hebdomadaire (chaque samedi),,
le-moniteur-des-pharmacies::print,LE MONITEUR DES PHARMACIES,Print,Bouclage,08/11/2025,Hebdomadaire (chaque samedi),,
le-moniteur-des-pharmacies::print,LE MONITEUR DES PHARMACIES,Print,Parution,15/11/2025,Hebdomadaire (chaque samedi),,
le-moniteur-des-pharmacies::print,LE MONITEUR DES PHARMACIES,Print,Bouclage,15/11/2025,Hebdomadaire (chaque samedi),,
le-moniteur-des-pharmacies::print,LE MONITEUR DES PHARMACIES,Print,Parution,22/11/2025,Hebdomadaire (chaque samedi),,
le-moniteur-des-pharmacies::print,LE MONITEUR DES PHARMACIES,Print,Bouclage,22/11/2025,Hebdomadaire (chaque samedi),,
le-moniteur-des-pharmacies::print,LE MONITEUR DES PHARMACIES,Print,Parution,29/11/2025,Hebdomadaire (chaque samedi),,
le-moniteur-des-pharmacies::print,LE MONITEUR DES PHARMACIES,Print,Bouclage,29/11/2025,Hebdomadaire (chaque samedi),,
le-moniteur-des-pharmacies::print,LE MONITEUR DES PHARMACIES,Print,Parution,06/12/2025,Hebdomadaire (chaque samedi),,
le-moniteur-des-pharmacies::print,LE MONITEUR DES PHARMACIES,Print,Bouclage,06/12/2025,Hebdomadaire (chaque samedi),,
le-moniteur-des-pharmacies::print,LE MONITEUR DES PHARMACIES,Print,Parution,13/12/2025,Hebdomadaire (chaque samedi),,
le-moniteur-des-pharmacies::print,LE MONITEUR DES PHARMACIES,Print,Bouclage,13/12/2025,Hebdomadaire (chaque samedi),,
le-moniteur-des-pharmacies::print,LE MONITEUR DES PHARMACIES,Print,Parution,20/12/2025,Hebdomadaire (chaque samedi),,
le-monde-du-surgele::print,LE MONDE DU SURGELE,Print,Bouclage,05/02/2026,Mensuel,,
le-monde-du-surgele::print,LE MONDE DU SURGELE,Print,Parution,01/03/2026,Mensuel,,
le-monde-du-surgele::print,LE MONDE DU SURGELE,Print,Bouclage,01/04/2026,Mensuel,,
le-monde-du-surgele::print,LE MONDE DU SURGELE,Print,Parution,22/04/2026,Mensuel,,
le-monde-du-surgele::print,LE MONDE DU SURGELE,Print,Bouclage,01/06/2026,Mensuel,,
le-monde-du-surgele::print,LE MONDE DU SURGELE,Print,Parution,23/06/2026,Mensuel,,
le-monde-du-surgele::print,LE MONDE DU SURGELE,Print,Bouclage,09/09/2026,Mensuel,,
le-monde-du-surgele::print,LE MONDE DU SURGELE,Print,Parution,01/10/2026,Mensuel,,
le-monde-du-surgele::print,LE MONDE DU SURGELE,Print,Bouclage,26/10/2026,Mensuel,,
le-monde-du-surgele::print,LE MONDE DU SURGELE,Print,Parution,06/11/2026,Mensuel,,
le-monde-du-surgele::print,LE MONDE DU SURGELE,Print,Bouclage,09/12/2026,Mensuel,,
le-monde-du-surgele::print,LE MONDE DU SURGELE,Print,Parution,31/12/2026,Mensuel,,
neurologies::print,NEUROLOGIES,Print,Bouclage,15/01/2025,Mensuel,,
neurologies::print,NEUROLOGIES,Print,Parution,30/01/2025,Mensuel,,
neurologies::print,NEUROLOGIES,Print,Bouclage,15/02/2025,Mensuel,,
neurologies::print,NEUROLOGIES,Print,Parution,28/02/2025,Mensuel,,
neurologies::print,NEUROLOGIES,Print,Bouclage,15/03/2025,Mensuel,,
neurologies::print,NEUROLOGIES,Print,Parution,30/03/2025,Mensuel,,
neurologies::print,NEUROLOGIES,Print,Bouclage,15/04/2025,Mensuel,,
neurologies::print,NEUROLOGIES,Print,Parution,30/04/2025,Mensuel,,
neurologies::print,NEUROLOGIES,Print,Bouclage,15/05/2025,Mensuel,,
neurologies::print,NEUROLOGIES,Print,Parution,30/05/2025,Mensuel,,
neurologies::print,NEUROLOGIES,Print,Bouclage,15/06/2025,Mensuel,,
neurologies::print,NEUROLOGIES,Print,Parution,30/06/2025,Mensuel,,
neurologies::print,NEUROLOGIES,Print,Bouclage,15/09/2025,Mensuel,,
neurologies::print,NEUROLOGIES,Print,Parution,30/09/2025,Mensuel,,
neurologies::print,NEUROLOGIES,Print,Bouclage,15/10/2025,Mensuel,,
neurologies::print,NEUROLOGIES,Print,Parution,30/10/2025,Mensuel,,
neurologies::print,NEUROLOGIES,Print,Bouclage,15/11/2025,Mensuel,,
neurologies::print,NEUROLOGIES,Print,Parution,30/11/2025,Mensuel,,
neurologies::print,NEUROLOGIES,Print,Bouclage,15/12/2025,Mensuel,,
neurologies::print,NEUROLOGIES,Print,Parution,30/12/2025,Mensuel,,
les-nouvelles-de-la-boulangerie-patisserie::print,LES NOUVELLES DE LA BOULANGERIE-PATISSERIE,Print,Bouclage,25/02/2026,Bimensuel,,
les-nouvelles-de-la-boulangerie-patisserie::print,LES NOUVELLES DE LA BOULANGERIE-PATISSERIE,Print,Parution,15/03/2026,Bimensuel,,
les-nouvelles-de-la-boulangerie-patisserie::print,LES NOUVELLES DE LA BOULANGERIE-PATISSERIE,Print,Bouclage,11/03/2026,Bimensuel,,
les-nouvelles-de-la-boulangerie-patisserie::print,LES NOUVELLES DE LA BOULANGERIE-PATISSERIE,Print,Parution,01/04/2026,Bimensuel,,
les-nouvelles-de-la-boulangerie-patisserie::print,LES NOUVELLES DE LA BOULANGERIE-PATISSERIE,Print,Bouclage,25/03/2026,Bimensuel,,
les-nouvelles-de-la-boulangerie-patisserie::print,LES NOUVELLES DE LA BOULANGERIE-PATISSERIE,Print,Parution,15/04/2026,Bimensuel,,
les-nouvelles-de-la-boulangerie-patisserie::print,LES NOUVELLES DE LA BOULANGERIE-PATISSERIE,Print,Bouclage,14/04/2026,Bimensuel,,
les-nouvelles-de-la-boulangerie-patisserie::print,LES NOUVELLES DE LA BOULANGERIE-PATISSERIE,Print,Parution,01/05/2026,Bimensuel,,
les-nouvelles-de-la-boulangerie-patisserie::print,LES NOUVELLES DE LA BOULANGERIE-PATISSERIE,Print,Bouclage,28/04/2026,Bimensuel,,
les-nouvelles-de-la-boulangerie-patisserie::print,LES NOUVELLES DE LA BOULANGERIE-PATISSERIE,Print,Parution,15/05/2026,Bimensuel,,
les-nouvelles-de-la-boulangerie-patisserie::print,LES NOUVELLES DE LA BOULANGERIE-PATISSERIE,Print,Bouclage,12/05/2026,Bimensuel,,
les-nouvelles-de-la-boulangerie-patisserie::print,LES NOUVELLES DE LA BOULANGERIE-PATISSERIE,Print,Parution,01/06/2026,Bimensuel,,
les-nouvelles-de-la-boulangerie-patisserie::print,LES NOUVELLES DE LA BOULANGERIE-PATISSERIE,Print,Bouclage,26/05/2026,Bimensuel,,
les-nouvelles-de-la-boulangerie-patisserie::print,LES NOUVELLES DE LA BOULANGERIE-PATISSERIE,Print,Parution,15/06/2026,Bimensuel,,
les-nouvelles-de-la-boulangerie-patisserie::print,LES NOUVELLES DE LA BOULANGERIE-PATISSERIE,Print,Bouclage,09/06/2026,Bimensuel,,
les-nouvelles-de-la-boulangerie-patisserie::print,LES NOUVELLES DE LA BOULANGERIE-PATISSERIE,Print,Parution,01/07/2026,Bimensuel,,
les-nouvelles-de-la-boulangerie-patisserie::print,LES NOUVELLES DE LA BOULANGERIE-PATISSERIE,Print,Bouclage,23/06/2026,Bimensuel,,
les-nouvelles-de-la-boulangerie-patisserie::print,LES NOUVELLES DE LA BOULANGERIE-PATISSERIE,Print,Parution,15/07/2026,Bimensuel,,
les-nouvelles-de-la-boulangerie-patisserie::print,LES NOUVELLES DE LA BOULANGERIE-PATISSERIE,Print,Bouclage,10/08/2026,Bimensuel,,
les-nouvelles-de-la-boulangerie-patisserie::print,LES NOUVELLES DE LA BOULANGERIE-PATISSERIE,Print,Parution,01/09/2026,Bimensuel,,
les-nouvelles-de-la-boulangerie-patisserie::print,LES NOUVELLES DE LA BOULANGERIE-PATISSERIE,Print,Bouclage,24/08/2026,Bimensuel,,
les-nouvelles-de-la-boulangerie-patisserie::print,LES NOUVELLES DE LA BOULANGERIE-PATISSERIE,Print,Parution,11/09/2026,Bimensuel,,
les-nouvelles-de-la-boulangerie-patisserie::print,LES NOUVELLES DE LA BOULANGERIE-PATISSERIE,Print,Bouclage,07/09/2026,Bimensuel,,
les-nouvelles-de-la-boulangerie-patisserie::print,LES NOUVELLES DE LA BOULANGERIE-PATISSERIE,Print,Parution,01/10/2026,Bimensuel,,
les-nouvelles-de-la-boulangerie-patisserie::print,LES NOUVELLES DE LA BOULANGERIE-PATISSERIE,Print,Bouclage,21/09/2026,Bimensuel,,
les-nouvelles-de-la-boulangerie-patisserie::print,LES NOUVELLES DE LA BOULANGERIE-PATISSERIE,Print,Parution,15/10/2026,Bimensuel,,
les-nouvelles-de-la-boulangerie-patisserie::print,LES NOUVELLES DE LA BOULANGERIE-PATISSERIE,Print,Bouclage,05/10/2026,Bimensuel,,
les-nouvelles-de-la-boulangerie-patisserie::print,LES NOUVELLES DE LA BOULANGERIE-PATISSERIE,Print,Parution,01/11/2026,Bimensuel,,
les-nouvelles-de-la-boulangerie-patisserie::print,LES NOUVELLES DE LA BOULANGERIE-PATISSERIE,Print,Bouclage,22/10/2026,Bimensuel,,
les-nouvelles-de-la-boulangerie-patisserie::print,LES NOUVELLES DE LA BOULANGERIE-PATISSERIE,Print,Parution,15/11/2026,Bimensuel,,
les-nouvelles-de-la-boulangerie-patisserie::print,LES NOUVELLES DE LA BOULANGERIE-PATISSERIE,Print,Bouclage,02/11/2026,Bimensuel,,
les-nouvelles-de-la-boulangerie-patisserie::print,LES NOUVELLES DE LA BOULANGERIE-PATISSERIE,Print,Parution,01/12/2026,Bimensuel,,
les-nouvelles-de-la-boulangerie-patisserie::print,LES NOUVELLES DE LA BOULANGERIE-PATISSERIE,Print,Bouclage,19/11/2026,Bimensuel,,
les-nouvelles-de-la-boulangerie-patisserie::print,LES NOUVELLES DE LA BOULANGERIE-PATISSERIE,Print,Parution,15/12/2026,Bimensuel,,
notaires-vie-professionnelle::print,NOTAIRES VIE PROFESSIONNELLE,Print,Bouclage,10/12/2025,Bimestriel,,
notaires-vie-professionnelle::print,NOTAIRES VIE PROFESSIONNELLE,Print,Parution,16/01/2025,Bimestriel,,
notaires-vie-professionnelle::print,NOTAIRES VIE PROFESSIONNELLE,Print,Bouclage,28/01/2025,Bimestriel,,
notaires-vie-professionnelle::print,NOTAIRES VIE PROFESSIONNELLE,Print,Parution,03/03/2025,Bimestriel,,
notaires-vie-professionnelle::print,NOTAIRES VIE PROFESSIONNELLE,Print,Bouclage,05/04/2025,Bimestriel,,
notaires-vie-professionnelle::print,NOTAIRES VIE PROFESSIONNELLE,Print,Parution,07/05/2025,Bimestriel,,
notaires-vie-professionnelle::print,NOTAIRES VIE PROFESSIONNELLE,Print,Bouclage,23/05/2025,Bimestriel,,
notaires-vie-professionnelle::print,NOTAIRES VIE PROFESSIONNELLE,Print,Parution,03/07/2025,Bimestriel,,
notaires-vie-professionnelle::print,NOTAIRES VIE PROFESSIONNELLE,Print,Bouclage,15/07/2025,Bimestriel,,
notaires-vie-professionnelle::print,NOTAIRES VIE PROFESSIONNELLE,Print,Parution,02/09/2025,Bimestriel,,
notaires-vie-professionnelle::print,NOTAIRES VIE PROFESSIONNELLE,Print,Bouclage,13/10/2025,Bimestriel,,
notaires-vie-professionnelle::print,NOTAIRES VIE PROFESSIONNELLE,Print,Parution,19/11/2025,Bimestriel,,
nutrition-365::print,NUTRITION 365,Print,Bouclage,18/01/2026,Bimestriel,,
nutrition-365::print,NUTRITION 365,Print,Bouclage,08/04/2026,Bimestriel,,
nutrition-365::print,NUTRITION 365,Print,Bouclage,17/08/2026,Bimestriel,,
nutrition-365::print,NUTRITION 365,Print,Bouclage,08/10/2026,Bimestriel,,
nutrition-365::print,NUTRITION 365,Print,Parution,02/02/2026,Bimestriel,,
nutrition-365::print,NUTRITION 365,Print,Parution,23/04/2026,Bimestriel,,
nutrition-365::print,NUTRITION 365,Print,Parution,01/09/2026,Bimestriel,,
nutrition-365::print,NUTRITION 365,Print,Parution,23/10/2026,Bimestriel,,
l-officiel-des-terrains-de-camping::print,L'OFFICIEL DES TERRAINS DE CAMPING,Print,Bouclage,09/03/2026,Mensuel,,
l-officiel-des-terrains-de-camping::print,L'OFFICIEL DES TERRAINS DE CAMPING,Print,Parution,03/04/2026,Mensuel,,
l-officiel-des-terrains-de-camping::print,L'OFFICIEL DES TERRAINS DE CAMPING,Print,Bouclage,09/04/2026,Mensuel,,
l-officiel-des-terrains-de-camping::print,L'OFFICIEL DES TERRAINS DE CAMPING,Print,Parution,04/05/2026,Mensuel,,
l-officiel-des-terrains-de-camping::print,L'OFFICIEL DES TERRAINS DE CAMPING,Print,Bouclage,13/05/2026,Mensuel,,
l-officiel-des-terrains-de-camping::print,L'OFFICIEL DES TERRAINS DE CAMPING,Print,Parution,10/06/2026,Mensuel,,
l-officiel-des-terrains-de-camping::print,L'OFFICIEL DES TERRAINS DE CAMPING,Print,Bouclage,31/07/2026,Mensuel,,
l-officiel-des-terrains-de-camping::print,L'OFFICIEL DES TERRAINS DE CAMPING,Print,Parution,03/09/2026,Mensuel,,
l-officiel-des-terrains-de-camping::print,L'OFFICIEL DES TERRAINS DE CAMPING,Print,Bouclage,03/09/2026,Mensuel,,
l-officiel-des-terrains-de-camping::print,L'OFFICIEL DES TERRAINS DE CAMPING,Print,Parution,02/10/2026,Mensuel,,
l-officiel-des-terrains-de-camping::print,L'OFFICIEL DES TERRAINS DE CAMPING,Print,Bouclage,08/10/2026,Mensuel,,
l-officiel-des-terrains-de-camping::print,L'OFFICIEL DES TERRAINS DE CAMPING,Print,Parution,02/10/2026,Mensuel,,
l-officiel-des-terrains-de-camping::print,L'OFFICIEL DES TERRAINS DE CAMPING,Print,Bouclage,10/11/2026,Mensuel,,
l-officiel-des-terrains-de-camping::print,L'OFFICIEL DES TERRAINS DE CAMPING,Print,Parution,02/12/2026,Mensuel,,
l-officiel-des-terrains-de-camping::print,L'OFFICIEL DES TERRAINS DE CAMPING,Print,Bouclage,11/12/2026,Mensuel,,
l-officiel-des-terrains-de-camping::print,L'OFFICIEL DES TERRAINS DE CAMPING,Print,Parution,04/01/2027,Mensuel,,
l-officiel-des-cuisinistes::print,L'OFFICIEL DES CUISINISTES,Print,Bouclage,02/01/2025,Mensuel,,
l-officiel-des-cuisinistes::print,L'OFFICIEL DES CUISINISTES,Print,Parution,01/12/2025,Mensuel,,
l-officiel-des-cuisinistes::print,L'OFFICIEL DES CUISINISTES,Print,Bouclage,21/02/2025,Mensuel,,
l-officiel-des-cuisinistes::print,L'OFFICIEL DES CUISINISTES,Print,Parution,14/03/2025,Mensuel,,
l-officiel-des-cuisinistes::print,L'OFFICIEL DES CUISINISTES,Print,Bouclage,21/03/2025,Mensuel,,
l-officiel-des-cuisinistes::print,L'OFFICIEL DES CUISINISTES,Print,Parution,11/04/2025,Mensuel,,
l-officiel-des-cuisinistes::print,L'OFFICIEL DES CUISINISTES,Print,Bouclage,18/04/2025,Mensuel,,
l-officiel-des-cuisinistes::print,L'OFFICIEL DES CUISINISTES,Print,Parution,09/05/2025,Mensuel,,
l-officiel-des-cuisinistes::print,L'OFFICIEL DES CUISINISTES,Print,Bouclage,23/05/2025,Mensuel,,
l-officiel-des-cuisinistes::print,L'OFFICIEL DES CUISINISTES,Print,Parution,13/06/2025,Mensuel,,
l-officiel-des-cuisinistes::print,L'OFFICIEL DES CUISINISTES,Print,Bouclage,20/06/2025,Mensuel,,
l-officiel-des-cuisinistes::print,L'OFFICIEL DES CUISINISTES,Print,Parution,11/07/2025,Mensuel,,
l-officiel-des-cuisinistes::print,L'OFFICIEL DES CUISINISTES,Print,Bouclage,22/08/2025,Mensuel,,
l-officiel-des-cuisinistes::print,L'OFFICIEL DES CUISINISTES,Print,Parution,12/09/2025,Mensuel,,
l-officiel-des-cuisinistes::print,L'OFFICIEL DES CUISINISTES,Print,Bouclage,19/09/2025,Mensuel,,
l-officiel-des-cuisinistes::print,L'OFFICIEL DES CUISINISTES,Print,Parution,10/10/2025,Mensuel,,
l-officiel-des-cuisinistes::print,L'OFFICIEL DES CUISINISTES,Print,Bouclage,24/10/2025,Mensuel,,
l-officiel-des-cuisinistes::print,L'OFFICIEL DES CUISINISTES,Print,Parution,14/11/2025,Mensuel,,
l-officiel-des-cuisinistes::print,L'OFFICIEL DES CUISINISTES,Print,Bouclage,21/11/2025,Mensuel,,
l-officiel-des-cuisinistes::print,L'OFFICIEL DES CUISINISTES,Print,Parution,12/12/2025,Mensuel,,
l-officiel-des-transporteurs::print,L'OFFICIEL DES TRANSPORTEURS,Print,Bouclage,27/01/2025,Mensuel,,
l-officiel-des-transporteurs::print,L'OFFICIEL DES TRANSPORTEURS,Print,Parution,07/02/2025,Mensuel,,
l-officiel-des-transporteurs::print,L'OFFICIEL DES TRANSPORTEURS,Print,Bouclage,24/02/2025,Mensuel,,
l-officiel-des-transporteurs::print,L'OFFICIEL DES TRANSPORTEURS,Print,Parution,07/03/2025,Mensuel,,
l-officiel-des-transporteurs::print,L'OFFICIEL DES TRANSPORTEURS,Print,Bouclage,20/03/2025,Mensuel,,
l-officiel-des-transporteurs::print,L'OFFICIEL DES TRANSPORTEURS,Print,Parution,02/04/2025,Mensuel,,
l-officiel-des-transporteurs::print,L'OFFICIEL DES TRANSPORTEURS,Print,Bouclage,24/04/2025,Mensuel,,
l-officiel-des-transporteurs::print,L'OFFICIEL DES TRANSPORTEURS,Print,Parution,09/05/2025,Mensuel,,
l-officiel-des-transporteurs::print,L'OFFICIEL DES TRANSPORTEURS,Print,Bouclage,23/05/2025,Mensuel,,
l-officiel-des-transporteurs::print,L'OFFICIEL DES TRANSPORTEURS,Print,Parution,06/06/2025,Mensuel,,
l-officiel-des-transporteurs::print,L'OFFICIEL DES TRANSPORTEURS,Print,Bouclage,23/06/2025,Mensuel,,
l-officiel-des-transporteurs::print,L'OFFICIEL DES TRANSPORTEURS,Print,Parution,04/07/2025,Mensuel,,
l-officiel-des-transporteurs::print,L'OFFICIEL DES TRANSPORTEURS,Print,Bouclage,25/08/2025,Mensuel,,
l-officiel-des-transporteurs::print,L'OFFICIEL DES TRANSPORTEURS,Print,Parution,05/09/2025,Mensuel,,
l-officiel-des-transporteurs::print,L'OFFICIEL DES TRANSPORTEURS,Print,Bouclage,22/09/2025,Mensuel,,
l-officiel-des-transporteurs::print,L'OFFICIEL DES TRANSPORTEURS,Print,Parution,03/10/2025,Mensuel,,
l-officiel-des-transporteurs::print,L'OFFICIEL DES TRANSPORTEURS,Print,Bouclage,27/10/2025,Mensuel,,
l-officiel-des-transporteurs::print,L'OFFICIEL DES TRANSPORTEURS,Print,Parution,07/11/2025,Mensuel,,
l-officiel-des-transporteurs::print,L'OFFICIEL DES TRANSPORTEURS,Print,Bouclage,24/11/2025,Mensuel,,
l-officiel-des-transporteurs::print,L'OFFICIEL DES TRANSPORTEURS,Print,Parution,05/12/2025,Mensuel,,
onko::print,ONKO +,Print,Bouclage,15/01/2025,Mensuel,,
onko::print,ONKO +,Print,Parution,30/01/2025,Mensuel,,
onko::print,ONKO +,Print,Bouclage,14/02/2025,Mensuel,,
onko::print,ONKO +,Print,Parution,01/03/2025,Mensuel,,
onko::print,ONKO +,Print,Bouclage,16/03/2025,Mensuel,,
onko::print,ONKO +,Print,Parution,31/03/2025,Mensuel,,
onko::print,ONKO +,Print,Bouclage,15/04/2025,Mensuel,,
onko::print,ONKO +,Print,Parution,30/04/2025,Mensuel,,
onko::print,ONKO +,Print,Bouclage,15/05/2025,Mensuel,,
onko::print,ONKO +,Print,Parution,30/05/2025,Mensuel,,
onko::print,ONKO +,Print,Bouclage,14/06/2025,Mensuel,,
onko::print,ONKO +,Print,Parution,29/06/2025,Mensuel,,
onko::print,ONKO +,Print,Bouclage,14/07/2025,Mensuel,,
onko::print,ONKO +,Print,Parution,29/07/2025,Mensuel,,
onko::print,ONKO +,Print,Bouclage,12/09/2025,Mensuel,,
onko::print,ONKO +,Print,Parution,27/09/2025,Mensuel,,
onko::print,ONKO +,Print,Bouclage,12/10/2025,Mensuel,,
onko::print,ONKO +,Print,Parution,27/10/2025,Mensuel,,
onko::print,ONKO +,Print,Bouclage,11/11/2025,Mensuel,,
onko::print,ONKO +,Print,Parution,26/11/2025,Mensuel,,
onko::print,ONKO +,Print,Bouclage,11/12/2025,Mensuel,,
onko::print,ONKO +,Print,Parution,26/12/2025,Mensuel,,
l-opticien-lunetier::print,L'OPTICIEN LUNETIER,Print,Bouclage,19/02/2026,Mensuel,,
l-opticien-lunetier::print,L'OPTICIEN LUNETIER,Print,Parution,,Mensuel,,
l-opticien-lunetier::print,L'OPTICIEN LUNETIER,Print,Bouclage,17/03/2026,Mensuel,,
l-opticien-lunetier::print,L'OPTICIEN LUNETIER,Print,Parution,,Mensuel,,
l-opticien-lunetier::print,L'OPTICIEN LUNETIER,Print,Bouclage,08/04/2026,Mensuel,,
l-opticien-lunetier::print,L'OPTICIEN LUNETIER,Print,Parution,,Mensuel,,
l-opticien-lunetier::print,L'OPTICIEN LUNETIER,Print,Bouclage,06/05/2026,Mensuel,,
l-opticien-lunetier::print,L'OPTICIEN LUNETIER,Print,Parution,,Mensuel,,
l-opticien-lunetier::print,L'OPTICIEN LUNETIER,Print,Bouclage,16/06/2026,Mensuel,,
l-opticien-lunetier::print,L'OPTICIEN LUNETIER,Print,Parution,,Mensuel,,
l-opticien-lunetier::print,L'OPTICIEN LUNETIER,Print,Bouclage,07/09/2026,Mensuel,,
l-opticien-lunetier::print,L'OPTICIEN LUNETIER,Print,Parution,,Mensuel,,
l-opticien-lunetier::print,L'OPTICIEN LUNETIER,Print,Bouclage,13/10/2026,Mensuel,,
l-opticien-lunetier::print,L'OPTICIEN LUNETIER,Print,Parution,,Mensuel,,
l-opticien-lunetier::print,L'OPTICIEN LUNETIER,Print,Bouclage,05/11/2026,Mensuel,,
l-opticien-lunetier::print,L'OPTICIEN LUNETIER,Print,Parution,,Mensuel,,
l-opticien-lunetier::print,L'OPTICIEN LUNETIER,Print,Bouclage,03/12/2026,Mensuel,,
l-opticien-lunetier::print,L'OPTICIEN LUNETIER,Print,Parution,,Mensuel,,
opa-pratique::print,OPA PRATIQUE,Print,Bouclage,06/01/2025,Mensuel,,
opa-pratique::print,OPA PRATIQUE,Print,Parution,27/01/2025,Mensuel,,
opa-pratique::print,OPA PRATIQUE,Print,Bouclage,03/02/2025,Mensuel,,
opa-pratique::print,OPA PRATIQUE,Print,Parution,25/02/2025,Mensuel,,
opa-pratique::print,OPA PRATIQUE,Print,Bouclage,04/03/2025,Mensuel,,
opa-pratique::print,OPA PRATIQUE,Print,Parution,25/03/2025,Mensuel,,
opa-pratique::print,OPA PRATIQUE,Print,Bouclage,02/04/2025,Mensuel,,
opa-pratique::print,OPA PRATIQUE,Print,Parution,25/04/2025,Mensuel,,
opa-pratique::print,OPA PRATIQUE,Print,Bouclage,05/05/2025,Mensuel,,
opa-pratique::print,OPA PRATIQUE,Print,Parution,26/05/2025,Mensuel,,
opa-pratique::print,OPA PRATIQUE,Print,Bouclage,04/06/2025,Mensuel,,
opa-pratique::print,OPA PRATIQUE,Print,Parution,24/06/2025,Mensuel,,
opa-pratique::print,OPA PRATIQUE,Print,Bouclage,03/09/2025,Mensuel,,
opa-pratique::print,OPA PRATIQUE,Print,Parution,25/09/2025,Mensuel,,
opa-pratique::print,OPA PRATIQUE,Print,Bouclage,02/10/2025,Mensuel,,
opa-pratique::print,OPA PRATIQUE,Print,Parution,27/10/2025,Mensuel,,
opa-pratique::print,OPA PRATIQUE,Print,Bouclage,04/11/2025,Mensuel,,
opa-pratique::print,OPA PRATIQUE,Print,Parution,25/11/2025,Mensuel,,
opa-pratique::print,OPA PRATIQUE,Print,Bouclage,25/11/2025,Mensuel,,
opa-pratique::print,OPA PRATIQUE,Print,Parution,22/12/2025,Mensuel,,
option-finance::print,OPTION FINANCE,Print,Parution,02/02/2026,Hebdomadaire (chaque lundi),,
option-finance::print,OPTION FINANCE,Print,Parution,09/02/2026,Hebdomadaire (chaque lundi),,
option-finance::print,OPTION FINANCE,Print,Parution,16/02/2026,Hebdomadaire (chaque lundi),,
option-finance::print,OPTION FINANCE,Print,Parution,23/02/2026,Hebdomadaire (chaque lundi),,
option-finance::print,OPTION FINANCE,Print,Parution,02/03/2026,Hebdomadaire (chaque lundi),,
option-finance::print,OPTION FINANCE,Print,Parution,09/03/2026,Hebdomadaire (chaque lundi),,
option-finance::print,OPTION FINANCE,Print,Parution,16/03/2026,Hebdomadaire (chaque lundi),,
option-finance::print,OPTION FINANCE,Print,Parution,23/03/2026,Hebdomadaire (chaque lundi),,
option-finance::print,OPTION FINANCE,Print,Parution,30/03/2026,Hebdomadaire (chaque lundi),,
option-finance::print,OPTION FINANCE,Print,Parution,07/04/2026,Hebdomadaire (chaque lundi),,
option-finance::print,OPTION FINANCE,Print,Parution,13/04/2026,Hebdomadaire (chaque lundi),,
option-finance::print,OPTION FINANCE,Print,Parution,20/04/2026,Hebdomadaire (chaque lundi),,
option-finance::print,OPTION FINANCE,Print,Parution,27/04/2026,Hebdomadaire (chaque lundi),,
option-finance::print,OPTION FINANCE,Print,Parution,04/05/2026,Hebdomadaire (chaque lundi),,
option-finance::print,OPTION FINANCE,Print,Parution,11/05/2026,Hebdomadaire (chaque lundi),,
option-finance::print,OPTION FINANCE,Print,Parution,18/05/2026,Hebdomadaire (chaque lundi),,
option-finance::print,OPTION FINANCE,Print,Parution,26/05/2026,Hebdomadaire (chaque lundi),,
option-finance::print,OPTION FINANCE,Print,Parution,01/06/2026,Hebdomadaire (chaque lundi),,
option-finance::print,OPTION FINANCE,Print,Parution,08/06/2026,Hebdomadaire (chaque lundi),,
option-finance::print,OPTION FINANCE,Print,Parution,15/06/2026,Hebdomadaire (chaque lundi),,
option-finance::print,OPTION FINANCE,Print,Parution,22/06/2026,Hebdomadaire (chaque lundi),,
option-finance::print,OPTION FINANCE,Print,Parution,29/06/2026,Hebdomadaire (chaque lundi),,
option-bio::print,OPTION BIO,Print,Bouclage,10/03/2026,,,
option-bio::print,OPTION BIO,Print,Parution,mars,,,
option-bio::print,OPTION BIO,Print,Bouclage,07/04/2026,,,
option-bio::print,OPTION BIO,Print,Parution,avril,,,
option-bio::print,OPTION BIO,Print,Bouclage,11/05/2026,,,
option-bio::print,OPTION BIO,Print,Parution,mai,,,
option-bio::print,OPTION BIO,Print,Bouclage,03/06/2026,,,
option-bio::print,OPTION BIO,Print,Parution,juin,,,
option-bio::print,OPTION BIO,Print,Bouclage,10/07/2026,,,
option-bio::print,OPTION BIO,Print,Parution,juillet/aout,,,
option-bio::print,OPTION BIO,Print,Bouclage,17/09/2026,,,
option-bio::print,OPTION BIO,Print,Parution,sept,,,
option-bio::print,OPTION BIO,Print,Bouclage,07/10/2026,,,
option-bio::print,OPTION BIO,Print,Parution,oct,,,
option-bio::print,OPTION BIO,Print,Bouclage,05/11/2026,,,
option-bio::print,OPTION BIO,Print,Parution,nov/dec,,,
objectif-soins-et-management::print,OBJECTIF SOINS ET MANAGEMENT,Print,Bouclage,14/01/2025,Trimestriel,,
objectif-soins-et-management::print,OBJECTIF SOINS ET MANAGEMENT,Print,Parution,30/01/2025,Trimestriel,,
objectif-soins-et-management::print,OBJECTIF SOINS ET MANAGEMENT,Print,Bouclage,25/03/2025,Trimestriel,,
objectif-soins-et-management::print,OBJECTIF SOINS ET MANAGEMENT,Print,Parution,03/04/2025,Trimestriel,,
objectif-soins-et-management::print,OBJECTIF SOINS ET MANAGEMENT,Print,Bouclage,23/09/2025,Trimestriel,,
objectif-soins-et-management::print,OBJECTIF SOINS ET MANAGEMENT,Print,Parution,02/10/2025,Trimestriel,,
objectif-soins-et-management::print,OBJECTIF SOINS ET MANAGEMENT,Print,Bouclage,25/11/2025,Trimestriel,,
objectif-soins-et-management::print,OBJECTIF SOINS ET MANAGEMENT,Print,Parution,04/12/2025,Trimestriel,,
l-ouie-magazine::print,L'OUIE MAGAZINE,Print,Bouclage,11/02/2026,Bimestriel,,
l-ouie-magazine::print,L'OUIE MAGAZINE,Print,Parution,,Bimestriel,,
l-ouie-magazine::print,L'OUIE MAGAZINE,Print,Bouclage,04/03/2026,Bimestriel,,
l-ouie-magazine::print,L'OUIE MAGAZINE,Print,Parution,,Bimestriel,,
l-ouie-magazine::print,L'OUIE MAGAZINE,Print,Bouclage,23/04/2026,Bimestriel,,
l-ouie-magazine::print,L'OUIE MAGAZINE,Print,Parution,,Bimestriel,,
l-ouie-magazine::print,L'OUIE MAGAZINE,Print,Bouclage,28/05/2026,Bimestriel,,
l-ouie-magazine::print,L'OUIE MAGAZINE,Print,Parution,,Bimestriel,,
l-ouie-magazine::print,L'OUIE MAGAZINE,Print,Bouclage,26/08/2026,Bimestriel,,
l-ouie-magazine::print,L'OUIE MAGAZINE,Print,Parution,,Bimestriel,,
l-ouie-magazine::print,L'OUIE MAGAZINE,Print,Bouclage,21/09/2026,Bimestriel,,
l-ouie-magazine::print,L'OUIE MAGAZINE,Print,Parution,,Bimestriel,,
l-ouie-magazine::print,L'OUIE MAGAZINE,Print,Bouclage,22/10/2026,Bimestriel,,
l-ouie-magazine::print,L'OUIE MAGAZINE,Print,Parution,,Bimestriel,,
l-ouie-magazine::print,L'OUIE MAGAZINE,Print,Bouclage,14/12/2026,Bimestriel,,
l-ouie-magazine::print,L'OUIE MAGAZINE,Print,Parution,,Bimestriel,,
papetier-de-france::print,PAPETIER DE FRANCE,Print,Bouclage,23/02/2026,,,
papetier-de-france::print,PAPETIER DE FRANCE,Print,Parution,2e quinzaine de mars,,,
papetier-de-france::print,PAPETIER DE FRANCE,Print,Bouclage,23/04/2026,,,
papetier-de-france::print,PAPETIER DE FRANCE,Print,Parution,mi mai,,,
papetier-de-france::print,PAPETIER DE FRANCE,Print,Bouclage,15/06/2026,,,
papetier-de-france::print,PAPETIER DE FRANCE,Print,Parution,1ere semaine de juillet,,,
papetier-de-france::print,PAPETIER DE FRANCE,Print,Bouclage,28/08/2026,,,
papetier-de-france::print,PAPETIER DE FRANCE,Print,Parution,2e quinzaine de sept,,,
papetier-de-france::print,PAPETIER DE FRANCE,Print,Bouclage,16/10/2026,,,
papetier-de-france::print,PAPETIER DE FRANCE,Print,Parution,1ere quinzaine de nov,,,
papetier-de-france::print,PAPETIER DE FRANCE,Print,Bouclage,07/12/2026,,,
papetier-de-france::print,PAPETIER DE FRANCE,Print,Parution,2e quinzaine de dec,,,
pediatrie-pratique::print,PEDIATRIE PRATIQUE,Print,Bouclage,06/01/2025,Mensuel,,
pediatrie-pratique::print,PEDIATRIE PRATIQUE,Print,Parution,30/01/2025,Mensuel,,
pediatrie-pratique::print,PEDIATRIE PRATIQUE,Print,Bouclage,03/02/2025,Mensuel,,
pediatrie-pratique::print,PEDIATRIE PRATIQUE,Print,Parution,28/02/2025,Mensuel,,
pediatrie-pratique::print,PEDIATRIE PRATIQUE,Print,Bouclage,04/03/2025,Mensuel,,
pediatrie-pratique::print,PEDIATRIE PRATIQUE,Print,Parution,28/03/2025,Mensuel,,
pediatrie-pratique::print,PEDIATRIE PRATIQUE,Print,Bouclage,03/04/2025,Mensuel,,
pediatrie-pratique::print,PEDIATRIE PRATIQUE,Print,Parution,30/04/2025,Mensuel,,
pediatrie-pratique::print,PEDIATRIE PRATIQUE,Print,Bouclage,05/05/2025,Mensuel,,
pediatrie-pratique::print,PEDIATRIE PRATIQUE,Print,Parution,30/05/2025,Mensuel,,
pediatrie-pratique::print,PEDIATRIE PRATIQUE,Print,Bouclage,02/06/2025,Mensuel,,
pediatrie-pratique::print,PEDIATRIE PRATIQUE,Print,Parution,27/06/2025,Mensuel,,
pediatrie-pratique::print,PEDIATRIE PRATIQUE,Print,Bouclage,02/09/2025,Mensuel,,
pediatrie-pratique::print,PEDIATRIE PRATIQUE,Print,Parution,30/09/2025,Mensuel,,
pediatrie-pratique::print,PEDIATRIE PRATIQUE,Print,Bouclage,02/10/2025,Mensuel,,
pediatrie-pratique::print,PEDIATRIE PRATIQUE,Print,Parution,31/10/2025,Mensuel,,
pediatrie-pratique::print,PEDIATRIE PRATIQUE,Print,Bouclage,03/11/2025,Mensuel,,
pediatrie-pratique::print,PEDIATRIE PRATIQUE,Print,Parution,28/11/2025,Mensuel,,
pediatrie-pratique::print,PEDIATRIE PRATIQUE,Print,Bouclage,02/12/2025,Mensuel,,
pediatrie-pratique::print,PEDIATRIE PRATIQUE,Print,Parution,22/12/2025,Mensuel,,
pharma-365::print,PHARMA 365,Print,Bouclage,08/01/2026,Mensuel,,
pharma-365::print,PHARMA 365,Print,Bouclage,29/01/2026,Mensuel,,
pharma-365::print,PHARMA 365,Print,Bouclage,05/03/2026,Mensuel,,
pharma-365::print,PHARMA 365,Print,Bouclage,02/04/2026,Mensuel,,
pharma-365::print,PHARMA 365,Print,Bouclage,30/04/2026,Mensuel,,
pharma-365::print,PHARMA 365,Print,Bouclage,13/08/2026,Mensuel,,
pharma-365::print,PHARMA 365,Print,Bouclage,03/09/2026,Mensuel,,
pharma-365::print,PHARMA 365,Print,Bouclage,01/10/2026,Mensuel,,
pharma-365::print,PHARMA 365,Print,Bouclage,05/11/2026,Mensuel,,
pharma-365::print,PHARMA 365,Print,Parution,23/01/2026,Mensuel,,
pharma-365::print,PHARMA 365,Print,Parution,13/02/2026,Mensuel,,
pharma-365::print,PHARMA 365,Print,Parution,20/03/2026,Mensuel,,
pharma-365::print,PHARMA 365,Print,Parution,17/04/2026,Mensuel,,
pharma-365::print,PHARMA 365,Print,Parution,15/05/2026,Mensuel,,
pharma-365::print,PHARMA 365,Print,Parution,28/08/2026,Mensuel,,
pharma-365::print,PHARMA 365,Print,Parution,18/09/2026,Mensuel,,
pharma-365::print,PHARMA 365,Print,Parution,16/10/2026,Mensuel,,
pharma-365::print,PHARMA 365,Print,Parution,20/11/2026,Mensuel,,
le-pharmacien-de-france::print,LE PHARMACIEN DE FRANCE,Print,Bouclage,,Mensuel,,
le-pharmacien-de-france::print,LE PHARMACIEN DE FRANCE,Print,Parution,03/02/2026,Mensuel,,
le-pharmacien-de-france::print,LE PHARMACIEN DE FRANCE,Print,Bouclage,,Mensuel,,
le-pharmacien-de-france::print,LE PHARMACIEN DE FRANCE,Print,Parution,06/03/2026,Mensuel,,
le-pharmacien-de-france::print,LE PHARMACIEN DE FRANCE,Print,Bouclage,,Mensuel,,
le-pharmacien-de-france::print,LE PHARMACIEN DE FRANCE,Print,Parution,03/04/2026,Mensuel,,
le-pharmacien-de-france::print,LE PHARMACIEN DE FRANCE,Print,Bouclage,,Mensuel,,
le-pharmacien-de-france::print,LE PHARMACIEN DE FRANCE,Print,Parution,04/05/2026,Mensuel,,
le-pharmacien-de-france::print,LE PHARMACIEN DE FRANCE,Print,Bouclage,,Mensuel,,
le-pharmacien-de-france::print,LE PHARMACIEN DE FRANCE,Print,Parution,05/06/2026,Mensuel,,
le-pharmacien-de-france::print,LE PHARMACIEN DE FRANCE,Print,Bouclage,,Mensuel,,
le-pharmacien-de-france::print,LE PHARMACIEN DE FRANCE,Print,Parution,08/07/2026,Mensuel,,
le-pharmacien-de-france::print,LE PHARMACIEN DE FRANCE,Print,Bouclage,,Mensuel,,
le-pharmacien-de-france::print,LE PHARMACIEN DE FRANCE,Print,Parution,24/09/2026,Mensuel,,
le-pharmacien-de-france::print,LE PHARMACIEN DE FRANCE,Print,Bouclage,,Mensuel,,
le-pharmacien-de-france::print,LE PHARMACIEN DE FRANCE,Print,Parution,26/10/2026,Mensuel,,
le-pharmacien-de-france::print,LE PHARMACIEN DE FRANCE,Print,Bouclage,,Mensuel,,
le-pharmacien-de-france::print,LE PHARMACIEN DE FRANCE,Print,Parution,02/12/2026,Mensuel,,
phytoma::print,PHYTOMA,Print,Bouclage,09/04/2025,Mensuel,,
phytoma::print,PHYTOMA,Print,Parution,22/04/2025,Mensuel,,
phytoma::print,PHYTOMA,Print,Bouclage,21/05/2025,Mensuel,,
phytoma::print,PHYTOMA,Print,Parution,03/06/2025,Mensuel,,
phytoma::print,PHYTOMA,Print,Bouclage,25/06/2025,Mensuel,,
phytoma::print,PHYTOMA,Print,Parution,07/07/2025,Mensuel,,
pic::print,PIC,Print,Bouclage,12/02/2026,Bimestriel,,
pic::print,PIC,Print,Parution,,Bimestriel,,
pic::print,PIC,Print,Bouclage,14/03/2026,Bimestriel,,
pic::print,PIC,Print,Parution,,Bimestriel,,
pic::print,PIC,Print,Bouclage,11/06/2026,Bimestriel,,
pic::print,PIC,Print,Parution,,Bimestriel,,
pic::print,PIC,Print,Bouclage,13/08/2026,Bimestriel,,
pic::print,PIC,Print,Parution,,Bimestriel,,
pic::print,PIC,Print,Bouclage,15/10/2026,Bimestriel,,
pic::print,PIC,Print,Parution,,Bimestriel,,
pic::print,PIC,Print,Bouclage,10/12/2026,Bimestriel,,
pic::print,PIC,Print,Parution,,Bimestriel,,
pierre-actual::print,PIERRE ACTUAL,Print,Bouclage,21/03/2025,Mensuel,,
pierre-actual::print,PIERRE ACTUAL,Print,Parution,11/04/2025,Mensuel,,
pierre-actual::print,PIERRE ACTUAL,Print,Bouclage,20/04/2025,Mensuel,,
pierre-actual::print,PIERRE ACTUAL,Print,Parution,11/05/2025,Mensuel,,
pierre-actual::print,PIERRE ACTUAL,Print,Bouclage,20/05/2025,Mensuel,,
pierre-actual::print,PIERRE ACTUAL,Print,Parution,10/06/2025,Mensuel,,
pierre-actual::print,PIERRE ACTUAL,Print,Bouclage,20/06/2025,Mensuel,,
pierre-actual::print,PIERRE ACTUAL,Print,Parution,11/07/2025,Mensuel,,
pierre-actual::print,PIERRE ACTUAL,Print,Bouclage,19/08/2025,Mensuel,,
pierre-actual::print,PIERRE ACTUAL,Print,Parution,09/09/2025,Mensuel,,
pierre-actual::print,PIERRE ACTUAL,Print,Bouclage,15/09/2025,Mensuel,,
pierre-actual::print,PIERRE ACTUAL,Print,Parution,06/10/2025,Mensuel,,
pierre-actual::print,PIERRE ACTUAL,Print,Bouclage,15/10/2025,Mensuel,,
pierre-actual::print,PIERRE ACTUAL,Print,Parution,05/11/2025,Mensuel,,
pierre-actual::print,PIERRE ACTUAL,Print,Bouclage,21/11/2025,Mensuel,,
pierre-actual::print,PIERRE ACTUAL,Print,Parution,12/12/2025,Mensuel,,
le-podologue::print,LE PODOLOGUE,Print,Bouclage,20/01/2025,Trimestriel,,
le-podologue::print,LE PODOLOGUE,Print,Parution,20/02/2025,Trimestriel,,
le-podologue::print,LE PODOLOGUE,Print,Bouclage,15/04/2025,Trimestriel,,
le-podologue::print,LE PODOLOGUE,Print,Parution,25/05/2025,Trimestriel,,
le-podologue::print,LE PODOLOGUE,Print,Bouclage,15/07/2025,Trimestriel,,
le-podologue::print,LE PODOLOGUE,Print,Parution,05/09/2025,Trimestriel,,
le-podologue::print,LE PODOLOGUE,Print,Bouclage,21/10/2025,Trimestriel,,
le-podologue::print,LE PODOLOGUE,Print,Parution,25/11/2025,Trimestriel,,
points-de-vente::print,POINTS DE VENTE,Print,Bouclage,13/01/2025,Mensuel,,
points-de-vente::print,POINTS DE VENTE,Print,Parution,03/02/2025,Mensuel,,
points-de-vente::print,POINTS DE VENTE,Print,Bouclage,10/02/2025,Mensuel,,
points-de-vente::print,POINTS DE VENTE,Print,Parution,03/03/2025,Mensuel,,
points-de-vente::print,POINTS DE VENTE,Print,Bouclage,17/03/2025,Mensuel,,
points-de-vente::print,POINTS DE VENTE,Print,Parution,07/04/2025,Mensuel,,
points-de-vente::print,POINTS DE VENTE,Print,Bouclage,14/04/2025,Mensuel,,
points-de-vente::print,POINTS DE VENTE,Print,Parution,05/05/2025,Mensuel,,
points-de-vente::print,POINTS DE VENTE,Print,Bouclage,12/05/2025,Mensuel,,
points-de-vente::print,POINTS DE VENTE,Print,Parution,02/06/2025,Mensuel,,
points-de-vente::print,POINTS DE VENTE,Print,Bouclage,25/08/2025,Mensuel,,
points-de-vente::print,POINTS DE VENTE,Print,Parution,15/09/2025,Mensuel,,
points-de-vente::print,POINTS DE VENTE,Print,Bouclage,22/09/2025,Mensuel,,
points-de-vente::print,POINTS DE VENTE,Print,Parution,13/10/2025,Mensuel,,
points-de-vente::print,POINTS DE VENTE,Print,Bouclage,20/10/2025,Mensuel,,
points-de-vente::print,POINTS DE VENTE,Print,Parution,10/11/2025,Mensuel,,
points-de-vente::print,POINTS DE VENTE,Print,Bouclage,17/11/2025,Mensuel,,
points-de-vente::print,POINTS DE VENTE,Print,Parution,08/12/2025,Mensuel,,
porphyre::print,PORPHYRE,Print,Bouclage,,Mensuel,,
porphyre::print,PORPHYRE,Print,Parution,,Mensuel,,
porphyre::print,PORPHYRE,Print,Bouclage,,Mensuel,,
porphyre::print,PORPHYRE,Print,Parution,,Mensuel,,
porphyre::print,PORPHYRE,Print,Bouclage,,Mensuel,,
porphyre::print,PORPHYRE,Print,Parution,,Mensuel,,
porphyre::print,PORPHYRE,Print,Bouclage,,Mensuel,,
porphyre::print,PORPHYRE,Print,Parution,,Mensuel,,
porphyre::print,PORPHYRE,Print,Bouclage,,Mensuel,,
porphyre::print,PORPHYRE,Print,Parution,,Mensuel,,
porphyre::print,PORPHYRE,Print,Bouclage,,Mensuel,,
porphyre::print,PORPHYRE,Print,Parution,,Mensuel,,
porphyre::print,PORPHYRE,Print,Bouclage,,Mensuel,,
porphyre::print,PORPHYRE,Print,Parution,,Mensuel,,
porphyre::print,PORPHYRE,Print,Bouclage,,Mensuel,,
porphyre::print,PORPHYRE,Print,Parution,,Mensuel,,
porphyre::print,PORPHYRE,Print,Bouclage,,Mensuel,,
porphyre::print,PORPHYRE,Print,Parution,,Mensuel,,
porphyre::print,PORPHYRE,Print,Bouclage,,Mensuel,,
porphyre::print,PORPHYRE,Print,Parution,,Mensuel,,
porphyre::print,PORPHYRE,Print,Bouclage,,Mensuel,,
porphyre::print,PORPHYRE,Print,Parution,,Mensuel,,
le-praticien-anesthesie-reanimation,LE PRATICIEN ANESTHESIE ET REANIMATION,Print,Bouclage,05/02/2026,bimestriel,,
le-praticien-anesthesie-reanimation,LE PRATICIEN ANESTHESIE ET REANIMATION,Print,Parution,fev,bimestriel,,
le-praticien-anesthesie-reanimation,LE PRATICIEN ANESTHESIE ET REANIMATION,Print,Bouclage,27/03/2026,bimestriel,,
le-praticien-anesthesie-reanimation,LE PRATICIEN ANESTHESIE ET REANIMATION,Print,Parution,avril,bimestriel,,
le-praticien-anesthesie-reanimation,LE PRATICIEN ANESTHESIE ET REANIMATION,Print,Bouclage,03/06/2026,bimestriel,,
le-praticien-anesthesie-reanimation,LE PRATICIEN ANESTHESIE ET REANIMATION,Print,Parution,juin,bimestriel,,
le-praticien-anesthesie-reanimation,LE PRATICIEN ANESTHESIE ET REANIMATION,Print,Bouclage,07/09/2026,bimestriel,,
le-praticien-anesthesie-reanimation,LE PRATICIEN ANESTHESIE ET REANIMATION,Print,Parution,sept,bimestriel,,
le-praticien-anesthesie-reanimation,LE PRATICIEN ANESTHESIE ET REANIMATION,Print,Bouclage,09/10/2026,bimestriel,,
le-praticien-anesthesie-reanimation,LE PRATICIEN ANESTHESIE ET REANIMATION,Print,Parution,oct,bimestriel,,
le-praticien-anesthesie-reanimation,LE PRATICIEN ANESTHESIE ET REANIMATION,Print,Bouclage,07/12/2026,bimestriel,,
le-praticien-anesthesie-reanimation,LE PRATICIEN ANESTHESIE ET REANIMATION,Print,Parution,dec,bimestriel,,
prescription-beton::print,PRESCRIPTION BETON,Print,Bouclage,14/03/2025,5 Numéros / an,,
prescription-beton::print,PRESCRIPTION BETON,Print,Parution,26/03/2025,5 Numéros / an,,
prescription-beton::print,PRESCRIPTION BETON,Print,Bouclage,16/05/2025,5 Numéros / an,,
prescription-beton::print,PRESCRIPTION BETON,Print,Parution,28/05/2025,5 Numéros / an,,
prescription-beton::print,PRESCRIPTION BETON,Print,Bouclage,01/09/2025,5 Numéros / an,,
prescription-beton::print,PRESCRIPTION BETON,Print,Parution,15/09/2025,5 Numéros / an,,
prescription-beton::print,PRESCRIPTION BETON,Print,Bouclage,17/10/2025,5 Numéros / an,,
prescription-beton::print,PRESCRIPTION BETON,Print,Parution,29/10/2025,5 Numéros / an,,
prescription-beton::print,PRESCRIPTION BETON,Print,Bouclage,10/12/2025,5 Numéros / an,,
prescription-beton::print,PRESCRIPTION BETON,Print,Parution,17/12/2025,5 Numéros / an,,
prevention-btp::print,PREVENTION BTP,Print,Bouclage,15/01/2026,Mensuel,,
prevention-btp::print,PREVENTION BTP,Print,Parution,février,Mensuel,,
prevention-btp::print,PREVENTION BTP,Print,Bouclage,13/02/2026,Mensuel,,
prevention-btp::print,PREVENTION BTP,Print,Parution,mars,Mensuel,,
prevention-btp::print,PREVENTION BTP,Print,Bouclage,13/03/2026,Mensuel,,
prevention-btp::print,PREVENTION BTP,Print,Parution,avril,Mensuel,,
prevention-btp::print,PREVENTION BTP,Print,Bouclage,15/04/2026,Mensuel,,
prevention-btp::print,PREVENTION BTP,Print,Parution,mai,Mensuel,,
prevention-btp::print,PREVENTION BTP,Print,Bouclage,13/05/2026,Mensuel,,
prevention-btp::print,PREVENTION BTP,Print,Parution,juin,Mensuel,,
prevention-btp::print,PREVENTION BTP,Print,Bouclage,15/06/2026,Mensuel,,
prevention-btp::print,PREVENTION BTP,Print,Parution,juillet-aout,Mensuel,,
prevention-btp::print,PREVENTION BTP,Print,Bouclage,22/07/2026,Mensuel,,
prevention-btp::print,PREVENTION BTP,Print,Parution,sept,Mensuel,,
prevention-btp::print,PREVENTION BTP,Print,Bouclage,16/09/2026,Mensuel,,
prevention-btp::print,PREVENTION BTP,Print,Parution,oct,Mensuel,,
prevention-btp::print,PREVENTION BTP,Print,Bouclage,14/10/2026,Mensuel,,
prevention-btp::print,PREVENTION BTP,Print,Parution,nov,Mensuel,,
prevention-btp::print,PREVENTION BTP,Print,Bouclage,16/11/2026,Mensuel,,
prevention-btp::print,PREVENTION BTP,Print,Parution,dec,Mensuel,,
prevention-btp::print,PREVENTION BTP,Print,Bouclage,15/12/2026,Mensuel,,
prevention-btp::print,PREVENTION BTP,Print,Parution,janvier,Mensuel,,
prevention-btp::print,PREVENTION BTP,Print,Bouclage,14/01/2026,Mensuel,,
prevention-btp::print,PREVENTION BTP,Print,Parution,fevrier,Mensuel,,
procedures::print,PROCEDURES,Print,Bouclage,18/03/2025,Mensuel,,
procedures::print,PROCEDURES,Print,Parution,08/04/2025,Mensuel,,
procedures::print,PROCEDURES,Print,Bouclage,29/04/2025,Mensuel,,
procedures::print,PROCEDURES,Print,Parution,20/05/2025,Mensuel,,
procedures::print,PROCEDURES,Print,Bouclage,02/06/2025,Mensuel,,
procedures::print,PROCEDURES,Print,Parution,23/06/2025,Mensuel,,
procedures::print,PROCEDURES,Print,Bouclage,17/06/2025,Mensuel,,
procedures::print,PROCEDURES,Print,Parution,08/07/2025,Mensuel,,
procedures::print,PROCEDURES,Print,Bouclage,10/10/2025,Mensuel,,
procedures::print,PROCEDURES,Print,Parution,31/10/2025,Mensuel,,
procedures::print,PROCEDURES,Print,Bouclage,04/11/2025,Mensuel,,
procedures::print,PROCEDURES,Print,Parution,25/11/2025,Mensuel,,
procedures::print,PROCEDURES,Print,Bouclage,28/11/2025,Mensuel,,
procedures::print,PROCEDURES,Print,Parution,19/12/2025,Mensuel,,
process-alimentaire::print,PROCESS ALIMENTAIRE,Print,Bouclage,20/01/2025,Mensuel,,
process-alimentaire::print,PROCESS ALIMENTAIRE,Print,Parution,05/02/2025,Mensuel,,
process-alimentaire::print,PROCESS ALIMENTAIRE,Print,Bouclage,20/02/2025,Mensuel,,
process-alimentaire::print,PROCESS ALIMENTAIRE,Print,Parution,05/03/2025,Mensuel,,
process-alimentaire::print,PROCESS ALIMENTAIRE,Print,Bouclage,20/03/2025,Mensuel,,
process-alimentaire::print,PROCESS ALIMENTAIRE,Print,Parution,05/04/2025,Mensuel,,
process-alimentaire::print,PROCESS ALIMENTAIRE,Print,Bouclage,20/04/2025,Mensuel,,
process-alimentaire::print,PROCESS ALIMENTAIRE,Print,Parution,05/05/2025,Mensuel,,
process-alimentaire::print,PROCESS ALIMENTAIRE,Print,Bouclage,20/05/2025,Mensuel,,
process-alimentaire::print,PROCESS ALIMENTAIRE,Print,Parution,05/06/2025,Mensuel,,
process-alimentaire::print,PROCESS ALIMENTAIRE,Print,Bouclage,20/06/2025,Mensuel,,
process-alimentaire::print,PROCESS ALIMENTAIRE,Print,Parution,05/07/2025,Mensuel,,
process-alimentaire::print,PROCESS ALIMENTAIRE,Print,Bouclage,20/08/2025,Mensuel,,
process-alimentaire::print,PROCESS ALIMENTAIRE,Print,Parution,05/09/2025,Mensuel,,
process-alimentaire::print,PROCESS ALIMENTAIRE,Print,Bouclage,20/09/2025,Mensuel,,
process-alimentaire::print,PROCESS ALIMENTAIRE,Print,Parution,05/10/2025,Mensuel,,
process-alimentaire::print,PROCESS ALIMENTAIRE,Print,Bouclage,20/10/2025,Mensuel,,
process-alimentaire::print,PROCESS ALIMENTAIRE,Print,Parution,05/11/2025,Mensuel,,
process-alimentaire::print,PROCESS ALIMENTAIRE,Print,Bouclage,20/11/2025,Mensuel,,
process-alimentaire::print,PROCESS ALIMENTAIRE,Print,Parution,05/12/2025,Mensuel,,
profession-cgp::print,PROFESSION CGP,Print,Bouclage,15/01/2025,TRIMESTRIEL,,
profession-cgp::print,PROFESSION CGP,Print,Parution,16/01/2025,TRIMESTRIEL,,
profession-cgp::print,PROFESSION CGP,Print,Bouclage,17/01/2025,TRIMESTRIEL,,
profession-cgp::print,PROFESSION CGP,Print,Parution,18/01/2025,TRIMESTRIEL,,
profession-cgp::print,PROFESSION CGP,Print,Bouclage,19/01/2025,TRIMESTRIEL,,
profession-cgp::print,PROFESSION CGP,Print,Parution,20/01/2025,TRIMESTRIEL,,
profession-cgp::print,PROFESSION CGP,Print,Bouclage,21/01/2025,TRIMESTRIEL,,
profession-cgp::print,PROFESSION CGP,Print,Parution,22/01/2025,TRIMESTRIEL,,
profession-cgp::print,PROFESSION CGP,Print,Bouclage,23/01/2025,TRIMESTRIEL,,
profession-cgp::print,PROFESSION CGP,Print,Parution,24/01/2025,TRIMESTRIEL,,
produits-de-la-mer::print,PRODUITS DE LA MER,Print,Bouclage,15/01/2026,Mensuel,,
produits-de-la-mer::print,PRODUITS DE LA MER,Print,Parution,05/02/2026,Mensuel,,
produits-de-la-mer::print,PRODUITS DE LA MER,Print,Bouclage,15/03/2026,Mensuel,,
produits-de-la-mer::print,PRODUITS DE LA MER,Print,Parution,05/04/2026,Mensuel,,
produits-de-la-mer::print,PRODUITS DE LA MER,Print,Bouclage,15/05/2026,Mensuel,,
produits-de-la-mer::print,PRODUITS DE LA MER,Print,Parution,05/06/2026,Mensuel,,
produits-de-la-mer::print,PRODUITS DE LA MER,Print,Bouclage,15/07/2026,Mensuel,,
produits-de-la-mer::print,PRODUITS DE LA MER,Print,Parution,05/08/2026,Mensuel,,
produits-de-la-mer::print,PRODUITS DE LA MER,Print,Bouclage,15/09/2026,Mensuel,,
produits-de-la-mer::print,PRODUITS DE LA MER,Print,Parution,05/10/2026,Mensuel,,
produits-de-la-mer::print,PRODUITS DE LA MER,Print,Bouclage,15/11/2026,Mensuel,,
produits-de-la-mer::print,PRODUITS DE LA MER,Print,Parution,05/12/2026,Mensuel,,
produits-equipements-industriels::print,PRODUITS EQUIPEMENTS INDUSTRIELS,Print,Bouclage,17/01/2025,Mensuel,,
produits-equipements-industriels::print,PRODUITS EQUIPEMENTS INDUSTRIELS,Print,Parution,13/02/2025,Mensuel,,
produits-equipements-industriels::print,PRODUITS EQUIPEMENTS INDUSTRIELS,Print,Bouclage,07/02/2025,Mensuel,,
produits-equipements-industriels::print,PRODUITS EQUIPEMENTS INDUSTRIELS,Print,Parution,07/03/2025,Mensuel,,
produits-equipements-industriels::print,PRODUITS EQUIPEMENTS INDUSTRIELS,Print,Bouclage,24/03/2025,Mensuel,,
produits-equipements-industriels::print,PRODUITS EQUIPEMENTS INDUSTRIELS,Print,Parution,04/04/2025,Mensuel,,
produits-equipements-industriels::print,PRODUITS EQUIPEMENTS INDUSTRIELS,Print,Bouclage,04/04/2025,Mensuel,,
produits-equipements-industriels::print,PRODUITS EQUIPEMENTS INDUSTRIELS,Print,Parution,02/05/2025,Mensuel,,
produits-equipements-industriels::print,PRODUITS EQUIPEMENTS INDUSTRIELS,Print,Bouclage,09/05/2025,Mensuel,,
produits-equipements-industriels::print,PRODUITS EQUIPEMENTS INDUSTRIELS,Print,Parution,03/06/2025,Mensuel,,
produits-equipements-industriels::print,PRODUITS EQUIPEMENTS INDUSTRIELS,Print,Bouclage,22/07/2025,Mensuel,,
produits-equipements-industriels::print,PRODUITS EQUIPEMENTS INDUSTRIELS,Print,Parution,05/09/2025,Mensuel,,
produits-equipements-industriels::print,PRODUITS EQUIPEMENTS INDUSTRIELS,Print,Bouclage,05/09/2025,Mensuel,,
produits-equipements-industriels::print,PRODUITS EQUIPEMENTS INDUSTRIELS,Print,Parution,03/10/2025,Mensuel,,
produits-equipements-industriels::print,PRODUITS EQUIPEMENTS INDUSTRIELS,Print,Bouclage,17/10/2025,Mensuel,,
produits-equipements-industriels::print,PRODUITS EQUIPEMENTS INDUSTRIELS,Print,Parution,13/11/2025,Mensuel,,
produits-equipements-industriels::print,PRODUITS EQUIPEMENTS INDUSTRIELS,Print,Bouclage,28/11/2025,Mensuel,,
produits-equipements-industriels::print,PRODUITS EQUIPEMENTS INDUSTRIELS,Print,Parution,09/12/2025,Mensuel,,
profession-paysagiste::print,PROFESSION PAYSAGISTE,Print,Bouclage,16/01/2026,Bimestriel,,
profession-paysagiste::print,PROFESSION PAYSAGISTE,Print,Parution,20/01/2026,Bimestriel,,
profession-paysagiste::print,PROFESSION PAYSAGISTE,Print,Bouclage,20/02/2026,Bimestriel,,
profession-paysagiste::print,PROFESSION PAYSAGISTE,Print,Parution,20/03/2026,Bimestriel,,
profession-paysagiste::print,PROFESSION PAYSAGISTE,Print,Bouclage,20/04/2026,Bimestriel,,
profession-paysagiste::print,PROFESSION PAYSAGISTE,Print,Parution,20/05/2026,Bimestriel,,
profession-paysagiste::print,PROFESSION PAYSAGISTE,Print,Bouclage,20/06/2026,Bimestriel,,
profession-paysagiste::print,PROFESSION PAYSAGISTE,Print,Parution,20/07/2026,Bimestriel,,
profession-paysagiste::print,PROFESSION PAYSAGISTE,Print,Bouclage,20/08/2026,Bimestriel,,
profession-paysagiste::print,PROFESSION PAYSAGISTE,Print,Parution,20/09/2026,Bimestriel,,
profession-paysagiste::print,PROFESSION PAYSAGISTE,Print,Bouclage,20/10/2026,Bimestriel,,
profession-paysagiste::print,PROFESSION PAYSAGISTE,Print,Parution,20/11/2026,Bimestriel,,
protection-securite-magazine::print,PROTECTION SECURITE MAGAZINE,Print,Bouclage,12/02/2026,Bimestriel,,
protection-securite-magazine::print,PROTECTION SECURITE MAGAZINE,Print,Parution,,Bimestriel,,
protection-securite-magazine::print,PROTECTION SECURITE MAGAZINE,Print,Bouclage,14/04/2026,Bimestriel,,
protection-securite-magazine::print,PROTECTION SECURITE MAGAZINE,Print,Parution,,Bimestriel,,
protection-securite-magazine::print,PROTECTION SECURITE MAGAZINE,Print,Bouclage,11/06/2026,Bimestriel,,
protection-securite-magazine::print,PROTECTION SECURITE MAGAZINE,Print,Parution,,Bimestriel,,
protection-securite-magazine::print,PROTECTION SECURITE MAGAZINE,Print,Bouclage,13/08/2026,Bimestriel,,
protection-securite-magazine::print,PROTECTION SECURITE MAGAZINE,Print,Parution,,Bimestriel,,
protection-securite-magazine::print,PROTECTION SECURITE MAGAZINE,Print,Bouclage,15/10/2026,Bimestriel,,
protection-securite-magazine::print,PROTECTION SECURITE MAGAZINE,Print,Parution,,Bimestriel,,
protection-securite-magazine::print,PROTECTION SECURITE MAGAZINE,Print,Bouclage,10/12/2026,Bimestriel,,
protection-securite-magazine::print,PROTECTION SECURITE MAGAZINE,Print,Parution,,Bimestriel,,
la-profession-comptable::print,LA PROFESSION COMPTABLE,Print,Bouclage,,Mensuel,,
la-profession-comptable::print,LA PROFESSION COMPTABLE,Print,Parution,,Mensuel,,
la-profession-comptable::print,LA PROFESSION COMPTABLE,Print,Bouclage,,Mensuel,,
la-profession-comptable::print,LA PROFESSION COMPTABLE,Print,Parution,,Mensuel,,
la-profession-comptable::print,LA PROFESSION COMPTABLE,Print,Bouclage,,Mensuel,,
la-profession-comptable::print,LA PROFESSION COMPTABLE,Print,Parution,,Mensuel,,
la-profession-comptable::print,LA PROFESSION COMPTABLE,Print,Bouclage,,Mensuel,,
la-profession-comptable::print,LA PROFESSION COMPTABLE,Print,Parution,,Mensuel,,
la-profession-comptable::print,LA PROFESSION COMPTABLE,Print,Bouclage,,Mensuel,,
la-profession-comptable::print,LA PROFESSION COMPTABLE,Print,Parution,,Mensuel,,
la-profession-comptable::print,LA PROFESSION COMPTABLE,Print,Bouclage,,Mensuel,,
la-profession-comptable::print,LA PROFESSION COMPTABLE,Print,Parution,,Mensuel,,
la-profession-comptable::print,LA PROFESSION COMPTABLE,Print,Bouclage,,Mensuel,,
la-profession-comptable::print,LA PROFESSION COMPTABLE,Print,Parution,,Mensuel,,
la-profession-comptable::print,LA PROFESSION COMPTABLE,Print,Bouclage,,Mensuel,,
la-profession-comptable::print,LA PROFESSION COMPTABLE,Print,Parution,,Mensuel,,
la-profession-comptable::print,LA PROFESSION COMPTABLE,Print,Bouclage,,Mensuel,,
la-profession-comptable::print,LA PROFESSION COMPTABLE,Print,Parution,,Mensuel,,
la-profession-comptable::print,LA PROFESSION COMPTABLE,Print,Bouclage,,Mensuel,,
la-profession-comptable::print,LA PROFESSION COMPTABLE,Print,Parution,,Mensuel,,
la-profession-comptable::print,LA PROFESSION COMPTABLE,Print,Bouclage,,Mensuel,,
la-profession-comptable::print,LA PROFESSION COMPTABLE,Print,Parution,,Mensuel,,
profession-sage-femme::print,PROFESSION SAGE-FEMME,Print,Bouclage,15/01/2025,10 Numéros / an,,
profession-sage-femme::print,PROFESSION SAGE-FEMME,Print,Parution,05/02/2025,10 Numéros / an,,
profession-sage-femme::print,PROFESSION SAGE-FEMME,Print,Bouclage,15/02/2025,10 Numéros / an,,
profession-sage-femme::print,PROFESSION SAGE-FEMME,Print,Parution,05/03/2025,10 Numéros / an,,
profession-sage-femme::print,PROFESSION SAGE-FEMME,Print,Bouclage,15/03/2025,10 Numéros / an,,
profession-sage-femme::print,PROFESSION SAGE-FEMME,Print,Parution,05/04/2025,10 Numéros / an,,
profession-sage-femme::print,PROFESSION SAGE-FEMME,Print,Bouclage,15/04/2025,10 Numéros / an,,
profession-sage-femme::print,PROFESSION SAGE-FEMME,Print,Parution,05/05/2025,10 Numéros / an,,
profession-sage-femme::print,PROFESSION SAGE-FEMME,Print,Bouclage,15/05/2025,10 Numéros / an,,
profession-sage-femme::print,PROFESSION SAGE-FEMME,Print,Parution,05/06/2025,10 Numéros / an,,
profession-sage-femme::print,PROFESSION SAGE-FEMME,Print,Bouclage,15/06/2025,10 Numéros / an,,
profession-sage-femme::print,PROFESSION SAGE-FEMME,Print,Parution,05/07/2025,10 Numéros / an,,
profession-sage-femme::print,PROFESSION SAGE-FEMME,Print,Bouclage,15/08/2025,10 Numéros / an,,
profession-sage-femme::print,PROFESSION SAGE-FEMME,Print,Parution,05/09/2025,10 Numéros / an,,
profession-sage-femme::print,PROFESSION SAGE-FEMME,Print,Bouclage,15/09/2025,10 Numéros / an,,
profession-sage-femme::print,PROFESSION SAGE-FEMME,Print,Parution,05/10/2025,10 Numéros / an,,
profession-sage-femme::print,PROFESSION SAGE-FEMME,Print,Bouclage,15/10/2025,10 Numéros / an,,
profession-sage-femme::print,PROFESSION SAGE-FEMME,Print,Parution,05/11/2025,10 Numéros / an,,
profession-sage-femme::print,PROFESSION SAGE-FEMME,Print,Bouclage,15/11/2025,10 Numéros / an,,
profession-sage-femme::print,PROFESSION SAGE-FEMME,Print,Parution,05/12/2025,10 Numéros / an,,
le-quotidien-du-medecin::print,LE QUOTIDIEN DU MEDECIN,Print,Parution,16/01/2026,bi-mensuelle,,
le-quotidien-du-medecin::print,LE QUOTIDIEN DU MEDECIN,Print,Parution,23/01/2026,bi-mensuelle,,
le-quotidien-du-medecin::print,LE QUOTIDIEN DU MEDECIN,Print,Parution,30/01/2026,bi-mensuelle,,
le-quotidien-du-medecin::print,LE QUOTIDIEN DU MEDECIN,Print,Parution,06/02/2026,bi-mensuelle,,
le-quotidien-du-medecin::print,LE QUOTIDIEN DU MEDECIN,Print,Parution,20/02/2026,bi-mensuelle,,
le-quotidien-du-medecin::print,LE QUOTIDIEN DU MEDECIN,Print,Parution,06/03/2026,bi-mensuelle,,
le-quotidien-du-medecin::print,LE QUOTIDIEN DU MEDECIN,Print,Parution,20/03/2026,bi-mensuelle,,
le-quotidien-du-medecin::print,LE QUOTIDIEN DU MEDECIN,Print,Parution,03/04/2026,bi-mensuelle,,
le-quotidien-du-medecin::print,LE QUOTIDIEN DU MEDECIN,Print,Parution,17/04/2026,bi-mensuelle,,
le-quotidien-du-medecin::print,LE QUOTIDIEN DU MEDECIN,Print,Parution,30/04/2026,bi-mensuelle,,
le-quotidien-du-medecin::print,LE QUOTIDIEN DU MEDECIN,Print,Parution,15/05/2026,bi-mensuelle,,
le-quotidien-du-medecin::print,LE QUOTIDIEN DU MEDECIN,Print,Parution,29/05/2026,bi-mensuelle,,
le-quotidien-du-medecin::print,LE QUOTIDIEN DU MEDECIN,Print,Parution,12/06/2026,bi-mensuelle,,
le-quotidien-du-medecin::print,LE QUOTIDIEN DU MEDECIN,Print,Parution,26/06/2026,bi-mensuelle,,
le-quotidien-du-medecin::print,LE QUOTIDIEN DU MEDECIN,Print,Parution,10/07/2026,bi-mensuelle,,
le-quotidien-du-medecin::print,LE QUOTIDIEN DU MEDECIN,Print,Bouclage,,bi-mensuelle,,
le-quotidien-du-medecin::print,LE QUOTIDIEN DU MEDECIN,Print,Bouclage,,bi-mensuelle,,
le-quotidien-du-medecin::print,LE QUOTIDIEN DU MEDECIN,Print,Bouclage,,bi-mensuelle,,
le-quotidien-du-medecin::print,LE QUOTIDIEN DU MEDECIN,Print,Bouclage,,bi-mensuelle,,
le-quotidien-du-medecin::print,LE QUOTIDIEN DU MEDECIN,Print,Bouclage,,bi-mensuelle,,
le-quotidien-du-medecin::print,LE QUOTIDIEN DU MEDECIN,Print,Bouclage,,bi-mensuelle,,
le-quotidien-du-medecin::print,LE QUOTIDIEN DU MEDECIN,Print,Bouclage,,bi-mensuelle,,
le-quotidien-du-pharmacien::print,LE QUOTIDIEN DU PHARMACIEN,Print,Parution,15/01/2026,Hebdomadaire (chaque jeudi),,
le-quotidien-du-pharmacien::print,LE QUOTIDIEN DU PHARMACIEN,Print,Parution,29/01/2026,Hebdomadaire (chaque jeudi),,
le-quotidien-du-pharmacien::print,LE QUOTIDIEN DU PHARMACIEN,Print,Parution,12/02/2026,Hebdomadaire (chaque jeudi),,
le-quotidien-du-pharmacien::print,LE QUOTIDIEN DU PHARMACIEN,Print,Parution,26/02/2026,Hebdomadaire (chaque jeudi),,
le-quotidien-du-pharmacien::print,LE QUOTIDIEN DU PHARMACIEN,Print,Parution,12/03/2026,Hebdomadaire (chaque jeudi),,
le-quotidien-du-pharmacien::print,LE QUOTIDIEN DU PHARMACIEN,Print,Parution,26/03/2026,Hebdomadaire (chaque jeudi),,
le-quotidien-du-pharmacien::print,LE QUOTIDIEN DU PHARMACIEN,Print,Parution,09/04/2026,Hebdomadaire (chaque jeudi),,
le-quotidien-du-pharmacien::print,LE QUOTIDIEN DU PHARMACIEN,Print,Parution,23/04/2026,Hebdomadaire (chaque jeudi),,
le-quotidien-du-pharmacien::print,LE QUOTIDIEN DU PHARMACIEN,Print,Parution,07/05/2026,Hebdomadaire (chaque jeudi),,
le-quotidien-du-pharmacien::print,LE QUOTIDIEN DU PHARMACIEN,Print,Parution,21/05/2026,Hebdomadaire (chaque jeudi),,
le-quotidien-du-pharmacien::print,LE QUOTIDIEN DU PHARMACIEN,Print,Parution,04/06/2026,Hebdomadaire (chaque jeudi),,
le-quotidien-du-pharmacien::print,LE QUOTIDIEN DU PHARMACIEN,Print,Parution,18/06/2026,Hebdomadaire (chaque jeudi),,
le-quotidien-du-pharmacien::print,LE QUOTIDIEN DU PHARMACIEN,Print,Parution,02/07/2026,Hebdomadaire (chaque jeudi),,
le-quotidien-du-pharmacien::print,LE QUOTIDIEN DU PHARMACIEN,Print,Parution,16/07/2026,Hebdomadaire (chaque jeudi),,
le-quotidien-du-pharmacien::print,LE QUOTIDIEN DU PHARMACIEN,Print,Bouclage,,Hebdomadaire (chaque jeudi),,
le-quotidien-du-pharmacien::print,LE QUOTIDIEN DU PHARMACIEN,Print,Bouclage,,Hebdomadaire (chaque jeudi),,
le-quotidien-du-pharmacien::print,LE QUOTIDIEN DU PHARMACIEN,Print,Bouclage,,Hebdomadaire (chaque jeudi),,
le-quotidien-du-pharmacien::print,LE QUOTIDIEN DU PHARMACIEN,Print,Bouclage,,Hebdomadaire (chaque jeudi),,
le-quotidien-du-pharmacien::print,LE QUOTIDIEN DU PHARMACIEN,Print,Bouclage,,Hebdomadaire (chaque jeudi),,
le-quotidien-du-pharmacien::print,LE QUOTIDIEN DU PHARMACIEN,Print,Bouclage,,Hebdomadaire (chaque jeudi),,
le-quotidien-du-pharmacien::print,LE QUOTIDIEN DU PHARMACIEN,Print,Bouclage,,Hebdomadaire (chaque jeudi),,
le-quotidien-du-pharmacien::print,LE QUOTIDIEN DU PHARMACIEN,Print,Bouclage,,Hebdomadaire (chaque jeudi),,
rayon-boissons::print,RAYON BOISSONS,Print,Bouclage,19/01/2026,Mensuel,,
rayon-boissons::print,RAYON BOISSONS,Print,Parution,06/02/2026,Mensuel,,
rayon-boissons::print,RAYON BOISSONS,Print,Bouclage,19/02/2026,Mensuel,,
rayon-boissons::print,RAYON BOISSONS,Print,Parution,06/03/2026,Mensuel,,
rayon-boissons::print,RAYON BOISSONS,Print,Bouclage,19/03/2026,Mensuel,,
rayon-boissons::print,RAYON BOISSONS,Print,Parution,06/04/2026,Mensuel,,
rayon-boissons::print,RAYON BOISSONS,Print,Bouclage,19/04/2026,Mensuel,,
rayon-boissons::print,RAYON BOISSONS,Print,Parution,06/05/2026,Mensuel,,
rayon-boissons::print,RAYON BOISSONS,Print,Bouclage,19/05/2026,Mensuel,,
rayon-boissons::print,RAYON BOISSONS,Print,Parution,06/06/2026,Mensuel,,
rayon-boissons::print,RAYON BOISSONS,Print,Bouclage,19/06/2026,Mensuel,,
rayon-boissons::print,RAYON BOISSONS,Print,Parution,06/07/2026,Mensuel,,
rayon-boissons::print,RAYON BOISSONS,Print,Bouclage,19/07/2026,Mensuel,,
rayon-boissons::print,RAYON BOISSONS,Print,Parution,06/08/2026,Mensuel,,
rayon-boissons::print,RAYON BOISSONS,Print,Bouclage,19/08/2025,Mensuel,,
rayon-boissons::print,RAYON BOISSONS,Print,Parution,06/09/2026,Mensuel,,
rayon-boissons::print,RAYON BOISSONS,Print,Bouclage,19/09/2026,Mensuel,,
rayon-boissons::print,RAYON BOISSONS,Print,Parution,06/10/2026,Mensuel,,
rayon-boissons::print,RAYON BOISSONS,Print,Bouclage,19/10/2026,Mensuel,,
rayon-boissons::print,RAYON BOISSONS,Print,Parution,06/11/2026,Mensuel,,
rayon-boissons::print,RAYON BOISSONS,Print,Bouclage,19/11/2026,Mensuel,,
rayon-boissons::print,RAYON BOISSONS,Print,Parution,06/12/2026,Mensuel,,
recueil-dalloz::print,RECUEIL DALLOZ,Print,Bouclage,,Hebdomadaire,,
recueil-dalloz::print,RECUEIL DALLOZ,Print,Parution,,Hebdomadaire,,
recueil-dalloz::print,RECUEIL DALLOZ,Print,Bouclage,,Hebdomadaire,,
recueil-dalloz::print,RECUEIL DALLOZ,Print,Parution,,Hebdomadaire,,
recueil-dalloz::print,RECUEIL DALLOZ,Print,Bouclage,,Hebdomadaire,,
recueil-dalloz::print,RECUEIL DALLOZ,Print,Parution,,Hebdomadaire,,
recueil-dalloz::print,RECUEIL DALLOZ,Print,Bouclage,,Hebdomadaire,,
recueil-dalloz::print,RECUEIL DALLOZ,Print,Parution,,Hebdomadaire,,
recueil-dalloz::print,RECUEIL DALLOZ,Print,Bouclage,,Hebdomadaire,,
recueil-dalloz::print,RECUEIL DALLOZ,Print,Parution,,Hebdomadaire,,
recueil-dalloz::print,RECUEIL DALLOZ,Print,Bouclage,,Hebdomadaire,,
recueil-dalloz::print,RECUEIL DALLOZ,Print,Parution,,Hebdomadaire,,
recueil-dalloz::print,RECUEIL DALLOZ,Print,Bouclage,,Hebdomadaire,,
recueil-dalloz::print,RECUEIL DALLOZ,Print,Parution,,Hebdomadaire,,
recueil-dalloz::print,RECUEIL DALLOZ,Print,Bouclage,,Hebdomadaire,,
recueil-dalloz::print,RECUEIL DALLOZ,Print,Parution,,Hebdomadaire,,
recueil-dalloz::print,RECUEIL DALLOZ,Print,Bouclage,,Hebdomadaire,,
recueil-dalloz::print,RECUEIL DALLOZ,Print,Parution,,Hebdomadaire,,
recueil-dalloz::print,RECUEIL DALLOZ,Print,Bouclage,,Hebdomadaire,,
recueil-dalloz::print,RECUEIL DALLOZ,Print,Parution,,Hebdomadaire,,
recueil-dalloz::print,RECUEIL DALLOZ,Print,Bouclage,,Hebdomadaire,,
recueil-dalloz::print,RECUEIL DALLOZ,Print,Parution,,Hebdomadaire,,
recyclage::print,RECYCLAGE,Print,Bouclage,03/04/2026,Bimestriel,,
recyclage::print,RECYCLAGE,Print,Parution,24/04/2026,Bimestriel,,
recyclage::print,RECYCLAGE,Print,Bouclage,15/05/2026,Bimestriel,,
recyclage::print,RECYCLAGE,Print,Parution,05/06/2026,Bimestriel,,
recyclage::print,RECYCLAGE,Print,Bouclage,26/06/2026,Bimestriel,,
recyclage::print,RECYCLAGE,Print,Parution,17/07/2026,Bimestriel,,
recyclage::print,RECYCLAGE,Print,Bouclage,25/09/2026,Bimestriel,,
recyclage::print,RECYCLAGE,Print,Parution,16/10/2026,Bimestriel,,
recyclage::print,RECYCLAGE,Print,Bouclage,20/11/2026,Bimestriel,,
recyclage::print,RECYCLAGE,Print,Parution,11/12/2026,Bimestriel,,
regions-magazine-dirigeants-de-tpe-pme::print,REGIONS MAGAZINE (DIRIGEANTS DE TPE/PME),Print,Bouclage,10/03/2026,Trimestriel,,
regions-magazine-dirigeants-de-tpe-pme::print,REGIONS MAGAZINE (DIRIGEANTS DE TPE/PME),Print,Parution,3e semaine de mars,Trimestriel,,
regions-magazine-dirigeants-de-tpe-pme::print,REGIONS MAGAZINE (DIRIGEANTS DE TPE/PME),Print,Bouclage,22/05/2026,Trimestriel,,
regions-magazine-dirigeants-de-tpe-pme::print,REGIONS MAGAZINE (DIRIGEANTS DE TPE/PME),Print,Parution,mi-juin,Trimestriel,,
regions-magazine-dirigeants-de-tpe-pme::print,REGIONS MAGAZINE (DIRIGEANTS DE TPE/PME),Print,Bouclage,28/08/2026,Trimestriel,,
regions-magazine-dirigeants-de-tpe-pme::print,REGIONS MAGAZINE (DIRIGEANTS DE TPE/PME),Print,Parution,mi-septembre,Trimestriel,,
regions-magazine-dirigeants-de-tpe-pme::print,REGIONS MAGAZINE (DIRIGEANTS DE TPE/PME),Print,Bouclage,27/11/2026,Trimestriel,,
regions-magazine-dirigeants-de-tpe-pme::print,REGIONS MAGAZINE (DIRIGEANTS DE TPE/PME),Print,Parution,mi-décembre,Trimestriel,,
relation-client::print,RELATION CLIENT,Print,Bouclage,04/03/2026,4 Numéros / an,,
relation-client::print,RELATION CLIENT,Print,Parution,18/03/2026,4 Numéros / an,,
relation-client::print,RELATION CLIENT,Print,Bouclage,22/05/2026,4 Numéros / an,,
relation-client::print,RELATION CLIENT,Print,Parution,05/06/2026,4 Numéros / an,,
relation-client::print,RELATION CLIENT,Print,Bouclage,28/08/2026,4 Numéros / an,,
relation-client::print,RELATION CLIENT,Print,Parution,11/09/2026,4 Numéros / an,,
relation-client::print,RELATION CLIENT,Print,Bouclage,03/11/2026,4 Numéros / an,,
relation-client::print,RELATION CLIENT,Print,Parution,20/11/2026,4 Numéros / an,,
reseaux-vrd-lignes-canalisations::print,RESEAUX VRD LIGNES & CANALISATIONS,Print,Bouclage,07/01/2025,Mensuel,,
reseaux-vrd-lignes-canalisations::print,RESEAUX VRD LIGNES & CANALISATIONS,Print,Parution,20/01/2025,Mensuel,,
reseaux-vrd-lignes-canalisations::print,RESEAUX VRD LIGNES & CANALISATIONS,Print,Bouclage,05/03/2025,Mensuel,,
reseaux-vrd-lignes-canalisations::print,RESEAUX VRD LIGNES & CANALISATIONS,Print,Parution,12/03/2025,Mensuel,,
reseaux-vrd-lignes-canalisations::print,RESEAUX VRD LIGNES & CANALISATIONS,Print,Bouclage,29/04/2025,Mensuel,,
reseaux-vrd-lignes-canalisations::print,RESEAUX VRD LIGNES & CANALISATIONS,Print,Parution,06/05/2025,Mensuel,,
reseaux-vrd-lignes-canalisations::print,RESEAUX VRD LIGNES & CANALISATIONS,Print,Bouclage,06/06/2025,Mensuel,,
reseaux-vrd-lignes-canalisations::print,RESEAUX VRD LIGNES & CANALISATIONS,Print,Parution,18/06/2025,Mensuel,,
reseaux-vrd-lignes-canalisations::print,RESEAUX VRD LIGNES & CANALISATIONS,Print,Bouclage,12/09/2025,Mensuel,,
reseaux-vrd-lignes-canalisations::print,RESEAUX VRD LIGNES & CANALISATIONS,Print,Parution,24/09/2025,Mensuel,,
reseaux-vrd-lignes-canalisations::print,RESEAUX VRD LIGNES & CANALISATIONS,Print,Bouclage,21/11/2025,Mensuel,,
reseaux-vrd-lignes-canalisations::print,RESEAUX VRD LIGNES & CANALISATIONS,Print,Parution,26/11/2025,Mensuel,,
reseaux-vrd-lignes-canalisations::print,RESEAUX VRD LIGNES & CANALISATIONS,Print,Bouclage,10/12/2025,Mensuel,,
reseaux-vrd-lignes-canalisations::print,RESEAUX VRD LIGNES & CANALISATIONS,Print,Parution,17/12/2025,Mensuel,,
restauration-collective::print,RESTAURATION COLLECTIVE,Print,Bouclage,17/02/2026,Mensuel,,
restauration-collective::print,RESTAURATION COLLECTIVE,Print,Parution,05/03/2026,Mensuel,,
restauration-collective::print,RESTAURATION COLLECTIVE,Print,Bouclage,23/03/2026,Mensuel,,
restauration-collective::print,RESTAURATION COLLECTIVE,Print,Parution,09/04/2026,Mensuel,,
restauration-collective::print,RESTAURATION COLLECTIVE,Print,Bouclage,17/04/2026,Mensuel,,
restauration-collective::print,RESTAURATION COLLECTIVE,Print,Parution,05/05/2026,Mensuel,,
restauration-collective::print,RESTAURATION COLLECTIVE,Print,Bouclage,26/05/2026,Mensuel,,
restauration-collective::print,RESTAURATION COLLECTIVE,Print,Parution,10/06/2026,Mensuel,,
restauration-collective::print,RESTAURATION COLLECTIVE,Print,Bouclage,21/08/2026,Mensuel,,
restauration-collective::print,RESTAURATION COLLECTIVE,Print,Parution,07/09/2026,Mensuel,,
restauration-collective::print,RESTAURATION COLLECTIVE,Print,Bouclage,23/09/2026,Mensuel,,
restauration-collective::print,RESTAURATION COLLECTIVE,Print,Parution,09/10/2026,Mensuel,,
restauration-collective::print,RESTAURATION COLLECTIVE,Print,Bouclage,22/10/2026,Mensuel,,
restauration-collective::print,RESTAURATION COLLECTIVE,Print,Parution,07/11/2026,Mensuel,,
restauration-collective::print,RESTAURATION COLLECTIVE,Print,Bouclage,19/11/2026,Mensuel,,
restauration-collective::print,RESTAURATION COLLECTIVE,Print,Parution,05/12/2026,Mensuel,,
reussir-fruits-legumes::print,REUSSIR FRUITS & LEGUMES,Print,Bouclage,24/02/2025,Mensuel,,
reussir-fruits-legumes::print,REUSSIR FRUITS & LEGUMES,Print,Parution,18/03/2025,Mensuel,,
reussir-fruits-legumes::print,REUSSIR FRUITS & LEGUMES,Print,Bouclage,24/03/2025,Mensuel,,
reussir-fruits-legumes::print,REUSSIR FRUITS & LEGUMES,Print,Parution,14/04/2025,Mensuel,,
reussir-fruits-legumes::print,REUSSIR FRUITS & LEGUMES,Print,Bouclage,17/04/2025,Mensuel,,
reussir-fruits-legumes::print,REUSSIR FRUITS & LEGUMES,Print,Parution,14/05/2025,Mensuel,,
reussir-fruits-legumes::print,REUSSIR FRUITS & LEGUMES,Print,Bouclage,16/05/2025,Mensuel,,
reussir-fruits-legumes::print,REUSSIR FRUITS & LEGUMES,Print,Parution,12/06/2025,Mensuel,,
reussir-fruits-legumes::print,REUSSIR FRUITS & LEGUMES,Print,Bouclage,20/06/2025,Mensuel,,
reussir-fruits-legumes::print,REUSSIR FRUITS & LEGUMES,Print,Parution,16/07/2025,Mensuel,,
reussir-fruits-legumes::print,REUSSIR FRUITS & LEGUMES,Print,Bouclage,26/08/2025,Mensuel,,
reussir-fruits-legumes::print,REUSSIR FRUITS & LEGUMES,Print,Parution,18/09/2025,Mensuel,,
reussir-fruits-legumes::print,REUSSIR FRUITS & LEGUMES,Print,Bouclage,19/09/2025,Mensuel,,
reussir-fruits-legumes::print,REUSSIR FRUITS & LEGUMES,Print,Parution,10/10/2025,Mensuel,,
reussir-fruits-legumes::print,REUSSIR FRUITS & LEGUMES,Print,Bouclage,21/10/2025,Mensuel,,
reussir-fruits-legumes::print,REUSSIR FRUITS & LEGUMES,Print,Parution,14/11/2025,Mensuel,,
reussir-fruits-legumes::print,REUSSIR FRUITS & LEGUMES,Print,Bouclage,20/11/2025,Mensuel,,
reussir-fruits-legumes::print,REUSSIR FRUITS & LEGUMES,Print,Parution,12/12/2025,Mensuel,,
reussir-bovins::print,REUSSIR BOVINS,Print,Bouclage,03/02/2025,Mensuel,,
reussir-bovins::print,REUSSIR BOVINS,Print,Parution,25/02/2025,Mensuel,,
reussir-bovins::print,REUSSIR BOVINS,Print,Bouclage,10/03/2025,Mensuel,,
reussir-bovins::print,REUSSIR BOVINS,Print,Bouclage,07/04/2025,Mensuel,,
reussir-bovins::print,REUSSIR BOVINS,Print,Parution,29/04/2025,Mensuel,,
reussir-bovins::print,REUSSIR BOVINS,Print,Bouclage,09/05/2025,Mensuel,,
reussir-bovins::print,REUSSIR BOVINS,Print,Parution,05/06/2025,Mensuel,,
reussir-bovins::print,REUSSIR BOVINS,Print,Bouclage,06/06/2025,Mensuel,,
reussir-bovins::print,REUSSIR BOVINS,Print,Parution,02/07/2025,Mensuel,,
reussir-bovins::print,REUSSIR BOVINS,Print,Bouclage,18/08/2025,Mensuel,,
reussir-bovins::print,REUSSIR BOVINS,Print,Parution,10/09/2025,Mensuel,,
reussir-bovins::print,REUSSIR BOVINS,Print,Bouclage,08/09/2025,Mensuel,,
reussir-bovins::print,REUSSIR BOVINS,Print,Parution,30/09/2025,Mensuel,,
reussir-bovins::print,REUSSIR BOVINS,Print,Bouclage,06/10/2025,Mensuel,,
reussir-bovins::print,REUSSIR BOVINS,Print,Parution,29/10/2025,Mensuel,,
reussir-bovins::print,REUSSIR BOVINS,Print,Bouclage,31/10/2025,Mensuel,,
reussir-bovins::print,REUSSIR BOVINS,Print,Parution,03/12/2025,Mensuel,,
reussir-grandes-cultures::print,REUSSIR GRANDES CULTURES,Print,Bouclage,17/02/2025,Mensuel,,
reussir-grandes-cultures::print,REUSSIR GRANDES CULTURES,Print,Parution,12/03/2025,Mensuel,,
reussir-grandes-cultures::print,REUSSIR GRANDES CULTURES,Print,Bouclage,25/03/2025,Mensuel,,
reussir-grandes-cultures::print,REUSSIR GRANDES CULTURES,Print,Parution,16/04/2025,Mensuel,,
reussir-grandes-cultures::print,REUSSIR GRANDES CULTURES,Print,Bouclage,18/04/2025,Mensuel,,
reussir-grandes-cultures::print,REUSSIR GRANDES CULTURES,Print,Parution,14/05/2025,Mensuel,,
reussir-grandes-cultures::print,REUSSIR GRANDES CULTURES,Print,Bouclage,23/05/2025,Mensuel,,
reussir-grandes-cultures::print,REUSSIR GRANDES CULTURES,Print,Parution,18/06/2025,Mensuel,,
reussir-grandes-cultures::print,REUSSIR GRANDES CULTURES,Print,Bouclage,23/06/2025,Mensuel,,
reussir-grandes-cultures::print,REUSSIR GRANDES CULTURES,Print,Parution,17/07/2025,Mensuel,,
reussir-grandes-cultures::print,REUSSIR GRANDES CULTURES,Print,Bouclage,07/08/2025,Mensuel,,
reussir-grandes-cultures::print,REUSSIR GRANDES CULTURES,Print,Parution,02/09/2025,Mensuel,,
reussir-grandes-cultures::print,REUSSIR GRANDES CULTURES,Print,Bouclage,22/09/2025,Mensuel,,
reussir-grandes-cultures::print,REUSSIR GRANDES CULTURES,Print,Parution,14/10/2025,Mensuel,,
reussir-grandes-cultures::print,REUSSIR GRANDES CULTURES,Print,Bouclage,14/10/2025,Mensuel,,
reussir-grandes-cultures::print,REUSSIR GRANDES CULTURES,Print,Parution,05/11/2025,Mensuel,,
reussir-grandes-cultures::print,REUSSIR GRANDES CULTURES,Print,Bouclage,17/11/2025,Mensuel,,
reussir-grandes-cultures::print,REUSSIR GRANDES CULTURES,Print,Parution,09/12/2025,Mensuel,,
reussir-lait::print,REUSSIR LAIT,Print,Bouclage,14/02/2025,Mensuel,,
reussir-lait::print,REUSSIR LAIT,Print,Parution,11/03/2025,Mensuel,,
reussir-lait::print,REUSSIR LAIT,Print,Bouclage,14/03/2025,Mensuel,,
reussir-lait::print,REUSSIR LAIT,Print,Parution,08/04/2025,Mensuel,,
reussir-lait::print,REUSSIR LAIT,Print,Bouclage,11/04/2025,Mensuel,,
reussir-lait::print,REUSSIR LAIT,Print,Parution,07/05/2025,Mensuel,,
reussir-lait::print,REUSSIR LAIT,Print,Bouclage,12/05/2025,Mensuel,,
reussir-lait::print,REUSSIR LAIT,Print,Parution,04/06/2025,Mensuel,,
reussir-lait::print,REUSSIR LAIT,Print,Bouclage,14/08/2025,Mensuel,,
reussir-lait::print,REUSSIR LAIT,Print,Parution,09/09/2025,Mensuel,,
reussir-lait::print,REUSSIR LAIT,Print,Bouclage,16/09/2025,Mensuel,,
reussir-lait::print,REUSSIR LAIT,Print,Parution,08/10/2025,Mensuel,,
reussir-lait::print,REUSSIR LAIT,Print,Bouclage,13/10/2025,Mensuel,,
reussir-lait::print,REUSSIR LAIT,Print,Parution,05/11/2025,Mensuel,,
reussir-lait::print,REUSSIR LAIT,Print,Bouclage,18/11/2025,Mensuel,,
reussir-lait::print,REUSSIR LAIT,Print,Parution,10/12/2025,Mensuel,,
revue-banque::print,REVUE BANQUE,Print,Bouclage,23/02/2026,Mensuel,,
revue-banque::print,REVUE BANQUE,Print,Parution,Mars,Mensuel,,
revue-banque::print,REVUE BANQUE,Print,Bouclage,23/03/2026,Mensuel,,
revue-banque::print,REVUE BANQUE,Print,Parution,Avril,Mensuel,,
revue-banque::print,REVUE BANQUE,Print,Bouclage,20/04/2026,Mensuel,,
revue-banque::print,REVUE BANQUE,Print,Parution,Mai,Mensuel,,
revue-banque::print,REVUE BANQUE,Print,Bouclage,25/05/2026,Mensuel,,
revue-banque::print,REVUE BANQUE,Print,Parution,Juin,Mensuel,,
revue-banque::print,REVUE BANQUE,Print,Bouclage,22/06/2026,Mensuel,,
revue-banque::print,REVUE BANQUE,Print,Parution,Juillet/aout,Mensuel,,
revue-banque::print,REVUE BANQUE,Print,Bouclage,24/08/2026,Mensuel,,
revue-banque::print,REVUE BANQUE,Print,Parution,sept,Mensuel,,
revue-banque::print,REVUE BANQUE,Print,Bouclage,21/09/2026,Mensuel,,
revue-banque::print,REVUE BANQUE,Print,Parution,oct,Mensuel,,
revue-banque::print,REVUE BANQUE,Print,Bouclage,19/10/2026,Mensuel,,
revue-banque::print,REVUE BANQUE,Print,Parution,nov,Mensuel,,
revue-banque::print,REVUE BANQUE,Print,Bouclage,23/11/2026,Mensuel,,
revue-banque::print,REVUE BANQUE,Print,Parution,dec,Mensuel,,
revue-des-collectivites-locales::print,REVUE DES COLLECTIVITES LOCALES,Print,Bouclage,21/03/2025,Trimestriel,,
revue-des-collectivites-locales::print,REVUE DES COLLECTIVITES LOCALES,Print,Parution,28/03/2025,Trimestriel,,
revue-des-collectivites-locales::print,REVUE DES COLLECTIVITES LOCALES,Print,Bouclage,23/05/2025,Trimestriel,,
revue-des-collectivites-locales::print,REVUE DES COLLECTIVITES LOCALES,Print,Parution,02/06/2025,Trimestriel,,
revue-des-collectivites-locales::print,REVUE DES COLLECTIVITES LOCALES,Print,Bouclage,08/09/2025,Trimestriel,,
revue-des-collectivites-locales::print,REVUE DES COLLECTIVITES LOCALES,Print,Parution,19/09/2025,Trimestriel,,
revue-des-collectivites-locales::print,REVUE DES COLLECTIVITES LOCALES,Print,Bouclage,05/11/2025,Trimestriel,,
revue-des-collectivites-locales::print,REVUE DES COLLECTIVITES LOCALES,Print,Parution,19/11/2025,Trimestriel,,
la-revue-de-l-infirmiere::print,LA REVUE DE L'INFIRMIERE,Print,Bouclage,15/01/2026,Mensuel,,
la-revue-de-l-infirmiere::print,LA REVUE DE L'INFIRMIERE,Print,Bouclage,30/01/2026,Mensuel,,
la-revue-de-l-infirmiere::print,LA REVUE DE L'INFIRMIERE,Print,Bouclage,20/02/2026,Mensuel,,
la-revue-de-l-infirmiere::print,LA REVUE DE L'INFIRMIERE,Print,Bouclage,20/03/2026,Mensuel,,
la-revue-de-l-infirmiere::print,LA REVUE DE L'INFIRMIERE,Print,Bouclage,20/04/2026,Mensuel,,
la-revue-de-l-infirmiere::print,LA REVUE DE L'INFIRMIERE,Print,Bouclage,20/05/2026,Mensuel,,
la-revue-de-l-infirmiere::print,LA REVUE DE L'INFIRMIERE,Print,Bouclage,10/07/2026,Mensuel,,
la-revue-de-l-infirmiere::print,LA REVUE DE L'INFIRMIERE,Print,Bouclage,10/09/2026,Mensuel,,
la-revue-de-l-infirmiere::print,LA REVUE DE L'INFIRMIERE,Print,Bouclage,09/10/2026,Mensuel,,
la-revue-de-l-infirmiere::print,LA REVUE DE L'INFIRMIERE,Print,Bouclage,10/11/2026,Mensuel,,
la-revue-de-l-infirmiere::print,LA REVUE DE L'INFIRMIERE,Print,Parution,10/02/2026,Mensuel,,
la-revue-de-l-infirmiere::print,LA REVUE DE L'INFIRMIERE,Print,Parution,25/02/2026,Mensuel,,
la-revue-de-l-infirmiere::print,LA REVUE DE L'INFIRMIERE,Print,Parution,18/03/2026,Mensuel,,
la-revue-de-l-infirmiere::print,LA REVUE DE L'INFIRMIERE,Print,Parution,16/04/2026,Mensuel,,
la-revue-de-l-infirmiere::print,LA REVUE DE L'INFIRMIERE,Print,Parution,19/05/2026,Mensuel,,
la-revue-de-l-infirmiere::print,LA REVUE DE L'INFIRMIERE,Print,Parution,16/06/2026,Mensuel,,
la-revue-de-l-infirmiere::print,LA REVUE DE L'INFIRMIERE,Print,Parution,06/08/2026,Mensuel,,
la-revue-de-l-infirmiere::print,LA REVUE DE L'INFIRMIERE,Print,Parution,06/10/2026,Mensuel,,
la-revue-de-l-infirmiere::print,LA REVUE DE L'INFIRMIERE,Print,Parution,04/11/2026,Mensuel,,
la-revue-de-l-infirmiere::print,LA REVUE DE L'INFIRMIERE,Print,Parution,07/12/2026,Mensuel,,
la-revue-pharma::print,LA REVUE PHARMA,Print,Bouclage,12/01/2026,Mensuel,,
la-revue-pharma::print,LA REVUE PHARMA,Print,Parution,22/01/2026,Mensuel,,
la-revue-pharma::print,LA REVUE PHARMA,Print,Bouclage,09/02/2026,Mensuel,,
la-revue-pharma::print,LA REVUE PHARMA,Print,Parution,20/02/2026,Mensuel,,
la-revue-pharma::print,LA REVUE PHARMA,Print,Bouclage,09/03/2026,Mensuel,,
la-revue-pharma::print,LA REVUE PHARMA,Print,Parution,19/03/2026,Mensuel,,
la-revue-pharma::print,LA REVUE PHARMA,Print,Bouclage,09/04/2026,Mensuel,,
la-revue-pharma::print,LA REVUE PHARMA,Print,Parution,20/04/2026,Mensuel,,
la-revue-pharma::print,LA REVUE PHARMA,Print,Bouclage,12/05/2026,Mensuel,,
la-revue-pharma::print,LA REVUE PHARMA,Print,Parution,25/05/2026,Mensuel,,
la-revue-pharma::print,LA REVUE PHARMA,Print,Bouclage,11/06/2026,Mensuel,,
la-revue-pharma::print,LA REVUE PHARMA,Print,Parution,22/06/2026,Mensuel,,
la-revue-des-tabacs::print,LA REVUE DES TABACS,Print,Bouclage,24/03/2025,Mensuel,,
la-revue-des-tabacs::print,LA REVUE DES TABACS,Print,Parution,02/04/2025,Mensuel,,
la-revue-des-tabacs::print,LA REVUE DES TABACS,Print,Bouclage,22/04/2025,Mensuel,,
la-revue-des-tabacs::print,LA REVUE DES TABACS,Print,Parution,02/05/2025,Mensuel,,
la-revue-des-tabacs::print,LA REVUE DES TABACS,Print,Bouclage,21/05/2025,Mensuel,,
la-revue-des-tabacs::print,LA REVUE DES TABACS,Print,Parution,02/06/2025,Mensuel,,
la-revue-des-tabacs::print,LA REVUE DES TABACS,Print,Bouclage,23/06/2025,Mensuel,,
la-revue-des-tabacs::print,LA REVUE DES TABACS,Print,Parution,02/07/2025,Mensuel,,
la-revue-des-tabacs::print,LA REVUE DES TABACS,Print,Bouclage,22/08/2025,Mensuel,,
la-revue-des-tabacs::print,LA REVUE DES TABACS,Print,Parution,02/09/2025,Mensuel,,
la-revue-des-tabacs::print,LA REVUE DES TABACS,Print,Bouclage,19/09/2025,Mensuel,,
la-revue-des-tabacs::print,LA REVUE DES TABACS,Print,Parution,30/09/2025,Mensuel,,
la-revue-des-tabacs::print,LA REVUE DES TABACS,Print,Bouclage,24/10/2025,Mensuel,,
la-revue-des-tabacs::print,LA REVUE DES TABACS,Print,Parution,04/11/2025,Mensuel,,
la-revue-des-tabacs::print,LA REVUE DES TABACS,Print,Bouclage,21/11/2025,Mensuel,,
la-revue-des-tabacs::print,LA REVUE DES TABACS,Print,Parution,02/12/2025,Mensuel,,
la-revue-du-praticien::print,LA REVUE DU PRATICIEN,Print,Bouclage,15/01/2026,Mensuel,,
la-revue-du-praticien::print,LA REVUE DU PRATICIEN,Print,Bouclage,11/02/2026,Mensuel,,
la-revue-du-praticien::print,LA REVUE DU PRATICIEN,Print,Bouclage,13/03/2026,Mensuel,,
la-revue-du-praticien::print,LA REVUE DU PRATICIEN,Print,Bouclage,10/04/2026,Mensuel,,
la-revue-du-praticien::print,LA REVUE DU PRATICIEN,Print,Bouclage,13/05/2026,Mensuel,,
la-revue-du-praticien::print,LA REVUE DU PRATICIEN,Print,Bouclage,17/06/2026,Mensuel,,
la-revue-du-praticien::print,LA REVUE DU PRATICIEN,Print,Bouclage,09/09/2026,Mensuel,,
la-revue-du-praticien::print,LA REVUE DU PRATICIEN,Print,Bouclage,09/10/2026,Mensuel,,
la-revue-du-praticien::print,LA REVUE DU PRATICIEN,Print,Bouclage,10/11/2026,Mensuel,,
la-revue-du-praticien::print,LA REVUE DU PRATICIEN,Print,Bouclage,09/12/2026,Mensuel,,
la-revue-du-praticien::print,LA REVUE DU PRATICIEN,Print,Parution,27/01/2026,Mensuel,,
la-revue-du-praticien::print,LA REVUE DU PRATICIEN,Print,Parution,24/02/2026,Mensuel,,
la-revue-du-praticien::print,LA REVUE DU PRATICIEN,Print,Parution,26/03/2026,Mensuel,,
la-revue-du-praticien::print,LA REVUE DU PRATICIEN,Print,Parution,22/04/2026,Mensuel,,
la-revue-du-praticien::print,LA REVUE DU PRATICIEN,Print,Parution,28/05/2026,Mensuel,,
la-revue-du-praticien::print,LA REVUE DU PRATICIEN,Print,Parution,30/06/2026,Mensuel,,
la-revue-du-praticien::print,LA REVUE DU PRATICIEN,Print,Parution,22/09/2026,Mensuel,,
la-revue-du-praticien::print,LA REVUE DU PRATICIEN,Print,Parution,22/10/2026,Mensuel,,
la-revue-du-praticien::print,LA REVUE DU PRATICIEN,Print,Parution,23/11/2026,Mensuel,,
la-revue-du-praticien::print,LA REVUE DU PRATICIEN,Print,Parution,22/12/2026,Mensuel,,
la-revue-du-praticien-medecine-generale::print,"LA REVUE DU PRATICIEN, MEDECINE GENERALE",Print,Bouclage,12/01/2026,Mensuel,,
la-revue-du-praticien-medecine-generale::print,"LA REVUE DU PRATICIEN, MEDECINE GENERALE",Print,Bouclage,04/02/2026,Mensuel,,
la-revue-du-praticien-medecine-generale::print,"LA REVUE DU PRATICIEN, MEDECINE GENERALE",Print,Bouclage,06/03/2026,Mensuel,,
la-revue-du-praticien-medecine-generale::print,"LA REVUE DU PRATICIEN, MEDECINE GENERALE",Print,Bouclage,01/04/2026,Mensuel,,
la-revue-du-praticien-medecine-generale::print,"LA REVUE DU PRATICIEN, MEDECINE GENERALE",Print,Bouclage,30/04/2026,Mensuel,,
la-revue-du-praticien-medecine-generale::print,"LA REVUE DU PRATICIEN, MEDECINE GENERALE",Print,Bouclage,05/06/2026,Mensuel,,
la-revue-du-praticien-medecine-generale::print,"LA REVUE DU PRATICIEN, MEDECINE GENERALE",Print,Bouclage,01/09/2026,Mensuel,,
la-revue-du-praticien-medecine-generale::print,"LA REVUE DU PRATICIEN, MEDECINE GENERALE",Print,Bouclage,02/10/2026,Mensuel,,
la-revue-du-praticien-medecine-generale::print,"LA REVUE DU PRATICIEN, MEDECINE GENERALE",Print,Bouclage,30/10/2026,Mensuel,,
la-revue-du-praticien-medecine-generale::print,"LA REVUE DU PRATICIEN, MEDECINE GENERALE",Print,Bouclage,02/12/2026,Mensuel,,
la-revue-du-praticien-medecine-generale::print,"LA REVUE DU PRATICIEN, MEDECINE GENERALE",Print,Parution,20/01/2026,Mensuel,,
la-revue-du-praticien-medecine-generale::print,"LA REVUE DU PRATICIEN, MEDECINE GENERALE",Print,Parution,17/02/2026,Mensuel,,
la-revue-du-praticien-medecine-generale::print,"LA REVUE DU PRATICIEN, MEDECINE GENERALE",Print,Parution,19/03/2026,Mensuel,,
la-revue-du-praticien-medecine-generale::print,"LA REVUE DU PRATICIEN, MEDECINE GENERALE",Print,Parution,14/04/2026,Mensuel,,
la-revue-du-praticien-medecine-generale::print,"LA REVUE DU PRATICIEN, MEDECINE GENERALE",Print,Parution,13/05/2026,Mensuel,,
la-revue-du-praticien-medecine-generale::print,"LA REVUE DU PRATICIEN, MEDECINE GENERALE",Print,Parution,18/06/2026,Mensuel,,
la-revue-du-praticien-medecine-generale::print,"LA REVUE DU PRATICIEN, MEDECINE GENERALE",Print,Parution,15/09/2026,Mensuel,,
la-revue-du-praticien-medecine-generale::print,"LA REVUE DU PRATICIEN, MEDECINE GENERALE",Print,Parution,15/10/2026,Mensuel,,
la-revue-du-praticien-medecine-generale::print,"LA REVUE DU PRATICIEN, MEDECINE GENERALE",Print,Parution,12/11/2026,Mensuel,,
la-revue-du-praticien-medecine-generale::print,"LA REVUE DU PRATICIEN, MEDECINE GENERALE",Print,Parution,15/12/2026,Mensuel,,
revue-hospitaliere-de-france::print,REVUE HOSPITALIERE DE FRANCE,Print,Bouclage,27/01/2025,Bimestriel,,
revue-hospitaliere-de-france::print,REVUE HOSPITALIERE DE FRANCE,Print,Parution,17/02/2025,Bimestriel,,
revue-hospitaliere-de-france::print,REVUE HOSPITALIERE DE FRANCE,Print,Bouclage,24/03/2025,Bimestriel,,
revue-hospitaliere-de-france::print,REVUE HOSPITALIERE DE FRANCE,Print,Parution,21/04/2025,Bimestriel,,
revue-hospitaliere-de-france::print,REVUE HOSPITALIERE DE FRANCE,Print,Bouclage,19/05/2025,Bimestriel,,
revue-hospitaliere-de-france::print,REVUE HOSPITALIERE DE FRANCE,Print,Parution,16/06/2025,Bimestriel,,
revue-hospitaliere-de-france::print,REVUE HOSPITALIERE DE FRANCE,Print,Bouclage,22/09/2025,Bimestriel,,
revue-hospitaliere-de-france::print,REVUE HOSPITALIERE DE FRANCE,Print,Parution,20/10/2025,Bimestriel,,
revue-hospitaliere-de-france::print,REVUE HOSPITALIERE DE FRANCE,Print,Bouclage,17/10/2025,Bimestriel,,
revue-hospitaliere-de-france::print,REVUE HOSPITALIERE DE FRANCE,Print,Parution,15/11/2025,Bimestriel,,
revue-pratique-du-froid::print,REVUE PRATIQUE DU FROID,Print,Bouclage,09/02/2026,Bimestriel,,
revue-pratique-du-froid::print,REVUE PRATIQUE DU FROID,Print,Parution,1ere quinzaine de mars,Bimestriel,,
revue-pratique-du-froid::print,REVUE PRATIQUE DU FROID,Print,Bouclage,13/04/2026,Bimestriel,,
revue-pratique-du-froid::print,REVUE PRATIQUE DU FROID,Print,Parution,1ere quinzaine de mai,Bimestriel,,
revue-pratique-du-froid::print,REVUE PRATIQUE DU FROID,Print,Bouclage,1er juin,Bimestriel,,
revue-pratique-du-froid::print,REVUE PRATIQUE DU FROID,Print,Parution,Fin juin,Bimestriel,,
revue-pratique-du-froid::print,REVUE PRATIQUE DU FROID,Print,Bouclage,31/08/2026,Bimestriel,,
revue-pratique-du-froid::print,REVUE PRATIQUE DU FROID,Print,Parution,Fin septembre,Bimestriel,,
revue-pratique-du-froid::print,REVUE PRATIQUE DU FROID,Print,Bouclage,1er octobre,Bimestriel,,
revue-pratique-du-froid::print,REVUE PRATIQUE DU FROID,Print,Parution,Fin octobre,Bimestriel,,
revue-pratique-du-froid::print,REVUE PRATIQUE DU FROID,Print,Bouclage,16/11/2026,Bimestriel,,
revue-pratique-du-froid::print,REVUE PRATIQUE DU FROID,Print,Parution,Fin décembre,Bimestriel,,
rh-m::print,RH&M,Print,Bouclage,fin fev,Trimestriel,,
rh-m::print,RH&M,Print,Parution,15/04/2026,Trimestriel,,
rh-m::print,RH&M,Print,Bouclage,fin mai,Trimestriel,,
rh-m::print,RH&M,Print,Parution,15/07/2026,Trimestriel,,
rh-m::print,RH&M,Print,Bouclage,fin aout,Trimestriel,,
rh-m::print,RH&M,Print,Parution,15/10/2026,Trimestriel,,
rh-m::print,RH&M,Print,Bouclage,fin nov,Trimestriel,,
rh-m::print,RH&M,Print,Parution,15/01/2026,Trimestriel,,
rhumatos::print,RHUMATOS,Print,Bouclage,,Mensuel,,
rhumatos::print,RHUMATOS,Print,Parution,,Mensuel,,
rhumatos::print,RHUMATOS,Print,Bouclage,,Mensuel,,
rhumatos::print,RHUMATOS,Print,Parution,,Mensuel,,
rhumatos::print,RHUMATOS,Print,Bouclage,,Mensuel,,
rhumatos::print,RHUMATOS,Print,Parution,,Mensuel,,
rhumatos::print,RHUMATOS,Print,Bouclage,,Mensuel,,
rhumatos::print,RHUMATOS,Print,Parution,,Mensuel,,
rhumatos::print,RHUMATOS,Print,Bouclage,,Mensuel,,
rhumatos::print,RHUMATOS,Print,Parution,,Mensuel,,
rhumatos::print,RHUMATOS,Print,Bouclage,,Mensuel,,
rhumatos::print,RHUMATOS,Print,Parution,,Mensuel,,
rhumatos::print,RHUMATOS,Print,Bouclage,,Mensuel,,
rhumatos::print,RHUMATOS,Print,Parution,,Mensuel,,
rhumatos::print,RHUMATOS,Print,Bouclage,,Mensuel,,
rhumatos::print,RHUMATOS,Print,Parution,,Mensuel,,
rhumatos::print,RHUMATOS,Print,Bouclage,,Mensuel,,
rhumatos::print,RHUMATOS,Print,Parution,,Mensuel,,
rhumatos::print,RHUMATOS,Print,Bouclage,,Mensuel,,
rhumatos::print,RHUMATOS,Print,Parution,,Mensuel,,
rhumatos::print,RHUMATOS,Print,Bouclage,,Mensuel,,
rhumatos::print,RHUMATOS,Print,Parution,,Mensuel,,
ria-la-revue-de-l-industrie-agroalimentaire::print,RIA (LA REVUE DE L'INDUSTRIE AGROALIMENTAIRE),Print,Bouclage,18/02/2026,Mensuel,,
ria-la-revue-de-l-industrie-agroalimentaire::print,RIA (LA REVUE DE L'INDUSTRIE AGROALIMENTAIRE),Print,Parution,mars,Mensuel,,
ria-la-revue-de-l-industrie-agroalimentaire::print,RIA (LA REVUE DE L'INDUSTRIE AGROALIMENTAIRE),Print,Bouclage,25/03/2026,Mensuel,,
ria-la-revue-de-l-industrie-agroalimentaire::print,RIA (LA REVUE DE L'INDUSTRIE AGROALIMENTAIRE),Print,Parution,avril,Mensuel,,
ria-la-revue-de-l-industrie-agroalimentaire::print,RIA (LA REVUE DE L'INDUSTRIE AGROALIMENTAIRE),Print,Bouclage,24/04/2026,Mensuel,,
ria-la-revue-de-l-industrie-agroalimentaire::print,RIA (LA REVUE DE L'INDUSTRIE AGROALIMENTAIRE),Print,Parution,mai,Mensuel,,
ria-la-revue-de-l-industrie-agroalimentaire::print,RIA (LA REVUE DE L'INDUSTRIE AGROALIMENTAIRE),Print,Bouclage,27/05/2026,Mensuel,,
ria-la-revue-de-l-industrie-agroalimentaire::print,RIA (LA REVUE DE L'INDUSTRIE AGROALIMENTAIRE),Print,Parution,juin,Mensuel,,
ria-la-revue-de-l-industrie-agroalimentaire::print,RIA (LA REVUE DE L'INDUSTRIE AGROALIMENTAIRE),Print,Bouclage,30/06/2026,Mensuel,,
ria-la-revue-de-l-industrie-agroalimentaire::print,RIA (LA REVUE DE L'INDUSTRIE AGROALIMENTAIRE),Print,Parution,juillet,Mensuel,,
ria-la-revue-de-l-industrie-agroalimentaire::print,RIA (LA REVUE DE L'INDUSTRIE AGROALIMENTAIRE),Print,Bouclage,27/08/2026,Mensuel,,
ria-la-revue-de-l-industrie-agroalimentaire::print,RIA (LA REVUE DE L'INDUSTRIE AGROALIMENTAIRE),Print,Parution,sept,Mensuel,,
ria-la-revue-de-l-industrie-agroalimentaire::print,RIA (LA REVUE DE L'INDUSTRIE AGROALIMENTAIRE),Print,Bouclage,23/09/2026,Mensuel,,
ria-la-revue-de-l-industrie-agroalimentaire::print,RIA (LA REVUE DE L'INDUSTRIE AGROALIMENTAIRE),Print,Parution,oct,Mensuel,,
ria-la-revue-de-l-industrie-agroalimentaire::print,RIA (LA REVUE DE L'INDUSTRIE AGROALIMENTAIRE),Print,Bouclage,22/10/2026,Mensuel,,
ria-la-revue-de-l-industrie-agroalimentaire::print,RIA (LA REVUE DE L'INDUSTRIE AGROALIMENTAIRE),Print,Parution,nov,Mensuel,,
ria-la-revue-de-l-industrie-agroalimentaire::print,RIA (LA REVUE DE L'INDUSTRIE AGROALIMENTAIRE),Print,Bouclage,23/11/2026,Mensuel,,
ria-la-revue-de-l-industrie-agroalimentaire::print,RIA (LA REVUE DE L'INDUSTRIE AGROALIMENTAIRE),Print,Parution,dec,Mensuel,,
route-actualite::print,ROUTE ACTUALITE,Print,Bouclage,24/02/2026,Bimestriel,,
route-actualite::print,ROUTE ACTUALITE,Print,Parution,Fev./Mars,Bimestriel,,
route-actualite::print,ROUTE ACTUALITE,Print,Bouclage,19/05/2026,Bimestriel,,
route-actualite::print,ROUTE ACTUALITE,Print,Parution,Mai/Juin,Bimestriel,,
route-actualite::print,ROUTE ACTUALITE,Print,Bouclage,19/08/2026,Bimestriel,,
route-actualite::print,ROUTE ACTUALITE,Print,Parution,Août/Septembre,Bimestriel,,
route-actualite::print,ROUTE ACTUALITE,Print,Bouclage,20/10/2026,Bimestriel,,
route-actualite::print,ROUTE ACTUALITE,Print,Parution,Octobre/Novembre,Bimestriel,,
les-routiers::print,LES ROUTIERS,Print,Bouclage,11/12/2026,Mensuel,,
les-routiers::print,LES ROUTIERS,Print,Parution,02/01/2026,Mensuel,,
les-routiers::print,LES ROUTIERS,Print,Bouclage,12/01/2026,Mensuel,,
les-routiers::print,LES ROUTIERS,Print,Parution,02/02/2026,Mensuel,,
les-routiers::print,LES ROUTIERS,Print,Bouclage,09/02/2026,Mensuel,,
les-routiers::print,LES ROUTIERS,Print,Parution,02/03/2026,Mensuel,,
les-routiers::print,LES ROUTIERS,Print,Bouclage,11/03/2026,Mensuel,,
les-routiers::print,LES ROUTIERS,Print,Parution,01/04/2026,Mensuel,,
les-routiers::print,LES ROUTIERS,Print,Bouclage,10/04/2026,Mensuel,,
les-routiers::print,LES ROUTIERS,Print,Parution,02/05/2026,Mensuel,,
les-routiers::print,LES ROUTIERS,Print,Bouclage,11/05/2026,Mensuel,,
les-routiers::print,LES ROUTIERS,Print,Parution,01/06/2026,Mensuel,,
les-routiers::print,LES ROUTIERS,Print,Bouclage,09/06/2026,Mensuel,,
les-routiers::print,LES ROUTIERS,Print,Parution,30/06/2026,Mensuel,,
les-routiers::print,LES ROUTIERS,Print,Bouclage,11/08/2026,Mensuel,,
les-routiers::print,LES ROUTIERS,Print,Parution,01/09/2026,Mensuel,,
les-routiers::print,LES ROUTIERS,Print,Bouclage,10/09/2026,Mensuel,,
les-routiers::print,LES ROUTIERS,Print,Parution,01/10/2025,Mensuel,,
les-routiers::print,LES ROUTIERS,Print,Bouclage,12/10/2026,Mensuel,,
les-routiers::print,LES ROUTIERS,Print,Parution,02/11/2026,Mensuel,,
rungis-actualites::print,RUNGIS ACTUALITES,Print,Bouclage,08/01/2026,Mensuel,,
rungis-actualites::print,RUNGIS ACTUALITES,Print,Parution,23/01/2026,Mensuel,,
rungis-actualites::print,RUNGIS ACTUALITES,Print,Bouclage,05/03/2026,Mensuel,,
rungis-actualites::print,RUNGIS ACTUALITES,Print,Parution,20/03/2026,Mensuel,,
rungis-actualites::print,RUNGIS ACTUALITES,Print,Bouclage,07/05/2026,Mensuel,,
rungis-actualites::print,RUNGIS ACTUALITES,Print,Parution,26/05/2026,Mensuel,,
rungis-actualites::print,RUNGIS ACTUALITES,Print,Bouclage,08/09/2026,Mensuel,,
rungis-actualites::print,RUNGIS ACTUALITES,Print,Parution,18/09/2026,Mensuel,,
rungis-actualites::print,RUNGIS ACTUALITES,Print,Bouclage,03/11/2026,Mensuel,,
rungis-actualites::print,RUNGIS ACTUALITES,Print,Parution,20/11/2026,Mensuel,,
salles-propres::print,SALLES PROPRES,Print,Bouclage,24/02/2026,Bimestriel,,
salles-propres::print,SALLES PROPRES,Print,Parution,18/03/2026,Bimestriel,,
salles-propres::print,SALLES PROPRES,Print,Bouclage,20/04/2026,Bimestriel,,
salles-propres::print,SALLES PROPRES,Print,Parution,18/05/2026,Bimestriel,,
salles-propres::print,SALLES PROPRES,Print,Bouclage,22/06/2026,Bimestriel,,
salles-propres::print,SALLES PROPRES,Print,Parution,15/07/2026,Bimestriel,,
salles-propres::print,SALLES PROPRES,Print,Bouclage,23/09/2026,Bimestriel,,
salles-propres::print,SALLES PROPRES,Print,Parution,15/10/2026,Bimestriel,,
salles-propres::print,SALLES PROPRES,Print,Bouclage,23/11/2026,Bimestriel,,
salles-propres::print,SALLES PROPRES,Print,Parution,15/12/2026,Bimestriel,,
la-semaine-juridique-edition-generale::print,LA SEMAINE JURIDIQUE (EDITION GENERALE),Print,Bouclage,,Hebdomadaire,,
la-semaine-juridique-edition-generale::print,LA SEMAINE JURIDIQUE (EDITION GENERALE),Print,Parution,,Hebdomadaire,,
la-semaine-juridique-edition-generale::print,LA SEMAINE JURIDIQUE (EDITION GENERALE),Print,Bouclage,,Hebdomadaire,,
la-semaine-juridique-edition-generale::print,LA SEMAINE JURIDIQUE (EDITION GENERALE),Print,Parution,,Hebdomadaire,,
la-semaine-juridique-edition-generale::print,LA SEMAINE JURIDIQUE (EDITION GENERALE),Print,Bouclage,,Hebdomadaire,,
la-semaine-juridique-edition-generale::print,LA SEMAINE JURIDIQUE (EDITION GENERALE),Print,Parution,,Hebdomadaire,,
la-semaine-juridique-edition-generale::print,LA SEMAINE JURIDIQUE (EDITION GENERALE),Print,Bouclage,,Hebdomadaire,,
la-semaine-juridique-edition-generale::print,LA SEMAINE JURIDIQUE (EDITION GENERALE),Print,Parution,,Hebdomadaire,,
la-semaine-juridique-edition-generale::print,LA SEMAINE JURIDIQUE (EDITION GENERALE),Print,Bouclage,,Hebdomadaire,,
la-semaine-juridique-edition-generale::print,LA SEMAINE JURIDIQUE (EDITION GENERALE),Print,Parution,,Hebdomadaire,,
la-semaine-juridique-edition-generale::print,LA SEMAINE JURIDIQUE (EDITION GENERALE),Print,Bouclage,,Hebdomadaire,,
la-semaine-juridique-edition-generale::print,LA SEMAINE JURIDIQUE (EDITION GENERALE),Print,Parution,,Hebdomadaire,,
la-semaine-juridique-edition-generale::print,LA SEMAINE JURIDIQUE (EDITION GENERALE),Print,Bouclage,,Hebdomadaire,,
la-semaine-juridique-edition-generale::print,LA SEMAINE JURIDIQUE (EDITION GENERALE),Print,Parution,,Hebdomadaire,,
la-semaine-juridique-edition-generale::print,LA SEMAINE JURIDIQUE (EDITION GENERALE),Print,Bouclage,,Hebdomadaire,,
la-semaine-juridique-edition-generale::print,LA SEMAINE JURIDIQUE (EDITION GENERALE),Print,Parution,,Hebdomadaire,,
la-semaine-juridique-edition-generale::print,LA SEMAINE JURIDIQUE (EDITION GENERALE),Print,Bouclage,,Hebdomadaire,,
la-semaine-juridique-edition-generale::print,LA SEMAINE JURIDIQUE (EDITION GENERALE),Print,Parution,,Hebdomadaire,,
la-semaine-juridique-edition-generale::print,LA SEMAINE JURIDIQUE (EDITION GENERALE),Print,Bouclage,,Hebdomadaire,,
la-semaine-juridique-edition-generale::print,LA SEMAINE JURIDIQUE (EDITION GENERALE),Print,Parution,,Hebdomadaire,,
la-semaine-juridique-edition-generale::print,LA SEMAINE JURIDIQUE (EDITION GENERALE),Print,Bouclage,,Hebdomadaire,,
la-semaine-juridique-edition-generale::print,LA SEMAINE JURIDIQUE (EDITION GENERALE),Print,Parution,,Hebdomadaire,,
services-proprete::print,SERVICES PROPRETE,Print,Bouclage,11/03/2026,6 Numéros / an,,
services-proprete::print,SERVICES PROPRETE,Print,Parution,02/04/2026,6 Numéros / an,,
services-proprete::print,SERVICES PROPRETE,Print,Bouclage,26/05/2026,6 Numéros / an,,
services-proprete::print,SERVICES PROPRETE,Print,Parution,09/05/2026,6 Numéros / an,,
services-proprete::print,SERVICES PROPRETE,Print,Bouclage,24/08/2026,6 Numéros / an,,
services-proprete::print,SERVICES PROPRETE,Print,Parution,07/09/2026,6 Numéros / an,,
services-proprete::print,SERVICES PROPRETE,Print,Bouclage,12/10/2026,6 Numéros / an,,
services-proprete::print,SERVICES PROPRETE,Print,Parution,26/10/2026,6 Numéros / an,,
services-proprete::print,SERVICES PROPRETE,Print,Bouclage,25/11/2026,6 Numéros / an,,
services-proprete::print,SERVICES PROPRETE,Print,Parution,09/12/2026,6 Numéros / an,,
soudage::print,SOUDAGE,Print,Bouclage,02/03/2026,2 numéros,,
soudage::print,SOUDAGE,Print,Parution,,2 numéros,,
soudage::print,SOUDAGE,Print,Bouclage,07/09/2026,2 numéros,,
soudage::print,SOUDAGE,Print,Parution,,2 numéros,,
snptes::print,SNPTES,Print,Bouclage,30/01/2025,Trimestriel,,
snptes::print,SNPTES,Print,Parution,20/02/2025,Trimestriel,,
snptes::print,SNPTES,Print,Bouclage,24/03/2025,Trimestriel,,
snptes::print,SNPTES,Print,Parution,22/04/2025,Trimestriel,,
snptes::print,SNPTES,Print,Bouclage,10/07/2025,Trimestriel,,
snptes::print,SNPTES,Print,Parution,15/09/2025,Trimestriel,,
snptes::print,SNPTES,Print,Bouclage,24/11/2025,Trimestriel,,
snptes::print,SNPTES,Print,Parution,22/12/2025,Trimestriel,,
snacking::print,SNACKING,Print,Bouclage,04/02/2025,Bimestriel,,
snacking::print,SNACKING,Print,Parution,21/02/2025,Bimestriel,,
snacking::print,SNACKING,Print,Bouclage,11/03/2025,Bimestriel,,
snacking::print,SNACKING,Print,Parution,28/03/2025,Bimestriel,,
snacking::print,SNACKING,Print,Bouclage,27/05/2025,Bimestriel,,
snacking::print,SNACKING,Print,Parution,13/06/2025,Bimestriel,,
snacking::print,SNACKING,Print,Bouclage,30/09/2025,Bimestriel,,
snacking::print,SNACKING,Print,Parution,17/10/2025,Bimestriel,,
snacking::print,SNACKING,Print,Bouclage,02/12/2025,Bimestriel,,
snacking::print,SNACKING,Print,Parution,19/12/2025,Bimestriel,,
sporteco::print,SPORT ECO,Print,Bouclage,05/01/2026,Mensuel,,
sporteco::print,SPORT ECO,Print,Parution,,Mensuel,,
sporteco::print,SPORT ECO,Print,Bouclage,26/01/2026,Mensuel,,
sporteco::print,SPORT ECO,Print,Parution,,Mensuel,,
sporteco::print,SPORT ECO,Print,Bouclage,23/02/2026,Mensuel,,
sporteco::print,SPORT ECO,Print,Parution,,Mensuel,,
sporteco::print,SPORT ECO,Print,Bouclage,09/03/2026,Mensuel,,
sporteco::print,SPORT ECO,Print,Parution,,Mensuel,,
sporteco::print,SPORT ECO,Print,Bouclage,30/03/2026,Mensuel,,
sporteco::print,SPORT ECO,Print,Parution,,Mensuel,,
sporteco::print,SPORT ECO,Print,Bouclage,13/04/2026,Mensuel,,
sporteco::print,SPORT ECO,Print,Parution,,Mensuel,,
sporteco::print,SPORT ECO,Print,Bouclage,18/05/2026,Mensuel,,
sporteco::print,SPORT ECO,Print,Parution,,Mensuel,,
sporteco::print,SPORT ECO,Print,Bouclage,08/06/2026,Mensuel,,
sporteco::print,SPORT ECO,Print,Parution,,Mensuel,,
sporteco::print,SPORT ECO,Print,Bouclage,20/07/2026,Mensuel,,
sporteco::print,SPORT ECO,Print,Parution,,Mensuel,,
sporteco::print,SPORT ECO,Print,Bouclage,07/09/2026,Mensuel,,
sporteco::print,SPORT ECO,Print,Parution,,Mensuel,,
sporteco::print,SPORT ECO,Print,Bouclage,05/10/2026,Mensuel,,
sporteco::print,SPORT ECO,Print,Parution,,Mensuel,,
sporteco::print,SPORT ECO,Print,Bouclage,26/10/2026,Mensuel,,
sporteco::print,SPORT ECO,Print,Parution,,Mensuel,,
sporteco::print,SPORT ECO,Print,Bouclage,09/11/2026,Mensuel,,
sporteco::print,SPORT ECO,Print,Parution,,Mensuel,,
sporteco::print,SPORT ECO,Print,Bouclage,23/11/2026,Mensuel,,
sporteco::print,SPORT ECO,Print,Parution,,Mensuel,,
sporteco::print,SPORT ECO,Print,Bouclage,14/12/2026,Mensuel,,
strategies::print,STRATEGIES,Print,Bouclage,13/02/2026,Hebdomadaire (chaque jeudi),,
strategies::print,STRATEGIES,Print,Parution,26/02/2026,Hebdomadaire (chaque jeudi),,
strategies::print,STRATEGIES,Print,Bouclage,20/02/2026,Hebdomadaire (chaque jeudi),,
strategies::print,STRATEGIES,Print,Parution,05/03/2026,Hebdomadaire (chaque jeudi),,
strategies::print,STRATEGIES,Print,Bouclage,27/02/2026,Hebdomadaire (chaque jeudi),,
strategies::print,STRATEGIES,Print,Parution,12/03/2026,Hebdomadaire (chaque jeudi),,
strategies::print,STRATEGIES,Print,Bouclage,06/03/2026,Hebdomadaire (chaque jeudi),,
strategies::print,STRATEGIES,Print,Parution,19/03/2026,Hebdomadaire (chaque jeudi),,
strategies::print,STRATEGIES,Print,Bouclage,13/03/2026,Hebdomadaire (chaque jeudi),,
strategies::print,STRATEGIES,Print,Parution,26/03/2026,Hebdomadaire (chaque jeudi),,
strategies::print,STRATEGIES,Print,Bouclage,20/03/2026,Hebdomadaire (chaque jeudi),,
strategies::print,STRATEGIES,Print,Parution,02/04/2026,Hebdomadaire (chaque jeudi),,
strategies::print,STRATEGIES,Print,Bouclage,27/03/2026,Hebdomadaire (chaque jeudi),,
strategies::print,STRATEGIES,Print,Parution,09/04/2026,Hebdomadaire (chaque jeudi),,
strategies::print,STRATEGIES,Print,Bouclage,03/04/2026,Hebdomadaire (chaque jeudi),,
strategies::print,STRATEGIES,Print,Parution,16/04/2026,Hebdomadaire (chaque jeudi),,
strategies::print,STRATEGIES,Print,Bouclage,10/04/2026,Hebdomadaire (chaque jeudi),,
strategies::print,STRATEGIES,Print,Parution,23/04/2026,Hebdomadaire (chaque jeudi),,
strategies::print,STRATEGIES,Print,Bouclage,24/04/2026,Hebdomadaire (chaque jeudi),,
strategies::print,STRATEGIES,Print,Parution,07/05/2026,Hebdomadaire (chaque jeudi),,
strategies::print,STRATEGIES,Print,Bouclage,07/05/2026,Hebdomadaire (chaque jeudi),,
strategies::print,STRATEGIES,Print,Parution,21/05/2026,Hebdomadaire (chaque jeudi),,
strategies::print,STRATEGIES,Print,Bouclage,13/05/2026,Hebdomadaire (chaque jeudi),,
strategies::print,STRATEGIES,Print,Parution,28/05/2026,Hebdomadaire (chaque jeudi),,
strategies::print,STRATEGIES,Print,Bouclage,22/05/2026,Hebdomadaire (chaque jeudi),,
strategies::print,STRATEGIES,Print,Parution,04/06/2026,Hebdomadaire (chaque jeudi),,
strategies::print,STRATEGIES,Print,Bouclage,29/05/2026,Hebdomadaire (chaque jeudi),,
strategies::print,STRATEGIES,Print,Parution,11/06/2026,Hebdomadaire (chaque jeudi),,
strategies::print,STRATEGIES,Print,Bouclage,05/06/2026,Hebdomadaire (chaque jeudi),,
strategies::print,STRATEGIES,Print,Parution,18/06/2026,Hebdomadaire (chaque jeudi),,
strategies::print,STRATEGIES,Print,Bouclage,12/06/2026,Hebdomadaire (chaque jeudi),,
strategies::print,STRATEGIES,Print,Parution,25/06/2026,Hebdomadaire (chaque jeudi),,
strategies::print,STRATEGIES,Print,Bouclage,19/06/2026,Hebdomadaire (chaque jeudi),,
strategies::print,STRATEGIES,Print,Parution,02/07/2026,Hebdomadaire (chaque jeudi),,
strategies::print,STRATEGIES,Print,Bouclage,26/07/2026,Hebdomadaire (chaque jeudi),,
strategies::print,STRATEGIES,Print,Parution,09/07/2026,Hebdomadaire (chaque jeudi),,
strategies::print,STRATEGIES,Print,Bouclage,20/08/2026,Hebdomadaire (chaque jeudi),,
strategies::print,STRATEGIES,Print,Parution,03/09/2026,Hebdomadaire (chaque jeudi),,
strategies::print,STRATEGIES,Print,Bouclage,28/08/2026,Hebdomadaire (chaque jeudi),,
strategies::print,STRATEGIES,Print,Parution,10/09/2026,Hebdomadaire (chaque jeudi),,
strategies::print,STRATEGIES,Print,Bouclage,04/09/2026,Hebdomadaire (chaque jeudi),,
strategies::print,STRATEGIES,Print,Parution,17/09/2026,Hebdomadaire (chaque jeudi),,
strategies::print,STRATEGIES,Print,Bouclage,11/09/2026,Hebdomadaire (chaque jeudi),,
strategies::print,STRATEGIES,Print,Parution,24/09/2026,Hebdomadaire (chaque jeudi),,
strategies::print,STRATEGIES,Print,Bouclage,18/09/2026,Hebdomadaire (chaque jeudi),,
strategies::print,STRATEGIES,Print,Parution,01/10/2026,Hebdomadaire (chaque jeudi),,
strategies::print,STRATEGIES,Print,Bouclage,25/09/2026,Hebdomadaire (chaque jeudi),,
strategies::print,STRATEGIES,Print,Parution,08/10/2026,Hebdomadaire (chaque jeudi),,
strategies::print,STRATEGIES,Print,Bouclage,02/10/2026,Hebdomadaire (chaque jeudi),,
strategies::print,STRATEGIES,Print,Parution,15/10/2026,Hebdomadaire (chaque jeudi),,
strategies::print,STRATEGIES,Print,Bouclage,09/10/2026,Hebdomadaire (chaque jeudi),,
strategies::print,STRATEGIES,Print,Parution,22/10/2026,Hebdomadaire (chaque jeudi),,
strategies::print,STRATEGIES,Print,Bouclage,16/10/2026,Hebdomadaire (chaque jeudi),,
strategies::print,STRATEGIES,Print,Parution,29/10/2026,Hebdomadaire (chaque jeudi),,
strategies::print,STRATEGIES,Print,Bouclage,23/10/2026,Hebdomadaire (chaque jeudi),,
strategies::print,STRATEGIES,Print,Parution,05/11/2026,Hebdomadaire (chaque jeudi),,
strategies::print,STRATEGIES,Print,Bouclage,30/10/2026,Hebdomadaire (chaque jeudi),,
strategies::print,STRATEGIES,Print,Parution,12/11/2026,Hebdomadaire (chaque jeudi),,
strategies::print,STRATEGIES,Print,Bouclage,06/11/2026,Hebdomadaire (chaque jeudi),,
strategies::print,STRATEGIES,Print,Parution,19/11/2026,Hebdomadaire (chaque jeudi),,
strategies::print,STRATEGIES,Print,Bouclage,13/11/2026,Hebdomadaire (chaque jeudi),,
strategies::print,STRATEGIES,Print,Parution,26/11/2026,Hebdomadaire (chaque jeudi),,
strategies::print,STRATEGIES,Print,Bouclage,20/11/2026,Hebdomadaire (chaque jeudi),,
strategies::print,STRATEGIES,Print,Parution,03/12/2026,Hebdomadaire (chaque jeudi),,
strategies::print,STRATEGIES,Print,Bouclage,27/11/2026,Hebdomadaire (chaque jeudi),,
strategies::print,STRATEGIES,Print,Parution,10/12/2026,Hebdomadaire (chaque jeudi),,
strategies::print,STRATEGIES,Print,Bouclage,03/12/2026,Hebdomadaire (chaque jeudi),,
strategies::print,STRATEGIES,Print,Parution,17/12/2026,Hebdomadaire (chaque jeudi),,
strategie-logistique::print,STRATEGIE LOGISTIQUE,Print,Bouclage,30/01/2026,Bimestriel,,
strategie-logistique::print,STRATEGIE LOGISTIQUE,Print,Parution,09/02/2026,Bimestriel,,
strategie-logistique::print,STRATEGIE LOGISTIQUE,Print,Bouclage,20/03/2026,Bimestriel,,
strategie-logistique::print,STRATEGIE LOGISTIQUE,Print,Parution,30/03/2026,Bimestriel,,
strategie-logistique::print,STRATEGIE LOGISTIQUE,Print,Bouclage,22/05/2026,Bimestriel,,
strategie-logistique::print,STRATEGIE LOGISTIQUE,Print,Parution,01/06/2026,Bimestriel,,
strategie-logistique::print,STRATEGIE LOGISTIQUE,Print,Bouclage,21/08/2026,Bimestriel,,
strategie-logistique::print,STRATEGIE LOGISTIQUE,Print,Parution,01/09/2026,Bimestriel,,
strategie-logistique::print,STRATEGIE LOGISTIQUE,Print,Bouclage,09/10/2026,Bimestriel,,
strategie-logistique::print,STRATEGIE LOGISTIQUE,Print,Parution,19/10/2026,Bimestriel,,
strategie-logistique::print,STRATEGIE LOGISTIQUE,Print,Bouclage,27/11/2026,Bimestriel,,
strategie-logistique::print,STRATEGIE LOGISTIQUE,Print,Parution,07/12/2026,Bimestriel,,
technic-baie::print,TECHNIC'BAIE,Print,Bouclage,25/01/2026,Trimestriel,,
technic-baie::print,TECHNIC'BAIE,Print,Parution,05/03/2026,Trimestriel,,
technic-baie::print,TECHNIC'BAIE,Print,Bouclage,25/03/2026,Trimestriel,,
technic-baie::print,TECHNIC'BAIE,Print,Parution,25/04/2026,Trimestriel,,
technic-baie::print,TECHNIC'BAIE,Print,Bouclage,05/06/2026,Trimestriel,,
technic-baie::print,TECHNIC'BAIE,Print,Parution,05/04/2026,Trimestriel,,
technic-baie::print,TECHNIC'BAIE,Print,Bouclage,25/07/2026,Trimestriel,,
technic-baie::print,TECHNIC'BAIE,Print,Parution,15/09/2026,Trimestriel,,
technic-baie::print,TECHNIC'BAIE,Print,Bouclage,15/11/2026,Trimestriel,,
technic-baie::print,TECHNIC'BAIE,Print,Parution,15/12/2026,Trimestriel,,
terre-net::print,TERRE NET,Print,Bouclage,05/02/2026,Bimestriel,,
terre-net::print,TERRE NET,Print,Parution,18/02/2026,Bimestriel,,
terre-net::print,TERRE NET,Print,Bouclage,02/04/2026,Bimestriel,,
terre-net::print,TERRE NET,Print,Parution,15/04/2026,Bimestriel,,
terre-net::print,TERRE NET,Print,Bouclage,04/06/2026,Bimestriel,,
terre-net::print,TERRE NET,Print,Parution,17/06/2026,Bimestriel,,
terrassements-carrieres::print,TERRASSEMENTS & CARRIERES,Print,Bouclage,14/02/2025,Bimestriel,,
terrassements-carrieres::print,TERRASSEMENTS & CARRIERES,Print,Parution,26/02/2025,Bimestriel,,
terrassements-carrieres::print,TERRASSEMENTS & CARRIERES,Print,Bouclage,14/03/2025,Bimestriel,,
terrassements-carrieres::print,TERRASSEMENTS & CARRIERES,Print,Parution,26/03/2025,Bimestriel,,
terrassements-carrieres::print,TERRASSEMENTS & CARRIERES,Print,Bouclage,06/06/2025,Bimestriel,,
terrassements-carrieres::print,TERRASSEMENTS & CARRIERES,Print,Parution,20/06/2025,Bimestriel,,
terrassements-carrieres::print,TERRASSEMENTS & CARRIERES,Print,Bouclage,18/09/2025,Bimestriel,,
terrassements-carrieres::print,TERRASSEMENTS & CARRIERES,Print,Parution,30/09/2025,Bimestriel,,
terrassements-carrieres::print,TERRASSEMENTS & CARRIERES,Print,Bouclage,03/12/2025,Bimestriel,,
terrassements-carrieres::print,TERRASSEMENTS & CARRIERES,Print,Parution,10/12/2025,Bimestriel,,
thuries-gastronomie-magazine::print,THURIES GASTRONOMIE MAGAZINE,Print,Bouclage,13/02/2026,Mensuel,,
thuries-gastronomie-magazine::print,THURIES GASTRONOMIE MAGAZINE,Print,Parution,05/03/2026,Mensuel,,
thuries-gastronomie-magazine::print,THURIES GASTRONOMIE MAGAZINE,Print,Bouclage,13/04/2026,Mensuel,,
thuries-gastronomie-magazine::print,THURIES GASTRONOMIE MAGAZINE,Print,Parution,05/05/2026,Mensuel,,
thuries-gastronomie-magazine::print,THURIES GASTRONOMIE MAGAZINE,Print,Bouclage,16/06/2026,Mensuel,,
thuries-gastronomie-magazine::print,THURIES GASTRONOMIE MAGAZINE,Print,Parution,06/07/2026,Mensuel,,
thuries-gastronomie-magazine::print,THURIES GASTRONOMIE MAGAZINE,Print,Bouclage,14/08/2026,Mensuel,,
thuries-gastronomie-magazine::print,THURIES GASTRONOMIE MAGAZINE,Print,Parution,04/09/2026,Mensuel,,
thuries-gastronomie-magazine::print,THURIES GASTRONOMIE MAGAZINE,Print,Bouclage,15/10/2026,Mensuel,,
thuries-gastronomie-magazine::print,THURIES GASTRONOMIE MAGAZINE,Print,Parution,05/11/2026,Mensuel,,
toiture-magazine::print,TOITURE MAGAZINE,Print,Bouclage,17/04/2026,Trimestriel,,
toiture-magazine::print,TOITURE MAGAZINE,Print,Parution,A/M/J,Trimestriel,,
toiture-magazine::print,TOITURE MAGAZINE,Print,Bouclage,11/09/2026,Trimestriel,,
toiture-magazine::print,TOITURE MAGAZINE,Print,Parution,S/O,Trimestriel,,
toiture-magazine::print,TOITURE MAGAZINE,Print,Bouclage,16/10/2026,Trimestriel,,
toiture-magazine::print,TOITURE MAGAZINE,Print,Parution,N/D,Trimestriel,,
tolerie-magazine::print,TOLERIE MAGAZINE,Print,Bouclage,17/02/2026,Mensuel,,
tolerie-magazine::print,TOLERIE MAGAZINE,Print,Parution,10/03/2026,Mensuel,,
tolerie-magazine::print,TOLERIE MAGAZINE,Print,Bouclage,07/04/2026,Mensuel,,
tolerie-magazine::print,TOLERIE MAGAZINE,Print,Parution,28/04/2026,Mensuel,,
tolerie-magazine::print,TOLERIE MAGAZINE,Print,Bouclage,12/05/2026,Mensuel,,
tolerie-magazine::print,TOLERIE MAGAZINE,Print,Parution,02/06/2026,Mensuel,,
tolerie-magazine::print,TOLERIE MAGAZINE,Print,Bouclage,16/06/2026,Mensuel,,
tolerie-magazine::print,TOLERIE MAGAZINE,Print,Parution,08/07/2026,Mensuel,,
tolerie-magazine::print,TOLERIE MAGAZINE,Print,Bouclage,25/08/2026,Mensuel,,
tolerie-magazine::print,TOLERIE MAGAZINE,Print,Parution,15/09/2026,Mensuel,,
tolerie-magazine::print,TOLERIE MAGAZINE,Print,Bouclage,30/09/2026,Mensuel,,
tolerie-magazine::print,TOLERIE MAGAZINE,Print,Parution,19/10/2026,Mensuel,,
tolerie-magazine::print,TOLERIE MAGAZINE,Print,Bouclage,10/11/2026,Mensuel,,
tolerie-magazine::print,TOLERIE MAGAZINE,Print,Parution,01/12/2026,Mensuel,,
la-toque-magazine::print,LA TOQUE MAGAZINE,Print,Bouclage,12/02/2026,Mensuel,,
la-toque-magazine::print,LA TOQUE MAGAZINE,Print,Bouclage,19/03/2026,Mensuel,,
la-toque-magazine::print,LA TOQUE MAGAZINE,Print,Bouclage,16/04/2026,Mensuel,,
la-toque-magazine::print,LA TOQUE MAGAZINE,Print,Bouclage,21/05/2026,Mensuel,,
la-toque-magazine::print,LA TOQUE MAGAZINE,Print,Bouclage,20/08/2026,Mensuel,,
la-toque-magazine::print,LA TOQUE MAGAZINE,Print,Bouclage,,Mensuel,,
la-toque-magazine::print,LA TOQUE MAGAZINE,Print,Bouclage,,Mensuel,,
la-toque-magazine::print,LA TOQUE MAGAZINE,Print,Bouclage,,Mensuel,,
la-toque-magazine::print,LA TOQUE MAGAZINE,Print,Bouclage,,Mensuel,,
la-toque-magazine::print,LA TOQUE MAGAZINE,Print,Parution,24/02/2026,Mensuel,,
la-toque-magazine::print,LA TOQUE MAGAZINE,Print,Parution,31/03/2026,Mensuel,,
la-toque-magazine::print,LA TOQUE MAGAZINE,Print,Parution,28/04/2026,Mensuel,,
la-toque-magazine::print,LA TOQUE MAGAZINE,Print,Parution,02/06/2026,Mensuel,,
la-toque-magazine::print,LA TOQUE MAGAZINE,Print,Parution,01/09/2026,Mensuel,,
la-toque-magazine::print,LA TOQUE MAGAZINE,Print,Parution,,Mensuel,,
la-toque-magazine::print,LA TOQUE MAGAZINE,Print,Parution,,Mensuel,,
la-toque-magazine::print,LA TOQUE MAGAZINE,Print,Parution,,Mensuel,,
la-toque-magazine::print,LA TOQUE MAGAZINE,Print,Parution,,Mensuel,,
traitement-et-materiaux::print,TRAITEMENT ET MATERIAUX,Print,Bouclage,31/03/2026,Bimestriel,,
traitement-et-materiaux::print,TRAITEMENT ET MATERIAUX,Print,Parution,mars/avril,Bimestriel,,
traitement-et-materiaux::print,TRAITEMENT ET MATERIAUX,Print,Bouclage,29/05/2026,Bimestriel,,
traitement-et-materiaux::print,TRAITEMENT ET MATERIAUX,Print,Parution,mai/juin,Bimestriel,,
traitement-et-materiaux::print,TRAITEMENT ET MATERIAUX,Print,Bouclage,15/07/2026,Bimestriel,,
traitement-et-materiaux::print,TRAITEMENT ET MATERIAUX,Print,Parution,sept,Bimestriel,,
traitement-et-materiaux::print,TRAITEMENT ET MATERIAUX,Print,Bouclage,15/09/2026,Bimestriel,,
traitement-et-materiaux::print,TRAITEMENT ET MATERIAUX,Print,Parution,oct,Bimestriel,,
traitement-et-materiaux::print,TRAITEMENT ET MATERIAUX,Print,Bouclage,16/10/2026,Bimestriel,,
traitement-et-materiaux::print,TRAITEMENT ET MATERIAUX,Print,Parution,nov/dec,Bimestriel,,
traits-urbains::print,TRAITS URBAINS,Print,Bouclage,23/02/2026,Mensuel,,
traits-urbains::print,TRAITS URBAINS,Print,Parution,06/03/2026,Mensuel,,
traits-urbains::print,TRAITS URBAINS,Print,Bouclage,10/04/2026,Mensuel,,
traits-urbains::print,TRAITS URBAINS,Print,Parution,24/04/2026,Mensuel,,
traits-urbains::print,TRAITS URBAINS,Print,Bouclage,29/05/2026,Mensuel,,
traits-urbains::print,TRAITS URBAINS,Print,Parution,15/06/2026,Mensuel,,
traits-urbains::print,TRAITS URBAINS,Print,Bouclage,10/07/2026,Mensuel,,
traits-urbains::print,TRAITS URBAINS,Print,Parution,22/07/2026,Mensuel,,
traits-urbains::print,TRAITS URBAINS,Print,Bouclage,10/09/2026,Mensuel,,
traits-urbains::print,TRAITS URBAINS,Print,Parution,22/09/2026,Mensuel,,
traits-urbains::print,TRAITS URBAINS,Print,Bouclage,26/10/2026,Mensuel,,
traits-urbains::print,TRAITS URBAINS,Print,Parution,09/11/2026,Mensuel,,
traits-urbains::print,TRAITS URBAINS,Print,Bouclage,26/12/2026,Mensuel,,
traits-urbains::print,TRAITS URBAINS,Print,Parution,27/01/2026,Mensuel,,
la-tribune-de-l-assurance::print,LA TRIBUNE DE L'ASSURANCE,Print,Bouclage,16/12/2025,Mensuel,,
la-tribune-de-l-assurance::print,LA TRIBUNE DE L'ASSURANCE,Print,Bouclage,16/01/2026,Mensuel,,
la-tribune-de-l-assurance::print,LA TRIBUNE DE L'ASSURANCE,Print,Bouclage,18/02/2026,Mensuel,,
la-tribune-de-l-assurance::print,LA TRIBUNE DE L'ASSURANCE,Print,Bouclage,18/03/2026,Mensuel,,
la-tribune-de-l-assurance::print,LA TRIBUNE DE L'ASSURANCE,Print,Bouclage,15/04/2026,Mensuel,,
la-tribune-de-l-assurance::print,LA TRIBUNE DE L'ASSURANCE,Print,Bouclage,20/05/2026,Mensuel,,
la-tribune-de-l-assurance::print,LA TRIBUNE DE L'ASSURANCE,Print,Bouclage,17/06/2026,Mensuel,,
la-tribune-de-l-assurance::print,LA TRIBUNE DE L'ASSURANCE,Print,Bouclage,19/08/2026,Mensuel,,
la-tribune-de-l-assurance::print,LA TRIBUNE DE L'ASSURANCE,Print,Bouclage,16/09/2026,Mensuel,,
la-tribune-de-l-assurance::print,LA TRIBUNE DE L'ASSURANCE,Print,Bouclage,14/10/2026,Mensuel,,
la-tribune-de-l-assurance::print,LA TRIBUNE DE L'ASSURANCE,Print,Bouclage,18/11/2026,Mensuel,,
la-tribune-de-l-assurance::print,LA TRIBUNE DE L'ASSURANCE,Print,Bouclage,16/12/2026,Mensuel,,
la-tribune-de-l-assurance::print,LA TRIBUNE DE L'ASSURANCE,Print,Parution,31/12/2025,Mensuel,,
la-tribune-de-l-assurance::print,LA TRIBUNE DE L'ASSURANCE,Print,Parution,30/01/2026,Mensuel,,
la-tribune-de-l-assurance::print,LA TRIBUNE DE L'ASSURANCE,Print,Parution,04/03/2026,Mensuel,,
la-tribune-de-l-assurance::print,LA TRIBUNE DE L'ASSURANCE,Print,Parution,01/04/2026,Mensuel,,
la-tribune-de-l-assurance::print,LA TRIBUNE DE L'ASSURANCE,Print,Parution,29/04/2026,Mensuel,,
la-tribune-de-l-assurance::print,LA TRIBUNE DE L'ASSURANCE,Print,Parution,03/06/2026,Mensuel,,
la-tribune-de-l-assurance::print,LA TRIBUNE DE L'ASSURANCE,Print,Parution,01/07/2026,Mensuel,,
la-tribune-de-l-assurance::print,LA TRIBUNE DE L'ASSURANCE,Print,Parution,02/09/2026,Mensuel,,
la-tribune-de-l-assurance::print,LA TRIBUNE DE L'ASSURANCE,Print,Parution,30/09/2026,Mensuel,,
la-tribune-de-l-assurance::print,LA TRIBUNE DE L'ASSURANCE,Print,Parution,28/10/2026,Mensuel,,
la-tribune-de-l-assurance::print,LA TRIBUNE DE L'ASSURANCE,Print,Parution,02/12/2026,Mensuel,,
la-tribune-de-l-assurance::print,LA TRIBUNE DE L'ASSURANCE,Print,Parution,30/12/2026,Mensuel,,
transport-info::print,TRANSPORT INFO,Print,Bouclage,15/01/2026,Mensuel,,
transport-info::print,TRANSPORT INFO,Print,Parution,23/01/2026,Mensuel,,
transport-info::print,TRANSPORT INFO,Print,Bouclage,12/02/2026,Mensuel,,
transport-info::print,TRANSPORT INFO,Print,Parution,20/02/2026,Mensuel,,
transport-info::print,TRANSPORT INFO,Print,Bouclage,12/03/2026,Mensuel,,
transport-info::print,TRANSPORT INFO,Print,Parution,20/03/2026,Mensuel,,
transport-info::print,TRANSPORT INFO,Print,Bouclage,16/04/2026,Mensuel,,
transport-info::print,TRANSPORT INFO,Print,Parution,24/04/2026,Mensuel,,
transport-info::print,TRANSPORT INFO,Print,Bouclage,14/05/2026,Mensuel,,
transport-info::print,TRANSPORT INFO,Print,Parution,22/05/2026,Mensuel,,
transport-info::print,TRANSPORT INFO,Print,Bouclage,11/06/2026,Mensuel,,
transport-info::print,TRANSPORT INFO,Print,Parution,19/06/2026,Mensuel,,
transport-info::print,TRANSPORT INFO,Print,Bouclage,09/07/2026,Mensuel,,
transport-info::print,TRANSPORT INFO,Print,Parution,17/07/2026,Mensuel,,
transport-info::print,TRANSPORT INFO,Print,Bouclage,20/08/2026,Mensuel,,
transport-info::print,TRANSPORT INFO,Print,Parution,28/08/2026,Mensuel,,
transport-info::print,TRANSPORT INFO,Print,Bouclage,17/09/2026,Mensuel,,
transport-info::print,TRANSPORT INFO,Print,Parution,25/09/2026,Mensuel,,
transport-info::print,TRANSPORT INFO,Print,Bouclage,15/10/2026,Mensuel,,
transport-info::print,TRANSPORT INFO,Print,Parution,23/10/2026,Mensuel,,
transport-info::print,TRANSPORT INFO,Print,Bouclage,12/11/2026,Mensuel,,
transport-info::print,TRANSPORT INFO,Print,Parution,20/11/2026,Mensuel,,
transport-info::print,TRANSPORT INFO,Print,Bouclage,10/12/2026,Mensuel,,
transport-info::print,TRANSPORT INFO,Print,Parution,18/12/2026,Mensuel,,
trends::print,TRENDS,Print,Bouclage,25 du mois en cours,Bimestriel,,
trends::print,TRENDS,Print,Parution,15 du mois suivant,Bimestriel,,
la-tribune-du-reseau-presse::print,LA TRIBUNE DU RESEAU PRESSE,Print,Bouclage,06/01/2026,Mensuel,,
la-tribune-du-reseau-presse::print,LA TRIBUNE DU RESEAU PRESSE,Print,Bouclage,03/02/2026,Mensuel,,
la-tribune-du-reseau-presse::print,LA TRIBUNE DU RESEAU PRESSE,Print,Bouclage,03/03/2026,Mensuel,,
la-tribune-du-reseau-presse::print,LA TRIBUNE DU RESEAU PRESSE,Print,Bouclage,03/04/2026,Mensuel,,
la-tribune-du-reseau-presse::print,LA TRIBUNE DU RESEAU PRESSE,Print,Bouclage,04/05/2026,Mensuel,,
la-tribune-du-reseau-presse::print,LA TRIBUNE DU RESEAU PRESSE,Print,Bouclage,04/06/2026,Mensuel,,
la-tribune-du-reseau-presse::print,LA TRIBUNE DU RESEAU PRESSE,Print,Bouclage,02/07/2026,Mensuel,,
la-tribune-du-reseau-presse::print,LA TRIBUNE DU RESEAU PRESSE,Print,Bouclage,04/08/2026,Mensuel,,
la-tribune-du-reseau-presse::print,LA TRIBUNE DU RESEAU PRESSE,Print,Bouclage,04/09/2026,Mensuel,,
la-tribune-du-reseau-presse::print,LA TRIBUNE DU RESEAU PRESSE,Print,Bouclage,04/10/2026,Mensuel,,
la-tribune-du-reseau-presse::print,LA TRIBUNE DU RESEAU PRESSE,Print,Bouclage,02/11/2026,Mensuel,,
la-tribune-du-reseau-presse::print,LA TRIBUNE DU RESEAU PRESSE,Print,Bouclage,04/12/2026,Mensuel,,
la-tribune-du-reseau-presse::print,LA TRIBUNE DU RESEAU PRESSE,Print,Parution,15/01/2026,Mensuel,,
la-tribune-du-reseau-presse::print,LA TRIBUNE DU RESEAU PRESSE,Print,Parution,13/02/2026,Mensuel,,
la-tribune-du-reseau-presse::print,LA TRIBUNE DU RESEAU PRESSE,Print,Parution,13/03/2026,Mensuel,,
la-tribune-du-reseau-presse::print,LA TRIBUNE DU RESEAU PRESSE,Print,Parution,15/04/2026,Mensuel,,
la-tribune-du-reseau-presse::print,LA TRIBUNE DU RESEAU PRESSE,Print,Parution,15/05/2026,Mensuel,,
la-tribune-du-reseau-presse::print,LA TRIBUNE DU RESEAU PRESSE,Print,Parution,16/06/2026,Mensuel,,
la-tribune-du-reseau-presse::print,LA TRIBUNE DU RESEAU PRESSE,Print,Parution,15/07/2026,Mensuel,,
la-tribune-du-reseau-presse::print,LA TRIBUNE DU RESEAU PRESSE,Print,Parution,14/08/2026,Mensuel,,
la-tribune-du-reseau-presse::print,LA TRIBUNE DU RESEAU PRESSE,Print,Parution,15/09/2026,Mensuel,,
la-tribune-du-reseau-presse::print,LA TRIBUNE DU RESEAU PRESSE,Print,Parution,15/10/2026,Mensuel,,
la-tribune-du-reseau-presse::print,LA TRIBUNE DU RESEAU PRESSE,Print,Parution,13/11/2026,Mensuel,,
la-revue-du-trombinoscope::print,LA REVUE DU TROMBINOSCOPE,Print,Bouclage,29/01/2026,Mensuel,,
la-revue-du-trombinoscope::print,LA REVUE DU TROMBINOSCOPE,Print,Parution,05/02/2026,Mensuel,,
la-revue-du-trombinoscope::print,LA REVUE DU TROMBINOSCOPE,Print,Bouclage,26/02/2026,Mensuel,,
la-revue-du-trombinoscope::print,LA REVUE DU TROMBINOSCOPE,Print,Parution,05/03/2026,Mensuel,,
la-revue-du-trombinoscope::print,LA REVUE DU TROMBINOSCOPE,Print,Bouclage,26/03/2026,Mensuel,,
la-revue-du-trombinoscope::print,LA REVUE DU TROMBINOSCOPE,Print,Parution,02/04/2026,Mensuel,,
la-revue-du-trombinoscope::print,LA REVUE DU TROMBINOSCOPE,Print,Bouclage,30/04/2026,Mensuel,,
la-revue-du-trombinoscope::print,LA REVUE DU TROMBINOSCOPE,Print,Parution,07/05/2026,Mensuel,,
la-revue-du-trombinoscope::print,LA REVUE DU TROMBINOSCOPE,Print,Bouclage,28/05/2026,Mensuel,,
la-revue-du-trombinoscope::print,LA REVUE DU TROMBINOSCOPE,Print,Parution,04/06/2026,Mensuel,,
la-revue-du-trombinoscope::print,LA REVUE DU TROMBINOSCOPE,Print,Bouclage,25/06/2026,Mensuel,,
la-revue-du-trombinoscope::print,LA REVUE DU TROMBINOSCOPE,Print,Parution,02/07/2026,Mensuel,,
la-revue-du-trombinoscope::print,LA REVUE DU TROMBINOSCOPE,Print,Bouclage,30/07/2026,Mensuel,,
la-revue-du-trombinoscope::print,LA REVUE DU TROMBINOSCOPE,Print,Parution,06/08/2026,Mensuel,,
la-revue-du-trombinoscope::print,LA REVUE DU TROMBINOSCOPE,Print,Bouclage,24/09/2026,Mensuel,,
la-revue-du-trombinoscope::print,LA REVUE DU TROMBINOSCOPE,Print,Parution,01/10/2026,Mensuel,,
la-revue-du-trombinoscope::print,LA REVUE DU TROMBINOSCOPE,Print,Bouclage,29/10/2026,Mensuel,,
la-revue-du-trombinoscope::print,LA REVUE DU TROMBINOSCOPE,Print,Parution,05/11/2026,Mensuel,,
la-revue-du-trombinoscope::print,LA REVUE DU TROMBINOSCOPE,Print,Bouclage,26/11/2026,Mensuel,,
la-revue-du-trombinoscope::print,LA REVUE DU TROMBINOSCOPE,Print,Parution,03/12/2026,Mensuel,,
turbulances::print,TURBULANCES,Print,Bouclage,28/02/2025,Trimestriel,,
turbulances::print,TURBULANCES,Print,Parution,fin mars 2026,Trimestriel,,
turbulances::print,TURBULANCES,Print,Bouclage,30/05/2026,Trimestriel,,
turbulances::print,TURBULANCES,Print,Parution,fin juin 2026,Trimestriel,,
turbulances::print,TURBULANCES,Print,Bouclage,20/08/2026,Trimestriel,,
turbulances::print,TURBULANCES,Print,Parution,mi-septembre,Trimestriel,,
turbulances::print,TURBULANCES,Print,Bouclage,30/11/2026,Trimestriel,,
turbulances::print,TURBULANCES,Print,Parution,début janvier 2027.,Trimestriel,,
la-tribune-des-auto-ecoles::print,LA TRIBUNE DES AUTO-ECOLES,Print,Bouclage,20/01/2025,Mensuel,,
la-tribune-des-auto-ecoles::print,LA TRIBUNE DES AUTO-ECOLES,Print,Parution,19/02/2025,Mensuel,,
la-tribune-des-auto-ecoles::print,LA TRIBUNE DES AUTO-ECOLES,Print,Bouclage,03/03/2025,Mensuel,,
la-tribune-des-auto-ecoles::print,LA TRIBUNE DES AUTO-ECOLES,Print,Parution,02/04/2025,Mensuel,,
la-tribune-des-auto-ecoles::print,LA TRIBUNE DES AUTO-ECOLES,Print,Bouclage,07/04/2025,Mensuel,,
la-tribune-des-auto-ecoles::print,LA TRIBUNE DES AUTO-ECOLES,Print,Parution,12/05/2025,Mensuel,,
la-tribune-des-auto-ecoles::print,LA TRIBUNE DES AUTO-ECOLES,Print,Bouclage,03/06/2025,Mensuel,,
la-tribune-des-auto-ecoles::print,LA TRIBUNE DES AUTO-ECOLES,Print,Parution,04/07/2025,Mensuel,,
la-tribune-des-auto-ecoles::print,LA TRIBUNE DES AUTO-ECOLES,Print,Bouclage,18/07/2025,Mensuel,,
la-tribune-des-auto-ecoles::print,LA TRIBUNE DES AUTO-ECOLES,Print,Parution,10/09/2025,Mensuel,,
la-tribune-des-auto-ecoles::print,LA TRIBUNE DES AUTO-ECOLES,Print,Bouclage,22/09/2025,Mensuel,,
la-tribune-des-auto-ecoles::print,LA TRIBUNE DES AUTO-ECOLES,Print,Parution,22/10/2025,Mensuel,,
la-tribune-des-auto-ecoles::print,LA TRIBUNE DES AUTO-ECOLES,Print,Bouclage,07/11/2025,Mensuel,,
la-tribune-des-auto-ecoles::print,LA TRIBUNE DES AUTO-ECOLES,Print,Parution,10/12/2025,Mensuel,,
urbanisme::print,URBANISME,Print,Bouclage,19/02/2026,Bimestriel,,
urbanisme::print,URBANISME,Print,Parution,mars-avril,Bimestriel,,
urbanisme::print,URBANISME,Print,Bouclage,16/04/2026,Bimestriel,,
urbanisme::print,URBANISME,Print,Parution,mai-juin,Bimestriel,,
union-presse::print,UNION PRESSE,Print,Bouclage,14/02/2025,Mensuel,,
union-presse::print,UNION PRESSE,Print,Parution,25/02/2025,Mensuel,,
union-presse::print,UNION PRESSE,Print,Bouclage,14/03/2025,Mensuel,,
union-presse::print,UNION PRESSE,Print,Parution,26/03/2025,Mensuel,,
union-presse::print,UNION PRESSE,Print,Bouclage,15/04/2025,Mensuel,,
union-presse::print,UNION PRESSE,Print,Parution,25/04/2025,Mensuel,,
union-presse::print,UNION PRESSE,Print,Bouclage,15/05/2025,Mensuel,,
union-presse::print,UNION PRESSE,Print,Parution,26/05/2025,Mensuel,,
union-presse::print,UNION PRESSE,Print,Bouclage,16/06/2025,Mensuel,,
union-presse::print,UNION PRESSE,Print,Parution,25/06/2025,Mensuel,,
union-presse::print,UNION PRESSE,Print,Bouclage,16/07/2025,Mensuel,,
union-presse::print,UNION PRESSE,Print,Parution,28/07/2025,Mensuel,,
union-presse::print,UNION PRESSE,Print,Bouclage,15/09/2025,Mensuel,,
union-presse::print,UNION PRESSE,Print,Parution,25/09/2025,Mensuel,,
union-presse::print,UNION PRESSE,Print,Bouclage,16/10/2025,Mensuel,,
union-presse::print,UNION PRESSE,Print,Parution,28/10/2025,Mensuel,,
union-presse::print,UNION PRESSE,Print,Bouclage,14/11/2025,Mensuel,,
union-presse::print,UNION PRESSE,Print,Parution,25/11/2025,Mensuel,,
union-presse::print,UNION PRESSE,Print,Bouclage,15/12/2025,Mensuel,,
union-presse::print,UNION PRESSE,Print,Parution,24/12/2025,Mensuel,,
verre-menuiserie-actualites::print,VERRE & MENUISERIE ACTUALITES,Print,Bouclage,24/02/2026,Bimestriel,,
verre-menuiserie-actualites::print,VERRE & MENUISERIE ACTUALITES,Print,Parution,12/03/2026,Bimestriel,,
verre-menuiserie-actualites::print,VERRE & MENUISERIE ACTUALITES,Print,Bouclage,20/04/2026,Bimestriel,,
verre-menuiserie-actualites::print,VERRE & MENUISERIE ACTUALITES,Print,Parution,12/05/2026,Bimestriel,,
verre-menuiserie-actualites::print,VERRE & MENUISERIE ACTUALITES,Print,Bouclage,15/06/2026,Bimestriel,,
verre-menuiserie-actualites::print,VERRE & MENUISERIE ACTUALITES,Print,Parution,26/06/2026,Bimestriel,,
verre-menuiserie-actualites::print,VERRE & MENUISERIE ACTUALITES,Print,Bouclage,04/09/2026,Bimestriel,,
verre-menuiserie-actualites::print,VERRE & MENUISERIE ACTUALITES,Print,Parution,17/09/2026,Bimestriel,,
verre-menuiserie-actualites::print,VERRE & MENUISERIE ACTUALITES,Print,Bouclage,12/11/2026,Bimestriel,,
verre-menuiserie-actualites::print,VERRE & MENUISERIE ACTUALITES,Print,Parution,24/11/2026,Bimestriel,,
verre-menuiserie-actualites::print,VERRE & MENUISERIE ACTUALITES,Print,Bouclage,17/12/2026,Bimestriel,,
verre-menuiserie-actualites::print,VERRE & MENUISERIE ACTUALITES,Print,Parution,30/12/2026,Bimestriel,,
verre-protections-mag::print,VERRE & PROTECTIONS MAG,Print,Bouclage,08/04/2026,Bimestriel,,
verre-protections-mag::print,VERRE & PROTECTIONS MAG,Print,Parution,17/04/2026,Bimestriel,,
verre-protections-mag::print,VERRE & PROTECTIONS MAG,Print,Bouclage,10/06/2026,Bimestriel,,
verre-protections-mag::print,VERRE & PROTECTIONS MAG,Print,Parution,19/06/2026,Bimestriel,,
verre-protections-mag::print,VERRE & PROTECTIONS MAG,Print,Bouclage,10/07/2026,Bimestriel,,
verre-protections-mag::print,VERRE & PROTECTIONS MAG,Print,Parution,24/07/2026,Bimestriel,,
verre-protections-mag::print,VERRE & PROTECTIONS MAG,Print,Bouclage,10/09/2026,Bimestriel,,
verre-protections-mag::print,VERRE & PROTECTIONS MAG,Print,Parution,20/09/2026,Bimestriel,,
verre-protections-mag::print,VERRE & PROTECTIONS MAG,Print,Bouclage,04/12/2026,Bimestriel,,
verre-protections-mag::print,VERRE & PROTECTIONS MAG,Print,Parution,14/12/2026,Bimestriel,,
what-s-up-doc::print,WHAT'S UP DOC,Print,Bouclage,17/03/2025,Trimestriel,,
what-s-up-doc::print,WHAT'S UP DOC,Print,Parution,02/04/2025,Trimestriel,,
what-s-up-doc::print,WHAT'S UP DOC,Print,Bouclage,16/06/2025,Trimestriel,,
what-s-up-doc::print,WHAT'S UP DOC,Print,Parution,02/07/2025,Trimestriel,,
what-s-up-doc::print,WHAT'S UP DOC,Print,Bouclage,15/09/2025,Trimestriel,,
what-s-up-doc::print,WHAT'S UP DOC,Print,Parution,01/10/2025,Trimestriel,,
what-s-up-doc::print,WHAT'S UP DOC,Print,Bouclage,15/12/2025,Trimestriel,,
what-s-up-doc::print,WHAT'S UP DOC,Print,Parution,31/12/2025,Trimestriel,,
weka::print,WEKA,Print,Bouclage,13/02/2026,Mensuel,,
weka::print,WEKA,Print,Parution,23/03/2026,Mensuel,,
weka::print,WEKA,Print,Bouclage,13/04/2026,Mensuel,,
weka::print,WEKA,Print,Parution,22/05/2026,Mensuel,,
weka::print,WEKA,Print,Bouclage,02/06/2026,Mensuel,,
weka::print,WEKA,Print,Parution,03/07/2026,Mensuel,,
weka::print,WEKA,Print,Bouclage,24/08/2026,Mensuel,,
weka::print,WEKA,Print,Parution,23/09/2026,Mensuel,,
weka::print,WEKA,Print,Bouclage,19/10/2026,Mensuel,,
weka::print,WEKA,Print,Parution,20/11/2026,Mensuel,,
weka::print,WEKA,Print,Bouclage,14/12/2026,Mensuel,,
weka::print,WEKA,Print,Parution,22/01/2026,Mensuel,,
workplace::print,WORKPLACE,Print,Bouclage,05/02/2026,Bimestriel,,
workplace::print,WORKPLACE,Print,Parution,03/03/2026,Bimestriel,,
workplace::print,WORKPLACE,Print,Bouclage,30/02,Bimestriel,,
workplace::print,WORKPLACE,Print,Parution,14/04/2026,Bimestriel,,
workplace::print,WORKPLACE,Print,Bouclage,25/05/2026,Bimestriel,,
workplace::print,WORKPLACE,Print,Parution,09/06/2026,Bimestriel,,
workplace::print,WORKPLACE,Print,Bouclage,14/09/2026,Bimestriel,,
workplace::print,WORKPLACE,Print,Parution,29/09/2026,Bimestriel,,
workplace::print,WORKPLACE,Print,Bouclage,26/10/2026,Bimestriel,,
workplace::print,WORKPLACE,Print,Parution,10/11/2026,Bimestriel,,
workplace::print,WORKPLACE,Print,Bouclage,01/12/2026,Bimestriel,,
workplace::print,WORKPLACE,Print,Parution,15/12/2026,Bimestriel,,
abcdent-pro::web::300x600-300x250mobile,ABCDENT.PRO,Web,,,,,
abcdent-pro::web::728x90-320x50mobile,ABCDENT.PRO,Web,,,,,
journal-du-pneumatique::web::300x600-300x250mobile,JOURNAL DU PNEUMATIQUE,Web,,,,,
rvi::web::728x92,RVI,Web,,,,,
rayon-boissons::web::728x90,RAYON BOISSONS,Web,,,,,
l-informaticien::web::729x90-300x600,L'INFORMATICIEN,Web,,,,,
verre-menuiserie-actualites::web::300x600,VERRE & MENUISERIE ACTUALITES,Web,,,,,
l-information-dentaire::web::1160x90-320x50mobile,L'INFORMATION DENTAIRE,Web,,,,,
profession-cgp::web::250x250,PROFESSION CGP,Web,,,,,
le-quotidien-du-pharmacien::web::728x90-320x50mobile,LE QUOTIDIEN DU PHARMACIEN,Web,,,,,
daf-mag::web::1000x90-300x600-300x250mobile,DAF MAG,Web,,,,,
process-alimentaire::web::728x90,PROCESS ALIMENTAIRE,Web,,,,,
chaud-froid-performance::web::728x90,CHAUD FROID PERFORMANCE,Web,,,,,
la-meteo-agricole::web::728x90-300x600,LA METEO AGRICOLE,Web,,,,,
le-quotidien-du-medecin-non-ethique::web::728x90-320x50-300x250,LE QUOTIDIEN DU MEDECIN (NON ETHIQUE),Web,,,,,
electricien-3e-j3e::web::728x90-300x600-300x250mobile,ELECTRICIEN 3E + J3E,Web,,,,,
verre-menuiserie-actualites::web::1000x90,VERRE & MENUISERIE ACTUALITES,Web,,,,,
la-tribune-des-auto-ecoles::web::322x322,LA TRIBUNE DES AUTO-ECOLES,Web,,,,,
j2r::web::300x600-300x250mobile,J2R,Web,,,,,
sport-strategies::web,SPORT STRATEGIES,Web,,,,,
snacking::web::360x460,SNACKING,Web,,,,,
score-3::web::1000x90floorad-300x250mobile,SCORE 3,Web,,,,,
developpez::web::729x90-300x600,DEVELOPPEZ,Web,,,,,
egora::web::970x250-320x50mobile,EGORA,Web,,,,,
etancheite-info::web::728x90,ETANCHEITE INFO,Web,,,,,
culture-rh::web::1100x250,CULTURE RH,Web,,,,,
lineaires::web::300x250,LINEAIRES,Web,,,,,
le-point-veterinaire::web::980x90,LE POINT VETERINAIRE,Web,,,,,
le-quotidien-du-medecin-ethique::web::300x600,LE QUOTIDIEN DU MEDECIN (ETHIQUE),Web,,,,,
ecommerce-mag::web::728x90-300x600,ECOMMERCE MAG,Web,,,,,
architecture-a-vivre::web::970x70,ARCHITECTURES A VIVRE,Web,,,,,
etancheite-info::web::300x250,ETANCHEITE INFO,Web,,,,,
fusacq::web::728x90floorad-300x600-300x250mobile,FUSACQ,Web,,,,,
le-journal-de-l-automobile::web::1000x150,LE JOURNAL DE L'AUTOMOBILE,Web,,,,,
produits-de-la-mer::web::300x250,PRODUITS DE LA MER,Web,,,,,
la-tribune::web::728x90-300x600-300x250mobile,LA TRIBUNE,Web,,,,,
option-finance::web::940x250,OPTION FINANCE,Web,,,,,
l-officiel-des-transporteurs::web::300x600-300x250mobile,L'OFFICIEL DES TRANSPORTEURS,Web,,,,,
les-nouvelles-esthetiques::web::300x250,LES NOUVELLES ESTHETIQUES,Web,,,,,
challenges::web::1000x90-300x600-300x250mobile,CHALLENGES,Web,,,,,
revue-hospitaliere-de-france::web::300x250,REVUE HOSPITALIERE DE FRANCE,Web,,,,,
technic-baie::web::300x250,TECHNIC' BAIE,Web,,,,,
entretien-textile::web::200x200,ENTRETIEN TEXTILE,Web,,,,,
revue-banque::web::970x90-320x100mobile,REVUE BANQUE,Web,,,,,
lineaires::web::728x90-320x50mobile,LINEAIRES,Web,,,,,
ria-la-revue-de-l-industrie-agroalimentaire::web::970x90-320x120,RIA (LA REVUE DE L'INDUSTRIE AGROALIMENTAIRE),Web,,,,,
la-france-agricole::web::300x600,LA FRANCE AGRICOLE,Web,,,,,
techniques-ingenieur::web::728x90footerad-300x250,TECHNIQUES INGENIEUR,Web,,,,,
technic-baie::web::728x90,TECHNIC' BAIE,Web,,,,,
profession-cgp::web::940x90,PROFESSION CGP,Web,,,,,
le-nouvel-economiste::web::300x250,LE NOUVEL ECONOMISTE,Web,,,,,
batirama::web::728x90floorad-300x600-300x250mobile,BATIRAMA,Web,,,,,
points-de-vente::web::728x90,POINTS DE VENTE,Web,,,,,
egora::web::300x600-300x250mobile,EGORA,Web,,,,,
batiweb::web::1000x90-300x250,BATIWEB,Web,,,,,
snpden::web::680x160,SNPDEN,Web,,,,,
snacking::web::360x230,SNACKING,Web,,,,,
culture-rh::web::300x600,CULTURE RH,Web,,,,,
le-journal-des-flottes::web::300x600-300x250mobile,LE JOURNAL DES FLOTTES,Web,,,,,
au-coeur-du-chr::web::1800x180-300x180mobile,AU COEUR DU CHR,Web,,,,,
caducee::web::728x90floorad-300x600-300x250mobile,CADUCEE,Web,,,,,
le-papetier-de-france::web::728x90,LE PAPETIER DE FRANCE,Web,,,,,
gpo-mag::web::728x90floorad,GPO MAG,Web,,,,,
le-moniteur-des-pharmacies::web::728x90-320x50mobile,LE MONITEUR DES PHARMACIES,Web,,,,,
d-architecture::web::728x90-250x250mobile,D'ARCHITECTURES,Web,,,,,
l-opinion::web::1000x200-300x600-300x250mobile,L'OPINION,Web,,,,,
france-routes::web::1000x90,FRANCE ROUTES,Web,,,,,
biblond::web::728x90,BIBLOND,Web,,,,,
l-officiel-des-transporteurs::web::1000x90,L'OFFICIEL DES TRANSPORTEURS,Web,,,,,
village-justice::web::1160x200-300x600-320x100mobile,VILLAGE-JUSTICE,Web,,,,,
carrieres-juridiques::web::728x90-300x600,CARRIERES JURIDIQUES,Web,,,,,
le-point-veterinaire::web::300x250,LE POINT VETERINAIRE,Web,,,,,
rvi::web::360x360,RVI,Web,,,,,
rayon-boissons::web::300x250,RAYON BOISSONS,Web,,,,,
infirmiers::web::300x600-300x250mobile,INFIRMIERS,Web,,,,,
le-courrier-du-meuble-et-de-l-habitat::web::728x90,LE COURRIER DU MEUBLE ET DE L'HABITAT,Web,,,,,
monde-de-l-epicerie-fine::web::300x250,MONDE DE L'EPICERIE FINE,Web,,,,,
flottes-automobiles::web::728x90,FLOTTES AUTOMOBILES,Web,,,,,
strategie-logistique::web::300x250,STRATEGIE LOGISTIQUE,Web,,,,,
la-toque-magazine::web::1000x90-320x120,LA TOQUE MAGAZINE,Web,,,,,
l-express::web::970x250-300x600-300x250mobile,L'EXPRESS,Web,,,,,
terre-net::web::728x90-300x250,TERRE NET,Web,,,,,
maires-de-france::web::350x290,MAIRES DE FRANCE,Web,,,,,
l-opticien-lunetier::web::728x90,L'OPTICIEN LUNETIER,Web,,,,,
geroscopie::web::263x237,GEROSCOPIE,Web,,,,,
se-loger-bureaux-commerces::web::300x600-320x50mobile,SE LOGER BUREAUX COMMERCES,Web,,,,,
egora-ethique::web::300x600,EGORA (ETHIQUE),Web,,,,,
biblond::web::300x600-300x250mobile,BIBLOND,Web,,,,,
metal-flash::web::728x90,METAL FLASH,Web,,,,,
architecture-a-vivre::web::300x600,ARCHITECTURES A VIVRE,Web,,,,,
acteurs-publics::web::1000x90-300x600-300x250mobile,ACTEURS PUBLICS,Web,,,,,
le-papetier-de-france::web::300x250,LE PAPETIER DE FRANCE,Web,,,,,
l-eclaireur-des-coiffeur::web::990x180,L'ECLAIREUR DES COIFFEURS,Web,,,,,
l-hotellerie-restauration::web::620x90-360x60mobile,L'HOTELLERIE RESTAURATION,Web,,,,,
journal-des-maires::web::728x90-300x250mobile,JOURNAL DES MAIRES,Web,,,,,
l-eclaireur-des-coiffeur::web::250x250,L'ECLAIREUR DES COIFFEURS,Web,,,,,
l-information-dentaire::web::300x600-300x250mobile,L'INFORMATION DENTAIRE,Web,,,,,
points-de-vente::web::300x600,POINTS DE VENTE,Web,,,,,
genie-climatique::web::300x600-300x250mobile,GENIE CLIMATIQUE,Web,,,,,
my-rh-line::web::728x90-300x250,MY RH LINE,Web,,,,,
maires-de-france::web::920x120,MAIRES DE FRANCE,Web,,,,,
le-journal-de-l-automobile::web::300x600-300x250mobile,LE JOURNAL DE L'AUTOMOBILE,Web,,,,,
la-tribune-de-l-assurance::web::970x250,LA TRIBUNE DE L'ASSURANCE,Web,,,,,
flottes-automobiles::web::300x600-300x250mobile,FLOTTES AUTOMOBILES,Web,,,,,
la-profession-comptable::web::728x91,LA PROFESSION COMPTABLE,Web,,,,,
genie-climatique::web::728x90,GENIE CLIMATIQUE,Web,,,,,
monde-de-l-epicerie-fine::web::728x90,MONDE DE L'EPICERIE FINE,Web,,,,,
journal-des-entreprises::web::728x90floorad-300x600-300x250mobile,JOURNAL DES ENTREPRISES,Web,,,,,
gestions-hospitalieres::web::1140x90,GESTIONS HOSPITALIERES,Web,,,,,
la-tribune-des-auto-ecoles::web::730x90,LA TRIBUNE DES AUTO-ECOLES,Web,,,,,
dynamique-mag::web::728x90floorad-300x600-300x250mobile,DYNAMIQUE MAG,Web,,,,,
compta-facile::web::728x90-300x600-300x250mobile,COMPTA FACILE,Web,,,,,
le-media-social::web::728x90-300x250,LE MEDIA SOCIAL,Web,,,,,
compta-online::web::1000x200-300x600-300x250mobile,COMPTA ONLINE,Web,,,,,
maisons-et-travaux-pro::web::1000x90-300x600-300x250mobile,MAISONS ET TRAVAUX PRO,Web,,,,,
la-france-agricole::web::728x90-300x250,LA FRANCE AGRICOLE,Web,,,,,
revue-hospitaliere-de-france::web::728x90,REVUE HOSPITALIERE DE FRANCE,Web,,,,,
infirmiers::web::728x90-320x50mobile,INFIRMIERS,Web,,,,,
action-co::web::1000x90-300x600,ACTION CO,Web,,,,,
environnement-magazine::web::970x250,ENVIRONNEMENT MAGAZINE,Web,,,,,
direction-s::web::728x90,DIRECTION(S),Web,,,,,
ria-la-revue-de-l-industrie-agroalimentaire::web::300x600-320x120,RIA (LA REVUE DE L'INDUSTRIE AGROALIMENTAIRE),Web,,,,,
tourmag::web::300x150,TOURMAG,Web,,,,,
entretien-textile::web::728x90-320x100mobile,ENTRETIEN TEXTILE,Web,,,,,
batiactu::web::728x90-300x600-300x250mobile,BATIACTU,Web,,,,,
le-blog-du-dirigeant::web::728x90floorad-300x600-300x250mobile,LE BLOG DU DIRIGEANT,Web,,,,,
strategies::web::300x600-300x250mobile,STRATEGIES,Web,,,,,
agefi::web::1000x90-300x600-300x250mobile,AGEFI,Web,,,,,
recyclage::web::450x750,RECYCLAGE,Web,,,,,
investissement-conseils::web::250x250,INVESTISSEMENT CONSEILS,Web,,,,,
france-routes::web::300x600-300x250mobile,FRANCE ROUTES,Web,,,,,
egora-ethique::web::728x90-300x250,EGORA (ETHIQUE),Web,,,,,
transport-info::web::970x250-300x250mobile,TRANSPORT INFO,Web,,,,,
terre-net-france-agricole-web-agri-mat-riel-agricole::web::728x90-300x250,TERRE NET + FRANCE AGRICOLE + WEB AGRI + MATERIEL AGRICOLE,Web,,,,,
le-moniteur-des-pharmacies::web::300x600,LE MONITEUR DES PHARMACIES,Web,,,,,
la-tribune-de-l-assurance::web::300x250,LA TRIBUNE DE L'ASSURANCE,Web,,,,,
societe-com::web::728x90-300x600-300x250mobile,SOCIETE.COM,Web,,,,,
le-nouvel-economiste::web::820x250,LE NOUVEL ECONOMISTE,Web,,,,,
j2r::web::1000x150,J2R,Web,,,,,
silicon::web::728x90-300x600,SILICON,Web,,,,,
strategie-logistique::web::728x90,STRATEGIE LOGISTIQUE,Web,,,,,
direction-s::web::300x250,DIRECTION(S),Web,,,,,
transport-info::web::970x90-300x250mobile,TRANSPORT INFO,Web,,,,,
pack-generation-de-clics-garantis::web::728x90-300x600-300x250-320x50,PACK GENERATION DE CLICS GARANTIS,Web,,,,,
la-revue-pratique-du-froid-et-du-conditionnement-d-air-la-rpf::web::300x250,LA REVUE PRATIQUE DU FROID ET DU CONDITIONNEMENT D'AIR (LA RPF),Web,,,,,
produits-de-la-mer::web::1100x140,PRODUITS DE LA MER,Web,,,,,
transport-info::web::300x600-300x250mobile,TRANSPORT INFO,Web,,,,,
la-classe-fiche-pedagogiques::web::300x600-300x250mobile,LA CLASSE + FICHE PEDAGOGIQUES,Web,,,,,
place-des-commerces::web::728x90floorad-300x600-300x250mobile,PLACE DES COMMERCES,Web,,,,,
la-profession-comptable::web::236x472,LA PROFESSION COMPTABLE,Web,,,,,
univers-habitat::web::300x250,UNIVERS HABITAT,Web,,,,,
weka::web::728x90-300x600-300x250mobile,WEKA,Web,,,,,
revue-banque::web::300x600,REVUE BANQUE,Web,,,,,
kine-actualite::web::250x250,KINE ACTUALITE,Web,,,,,
chaud-froid-performance::web::300x250,CHAUD FROID PERFORMANCE,Web,,,,,
investissement-conseils::web::1180x145,INVESTISSEMENT CONSEILS,Web,,,,,
l-opticien-lunetier::web::300x250,L'OPTICIEN LUNETIER,Web,,,,,
livres-hebdo::web::300x600-300x250mobile,LIVRES HEBDO,Web,,,,,
app-ines::web::300x600,APP'INES,Web,,,,,
be-a-boss::web::1000x90-300x600-300x250mobile,BE A BOSS,Web,,,,,
le-quotidien-du-medecin-non-ethique::web::300x600,LE QUOTIDIEN DU MEDECIN (NON ETHIQUE),Web,,,,,
le-quotidien-du-medecin-ethique::web::728x90-320x50-300x250,LE QUOTIDIEN DU MEDECIN (ETHIQUE),Web,,,,,
decisions-hpa::web::728x90floorad,DECISIONS HPA,Web,,,,,
metal-flash::web::300x250,METAL FLASH,Web,,,,,
journal-du-pneumatique::web::1000x150,JOURNAL DU PNEUMATIQUE,Web,,,,,
geroscopie::web::728x90,GEROSCOPIE,Web,,,,,
recyclage::web::730x100,RECYCLAGE,Web,,,,,
la-toque-magazine::web::300x600-300x250mobile,LA TOQUE MAGAZINE,Web,,,,,
la-revue-pratique-du-froid-et-du-conditionnement-d-air-la-rpf::web::728x90,LA REVUE PRATIQUE DU FROID ET DU CONDITIONNEMENT D'AIR (LA RPF),Web,,,,,
maires-de-france::web::728x120,MAIRES DE FRANCE,Web,,,,,
le-journal-des-flottes::web::1000x150,LE JOURNAL DES FLOTTES,Web,,,,,
it-for-business::web::970x90-300x600-300x250mobile,IT FOR BUSINESS,Web,,,,,
option-finance::web::300x250,OPTION FINANCE,Web,,,,,
strategies::web::728x90,STRATEGIES,Web,,,,,
terre-net-france-agricole-web-agri-mat-riel-agricole::web::300x600,TERRE NET + FRANCE AGRICOLE + WEB AGRI + MATERIEL AGRICOLE,Web,,,,,
decisions-hpa::web::300x250,DECISIONS HPA,Web,,,,,
decideurs-strategie-finance-et-droit::web::1002x128floorad-300x600-300x250mobile,DECIDEURS STRATEGIE FINANCE ET DROIT,Web,,,,,
terre-net::web::300x600-300x250mobile,TERRE NET,Web,,,,,
village-notaires::web::728x90-320x100mobile,VILLAGE-NOTAIRES,Web,,,,,
village-notaires::web::300x600-320x100mobile,VILLAGE-NOTAIRES,Web,,,,,
abcdent-pro::nl,ABCDENT.PRO,NL,,,Hebdomadaire,,
le-point-veterinaire::nl,LE POINT VETERINAIRE,NL,,,Quotidienne,,
strategie-logistique::nl,STRATEGIE LOGISTIQUE,NL,,,Hebdomadaire,,
le-quotidien-du-pharmacien::nl,LE QUOTIDIEN DU PHARMACIEN,NL,,,Quotidienne,,
kine-actualite::nl,KINE ACTUALITE,NL,,,1 à 2 / mois,,
it-for-business::nl,IT FOR BUSINESS,NL,,,Hebdomadaire,,
l-officiel-des-transporteurs::nl,L'OFFICIEL DES TRANSPORTEURS,NL,,,,,
geroscopie::nl,GEROSCOPIE,NL,,,Quotidienne,,
la-tribune::nl,LA TRIBUNE,NL,,,Hebdomadaire,,
batiactu::nl,BATIACTU,NL,,,Quotidienne,,
be-a-boss::nl,BE A BOSS,NL,,,Quotidienne,,
le-courrier-du-meuble-et-de-l-habitat::nl,LE COURRIER DU MEUBLE ET DE L'HABITAT,NL,,,Hebdomadaire,,
le-quotidien-du-medecin-ethique::nl,LE QUOTIDIEN DU MEDECIN (ETHIQUE),NL,,,Quotidienne,,
architecture-a-vivre::nl,ARCHITECTURES A VIVRE,NL,,,Bimensuelle,,
journal-des-entreprises::nl,JOURNAL DES ENTREPRISES,NL,,,Hebdomadaire,,
app-ines::nl,APP'INES,NL,,,Trimestrielle,,
univers-habitat::nl,UNIVERS HABITAT,NL,,,Hebdomadaire,,
genie-climatique::nl,GENIE CLIMATIQUE,NL,,,2 / semaine,,
agefi::nl,AGEFI,NL,,,Quotidienne,,
la-tribune-des-auto-ecoles::nl,LA TRIBUNE DES AUTO-ECOLES,NL,,,Mensuelle,,
j2r::nl,J2R,NL,,,Bihebdomadaire,,
my-rh-line::nl,MY RH LINE,NL,,,Hebdomadaire,,
infirmiers::nl,INFIRMIERS,NL,,,Hebdomadaire,,
silicon::nl,SILICON,NL,,,Quotidienne,,
biblond::nl,BIBLOND,NL,,,Hebdomadaire,,
daf-mag::nl,DAF MAG,NL,,,Bihebdomadaire,,
la-france-agricole::nl,LA FRANCE AGRICOLE,NL,,,Quotidienne,,
transport-info::nl,TRANSPORT INFO,NL,,,3 / semaine,,
electricien-3e-j3e::nl,ELECTRICIEN 3E + J3E,NL,,,Mensuelle,,
batiweb::nl,BATIWEB,NL,,,Quotidienne,,
le-papetier-de-france::nl,LE PAPETIER DE FRANCE,NL,,,Hebdomadaire,,
rayon-boissons::nl,RAYON BOISSONS,NL,,,Hebdomadaire,,
chaud-froid-performance::nl,CHAUD FROID PERFORMANCE,NL,,,Hebdomadaire,,
decisions-hpa::nl,DECISIONS HPA,NL,,,Mensuelle,,
ecommerce-mag::nl,ECOMMERCE MAG,NL,,,Bihebdomadaire,,
le-moniteur-des-pharmacies::nl,LE MONITEUR DES PHARMACIES,NL,,,Quotidienne,,
l-informaticien::nl,L'INFORMATICIEN,NL,,,Quotidienne,,
village-justice::nl,VILLAGE-JUSTICE,NL,,,Hebdomadaire,,
profession-cgp::nl,PROFESSION CGP,NL,,,Hebdomadaire,,
entretien-textile::nl,ENTRETIEN TEXTILE,NL,,,Bimensuelle,,
le-blog-du-dirigeant::nl,LE BLOG DU DIRIGEANT,NL,,,Hebdomadaire,,
ria-la-revue-de-l-industrie-agroalimentaire::nl,RIA (LA REVUE DE L'INDUSTRIE AGROALIMENTAIRE),NL,,,Hebdomadaire,,
l-opinion::nl,L'OPINION,NL,,,3 / jour,,
la-classe-fiche-pedagogiques::nl,LA CLASSE + FICHE PEDAGOGIQUES,NL,,,Mensuelle,,
weka::nl,WEKA,NL,,,Hebdomadaire,,
caducee::nl,CADUCEE,NL,,,Bimensuelle,,
au-coeur-du-chr::nl,AU COEUR DU CHR,NL,,,2 / semaine,,
techniques-ingenieur::nl,TECHNIQUES INGENIEUR,NL,,,Mensuelle,,
revue-banque::nl,REVUE BANQUE,NL,,,Hebdomadaire,,
monde-de-l-epicerie-fine::nl,MONDE DE L'EPICERIE FINE,NL,,,Hebdomadaire,,
rvi::nl,RVI,NL,,,Hebdomadaire,,
investissement-conseils::nl,INVESTISSEMENT CONSEILS,NL,,,Hebdomadaire,,
technic-baie::nl,TECHNIC' BAIE,NL,,,2 / mois,,
option-finance::nl,OPTION FINANCE,NL,,,Quotidienne,,
village-notaires::nl,VILLAGE-NOTAIRES,NL,,,,,
lineaires::nl,LINEAIRES,NL,,,Hebdomadaire,,
recyclage::nl,RECYCLAGE,NL,,,Hebdomadaire,,
egora::nl,EGORA,NL,,,Quotidienne,,
metal-flash::nl,METAL FLASH,NL,,,3 / mois,,
snacking::nl,SNACKING,NL,,,Hebdomadaire,,
la-profession-comptable::nl,LA PROFESSION COMPTABLE,NL,,,Hebdomadaire,,
l-information-dentaire::nl,L'INFORMATION DENTAIRE,NL,,,Hebdomadaire,,
terre-net::nl,TERRE NET,NL,,,Hebdomadaire,,
la-revue-pratique-du-froid-et-du-conditionnement-d-air-la-rpf::nl,LA REVUE PRATIQUE DU FROID ET DU CONDITIONNEMENT D'AIR (LA RPF),NL,,,Hebdomadaire,,
journal-des-maires::nl,JOURNAL DES MAIRES,NL,,,Hebdomadaire,,
culture-rh::nl,CULTURE RH,NL,,,2 / semaine,,
l-eclaireur-des-coiffeur::nl,L'ECLAIREUR DES COIFFEUR,NL,,,Mensuelle,,
action-co::nl,ACTION CO,NL,,,Hebdomadaire,,
l-opticien-lunetier::nl,L'OPTICIEN LUNETIER,NL,,,Quotidienne,,
strategies::nl,STRATEGIES,NL,,,Quotidienne,,
produits-de-la-mer::nl,PRODUITS DE LA MER,NL,,,Bimensuelle,,
d-architecture::nl,D'ARCHITECTURES,NL,,,Mensuelle,,
l-hotellerie-restauration::nl,L'HOTELLERIE RESTAURATION,NL,,,Quotidienne,,
etancheite-info::nl,ETANCHEITE INFO,NL,,,2 / mois,,
snpden::nl,SNPDEN,NL,,,Hebdomadaire,,
dynamique-mag::nl,DYNAMIQUE MAG,NL,,,Quotidienne,,
points-de-vente::nl,POINTS DE VENTE,NL,,,Hebdomadaire,,
livres-hebdo::nl,LIVRES HEBDO,NL,,,Quotidienne,,
maisons-et-travaux-pro::nl,MAISONS ET TRAVAUX PRO,NL,,,Quotidienne,,
france-routes::nl,FRANCE ROUTES,NL,,,Hebdomadaire,,
batirama::nl,BATIRAMA,NL,,,3 / semaine,,
terre-net-france-agricole-web-agri-mat-riel-agricole::nl,TERRE NET + FRANCE AGRICOLE + WEB AGRI + MATERIEL AGRICOLE,NL,,,Hebdomadaire,,
fusacq::nl,FUSACQ,NL,,,Hebdomadaire,,
le-nouvel-economiste::nl,LE NOUVEL ECONOMISTE,NL,,,Hebdomadaire,,
la-toque-magazine::nl,LA TOQUE MAGAZINE,NL,,,Bimensuelle,,
gpo-mag::nl,GPO MAG,NL,,,Mensuelle,,
le-journal-des-flottes::nl,LE JOURNAL DES FLOTTES,NL,,,Hebdomadaire,,
environnement-magazine::nl,ENVIRONNEMENT MAGAZINE,NL,,,Quotidienne,,
la-tribune-de-l-assurance::nl,LA TRIBUNE DE L'ASSURANCE,NL,,,Quotidienne,,
decideurs-strategie-finance-et-droit::nl,DECIDEURS STRATEGIE FINANCE ET DROIT,NL,,,Hebdomadaire,,
flottes-automobiles::nl,FLOTTES AUTOMOBILES,NL,,,Hebdomadaire,,
le-journal-de-l-automobile::nl,LE JOURNAL DE L'AUTOMOBILE,NL,,,Hebdomadaire,,
acteurs-publics::nl,ACTEURS PUBLICS,NL,,,Quotidienne,,
process-alimentaire::nl,PROCESS ALIMENTAIRE,NL,,,Hebdomadaire,,
verre-menuiserie-actualites::nl,VERRE & MENUISERIE ACTUALITES,NL,,,Hebdomadaire,,
